{"learner":{"attributes":{"best_ntree_limit":"1"},"feature_names":[],"feature_types":["q","q","q","q","c","c","c","c","c","c"],"gradient_booster":{"model":{"gbtree_model_param":{"num_parallel_tree":"1","num_trees":"1","size_leaf_vector":"0"},"tree_info":[0],"trees":[{"base_weights":[-1.5893013E0,-6.957206E-1,-2.3509383E0,-7.341606E-1,5.2659816E-1,-3.5594803E1,-1.2586683E0,-7.052351E-1,-1.6630148E0,3.5410568E-1,4.4194657E-1,-1.9000918E0,-3.723998E2,-2.7603189E-2,-2.1923375E0,-7.1014553E-1,3.6419582E-1,-3.1087248E0,-8.514613E-1,4.8046634E-1,-5.1880866E-1,-2.1294296E0,4.11857E-1,-1.9751095E1,-7.25223E-1,2.891232E-1,-7.1262765E-1,-1.7452688E0,-8.724977E0,-9.987528E-1,3.5579333E-1,6.115292E-1,-1.3690919E-1,8.372087E-2,-9.950673E-1,-7.763644E-1,-1.6624014E0,-1.9661447E2,-1.2024367E0,1.2165983E-1,-1.8690741E0,-5.394642E-1,-2.131295E-1,-1.1540538E-1,-5.752728E-1,-5.817551E0,2.6384196E-1,-2.105347E-1,-4.047361E-1,1.221379E-1,3.0203766E-1,-3.687226E-2,1.2244079E-1,-4.941973E-1,-7.088228E-2,3.5987508E-1,-6.1809456E-1,-7.2151566E-1,-3.2304724E2,-1.7844442E-1,-6.7031705E-1,-4.3207865E0,-2.5098434E-2],"categories":[1,2,3,4,4,5,6,7,8,11,1,2,3,4,0,1,2,4,5,6,7,8,10,11,1,2,3,4,2,4,0,1,2,3,4,5,6,7,11,1,2,3,4],"categories_nodes":[0,3,6,9,24,27,29,38],"categories_segments":[0,4,10,14,24,28,30,39],"categories_sizes":[4,6,4,10,4,2,9,4],"default_left":[0,1,1,0,1,0,0,1,1,0,0,0,0,0,1,0,0,0,1,0,0,0,0,1,0,0,0,0,1,0,0,0,0,0,1,0,0,0,0,0,1,0,0,0,0,0,0,0,0,0,0,0,0,0,0,0,0,0,0,0,0,0,0],"id":0,"left_children":[1,3,5,7,9,11,13,15,17,19,-1,21,-1,-1,23,25,-1,27,29,31,33,35,-1,37,39,-1,41,43,45,47,-1,49,-1,51,53,-1,55,57,59,-1,61,-1,-1,-1,-1,-1,-1,-1,-1,-1,-1,-1,-1,-1,-1,-1,-1,-1,-1,-1,-1,-1,-1],"loss_changes":[3.8583926E3,1.2307556E2,1.11120484E5,6.685571E1,1.2572308E1,3.9527408E6,3.229602E3,2.4019897E1,8.620624E1,7.876773E0,0E0,7.476172E1,0E0,0E0,4.241268E4,1.0872681E1,0E0,1.9037991E2,1.6153595E1,7.7597914E0,2.7305498E0,1.4931671E1,0E0,4.162723E5,1.9680492E3,0E0,4.5596924E0,4.6205063E0,5.287954E2,3.9498215E0,0E0,3.942894E0,0E0,3.8499886E-1,2.1992865E0,0E0,5.6332962E1,2.0564725E6,7.135513E1,0E0,1.6922982E4,0E0,0E0,0E0,0E0,0E0,0E0,0E0,0E0,0E0,0E0,0E0,0E0,0E0,0E0,0E0,0E0,0E0,0E0,0E0,0E0,0E0,0E0],"parents":[2147483647,0,0,1,1,2,2,3,3,4,4,5,5,6,6,7,7,8,8,9,9,11,11,14,14,15,15,17,17,18,18,19,19,20,20,21,21,23,23,24,24,26,26,27,27,28,28,29,29,31,31,33,33,34,34,36,36,37,37,38,38,40,40],"right_children":[2,4,6,8,10,12,14,16,18,20,-1,22,-1,-1,24,26,-1,28,30,32,34,36,-1,38,40,-1,42,44,46,48,-1,50,-1,52,54,-1,56,58,60,-1,62,-1,-1,-1,-1,-1,-1,-1,-1,-1,-1,-1,-1,-1,-1,-1,-1,-1,-1,-1,-1,-1,-1],"split_conditions":[NaN,1.3E1,1E1,NaN,5.178E3,5.455E3,NaN,5.178E3,1E1,NaN,4.4194657E-1,5.06E3,-3.723998E2,-2.7603189E-2,1.2E1,1.98E3,3.6419582E-1,3.5E1,7.298E3,7.2E1,3.6E1,3.103E3,4.11857E-1,5.6E1,NaN,2.891232E-1,7E0,NaN,5.178E3,NaN,3.5579333E-1,4.4E1,-1.3690919E-1,3.3E1,4.2E1,-7.763644E-1,3.137E3,2.354E3,NaN,1.2165983E-1,4.1E1,-5.394642E-1,-2.131295E-1,-1.1540538E-1,-5.752728E-1,-5.817551E0,2.6384196E-1,-2.105347E-1,-4.047361E-1,1.221379E-1,3.0203766E-1,-3.687226E-2,1.2244079E-1,-4.941973E-1,-7.088228E-2,3.5987508E-1,-6.1809456E-1,-7.2151566E-1,-3.2304724E2,-1.7844442E-1,-6.7031705E-1,-4.3207865E0,-2.5098434E-2],"split_indices":[8,0,0,7,1,1,8,1,0,7,0,1,0,0,0,2,0,3,1,3,3,1,0,3,8,0,0,4,1,7,0,3,0,3,3,0,1,1,8,0,3,0,0,0,0,0,0,0,0,0,0,0,0,0,0,0,0,0,0,0,0,0,0],"split_type":[1,0,0,1,0,0,1,0,0,1,0,0,0,0,0,0,0,0,0,0,0,0,0,0,1,0,0,1,0,1,0,0,0,0,0,0,0,0,1,0,0,0,0,0,0,0,0,0,0,0,0,0,0,0,0,0,0,0,0,0,0,0,0],"sum_hessian":[5.6706396E3,2.6101863E3,3.0604534E3,2.53099E3,7.919625E1,9.6351524E1,2.9641018E3,2.4562588E3,7.473118E1,6.815108E1,1.1045175E1,9.47065E1,1.645026E0,1.3181359E3,1.645966E3,2.4506187E3,5.640089E0,2.5850409E1,4.888077E1,5.9925945E1,8.22513E0,8.8831406E1,5.8750925E0,1.2596199E2,1.520004E3,3.0550482E0,2.4475637E3,2.1855345E1,3.995063E0,4.6060726E1,2.8200445E0,5.2875835E1,7.0501113E0,3.995063E0,4.230067E0,4.253567E1,4.629573E1,1.1045175E1,1.1491682E2,7.647021E2,7.5530194E2,3.290052E0,2.4442737E3,2.8200445E0,1.9035301E1,1.4100223E0,2.5850408E0,2.655542E1,1.9505308E1,3.619057E1,1.6685263E1,2.8200445E0,1.1750185E0,1.645026E0,2.5850408E0,5.4050856E0,4.0890644E1,9.870155E0,1.1750185E0,7.332116E1,4.1595657E1,9.329647E1,6.6200543E2],"tree_param":{"num_deleted":"0","num_feature":"10","num_nodes":"63","size_leaf_vector":"0"}}]},"name":"gbtree"},"learner_model_param":{"base_score":"5E-1","num_class":"0","num_feature":"10","num_target":"1"},"objective":{"name":"reg:squarederror","reg_loss_param":{"scale_pos_weight":"1"}}},"version":[1,6,2]}