{"learner":{"attributes":{"best_ntree_limit":"1"},"feature_names":[],"feature_types":["q","q","q","q","c","c","c","c","c","c"],"gradient_booster":{"model":{"gbtree_model_param":{"num_parallel_tree":"1","num_trees":"1","size_leaf_vector":"0"},"tree_info":[0],"trees":[{"base_weights":[-1.5893013E0,-6.9645494E-1,-2.350566E0,-7.380535E-1,5.907946E-1,-3.3255054E1,-1.2588532E0,-7.081263E-1,-1.7504622E0,4.137038E-1,4.455029E-1,-4.3004602E2,-1.6649278E-1,-3.675585E-2,-2.1889937E0,-7.1326137E-1,3.6822122E-1,-2.7953749E0,-9.9404204E-1,2.8632525E-1,1.300604E0,-1.76022E0,1.2027767E0,-2.3126507E1,-7.418177E-1,3.0915263E-1,-7.1619093E-1,-6.7042027E0,-2.011947E0,-1.1120787E0,3.1461397E-1,3.5790512E-1,-9.082387E-1,4.1634277E-1,1.2244079E-1,6.378331E-2,-2.0161204E0,1.4130291E0,-3.8207817E-1,-2.2639006E-1,-4.0573547E2,1.0836702E-1,-1.877387E0,-2.1560864E-1,-4.1484505E-2,-2.8876638E-1,-3.7395954E0,-6.9912827E-1,3.272388E-1,-2.247284E-1,-4.5777446E-1,-1.7151567E-1,1.5671642E-1,-9.146257E-2,-3.4042293E-1,3.254128E-1,-5.187108E-1,-7.630908E-1,-3.4849492E-1,-3.4042293E-1,4.533091E-1,-9.3537325E-1,3.388761E-1,-5.5838144E-1,4.193478E-1,-3.3228854E2,6.5586396E-2,-4.6159277E0,-3.7919503E-2],"categories":[1,2,3,4,4,5,6,7,8,11,1,2,3,4,7,8,0,1,2,4,5,6,7,8,10,0,2,3,4,5,1,2,3,4,0,1,2,3,4,5,6,7,11,7,0,1,2,3,4,0,3,5,6],"categories_nodes":[0,3,6,17,19,22,24,29,32,35,38],"categories_segments":[0,4,10,14,16,25,30,34,43,44,49],"categories_sizes":[4,6,4,2,9,5,4,9,1,5,4],"default_left":[0,1,1,0,1,1,0,1,1,1,0,0,0,0,1,0,0,0,1,0,0,0,0,0,0,0,1,0,1,0,0,1,0,0,0,0,0,0,0,0,1,0,1,0,0,0,0,0,0,0,0,0,0,0,0,0,0,0,0,0,0,0,0,0,0,0,0,0,0],"id":0,"left_children":[1,3,5,7,9,11,13,15,17,19,-1,-1,21,-1,23,25,-1,27,29,31,33,35,37,39,41,-1,43,45,47,49,-1,51,53,-1,-1,55,57,59,61,63,65,-1,67,-1,-1,-1,-1,-1,-1,-1,-1,-1,-1,-1,-1,-1,-1,-1,-1,-1,-1,-1,-1,-1,-1,-1,-1,-1,-1],"loss_changes":[3.853334E3,1.402843E2,1.03232125E5,7.542627E1,1.2420235E1,4.8368615E6,3.1257476E3,2.5319214E1,5.4106735E1,7.5459385E0,0E0,0E0,2.268698E2,0E0,4.925973E4,1.32717285E1,0E0,7.737091E1,1.1606907E1,5.675301E0,9.668827E-2,2.2533585E1,1.9197136E1,9.2083044E5,1.9073286E3,0E0,3.4467773E0,1.3768257E2,2.837793E1,5.0789833E0,0E0,9.435013E0,1.7610931E-1,0E0,0E0,1.44592285E1,1.6033157E1,1.411042E1,3.3898804E1,2.6859738E2,1.6913615E6,0E0,1.7743223E4,0E0,0E0,0E0,0E0,0E0,0E0,0E0,0E0,0E0,0E0,0E0,0E0,0E0,0E0,0E0,0E0,0E0,0E0,0E0,0E0,0E0,0E0,0E0,0E0,0E0,0E0],"parents":[2147483647,0,0,1,1,2,2,3,3,4,4,5,5,6,6,7,7,8,8,9,9,12,12,14,14,15,15,17,17,18,18,19,19,20,20,21,21,22,22,23,23,24,24,26,26,27,27,28,28,29,29,31,31,32,32,35,35,36,36,37,37,38,38,39,39,40,40,42,42],"right_children":[2,4,6,8,10,12,14,16,18,20,-1,-1,22,-1,24,26,-1,28,30,32,34,36,38,40,42,-1,44,46,48,50,-1,52,54,-1,-1,56,58,60,62,64,66,-1,68,-1,-1,-1,-1,-1,-1,-1,-1,-1,-1,-1,-1,-1,-1,-1,-1,-1,-1,-1,-1,-1,-1,-1,-1,-1,-1],"split_conditions":[NaN,1.3E1,1E1,NaN,5.178E3,2.961E3,NaN,5.178E3,1E1,1.848E3,4.455029E-1,-4.3004602E2,5.178E3,-3.675585E-2,1.2E1,1.98E3,3.6822122E-1,NaN,7.298E3,NaN,5.3E1,3.137E3,NaN,1.99998E5,NaN,3.0915263E-1,1.1E1,2.5124E4,5.178E3,NaN,3.1461397E-1,1.6E1,NaN,4.1634277E-1,1.2244079E-1,NaN,4.386E3,7.298E3,NaN,5.178E3,2.377E3,1.0836702E-1,4.1E1,-2.1560864E-1,-4.1484505E-2,-2.8876638E-1,-3.7395954E0,-6.9912827E-1,3.272388E-1,-2.247284E-1,-4.5777446E-1,-1.7151567E-1,1.5671642E-1,-9.146257E-2,-3.4042293E-1,3.254128E-1,-5.187108E-1,-7.630908E-1,-3.4849492E-1,-3.4042293E-1,4.533091E-1,-9.3537325E-1,3.388761E-1,-5.5838144E-1,4.193478E-1,-3.3228854E2,6.5586396E-2,-4.6159277E0,-3.7919503E-2],"split_indices":[8,0,0,7,1,1,8,1,0,2,0,0,1,0,0,2,0,7,1,7,3,1,8,1,8,0,0,1,1,7,0,3,7,0,0,8,1,1,4,1,2,0,3,0,0,0,0,0,0,0,0,0,0,0,0,0,0,0,0,0,0,0,0,0,0,0,0,0,0],"split_type":[1,0,0,1,0,0,1,0,0,0,0,0,0,0,0,0,0,1,0,1,0,0,1,0,1,0,0,0,0,1,0,0,1,0,0,1,0,0,1,0,0,0,0,0,0,0,0,0,0,0,0,0,0,0,0,0,0,0,0,0,0,0,0,0,0,0,0,0,0],"sum_hessian":[5.6706396E3,2.6106562E3,3.0599834E3,2.529345E3,8.131129E1,1.03401634E2,2.9565818E3,2.4583738E3,7.097112E1,6.909109E1,1.2220193E1,1.4100223E0,1.0199161E2,1.331296E3,1.6252856E3,2.4524988E3,5.8750925E0,2.8670452E1,4.2300667E1,6.1570972E1,7.5201187E0,4.700074E1,5.4990868E1,1.0410664E2,1.521179E3,3.5250556E0,2.4489736E3,3.5250556E0,2.5145397E1,4.042064E1,1.8800297E0,5.8750927E1,2.8200445E0,6.3451004E0,1.1750185E0,5.8750925E0,4.112565E1,4.8645767E1,6.3451004E0,9.917156E1,4.9350777E0,7.719872E2,7.4919183E2,2.4381636E3,1.0810171E1,2.350037E0,1.1750185E0,2.3030363E1,2.1150334E0,2.3030363E1,1.7390274E1,8.460134E0,5.0290794E1,1.4100223E0,1.4100223E0,3.995063E0,1.8800297E0,2.4205381E1,1.6920267E1,1.4100223E0,4.7235744E1,1.8800297E0,4.4650707E0,4.935078E1,4.9820786E1,1.1750185E0,3.7600594E0,8.507134E1,6.641205E2],"tree_param":{"num_deleted":"0","num_feature":"10","num_nodes":"69","size_leaf_vector":"0"}}]},"name":"gbtree"},"learner_model_param":{"base_score":"5E-1","num_class":"0","num_feature":"10","num_target":"1"},"objective":{"name":"reg:squarederror","reg_loss_param":{"scale_pos_weight":"1"}}},"version":[1,6,2]}