{"learner":{"attributes":{"best_ntree_limit":"4"},"feature_names":[],"feature_types":["q","q","q","q","q","c","c","c","c","c","c","c","c"],"gradient_booster":{"model":{"gbtree_model_param":{"num_parallel_tree":"1","num_trees":"4","size_leaf_vector":"0"},"tree_info":[0,0,0,0],"trees":[{"base_weights":[-1.5893013E0,-6.957206E-1,-2.3509383E0,-7.341606E-1,5.2659816E-1,-2.0312722E0,-1.166555E2,-7.052351E-1,-1.6630148E0,3.5410568E-1,4.4194657E-1,-3.3006844E-1,-2.4671047E0,-1.376695E2,5.709381E-1,-7.1014553E-1,3.6419582E-1,-1.0526755E1,-1.0226406E0,4.8046634E-1,-5.1880866E-1,-9.2109604E1,-1.8020077E0,3.324469E-1,-1.54297E-1,2.891232E-1,-7.1262765E-1,-7.739561E0,2.772602E-1,-1.09628715E-1,-1.521053E0,-5.717189E-1,6.6102856E-1,-7.7431065E-1,1.574978E-1,1.423164E2,-2.279804E0,-5.2053285E-1,-2.1209557E-1,-2.59076E-1,-2.4139519E0,-3.4042293E-1,-9.964262E-2,1.4768498E-1,2.8765634E-1,-2.6832584E-1,-1.5489077E-2,-6.552118E-1,1.36673E2,-6.9491976E-1,4.2251987E0],"categories":[1,2,3,4,4,5,6,7,8,11,1,2,3,4,0,1,2,4,5,6,7,8,10,11,1,0,1,2,3,4,5,6,7,8,11,1,2,3,4,5,6,11,13,15],"categories_nodes":[0,3,5,9,12,18,22],"categories_segments":[0,4,10,14,24,25,35],"categories_sizes":[4,6,4,10,1,10,9],"default_left":[0,1,0,0,1,0,1,1,1,0,0,0,0,0,0,0,0,1,0,1,0,0,0,0,0,0,0,0,0,0,0,0,0,0,0,0,0,0,0,0,0,0,0,0,0,0,0,0,0,0,0],"id":0,"left_children":[1,3,5,7,9,11,13,15,17,19,-1,-1,21,-1,23,25,-1,27,29,31,33,-1,35,-1,-1,-1,37,-1,-1,-1,39,41,43,45,-1,47,49,-1,-1,-1,-1,-1,-1,-1,-1,-1,-1,-1,-1,-1,-1],"loss_changes":[3.8583926E3,1.2307556E2,1.1162643E5,6.685571E1,1.2572308E1,1.2365088E3,3.4208838E5,2.4019897E1,4.190935E2,7.876773E0,0E0,0E0,4.206553E5,0E0,4.8523073E0,1.0872681E1,0E0,8.973622E2,2.2942207E1,1.1952935E1,2.866788E0,0E0,1.432658E5,0E0,0E0,0E0,1.2899536E1,0E0,0E0,0E0,1.6672377E2,8.9915824E-1,2.164732E0,6.32174E-1,0E0,3.1220462E5,1.2721895E3,0E0,0E0,0E0,0E0,0E0,0E0,0E0,0E0,0E0,0E0,0E0,0E0,0E0,0E0],"parents":[2147483647,0,0,1,1,2,2,3,3,4,4,5,5,6,6,7,7,8,8,9,9,12,12,14,14,15,15,17,17,18,18,19,19,20,20,22,22,26,26,30,30,31,31,32,32,33,33,35,35,36,36],"right_children":[2,4,6,8,10,12,14,16,18,20,-1,-1,22,-1,24,26,-1,28,30,32,34,-1,36,-1,-1,-1,38,-1,-1,-1,40,42,44,46,-1,48,50,-1,-1,-1,-1,-1,-1,-1,-1,-1,-1,-1,-1,-1,-1],"split_conditions":[NaN,1.3E1,4E1,NaN,5.178E3,NaN,2.444E3,5.178E3,3.9E1,NaN,4.4194657E-1,-3.3006844E-1,NaN,-1.376695E2,2.603E3,1.98E3,3.6419582E-1,4.508E3,NaN,2.5E1,3.6E1,-9.2109604E1,NaN,3.324469E-1,-1.54297E-1,2.891232E-1,3.2E1,-7.739561E0,2.772602E-1,-1.09628715E-1,4.8E1,1.4E1,4.4E1,4.1E1,1.574978E-1,2.176E3,3.9E1,-5.2053285E-1,-2.1209557E-1,-2.59076E-1,-2.4139519E0,-3.4042293E-1,-9.964262E-2,1.4768498E-1,2.8765634E-1,-2.6832584E-1,-1.5489077E-2,-6.552118E-1,1.36673E2,-6.9491976E-1,4.2251987E0],"split_indices":[9,1,0,8,2,9,3,2,0,8,0,0,11,0,3,3,0,2,8,0,0,0,6,0,0,0,0,0,0,0,0,1,4,4,0,2,0,0,0,0,0,0,0,0,0,0,0,0,0,0,0],"split_type":[1,0,0,1,0,1,0,0,0,1,0,0,1,0,0,0,0,0,1,0,0,0,1,0,0,0,0,0,0,0,0,0,0,0,0,0,0,0,0,0,0,0,0,0,0,0,0,0,0,0,0],"sum_hessian":[5.6706396E3,2.6101863E3,3.0604534E3,2.53099E3,7.919625E1,3.052933E3,7.5201187E0,2.4562588E3,7.473118E1,6.815108E1,1.1045175E1,9.7456036E2,2.0783728E3,1.1750185E0,6.3451004E0,2.4506187E3,5.640089E0,3.995063E0,7.0736115E1,5.9925945E1,8.22513E0,3.5250556E0,2.0748477E3,4.230067E0,2.1150334E0,3.0550482E0,2.4475637E3,1.1750185E0,2.8200445E0,3.1255493E1,3.948062E1,8.460134E0,5.1465813E1,6.8151073E0,1.4100223E0,5.8750925E0,2.0689727E3,1.1750185E1,2.4358135E3,3.6895584E1,2.5850408E0,1.4100223E0,7.0501113E0,3.4545544E1,1.6920267E1,5.640089E0,1.1750185E0,4.700074E0,1.1750185E0,2.0652126E3,3.7600594E0],"tree_param":{"num_deleted":"0","num_feature":"13","num_nodes":"51","size_leaf_vector":"0"}},{"base_weights":[-1.1096555E0,-2.7413752E0,3.0712366E1,-1.6153018E0,-4.7121754E1,6.1019E-1,7.7190454E2,-1.4979769E0,-2.8268986E1,-1.1326517E1,-2.9477872E2,4.679036E2,-1.1967403E-1,-1.479962E0,-4.078824E0,-1.9736637E1,-3.6635143E-1,-5.793469E-1,-3.0286068E1,-9.140835E-1,-1.7553809E0,5.8026667E0,-1.2284028E1,-4.8266308E1,-9.647733E0,-3.0037752E-1,6.349982E-1,-3.2280457E0,-4.0873104E-1,-3.87683E-1,-9.651257E0],"categories":[7,8,9,10,12,1,5,7,8,9,12,1,2,3,4,1,1,0,1,2,3,4],"categories_nodes":[1,2,8,9,13,16,20,24],"categories_segments":[0,5,6,7,11,15,16,17],"categories_sizes":[5,1,1,4,4,1,1,5],"default_left":[0,0,0,1,0,0,1,1,0,0,0,0,0,0,0,0,0,0,1,1,0,0,0,0,0,0,0,0,0,0,0],"id":1,"left_children":[1,3,5,7,9,-1,11,13,15,17,-1,-1,-1,19,-1,-1,21,-1,23,25,27,-1,-1,-1,29,-1,-1,-1,-1,-1,-1],"loss_changes":[1.2369611E5,1.1313884E5,2.4683335E6,6.8698374E3,1.8648225E6,0E0,2.6324405E6,4.5974268E2,1.0058744E4,9.73338E3,0E0,0E0,0E0,3.4121094E2,0E0,0E0,6.013824E3,0E0,4.7358676E4,1.9292236E2,5.216547E3,0E0,0E0,0E0,3.1075425E3,0E0,0E0,0E0,0E0,0E0,0E0],"parents":[2147483647,0,0,1,1,2,2,3,3,4,4,6,6,7,7,8,8,9,9,13,13,16,16,18,18,19,19,20,20,24,24],"right_children":[2,4,6,8,10,-1,12,14,16,18,-1,-1,-1,20,-1,-1,22,-1,24,26,28,-1,-1,-1,30,-1,-1,-1,-1,-1,-1],"split_conditions":[4E1,NaN,NaN,3.9E1,3.9E1,6.1019E-1,2.603E3,1.5E1,NaN,NaN,-2.9477872E2,4.679036E2,-1.1967403E-1,NaN,-4.078824E0,-1.9736637E1,NaN,-5.793469E-1,3.1E1,2.4E1,NaN,5.8026667E0,-1.2284028E1,-4.8266308E1,NaN,-3.0037752E-1,6.349982E-1,-3.2280457E0,-4.0873104E-1,-3.87683E-1,-9.651257E0],"split_indices":[0,6,11,0,4,0,3,1,9,6,0,0,0,9,0,0,11,0,0,0,11,0,0,0,9,0,0,0,0,0,0],"split_type":[0,1,1,0,0,0,0,0,1,1,0,0,0,1,0,0,1,0,0,0,1,0,0,0,1,0,0,0,0,0,0],"sum_hessian":[2.379603E3,2.2644062E3,1.1519682E2,2.2093835E3,5.502279E1,1.11871025E2,3.3257983E0,2.2007524E3,8.631132E0,5.3969784E1,1.0530071E0,1.1417065E0,2.184092E0,2.1986008E3,2.1515427E0,3.1020732E0,5.529059E0,3.6823727E1,1.7146055E1,7.2117865E2,1.4774222E3,4.073873E0,1.455186E0,1.4124357E0,1.573362E1,7.016659E2,1.9512756E1,6.067188E1,1.4167504E3,1.2247508E1,3.4861119E0],"tree_param":{"num_deleted":"0","num_feature":"13","num_nodes":"31","size_leaf_vector":"0"}},{"base_weights":[-4.2446046E0,-8.47051E-1,-6.221632E2,-1.112831E0,4.6859333E1,-6.968581E-2,-1.5632613E0,-3.3583893E1,1.07248055E2,-1.3508925E-1,8.521388E0,-4.867543E0,-9.243029E-1,-3.1516558E1,-7.564513E0,-2.0326924E-1,2.8670347E0,5.214E-1,4.356148E0,-1.4654167E0,6.731643E0,-3.0847976E0,-4.017075E0,-5.8220517E-2,-3.8049135E-1,4.684335E0,-2.9343757E-1,-8.271783E0,-4.1671506E-1,9.290279E1,-3.7070632E-1,-2.2667007E0,-2.9567975E-1],"categories":[1,2,3,4,1,0,1,2,3,4,5,0,1,2,3,4,9,12,1,2,3,4,5,6,11,15,1,2,3,4,5,6,13,9],"categories_nodes":[3,6,15,16,19,20,22],"categories_segments":[0,4,5,11,18,26,33],"categories_sizes":[4,1,6,7,8,7,1],"default_left":[0,0,0,0,0,1,0,0,0,1,0,0,0,0,0,0,0,0,0,0,0,0,0,0,0,0,0,0,0,0,0,0,0],"id":2,"left_children":[1,3,-1,5,7,9,11,13,-1,15,17,-1,19,-1,21,23,25,-1,-1,27,29,-1,31,-1,-1,-1,-1,-1,-1,-1,-1,-1,-1],"loss_changes":[1.3821578E7,2.4949945E4,0E0,9.178833E2,2.844385E5,3.3280563E2,1.2767969E4,1.7009309E4,0E0,1.20687164E2,1.5687906E2,0E0,5.430913E3,0E0,3.6762054E1,5.385296E0,6.5720105E2,0E0,0E0,2.4000232E3,2.0931219E5,0E0,4.783542E1,0E0,0E0,0E0,0E0,0E0,0E0,0E0,0E0,0E0,0E0],"parents":[2147483647,0,0,1,1,3,3,4,4,5,5,6,6,7,7,9,9,10,10,12,12,14,14,15,15,16,16,19,19,20,20,22,22],"right_children":[2,4,-1,6,8,10,12,14,-1,16,18,-1,20,-1,22,24,26,-1,-1,28,30,-1,32,-1,-1,-1,-1,-1,-1,-1,-1,-1,-1],"split_conditions":[4E1,1.3E1,-6.221632E2,NaN,3.6E1,1.1E1,NaN,3.3E1,1.07248055E2,2.9E1,3.4E1,-4.867543E0,3.1E1,-3.1516558E1,3.7E1,NaN,NaN,5.214E-1,4.356148E0,NaN,NaN,-3.0847976E0,NaN,-5.8220517E-2,-3.8049135E-1,4.684335E0,-2.9343757E-1,-8.271783E0,-4.1671506E-1,9.290279E1,-3.7070632E-1,-2.2667007E0,-2.9567975E-1],"split_indices":[0,1,0,9,4,1,11,0,0,0,4,0,0,0,0,8,8,0,0,6,6,0,8,0,0,0,0,0,0,0,0,0,0],"split_type":[0,0,0,1,0,0,1,0,0,0,0,0,0,0,0,1,1,0,0,1,1,0,1,0,0,0,0,0,0,0,0,0,0],