{"learner":{"attributes":{"best_ntree_limit":"1"},"feature_names":[],"feature_types":["q","q","q","q","c","c","c","c","c","c"],"gradient_booster":{"model":{"gbtree_model_param":{"num_parallel_tree":"1","num_trees":"1","size_leaf_vector":"0"},"tree_info":[0],"trees":[{"base_weights":[-7.150111E-1,-1.0679621E-1,-1.2336373E0,-9.186513E-2,-7.5402236E-1,-2.234209E1,-5.437097E-1,-1.0766267E-1,4.7834694E-1,-3.8446271E0,-3.1062824E-1,-8.117684E-1,-5.1234656E2,6.719672E-2,-1.1583818E0,-1.1029758E-1,2.4600895E-1,2.629518E-1,3.9451197E-1,-7.124594E0,1.24122575E-1,-4.100377E-1,7.232656E-1,-9.3472654E-1,7.438672E-1,-1.2617403E1,-2.0481476E-1,-1.0577001E-1,-5.4476255E-1,3.2210317E-1,8.537805E-1,-5.635974E-1,2.998811E-1,-7.227281E-2,-7.8493077E-1,2.5086263E-1,5.148211E-2,-1.2531402E0,-6.3467944E-1,2.959776E-1,-1.7551655E-1,-1.3318184E2,-4.853139E-1,1.5456676E-1,-9.3366724E-1,2.2059235E-1,-3.2043748E-2,-1.8248235E-1,1.1791509E-1,1.6852967E-1,5.0815042E-2,2.752533E-1,4.04317E-2,1.2913611E-2,-2.0953307E-1,-1.3133703E-1,-7.3819935E-1,-3.328682E-1,-4.4915223E-1,2.537605E-1,-2.5406918E-1,-3.945695E-1,-3.1427252E2,-2.272968E-2,-3.5923368E-1,-2.608037E0,4.9753647E-2],"categories":[1,2,3,4,4,5,6,7,8,10,1,2,3,4,2,11,13,0,1,2,3,4,5,6,7,8,9,10,0,1,2,3,4,5,6,7,8,9,10,11,12,13,1,2,3,4,0,2,5,6,4,1,2,3,4],"categories_nodes":[0,1,6,15,21,22,26,29,37,42],"categories_segments":[0,4,10,14,17,28,42,46,50,51],"categories_sizes":[4,6,4,3,11,14,4,4,1,4],"default_left":[0,0,1,1,1,0,0,1,0,1,1,0,0,0,1,0,0,0,1,0,0,0,0,0,0,1,0,0,0,0,0,0,0,0,0,0,0,0,0,0,0,0,0,0,1,0,0,0,0,0,0,0,0,0,0,0,0,0,0,0,0,0,0,0,0,0,0],"id":0,"left_children":[1,3,5,7,9,11,13,15,17,19,21,23,-1,-1,25,27,-1,-1,29,-1,31,33,35,37,39,41,43,45,47,49,51,53,-1,-1,55,-1,-1,57,59,-1,-1,61,63,-1,65,-1,-1,-1,-1,-1,-1,-1,-1,-1,-1,-1,-1,-1,-1,-1,-1,-1,-1,-1,-1,-1,-1],"loss_changes":[3.4631548E3,4.877459E1,8.629055E4,4.4564163E1,1.5479593E2,6.804113E6,2.7086328E3,1.1845753E1,4.106905E0,1.1241934E3,1.0640002E1,3.6305855E1,0E0,0E0,3.4828043E4,9.377155E0,0E0,0E0,3.4499626E0,0E0,8.2876215E0,5.672596E0,4.2905664E-1,1.5730789E1,5.155676E0,3.5809525E5,1.5453524E3,4.241722E0,3.1711254E0,3.505046E0,5.4760265E-1,6.701362E-1,0E0,0E0,1.5384146E1,0E0,0E0,1.2432556E0,2.9334667E1,0E0,0E0,2.6975735E6,6.508743E1,0E0,1.2485996E4,0E0,0E0,0E0,0E0,0E0,0E0,0E0,0E0,0E0,0E0,0E0,0E0,0E0,0E0,0E0,0E0,0E0,0E0,0E0,0E0,0E0,0E0],"parents":[2147483647,0,0,1,1,2,2,3,3,4,4,5,5,6,6,7,7,8,8,9,9,10,10,11,11,14,14,15,15,18,18,20,20,21,21,22,22,23,23,24,24,25,25,26,26,27,27,28,28,29,29,30,30,31,31,34,34,37,37,38,38,41,41,42,42,44,44],"right_children":[2,4,6,8,10,12,14,16,18,20,22,24,-1,-1,26,28,-1,-1,30,-1,32,34,36,38,40,42,44,46,48,50,52,54,-1,-1,56,-1,-1,58,60,-1,-1,62,64,-1,66,-1,-1,-1,-1,-1,-1,-1,-1,-1,-1,-1,-1,-1,-1,-1,-1,-1,-1,-1,-1,-1,-1],"split_conditions":[NaN,NaN,1E1,1.3E1,1E1,5.556E3,NaN,5.178E3,1.99998E5,3.103E3,4.386E3,5.06E3,-5.1234656E2,6.719672E-2,1.2E1,NaN,2.4600895E-1,2.629518E-1,1.848E3,-7.124594E0,5.06E3,NaN,NaN,2.993E3,5.455E3,5.6E1,NaN,1.98E3,5.1E1,NaN,1.98E3,3.273E3,2.998811E-1,-7.227281E-2,3.3E1,2.5086263E-1,5.148211E-2,NaN,3.137E3,2.959776E-1,-1.7551655E-1,2.387E3,NaN,1.5456676E-1,4.1E1,2.2059235E-1,-3.2043748E-2,-1.8248235E-1,1.1791509E-1,1.6852967E-1,5.0815042E-2,2.752533E-1,4.04317E-2,1.2913611E-2,-2.0953307E-1,-1.3133703E-1,-7.3819935E-1,-3.328682E-1,-4.4915223E-1,2.537605E-1,-2.5406918E-1,-3.945695E-1,-3.1427252E2,-2.272968E-2,-3.5923368E-1,-2.608037E0,4.9753647E-2],"split_indices":[8,7,0,0,0,1,8,1,1,1,1,1,0,0,0,7,0,0,2,0,1,7,7,1,1,3,8,2,3,4,2,1,0,0,3,0,0,6,1,0,0,1,8,0,3,0,0,0,0,0,0,0,0,0,0,0,0,0,0,0,0,0,0,0,0,0,0],"split_type":[1,1,0,0,0,0,1,0,0,0,0,0,0,0,0,1,0,0,0,0,0,1,1,0,0,0,1,0,0,1,0,0,0,0,0,0,0,1,0,0,0,0,1,0,0,0,0,0,0,0,0,0,0,0,0,0,0,0,0,0,0,0,0,0,0,0,0],"sum_hessian":[1.0978358E4,5.053321E3,5.925038E3,4.940489E3,1.1283186E2,1.8653654E2,5.7385015E3,4.8080933E3,1.3239546E2,1.3194049E1,9.963782E1,1.8517165E2,1.3649015E0,2.5519111E3,3.1865903E3,4.7953545E3,1.2739081E1,2.138346E1,1.1101199E2,1.3649015E0,1.1829147E1,9.144841E1,8.189409E0,1.719776E2,1.3194049E1,2.4386243E2,2.9427278E3,4.747128E3,4.8226524E1,9.736298E1,1.3649016E1,6.824508E0,5.004639E0,6.4150375E1,2.7298033E1,6.3695407E0,1.8198688E0,8.18941E1,9.00835E1,1.137418E1,1.8198688E0,2.138346E1,2.2247896E2,1.4804633E3,1.4622645E3,5.004639E0,4.742123E3,4.549672E1,2.729803E0,3.6852345E1,6.051064E1,1.2284115E1,1.3649015E0,1.3649015E0,5.459606E0,2.3658295E1,3.6397376E0,5.5051033E1,2.6843065E1,1.0919212E1,7.916429E1,1.956359E1,1.8198688E0,1.4194977E2,8.05292E1,1.8062198E2,1.2816426E3],"tree_param":{"num_deleted":"0","num_feature":"10","num_nodes":"67","size_leaf_vector":"0"}}]},"name":"gbtree"},"learner_model_param":{"base_score":"5E-1","num_class":"0","num_feature":"10","num_target":"1"},"objective":{"name":"reg:squarederror","reg_loss_param":{"scale_pos_weight":"1"}}},"version":[1,6,2]}