{"learner":{"attributes":{"best_ntree_limit":"6"},"feature_names":[],"feature_types":["q","q","q","q","c","c","c","c","c","c"],"gradient_booster":{"model":{"gbtree_model_param":{"num_parallel_tree":"1","num_trees":"1","size_leaf_vector":"0"},"tree_info":[0],"trees":[{"base_weights":[-1.5735685E0,-6.939591E-1,-2.3291984E0,-7.1323174E-1,1.4411602E0,-4.3353344E1,-1.2479111E0,-6.772282E-1,-1.7872069E0,4.431547E-1,1.2178288E-1,-3.7686124E2,-1.1033736E0,-3.299284E-2,-2.1744182E0,-7.098713E-1,5.7121676E-1,-3.6372402E0,-1.0357891E0,-8.925988E-2,-2.2042186E0,-2.2200897E1,-7.1928877E-1,3.2503194E-1,-7.1185654E-1,4.4972324E-1,3.8919726E-1,-5.7773323E0,-1.9821852E0,-8.1475675E-1,-1.724383E0,-1.0660158E1,-5.5071396E-1,-2.2485312E2,-1.2525207E0,1.13517955E-1,-1.8569034E0,-5.153467E-1,-2.1311694E-1,8.895074E-2,2.319958E-1,-6.5193236E-1,1.5658168E-1,-3.7719572E-1,-1.9804512E-1,-3.292659E-1,-1.3872931E0,-5.207539E-1,-6.7376533E0,-6.838509E-1,2.5580447E-2,-1.9552425E-1,-6.727516E-1,-4.8072853E0,-3.0476004E-2],"categories":[1,2,3,4,2,4,5,6,7,8,10,11,13,0,1,2,4,5,6,1,2,3,4,1,2,3,4,7,2,6,7,1,2,3,4,1,2,3,4],"categories_nodes":[0,3,4,6,12,17,18,22,34],"categories_segments":[0,4,13,19,23,27,28,31,35],"categories_sizes":[4,9,6,4,4,1,3,4,4],"default_left":[0,1,1,0,0,1,0,1,1,0,0,0,0,0,1,0,1,0,0,0,1,1,0,0,0,0,0,0,1,0,0,0,0,0,0,0,1,0,0,0,0,0,0,0,0,0,0,0,0,0,0,0,0,0,0],"id":0,"left_children":[1,3,5,7,9,11,13,15,17,-1,-1,-1,19,-1,21,23,25,27,29,-1,31,33,35,-1,37,39,-1,-1,41,43,45,47,49,-1,51,-1,53,-1,-1,-1,-1,-1,-1,-1,-1,-1,-1,-1,-1,-1,-1,-1,-1,-1,-1],"loss_changes":[3.8057822E3,1.100094E2,1.3661128E5,1.003064E2,2.9619217E-1,4.051384E6,3.165641E3,1.0399451E2,1.1376755E2,0E0,0E0,0E0,6.80309E1,0E0,4.8216027E4,9.591797E0,5.1791725E0,5.8289844E2,7.9592743E0,0E0,4.494936E2,1.7067304E6,1.9288016E3,0E0,2.4320068E0,2.6211681E0,0E0,0E0,1.2052246E1,2.4864922E0,2.0472225E1,5.1616956E2,3.130487E1,0E0,6.392914E1,0E0,1.8858344E4,0E0,0E0,0E0,0E0,0E0,0E0,0E0,0E0,0E0,0E0,0E0,0E0,0E0,0E0,0E0,0E0,0E0,0E0],"parents":[2147483647,0,0,1,1,2,2,3,3,4,4,5,5,6,6,7,7,8,8,12,12,14,14,15,15,16,16,17,17,18,18,20,20,21,21,22,22,24,24,25,25,28,28,29,29,30,30,31,31,32,32,34,34,36,36],"right_children":[2,4,6,8,10,12,14,16,18,-1,-1,-1,20,-1,22,24,26,28,30,-1,32,34,36,-1,38,40,-1,-1,42,44,46,48,50,-1,52,-1,54,-1,-1,-1,-1,-1,-1,-1,-1,-1,-1,-1,-1,-1,-1,-1,-1,-1,-1],"split_conditions":[NaN,5.178E3,1E1,NaN,NaN,1.602E3,NaN,1.1E1,1E1,4.431547E-1,1.2178288E-1,-3.7686124E2,NaN,-3.299284E-2,1.2E1,1.98E3,1.848E3,NaN,NaN,-8.925988E-2,4.2E1,6E1,NaN,3.2503194E-1,7E0,4.3E1,3.8919726E-1,-5.7773323E0,1.887E3,4.1E1,3.1E1,1.9E1,1.755E3,-2.2485312E2,NaN,1.13517955E-1,4.1E1,-5.153467E-1,-2.1311694E-1,8.895074E-2,2.319958E-1,-6.5193236E-1,1.5658168E-1,-3.7719572E-1,-1.9804512E-1,-3.292659E-1,-1.3872931E0,-5.207539E-1,-6.7376533E0,-6.838509E-1,2.5580447E-2,-1.9552425E-1,-6.727516E-1,-4.8072853E0,-3.0476004E-2],"split_indices":[8,1,0,7,7,2,8,0,0,0,0,0,8,0,0,2,2,7,7,0,3,3,8,0,0,3,0,0,2,3,3,3,2,0,8,0,3,0,0,0,0,0,0,0,0,0,0,0,0,0,0,0,0,0,0],"split_type":[1,0,0,1,1,0,1,0,0,0,0,0,1,0,0,0,0,1,1,0,0,0,1,0,0,0,0,0,0,0,0,0,0,0,1,0,0,0,0,0,0,0,0,0,0,0,0,0,0,0,0,0,0,0,0],"sum_hessian":[5.7273457E3,2.6474436E3,3.079902E3,2.6244204E3,2.3023314E1,7.808938E1,3.0018127E3,2.5408718E3,8.3548515E1,2.1836544E1,1.1867688E0,1.6614761E0,7.64279E1,1.3476946E3,1.6541183E3,2.4765488E3,6.432286E1,2.3023314E1,6.0525204E1,4.4859856E1,3.1568048E1,1.1108155E2,1.5430366E3,2.1361837E0,2.4744128E3,5.6490192E1,7.8326735E0,1.1867688E0,2.1836544E1,4.747075E1,1.3054456E1,4.2723675E0,2.7295681E1,2.1361837E0,1.08945366E2,7.8564087E2,7.573958E2,1.8988299E0,2.472514E3,3.9638077E1,1.6852116E1,2.0412422E1,1.4241225E0,1.0443564E1,3.7027184E1,1.1867687E1,1.1867688E0,3.0855987E0,1.1867688E0,6.6459045E0,2.0649776E1,6.883259E1,4.011278E1,8.2599106E1,6.747967E2],"tree_param":{"num_deleted":"0","num_feature":"10","num_nodes":"55","size_leaf_vector":"0"}}]},"name":"gbtree"},"learner_model_param":{"base_score":"5E-1","num_class":"0","num_feature":"10","num_target":"1"},"objective":{"name":"reg:squarederror","reg_loss_param":{"scale_pos_weight":"1"}}},"version":[1,6,2]}