{"learner":{"attributes":{"best_ntree_limit":"6"},"feature_names":[],"feature_types":["q","q","q","q","c","c","c","c","c","c"],"gradient_booster":{"model":{"gbtree_model_param":{"num_parallel_tree":"1","num_trees":"1","size_leaf_vector":"0"},"tree_info":[0],"trees":[{"base_weights":[-1.573525E0,-6.8359333E-1,-2.3299692E0,-7.2567225E-1,3.3691394E-1,-3.4970993E1,-1.2509629E0,-6.939766E-1,-1.8720783E0,1.6619346E-1,4.420477E-1,-1.9517864E0,-4.488969E2,-3.430589E-2,-2.1726701E0,-6.979818E-1,3.419555E-1,-2.841058E0,-8.7566346E-1,3.3364475E-1,-1.10707E0,-2.2056036E0,9.401978E-1,-2.3565273E1,-7.483707E-1,-5.941826E-1,-6.9556296E-1,-1.8060066E0,-1.162714E1,-1.1298912E-1,-1.5820794E0,-7.1920633E-1,6.0091007E-1,-4.327157E-1,-5.130437E-1,-7.689486E-1,-1.8228111E0,4.12777E-1,-2.897833E-1,-4.1762045E-1,-2.9599182E2,1.0571153E-1,-1.872274E0,2.2937424E-1,-2.0914389E-1,1.5658168E-1,-5.8022904E-1,-1.540585E-2,-5.3657665E0,-6.0222924E-1,2.978931E-1,-1.540585E-2,-2.2970076E-1,1.4960252E-1,3.814818E-1,3.8058914E-2,-2.8675482E-1,2.8168064E-1,-6.413047E-1,-5.557494E-1,3.7876445E-1,-4.657684E0,-4.4149175E-2],"categories":[1,2,3,4,4,5,6,7,8,11,1,2,3,4,0,1,2,4,5,6,7,11,0,1,2,3,4,5,6,7,11,1,2,3,4,0,1,2,4,5,6],"categories_nodes":[0,3,6,9,18,24,27],"categories_segments":[0,4,10,14,22,31,35],"categories_sizes":[4,6,4,8,9,4,6],"default_left":[0,1,1,0,1,0,0,1,1,0,0,0,0,0,1,0,0,0,0,1,0,0,0,0,0,0,0,0,0,0,1,0,1,0,1,0,0,0,0,0,0,0,1,0,0,0,0,0,0,0,0,0,0,0,0,0,0,0,0,0,0,0,0],"id":0,"left_children":[1,3,5,7,9,11,13,15,17,19,-1,21,-1,-1,23,25,-1,27,29,31,33,35,37,39,41,-1,43,45,47,-1,49,51,53,-1,55,-1,57,-1,-1,59,-1,-1,61,-1,-1,-1,-1,-1,-1,-1,-1,-1,-1,-1,-1,-1,-1,-1,-1,-1,-1,-1,-1],"loss_changes":[3.8544775E3,1.13321045E2,1.08991875E5,9.060535E1,2.012144E1,4.7754025E6,3.1403413E3,1.8884888E1,6.2644287E1,2.0065926E1,0E0,7.3892E1,0E0,0E0,5.0420176E4,6.248413E0,0E0,2.859692E2,1.1638245E1,2.3622232E1,1.4448395E0,7.679718E0,8.467949E0,2.302433E6,1.9219891E3,0E0,6.20874E0,1.0366966E1,2.4349399E2,0E0,1.7387234E1,4.9254227E-1,3.9100819E0,0E0,1.6824652E0,0E0,4.291861E1,0E0,0E0,2.479436E2,0E0,0E0,1.810099E4,0E0,0E0,0E0,0E0,0E0,0E0,0E0,0E0,0E0,0E0,0E0,0E0,0E0,0E0,0E0,0E0,0E0,0E0,0E0,0E0],"parents":[2147483647,0,0,1,1,2,2,3,3,4,4,5,5,6,6,7,7,8,8,9,9,11,11,14,14,15,15,17,17,18,18,19,19,20,20,21,21,22,22,23,23,24,24,26,26,27,27,28,28,30,30,31,31,32,32,34,34,36,36,39,39,42,42],"right_children":[2,4,6,8,10,12,14,16,18,20,-1,22,-1,-1,24,26,-1,28,30,32,34,36,38,40,42,-1,44,46,48,-1,50,52,54,-1,56,-1,58,-1,-1,60,-1,-1,62,-1,-1,-1,-1,-1,-1,-1,-1,-1,-1,-1,-1,-1,-1,-1,-1,-1,-1,-1,-1],"split_conditions":[NaN,1.1E1,1E1,NaN,5.178E3,6.418E3,NaN,5.178E3,1E1,NaN,4.420477E-1,5.06E3,-4.488969E2,-3.430589E-2,1.2E1,7E0,3.419555E-1,3.9E1,NaN,1.3E1,3.3E1,3.103E3,5.455E3,1.5831E4,NaN,-5.941826E-1,1.98E3,NaN,2.444E3,-1.1298912E-1,7.298E3,1.5E1,1.848E3,-4.327157E-1,5E1,-7.689486E-1,3.137E3,4.12777E-1,-2.897833E-1,5.178E3,-2.9599182E2,1.0571153E-1,4.1E1,2.2937424E-1,-2.0914389E-1,1.5658168E-1,-5.8022904E-1,-1.540585E-2,-5.3657665E0,-6.0222924E-1,2.978931E-1,-1.540585E-2,-2.2970076E-1,1.4960252E-1,3.814818E-1,3.8058914E-2,-2.8675482E-1,2.8168064E-1,-6.413047E-1,-5.557494E-1,3.7876445E-1,-4.657684E0,-4.4149175E-2],"split_indices":[8,0,0,7,1,1,8,1,0,7,0,1,0,0,0,0,0,3,7,3,3,1,1,1,8,0,2,4,2,0,1,0,2,0,3,0,1,0,0,1,0,0,3,0,0,0,0,0,0,0,0,0,0,0,0,0,0,0,0,0,0,0,0],"split_type":[1,0,0,1,0,0,1,0,0,1,0,0,0,0,0,0,0,0,1,0,0,0,0,0,1,0,0,1,0,0,0,0,0,0,0,0,0,0,0,0,0,0,0,0,0,0,0,0,0,0,0,0,0,0,0,0,0,0,0,0,0,0,0],"sum_hessian":[5.7271084E3,2.632253E3,3.0948555E3,2.528292E3,1.0396094E2,9.802709E1,2.9968284E3,2.461833E3,6.6459045E1,9.138119E1,1.2579748E1,9.6840324E1,1.1867688E0,1.3424728E3,1.6543556E3,2.457086E3,4.747075E0,3.2754818E1,3.370423E1,8.141233E1,9.968857E0,8.924501E1,7.5953197E0,1.0229946E2,1.5520562E3,3.0855987E0,2.4540002E3,3.0381279E1,2.3735375E0,2.0649776E1,1.3054456E1,1.6140055E1,6.527228E1,5.459136E0,4.5097213E0,4.319838E1,4.6046627E1,6.408551E0,1.1867688E0,1.0087534E2,1.4241225E0,7.844541E2,7.67602E2,2.1361837E0,2.4518643E3,1.4241225E0,2.8957157E1,1.1867688E0,1.1867688E0,1.139298E1,1.6614761E0,1.1867688E0,1.4953286E1,5.815167E1,7.120612E0,2.1361837E0,2.3735375E0,4.5097213E0,4.1536903E1,5.4354008E1,4.652133E1,8.520999E1,6.82392E2],"tree_param":{"num_deleted":"0","num_feature":"10","num_nodes":"63","size_leaf_vector":"0"}}]},"name":"gbtree"},"learner_model_param":{"base_score":"5E-1","num_class":"0","num_feature":"10","num_target":"1"},"objective":{"name":"reg:squarederror","reg_loss_param":{"scale_pos_weight":"1"}}},"version":[1,6,2]}