{"learner":{"attributes":{"best_ntree_limit":"1"},"feature_names":[],"feature_types":["q","c","c"],"gradient_booster":{"model":{"gbtree_model_param":{"num_parallel_tree":"1","num_trees":"1","size_leaf_vector":"0"},"tree_info":[0],"trees":[{"base_weights":[-1.589125E0,-2.4077027E0,-1.251813E0,-7.780643E-1,-2.1729634E0,-5.9012854E-1,-9.5396554E-1,-2.2845724E0,-1.9997877E0,-1.2883395E0,7.817099E0,-7.2752035E-1,-2.197298E0,-5.795186E-1,-6.9206965E-1,-5.819998E-1,-1.0139955E0,7.881038E1,-1.8449466E0,-7.0290637E-1,-2.0025334E0,-1.4320753E0,7.0021253E0,-7.067957E-1,-1.5765071E0,-5.5552876E-1,-7.153322E-1,-5.919562E-1,-3.612999E-1,1.1253528E2,-4.625089E-1,5.618895E-1,-5.484876E-1],"categories":[1,1,1,2,3,1,1,2,1,2,3],"categories_nodes":[2,7,8,9,18,20,21,22],"categories_segments":[0,1,2,5,6,7,8,9],"categories_sizes":[1,1,3,1,1,1,1,2],"default_left":[0,0,0,0,0,0,0,0,0,0,1,0,0,0,0,0,0,0,0,0,0,0,0,0,1,0,0,0,0,0,0,0,0],"id":0,"left_children":[1,3,5,-1,7,-1,9,11,13,15,17,-1,19,-1,-1,-1,21,-1,23,-1,25,27,29,-1,31,-1,-1,-1,-1,-1,-1,-1,-1],"loss_changes":[1.5630156E3,6.6521484E1,8.54271E2,0E0,9.677002E0,0E0,8.336744E3,8.081055E-2,1.7486572E0,4.871255E2,2.5759483E5,0E0,3.333496E0,0E0,0E0,0E0,6.469222E3,0E0,1.0221069E1,0E0,2.9492188E0,2.2346484E2,3.0158603E5,0E0,6.3891937E1,0E0,0E0,0E0,0E0,0E0,0E0,0E0,0E0],"parents":[2147483647,0,0,1,1,2,2,4,4,6,6,7,7,8,8,9,9,10,10,12,12,16,16,18,18,20,20,21,21,22,22,24,24],"right_children":[2,4,6,-1,8,-1,10,12,14,16,18,-1,20,-1,-1,-1,22,-1,24,-1,26,28,30,-1,32,-1,-1,-1,-1,-1,-1,-1,-1],"split_conditions":[3E1,2.5E1,NaN,-7.780643E-1,2.8E1,-5.9012854E-1,4.9E1,NaN,NaN,NaN,6.9E1,-7.2752035E-1,2.6E1,-5.795186E-1,-6.9206965E-1,-5.819998E-1,4.2E1,7.881038E1,NaN,-7.0290637E-1,NaN,NaN,NaN,-7.067957E-1,7.2E1,-5.5552876E-1,-7.153322E-1,-5.919562E-1,-3.612999E-1,1.1253528E2,-4.625089E-1,5.618895E-1,-5.484876E-1],"split_indices":[0,0,2,0,0,0,0,2,1,2,0,0,0,0,0,0,0,0,2,0,1,2,1,0,0,0,0,0,0,0,0,0,0],"split_type":[0,0,1,0,0,0,0,1,1,1,0,0,0,0,0,0,0,0,1,0,1,1,1,0,0,0,0,0,0,0,0,0,0],"sum_hessian":[5.6706396E3,1.6530161E3,4.0176235E3,9.169845E2,7.360316E2,1.1794836E3,2.83814E3,4.4016196E2,2.9586966E2,2.7347383E3,1.03401634E2,1.583925E2,2.8176944E2,2.4816391E2,4.7705753E1,8.084128E2,1.9263254E3,2.8200445E0,1.0058159E2,1.5486745E2,1.26902E2,1.8316189E3,9.47065E1,3.1960505E1,6.8621086E1,9.5176506E1,3.17255E1,5.402735E2,1.2913453E3,1.1750185E0,9.353148E1,4.230067E0,6.4391014E1],"tree_param":{"num_deleted":"0","num_feature":"3","num_nodes":"33","size_leaf_vector":"0"}}]},"name":"gbtree"},"learner_model_param":{"base_score":"5E-1","num_class":"0","num_feature":"3","num_target":"1"},"objective":{"name":"reg:squarederror","reg_loss_param":{"scale_pos_weight":"1"}}},"version":[1,6,2]}