{"learner":{"attributes":{"best_ntree_limit":"6"},"feature_names":[],"feature_types":["q","q","q","q","c","c","c","c","c","c"],"gradient_booster":{"model":{"gbtree_model_param":{"num_parallel_tree":"1","num_trees":"1","size_leaf_vector":"0"},"tree_info":[0],"trees":[{"base_weights":[-1.5735685E0,-6.8361694E-1,-2.331361E0,-7.2241676E-1,5.682039E-1,-3.661878E1,-1.2447213E0,-6.947108E-1,-1.6353306E0,4.020505E-1,4.3793082E-1,-4.7509998E2,-1.6397372E-1,-2.9660763E-2,-2.1735961E0,-6.997807E-1,1.2170042E0,-3.1074765E0,-7.552071E-1,5.4483503E-1,-7.6761675E-1,-1.9983728E0,1.1463815E0,-2.1677532E1,-7.3519E-1,2.869613E-1,-7.0223266E-1,1.2178288E-1,3.94156E-1,-1.1034291E1,-1.9234707E0,-8.901568E-1,3.4503508E-1,3.3632466E-1,8.5839295E-1,1.4540903E-1,-1.5532049E0,-7.515663E-1,-1.2613456E0,1.3526635E0,-3.1766835E-1,-6.4411993E2,-1.2581521E0,1.14486255E-1,-1.8746222E0,-3.5716018E-1,-2.0939152E-1,-2.897833E-1,-4.8170114E0,-6.386829E-1,1.8517369E-1,-1.6557641E-1,-3.9876673E-1,4.380448E-2,2.551699E-1,3.3884323E-1,1.2521544E-1,-1.540585E-2,6.895491E-2,-6.038621E-1,-1.5298451E-1,2.2723141E-1,-5.962632E-1,-3.3844283E-1,4.3537217E-1,-1.5244819E0,4.0330943E-1,-3.1939078E2,2.803378E-1,-2.0805012E-1,-6.5317404E-1,-4.3416595E0,-3.2098886E-2],"categories":[1,2,3,4,4,5,6,7,8,11,1,2,3,4,0,1,2,4,5,6,7,8,10,11,4,7,0,2,3,4,1,2,3,4,0,1,2,3,4,5,6,7,11,0,2,6,1,2,3,4],"categories_nodes":[0,3,6,9,17,22,24,31,34,42],"categories_segments":[0,4,10,14,24,26,30,34,43,46],"categories_sizes":[4,6,4,10,2,4,4,9,3,4],"default_left":[0,1,1,0,1,1,0,1,1,0,0,0,0,0,1,0,0,0,1,1,0,0,0,1,0,0,0,0,0,0,1,0,0,1,0,0,1,0,0,0,1,1,0,0,1,0,0,0,0,0,0,0,0,0,0,0,0,0,0,0,0,0,0,0,0,0,0,0,0,0,0,0,0],"id":0,"left_children":[1,3,5,7,9,11,13,15,17,19,-1,-1,21,-1,23,25,27,29,31,33,35,37,39,41,43,-1,45,-1,-1,47,49,51,-1,53,55,57,59,-1,61,63,65,67,69,-1,71,-1,-1,-1,-1,-1,-1,-1,-1,-1,-1,-1,-1,-1,-1,-1,-1,-1,-1,-1,-1,-1,-1,-1,-1,-1,-1,-1,-1],"loss_changes":[3.8615947E3,1.2843542E2,1.1521158E5,6.354004E1,1.1234617E1,5.3570395E6,3.1923013E3,2.4921875E1,9.428386E1,1.188279E1,0E0,0E0,2.2777206E2,0E0,4.6457664E4,1.07335205E1,1.130867E-2,2.3765903E2,1.336466E1,3.7493439E0,5.880214E0,1.1577515E1,1.7147003E1,1.4448508E6,1.9652466E3,0E0,4.317383E0,0E0,0E0,1.5508105E2,1.4474922E1,6.0064125E0,0E0,3.667028E0,2.40057E0,8.757154E-2,1.0466213E0,0E0,2.8025276E1,1.3548798E1,6.737044E1,9.8046925E5,5.6164154E1,0E0,1.7018393E4,0E0,0E0,0E0,0E0,0E0,0E0,0E0,0E0,0E0,0E0,0E0,0E0,0E0,0E0,0E0,0E0,0E0,0E0,0E0,0E0,0E0,0E0,0E0,0E0,0E0,0E0,0E0,0E0],"parents":[2147483647,0,0,1,1,2,2,3,3,4,4,5,5,6,6,7,7,8,8,9,9,12,12,14,14,15,15,16,16,17,17,18,18,19,19,20,20,21,21,22,22,23,23,24,24,26,26,29,29,30,30,31,31,33,33,34,34,35,35,36,36,38,38,39,39,40,40,41,41,42,42,44,44],"right_children":[2,4,6,8,10,12,14,16,18,20,-1,-1,22,-1,24,26,28,30,32,34,36,38,40,42,44,-1,46,-1,-1,48,50,52,-1,54,56,58,60,-1,62,64,66,68,70,-1,72,-1,-1,-1,-1,-1,-1,-1,-1,-1,-1,-1,-1,-1,-1,-1,-1,-1,-1,-1,-1,-1,-1,-1,-1,-1,-1,-1,-1],"split_conditions":[NaN,1.3E1,1E1,NaN,5.178E3,3.273E3,NaN,5.178E3,1E1,NaN,4.3793082E-1,-4.7509998E2,5.06E3,-2.9660763E-2,1.2E1,1.98E3,3.6E1,NaN,7.298E3,1.4E1,3.6E1,4.386E3,NaN,5.7E1,NaN,2.869613E-1,1E1,1.2178288E-1,3.94156E-1,1.7E1,5.178E3,NaN,3.4503508E-1,4.5E1,NaN,2.9E1,4.2E1,-7.515663E-1,4.416E3,7.298E3,6E1,9.9999E4,NaN,1.14486255E-1,4.1E1,-3.5716018E-1,-2.0939152E-1,-2.897833E-1,-4.8170114E0,-6.386829E-1,1.8517369E-1,-1.6557641E-1,-3.9876673E-1,4.380448E-2,2.551699E-1,3.3884323E-1,1.2521544E-1,-1.540585E-2,6.895491E-2,-6.038621E-1,-1.5298451E-1,2.2723141E-1,-5.962632E-1,-3.3844283E-1,4.3537217E-1,-1.5244819E0,4.0330943E-1,-3.1939078E2,2.803378E-1,-2.0805012E-1,-6.5317404E-1,-4.3416595E0,-3.2098886E-2],"split_indices":[8,0,0,7,1,1,8,1,0,7,0,0,1,0,0,2,3,7,1,0,3,1,8,3,8,0,0,0,0,3,1,7,0,3,4,3,3,0,1,1,3,1,8,0,3,0,0,0,0,0,0,0,0,0,0,0,0,0,0,0,0,0,0,0,0,0,0,0,0,0,0,0,0],"split_type":[1,0,0,1,0,0,1,0,0,1,0,0,0,0,0,0,0,1,0,0,0,0,1,0,1,0,0,0,0,0,0,1,0,0,1,0,0,0,0,0,0,0,1,0,0,0,0,0,0,0,0,0,0,0,0,0,0,0,0,0,0,0,0,0,0,0,0,0,0,0,0,0,0],"sum_hessian":[5.7273457E3,2.6348638E3,3.092482E3,2.5560625E3,7.8801445E1,9.399208E1,2.9984897E3,2.482483E3,7.357966E1,6.764581E1,1.1155626E1,1.1867688E0,9.280531E1,1.3429475E3,1.6555424E3,2.4765488E3,5.9338436E0,2.6583618E1,4.699604E1,6.0762558E1,6.8832583E0,3.8451305E1,5.4354008E1,1.1274303E2,1.5427993E3,3.0855987E0,2.4734634E3,1.1867688E0,4.747075E0,2.3735375E0,2.4210081E1,4.438515E1,2.610891E0,3.7739246E1,2.3023314E1,3.560306E0,3.3229523E0,2.1361837E1,1.708947E1,4.7708103E1,6.6459045E0,2.610891E0,1.1013213E2,7.7946967E2,7.6332965E2,1.89883E1,2.454475E3,1.1867688E0,1.1867688E0,2.2548605E1,1.6614761E0,2.6346266E1,1.8038885E1,2.8482449E1,9.256796E0,1.3291809E1,9.7315035E0,1.1867688E0,2.3735375E0,1.6614761E0,1.6614761E0,4.5097213E0,1.2579748E1,1.4241225E0,4.628398E1,1.1867688E0,5.459136E0,1.1867688E0,1.4241225E0,6.930729E1,4.0824844E1,9.304266E1,6.70287E2],"tree_param":{"num_deleted":"0","num_feature":"10","num_nodes":"73","size_leaf_vector":"0"}}]},"name":"gbtree"},"learner_model_param":{"base_score":"5E-1","num_class":"0","num_feature":"10","num_target":"1"},"objective":{"name":"reg:squarederror","reg_loss_param":{"scale_pos_weight":"1"}}},"version":[1,6,2]}