{"learner":{"attributes":{"best_ntree_limit":"1"},"feature_names":[],"feature_types":["q","q","q","q","c","c","c","c","c","c"],"gradient_booster":{"model":{"gbtree_model_param":{"num_parallel_tree":"1","num_trees":"1","size_leaf_vector":"0"},"tree_info":[0],"trees":[{"base_weights":[-7.175729E-1,-9.869144E-2,-1.243842E0,-8.037188E-2,-8.759406E-1,-2.2655293E1,-5.396462E-1,-9.735998E-2,4.3360907E-1,-3.8786516E0,-3.2769796E-1,-8.809966E-1,-3.7698383E2,6.6452876E-2,-1.1571822E0,-9.9645905E-2,2.831681E-1,2.8818527E-1,7.1725845E-1,-2.3224655E-1,-6.0055714E0,-3.0162519E-2,-9.068438E-1,-1.0218184E0,7.329861E-1,-1.5363947E1,-2.15935E-1,-9.580933E-2,-5.113126E-1,2.1391332E-1,2.5712675E-1,2.5411236E-1,5.224642E-1,-7.726671E-1,3.0882263E-1,-1.7077693E0,5.6693995E-1,-8.596341E-1,-1.490734E0,-2.1944778E-1,9.253457E-1,-3.8688046E2,1.1080232E-1,1.4874664E-1,-9.4316095E-1,2.4748556E-1,-2.8955014E-2,2.16698E-1,-1.7041743E-1,4.4884548E-2,2.6120877E-1,3.2182872E-1,8.985926E-2,-6.589915E-2,-3.005504E-1,-1.8227479E-1,-2.2582712E0,-2.5729924E-3,2.0635018E-1,-2.9300967E-1,-7.995063E-2,-4.8109797E-1,-1.918602E-2,3.6992353E-1,-1.4317554E-1,-2.430285E-1,3.0662957E-1,-2.8706832E0,4.2127192E-2],"categories":[1,2,3,4,2,4,5,6,7,8,10,1,2,3,4,0,1,2,3,4,5,6,7,11,12,13,0,2,6,4,0,1,2,3,4,5,6,1,2,3,4,0,1,2,3,4,5,6,7,8],"categories_nodes":[0,1,6,10,15,18,23,24,26,33],"categories_segments":[0,4,11,15,23,26,29,30,37,41],"categories_sizes":[4,7,4,8,3,3,1,7,4,9],"default_left":[0,0,1,1,1,0,0,1,0,0,0,0,0,0,1,0,0,1,0,0,0,0,1,0,0,1,0,0,0,1,0,0,1,0,0,0,0,1,1,0,1,0,0,0,1,0,0,0,0,0,0,0,0,0,0,0,0,0,0,0,0,0,0,0,0,0,0,0,0],"id":0,"left_children":[1,3,5,7,9,11,13,15,17,19,21,23,-1,-1,25,27,-1,29,31,33,-1,-1,35,37,39,41,43,45,47,49,-1,-1,51,53,-1,55,57,59,61,-1,63,-1,65,-1,67,-1,-1,-1,-1,-1,-1,-1,-1,-1,-1,-1,-1,-1,-1,-1,-1,-1,-1,-1,-1,-1,-1,-1,-1],"loss_changes":[3.575686E3,7.178725E1,8.944948E4,4.3101723E1,1.8986548E2,5.0744015E6,2.7008384E3,1.1458504E1,6.3091984E0,1.0449169E3,1.2968828E1,4.31662E1,0E0,0E0,4.2414535E4,7.476734E0,0E0,4.299656E0,8.9395905E-1,1.1403863E1,0E0,0E0,3.3833904E1,1.1804398E1,5.059943E0,3.88648E6,1.5408856E3,3.1553116E0,3.4741583E0,3.8890991E0,0E0,0E0,2.5921192E0,1.2328019E0,0E0,1.1252685E2,7.4023104E-1,8.780861E0,6.8025665E0,0E0,6.7149963E0,0E0,1.6508325E2,0E0,1.3763188E4,0E0,0E0,0E0,0E0,0E0,0E0,0E0,0E0,0E0,0E0,0E0,0E0,0E0,0E0,0E0,0E0,0E0,0E0,0E0,0E0,0E0,0E0,0E0,0E0],"parents":[2147483647,0,0,1,1,2,2,3,3,4,4,5,5,6,6,7,7,8,8,9,9,10,10,11,11,14,14,15,15,17,17,18,18,19,19,22,22,23,23,24,24,25,25,26,26,27,27,28,28,29,29,32,32,33,33,35,35,36,36,37,37,38,38,40,40,42,42,44,44],"right_children":[2,4,6,8,10,12,14,16,18,20,22,24,-1,-1,26,28,-1,30,32,34,-1,-1,36,38,40,42,44,46,48,50,-1,-1,52,54,-1,56,58,60,62,-1,64,-1,66,-1,68,-1,-1,-1,-1,-1,-1,-1,-1,-1,-1,-1,-1,-1,-1,-1,-1,-1,-1,-1,-1,-1,-1,-1,-1],"split_conditions":[NaN,NaN,1E1,1.1E1,1E1,6.418E3,NaN,5.178E3,1.4E1,1.5831E4,NaN,5.06E3,-3.7698383E2,6.6452876E-2,1.2E1,NaN,2.831681E-1,7.298E3,NaN,5.06E3,-6.0055714E0,-3.0162519E-2,3.103E3,NaN,NaN,1.639E3,NaN,1.98E3,1.98E3,1.887E3,2.5712675E-1,2.5411236E-1,4E1,NaN,3.0882263E-1,2.7E1,4.101E3,4.101E3,4.787E3,-2.1944778E-1,5.455E3,-3.8688046E2,5.178E3,1.4874664E-1,4.1E1,2.4748556E-1,-2.8955014E-2,2.16698E-1,-1.7041743E-1,4.4884548E-2,2.6120877E-1,3.2182872E-1,8.985926E-2,-6.589915E-2,-3.005504E-1,-1.8227479E-1,-2.2582712E0,-2.5729924E-3,2.0635018E-1,-2.9300967E-1,-7.995063E-2,-4.8109797E-1,-1.918602E-2,3.6992353E-1,-1.4317554E-1,-2.430285E-1,3.0662957E-1,-2.8706832E0,4.2127192E-2],"split_indices":[8,7,0,0,0,1,8,1,0,1,7,1,0,0,0,7,0,1,4,1,0,0,1,6,6,1,8,2,2,2,0,0,3,7,0,3,1,1,1,0,1,0,1,0,3,0,0,0,0,0,0,0,0,0,0,0,0,0,0,0,0,0,0,0,0,0,0,0,0],"split_type":[1,1,0,0,0,0,1,0,0,0,1,0,0,0,0,1,0,0,1,0,0,0,0,1,1,0,1,0,0,0,0,0,0,1,0,0,0,0,0,0,0,0,0,0,0,0,0,0,0,0,0,0,0,0,0,0,0,0,0,0,0,0,0,0,0,0,0,0,0],"sum_hessian":[1.0977903E4,5.0455864E3,5.9323174E3,4.9304795E3,1.15106705E2,1.8790146E2,5.744416E3,4.773516E3,1.5696368E2,1.6833786E1,9.827292E1,1.8562662E2,2.274836E0,2.5732944E3,3.1711213E3,4.7639614E3,9.554311E0,1.0509742E2,5.186626E1,1.455895E1,2.274836E0,7.142985E1,2.6843065E1,1.7106767E2,1.455895E1,1.9609087E2,2.9750305E3,4.721195E3,4.276692E1,9.417821E1,1.0919212E1,2.91179E1,2.274836E1,1.0464246E1,4.0947046E0,1.7288754E1,9.554311E0,1.2921068E2,4.1856983E1,1.3649015E0,1.3194049E1,1.3649015E0,1.9472597E2,1.5036666E3,1.4713639E3,2.729803E0,4.718465E3,1.3649015E0,4.1402016E1,8.6898735E1,7.279475E0,5.459606E0,1.7288754E1,3.6397376E0,6.824508E0,1.5468884E1,1.8198688E0,1.8198688E0,7.734442E0,1.0737226E2,2.1838425E1,3.867221E1,3.1847703E0,1.0919212E1,2.274836E0,9.690801E1,9.781795E1,1.6333322E2,1.3080308E3],"tree_param":{"num_deleted":"0","num_feature":"10","num_nodes":"69","size_leaf_vector":"0"}}]},"name":"gbtree"},"learner_model_param":{"base_score":"5E-1","num_class":"0","num_feature":"10","num_target":"1"},"objective":{"name":"reg:squarederror","reg_loss_param":{"scale_pos_weight":"1"}}},"version":[1,6,2]}