{"learner":{"attributes":{"best_ntree_limit":"6"},"feature_names":[],"feature_types":["q","q","q","q","c","c","c","c","c","c"],"gradient_booster":{"model":{"gbtree_model_param":{"num_parallel_tree":"1","num_trees":"1","size_leaf_vector":"0"},"tree_info":[0],"trees":[{"base_weights":[-1.5733504E0,-6.883613E-1,-2.3208346E0,-7.3108715E-1,3.320892E-1,-2.723375E1,-1.2431293E0,-6.98572E-1,-1.815922E0,1.6288538E-1,4.420477E-1,-3.5496872E2,-5.90733E-1,-2.8864408E-2,-2.159785E0,-7.0168436E-1,3.6680275E-1,-2.0392444E0,3.419555E-1,3.4264413E-1,-8.1960034E-1,-2.032766E0,1.1053327E0,-2.0162E1,-7.316919E-1,2.803378E-1,-7.030208E-1,-2.9525962E0,-1.0667275E0,5.254637E-1,-1.5445177E-1,-5.600668E-1,-3.7264103E-1,-2.2106845E0,-1.3782088E0,1.3257979E0,-3.3956844E-1,-2.2690086E2,-1.1034068E0,1.1569001E-1,-1.8595197E0,-2.1025348E-1,-3.9709803E-1,-5.285412E-1,-4.021707E0,-1.911987E-1,-4.7437966E-1,2.5389564E-1,8.054885E-2,-2.9148397E-1,8.921467E-2,-5.4746425E-1,-7.569443E-1,1.8535411E-1,-6.532015E-1,-4.1185668E-1,4.3717963E-1,-1.6616706E0,3.7228322E-1,-3.1843042E2,-2.0386769E-1,-1.7328942E-1,-6.0497975E-1,-4.2235203E0,-3.2560546E-2],"categories":[1,2,3,4,4,5,6,7,8,11,13,1,2,3,4,0,1,2,4,5,6,7,8,10,11,0,2,3,4,5,1,2,3,4,0,1,2,3,4,5,6,7,11,0,1,2,3,4,5,6,7,9,11,13,15,1,2,3,4],"categories_nodes":[0,3,6,9,22,24,28,29,38],"categories_segments":[0,4,11,15,25,30,34,43,55],"categories_sizes":[4,7,4,10,5,4,9,12,4],"default_left":[0,1,1,0,1,1,0,1,1,0,0,0,0,0,1,0,0,1,0,0,0,0,0,1,0,0,1,0,0,0,0,0,0,0,0,0,1,1,0,0,1,0,0,0,0,0,0,0,0,0,0,0,0,0,0,0,0,0,0,0,0,0,0,0,0],"id":0,"left_children":[1,3,5,7,9,11,13,15,17,19,-1,-1,21,-1,23,25,-1,27,-1,29,31,33,35,37,39,-1,41,43,45,47,-1,49,-1,51,53,55,57,59,61,-1,63,-1,-1,-1,-1,-1,-1,-1,-1,-1,-1,-1,-1,-1,-1,-1,-1,-1,-1,-1,-1,-1,-1,-1,-1],"loss_changes":[3.7876338E3,1.14658325E2,8.332825E4,8.758862E1,2.0260271E1,3.9630448E6,3.1297769E3,1.5492554E1,5.0300354E1,1.6805906E1,0E0,0E0,3.12366E2,0E0,4.2524215E4,6.001343E0,0E0,5.7192535E1,0E0,1.2780583E1,9.236517E-1,4.9752197E0,1.9217377E1,4.787764E5,1.9338734E3,0E0,2.3709717E0,4.054069E2,6.6073875E0,5.2368717E0,0E0,4.159631E0,0E0,1.7250977E0,2.906409E1,2.0207817E1,7.750646E1,1.9356525E6,5.276329E1,0E0,1.6336123E4,0E0,0E0,0E0,0E0,0E0,0E0,0E0,0E0,0E0,0E0,0E0,0E0,0E0,0E0,0E0,0E0,0E0,0E0,0E0,0E0,0E0,0E0,0E0,0E0],"parents":[2147483647,0,0,1,1,2,2,3,3,4,4,5,5,6,6,7,7,8,8,9,9,12,12,14,14,15,15,17,17,19,19,20,20,21,21,22,22,23,23,24,24,26,26,27,27,28,28,29,29,31,31,33,33,34,34,35,35,36,36,37,37,38,38,40,40],"right_children":[2,4,6,8,10,12,14,16,18,20,-1,-1,22,-1,24,26,-1,28,-1,30,32,34,36,38,40,-1,42,44,46,48,-1,50,-1,52,54,56,58,60,62,-1,64,-1,-1,-1,-1,-1,-1,-1,-1,-1,-1,-1,-1,-1,-1,-1,-1,-1,-1,-1,-1,-1,-1,-1,-1],"split_conditions":[NaN,1.1E1,1E1,NaN,5.178E3,2.176E3,NaN,5.178E3,5.178E3,NaN,4.420477E-1,-3.5496872E2,5.06E3,-2.8864408E-2,1.2E1,1.98E3,3.6680275E-1,1E1,3.419555E-1,7.2E1,3.8E1,4.386E3,NaN,5.6E1,NaN,2.803378E-1,4.3E1,3.8E1,NaN,NaN,-1.5445177E-1,3.3E1,-3.7264103E-1,3.137E3,4.416E3,7.298E3,5.8E1,2.051E3,NaN,1.1569001E-1,4.1E1,-2.1025348E-1,-3.9709803E-1,-5.285412E-1,-4.021707E0,-1.911987E-1,-4.7437966E-1,2.5389564E-1,8.054885E-2,-2.9148397E-1,8.921467E-2,-5.4746425E-1,-7.569443E-1,1.8535411E-1,-6.532015E-1,-4.1185668E-1,4.3717963E-1,-1.6616706E0,3.7228322E-1,-3.1843042E2,-2.0386769E-1,-1.7328942E-1,-6.0497975E-1,-4.2235203E0,-3.2560546E-2],"split_indices":[8,0,0,7,1,1,8,1,1,7,0,0,1,0,0,2,0,0,0,3,3,1,8,3,8,0,3,3,7,5,0,3,0,1,1,1,3,2,8,0,3,0,0,0,0,0,0,0,0,0,0,0,0,0,0,0,0,0,0,0,0,0,0,0,0],"split_type":[1,0,0,1,0,0,1,0,0,1,0,0,0,0,0,0,0,0,0,0,0,0,1,0,1,0,0,0,1,1,0,0,0,0,0,0,0,0,1,0,0,0,0,0,0,0,0,0,0,0,0,0,0,0,0,0,0,0,0,0,0,0,0,0,0],"sum_hessian":[5.7271084E3,2.6232336E3,3.103875E3,2.518086E3,1.05147705E2,1.2769631E2,2.9761785E3,2.446405E3,7.168083E1,9.256796E1,1.2579748E1,1.8988299E0,1.25797485E2,1.322535E3,1.6536436E3,2.443082E3,3.3229523E0,6.6933754E1,4.747075E0,7.8801445E1,1.3766517E1,6.788317E1,5.7914314E1,1.205757E2,1.5330679E3,1.4241225E0,2.441658E3,3.3466877E1,3.3466877E1,6.527228E1,1.3529163E1,9.968857E0,3.7976599E0,5.150576E1,1.6377409E1,5.0318993E1,7.5953197E0,9.256796E0,1.1131891E2,7.7045026E2,7.6261755E2,2.4352495E3,6.408551E0,3.109334E1,2.3735375E0,1.9463007E1,1.4003871E1,2.8007742E1,3.7264538E1,6.6459045E0,3.3229523E0,2.6108912E1,2.539685E1,4.747075E0,1.1630333E1,1.8988299E0,4.8420162E1,1.1867688E0,6.408551E0,1.1867688E0,8.070027E0,7.168083E1,3.9638077E1,9.470414E1,6.6791345E2],"tree_param":{"num_deleted":"0","num_feature":"10","num_nodes":"65","size_leaf_vector":"0"}}]},"name":"gbtree"},"learner_model_param":{"base_score":"5E-1","num_class":"0","num_feature":"10","num_target":"1"},"objective":{"name":"reg:squarederror","reg_loss_param":{"scale_pos_weight":"1"}}},"version":[1,6,2]}