{"learner":{"attributes":{"best_ntree_limit":"6"},"feature_names":[],"feature_types":["q","q","q","q","c","c","c","c","c","c"],"gradient_booster":{"model":{"gbtree_model_param":{"num_parallel_tree":"1","num_trees":"1","size_leaf_vector":"0"},"tree_info":[0],"trees":[{"base_weights":[-1.5732193E0,-6.8848675E-1,-2.3270679E0,-7.303598E-1,2.7834398E-1,-2.9845743E1,-1.2416812E0,-6.994943E-1,-1.7773647E0,9.465644E-2,4.4434392E-1,-3.8858408E2,-4.6391392E-1,-2.9491544E-2,-2.1673167E0,-7.0285386E-1,3.228308E-1,-2.6323621E0,-7.765939E-1,2.68456E-1,-8.873211E-1,-1.9579835E0,1.1067098E0,-2.2020784E1,-7.24815E-1,2.2937424E-1,-7.0444494E-1,-1.7216274E0,-8.004805E0,-9.33003E-1,3.2503194E-1,4.9645668E-1,-2.212878E-1,-1.3487748E0,-5.1430696E-1,-2.1809037E0,-1.2252387E0,1.3742484E0,-4.590524E-1,-2.6132385E2,-1.2222114E0,1.18182115E-1,-1.8621582E0,-2.1061721E-1,-4.2603526E-1,-1.0759482E-1,-5.9094965E-1,-5.7773323E0,-6.7533487E-3,-1.466511E-1,-4.378254E-1,1.1340798E-1,3.6145258E-1,-4.8265776E-1,-9.093057E-2,-2.4293186E-2,-3.484325E-1,-4.9907136E-1,-7.552447E-1,1.8535411E-1,-6.131362E-1,-4.6219894E-1,4.4820693E-1,4.106451E-1,-1.446757E0,-1.9921611E-1,-6.543354E-1,-4.41014E0,-2.179682E-2],"categories":[1,2,3,4,4,5,6,7,8,10,11,13,1,2,3,4,0,1,2,4,5,6,7,8,10,11,0,2,3,4,1,2,3,4,2,4,0,1,2,3,4,5,6,7,11,7,0,1,2,3,4],"categories_nodes":[0,3,6,9,22,24,27,29,33,40],"categories_segments":[0,4,12,16,26,30,34,36,45,46],"categories_sizes":[4,8,4,10,4,4,2,9,1,5],"default_left":[0,1,1,0,1,1,0,1,1,0,0,0,0,0,1,0,0,0,1,0,0,0,0,1,0,0,1,0,1,0,0,1,0,0,1,0,0,0,0,0,0,0,1,0,0,0,0,0,0,0,0,0,0,0,0,0,0,0,0,0,0,0,0,0,0,0,0,0,0],"id":0,"left_children":[1,3,5,7,9,11,13,15,17,19,-1,-1,21,-1,23,25,-1,27,29,31,33,35,37,39,41,-1,43,45,47,49,-1,51,-1,53,55,57,59,61,63,-1,65,-1,67,-1,-1,-1,-1,-1,-1,-1,-1,-1,-1,-1,-1,-1,-1,-1,-1,-1,-1,-1,-1,-1,-1,-1,-1,-1,-1],"loss_changes":[3.8189424E3,1.0695239E2,9.2331945E4,8.044055E1,2.420355E1,4.3608285E6,3.1496772E3,1.5412476E1,5.9333145E1,1.6733805E1,0E0,0E0,2.7353455E2,0E0,4.7085324E4,6.265625E0,0E0,1.7344211E2,1.1038166E1,1.9379442E1,1.8480587E0,7.0674744E0,2.4514732E1,1.9656325E6,1.9529971E3,0E0,3.1906738E0,1.0792992E1,4.7315424E2,6.8460026E0,0E0,5.263695E0,0E0,1.1398954E0,2.6490693E0,3.5492706E0,2.5688839E1,1.9390244E1,7.8942375E1,0E0,5.7269653E1,0E0,1.7482436E4,0E0,0E0,0E0,0E0,0E0,0E0,0E0,0E0,0E0,0E0,0E0,0E0,0E0,0E0,0E0,0E0,0E0,0E0,0E0,0E0,0E0,0E0,0E0,0E0,0E0,0E0],"parents":[2147483647,0,0,1,1,2,2,3,3,4,4,5,5,6,6,7,7,8,8,9,9,12,12,14,14,15,15,17,17,18,18,19,19,20,20,21,21,22,22,23,23,24,24,26,26,27,27,28,28,29,29,31,31,33,33,34,34,35,35,36,36,37,37,38,38,40,40,42,42],"right_children":[2,4,6,8,10,12,14,16,18,20,-1,-1,22,-1,24,26,-1,28,30,32,34,36,38,40,42,-1,44,46,48,50,-1,52,-1,54,56,58,60,62,64,-1,66,-1,68,-1,-1,-1,-1,-1,-1,-1,-1,-1,-1,-1,-1,-1,-1,-1,-1,-1,-1,-1,-1,-1,-1,-1,-1,-1,-1],"split_conditions":[NaN,1.1E1,1E1,NaN,5.178E3,2.58E3,NaN,5.178E3,1E1,NaN,4.4434392E-1,-3.8858408E2,5.06E3,-2.9491544E-2,1.2E1,1.98E3,3.228308E-1,3.9E1,7.298E3,7.2E1,1.2E1,4.386E3,NaN,5.8E1,NaN,2.2937424E-1,4.3E1,NaN,4.386E3,NaN,3.2503194E-1,1.848E3,-2.212878E-1,NaN,4.8E1,3.137E3,4.416E3,7.298E3,5.455E3,-2.6132385E2,NaN,1.18182115E-1,4.1E1,-2.1061721E-1,-4.2603526E-1,-1.0759482E-1,-5.9094965E-1,-5.7773323E0,-6.7533487E-3,-1.466511E-1,-4.378254E-1,1.1340798E-1,3.6145258E-1,-4.8265776E-1,-9.093057E-2,-2.4293186E-2,-3.484325E-1,-4.9907136E-1,-7.552447E-1,1.8535411E-1,-6.131362E-1,-4.6219894E-1,4.4820693E-1,4.106451E-1,-1.446757E0,-1.9921611E-1,-6.543354E-1,-4.41014E0,-2.179682E-2],"split_indices":[8,0,0,7,1,1,8,1,0,7,0,0,1,0,0,2,0,3,1,3,0,1,8,3,8,0,3,4,1,7,0,2,0,7,3,1,1,1,1,0,8,0,3,0,0,0,0,0,0,0,0,0,0,0,0,0,0,0,0,0,0,0,0,0,0,0,0,0,0],"split_type":[1,0,0,1,0,0,1,0,0,1,0,0,0,0,0,0,0,0,0,0,0,0,1,0,1,0,0,1,0,1,0,0,0,1,0,0,0,0,0,0,1,0,0,0,0,0,0,0,0,0,0,0,0,0,0,0,0,0,0,0,0,0,0,0,0,0,0,0,0],"sum_hessian":[5.7273457E3,2.6358132E3,3.0915325E3,2.5266306E3,1.09182724E2,1.1630334E2,2.9752292E3,2.4558992E3,7.0731415E1,9.565356E1,1.3529163E1,1.6614761E0,1.1464186E2,1.3315544E3,1.6436747E3,2.4518643E3,4.0350137E0,3.7264538E1,3.3466877E1,8.188704E1,1.3766517E1,5.8626373E1,5.6015484E1,1.1036949E2,1.5333052E3,2.1361837E0,2.449728E3,3.299217E1,4.2723675E0,3.1330694E1,2.1361837E0,6.717111E1,1.4715932E1,4.9844284E0,8.782088E0,4.3435734E1,1.51906395E1,4.7945457E1,8.070027E0,1.6614761E0,1.08708015E2,7.7329846E2,7.6000665E2,2.443557E3,6.1711974E0,5.459136E0,2.7533033E1,1.1867688E0,3.0855987E0,1.8038885E1,1.3291809E1,5.8863728E1,8.307381E0,3.560306E0,1.4241225E0,5.9338436E0,2.848245E0,1.9463007E1,2.3972729E1,4.747075E0,1.0443564E1,1.4241225E0,4.652133E1,6.1711974E0,1.8988299E0,6.9782E1,3.8926014E1,9.2093254E1,6.6791345E2],"tree_param":{"num_deleted":"0","num_feature":"10","num_nodes":"69","size_leaf_vector":"0"}}]},"name":"gbtree"},"learner_model_param":{"base_score":"5E-1","num_class":"0","num_feature":"10","num_target":"1"},"objective":{"name":"reg:squarederror","reg_loss_param":{"scale_pos_weight":"1"}}},"version":[1,6,2]}