{"learner":{"attributes":{"best_ntree_limit":"1"},"feature_names":[],"feature_types":["q","q","q","q","c","c","c","c","c","c"],"gradient_booster":{"model":{"gbtree_model_param":{"num_parallel_tree":"1","num_trees":"1","size_leaf_vector":"0"},"tree_info":[0],"trees":[{"base_weights":[-7.0770305E-1,-1.02229826E-1,-1.2280545E0,-8.266366E-2,-7.108421E-1,-2.7554264E1,-5.3853357E-1,-9.7645424E-2,5.280748E-1,-1.8913566E0,-3.59038E-1,-4.487685E2,4.4493374E-1,6.499276E-2,-1.1536884E0,-1.0065129E-1,2.7699456E-1,3.6108848E-1,7.5744736E-1,-6.770253E-1,-8.439346E0,-4.7758636E-1,8.3526766E-1,-6.425472E-1,9.2290866E-1,-1.4316615E1,-2.01585E-1,-1.020634E-1,8.2935953E-1,2.8535458E-1,2.9027689E-1,1.1783875E0,6.608709E-1,2.9985002E-1,-7.9756284E-1,-3.0031266E-2,-5.925396E0,-3.2003838E-1,-9.7714233E-1,2.848057E-1,1.3885483E-1,-2.019523E-1,-9.874509E-1,1.0708777E0,-8.688921E-2,-5.8039404E2,-5.0393456E-1,1.5060693E-1,-9.312755E-1,-3.036668E-2,-3.4577125E-1,2.8491357E-1,1.1666211E-1,1.8621641E-1,3.3748668E-2,1.1275634E-1,3.8693273E-1,2.1175443E-1,4.4125997E-2,2.2415286E-1,-5.4491337E-2,-1.4532106E-1,-2.9382253E-1,5.8667976E-2,-8.58971E-2,-1.0529954E-1,2.1856442E-1,-1.670499E-1,-1.291803E0,-2.9605657E-1,2.33923E-1,-9.90127E-2,-3.505496E-1,-1.8797441E-1,3.419598E-1,-1.5337394E0,3.196132E-1,-2.3478481E-1,-3.747324E2,-3.105109E-2,-3.5427415E-1,-2.915288E0,4.5270603E-2],"categories":[1,2,3,4,4,5,6,7,8,10,11,1,2,3,4,0,2,4,5,6,4,5,6,7,0,2,3,4,5,1,2,3,4,0,1,2,4,5,6,7,8,9,10,11,13,0,2,3,5,6,0,1,2,3,4,5,6,7,8,9,10,11,12,13,14,15,16,17,18,19,20,21,22,23,24,25,26,27,28,29,30,31,32,33,34,7,7,11,0,1,2,3,4,5,6,7,2,4,1,2,3,4],"categories_nodes":[0,1,6,19,21,24,26,28,29,32,33,34,35,42,46],"categories_segments":[0,4,11,15,20,24,29,33,45,50,85,86,88,96,98],"categories_sizes":[4,7,4,5,4,5,4,12,5,35,1,2,8,2,4],"default_left":[0,0,1,1,1,1,0,1,0,0,1,0,0,0,1,1,0,1,0,0,0,0,0,0,0,1,0,1,0,0,0,0,0,0,0,0,0,1,0,0,0,0,0,0,1,0,0,0,1,0,0,0,0,0,0,0,0,0,0,0,0,0,0,0,0,0,0,0,0,0,0,0,0,0,0,0,0,0,0,0,0,0,0],"id":0,"left_children":[1,3,5,7,9,11,13,15,17,19,21,-1,23,-1,25,27,-1,29,31,33,35,37,39,41,43,45,47,49,51,53,-1,55,57,59,61,63,-1,65,67,-1,-1,69,71,73,75,77,79,-1,81,-1,-1,-1,-1,-1,-1,-1,-1,-1,-1,-1,-1,-1,-1,-1,-1,-1,-1,-1,-1,-1,-1,-1,-1,-1,-1,-1,-1,-1,-1,-1,-1,-1,-1],"loss_changes":[3.4590186E3,6.0383762E1,1.07169234E5,4.505774E1,6.49248E1,6.1956495E6,2.6737227E3,1.4829048E1,4.2433243E0,2.8079596E2,1.7803879E1,0E0,7.797101E1,0E0,3.974592E4,6.3734703E0,0E0,2.9463024E0,1.2039433E0,3.9462519E0,5.2732465E2,8.538883E0,4.7676563E-2,6.7972164E0,1.5606087E1,1.6723942E6,1.5195332E3,4.109047E0,2.1367073E-2,3.6278906E0,0E0,2.146864E-1,8.6551476E-1,1.03704E0,1.1370487E0,2.979456E-1,0E0,3.079753E0,3.46493E1,0E0,0E0,1.731561E1,2.6575356E0,1.1327263E1,8.764162E1,1.9737004E6,5.6759197E1,0E0,1.381526E4,0E0,0E0,0E0,0E0,0E0,0E0,0E0,0E0,0E0,0E0,0E0,0E0,0E0,0E0,0E0,0E0,0E0,0E0,0E0,0E0,0E0,0E0,0E0,0E0,0E0,0E0,0E0,0E0,0E0,0E0,0E0,0E0,0E0,0E0],"parents":[2147483647,0,0,1,1,2,2,3,3,4,4,5,5,6,6,7,7,8,8,9,9,10,10,12,12,14,14,15,15,17,17,18,18,19,19,20,20,21,21,22,22,23,23,24,24,25,25,26,26,27,27,28,28,29,29,31,31,32,32,33,33,34,34,35,35,37,37,38,38,41,41,42,42,43,43,44,44,45,45,46,46,48,48],"right_children":[2,4,6,8,10,12,14,16,18,20,22,-1,24,-1,26,28,-1,30,32,34,36,38,40,42,44,46,48,50,52,54,-1,56,58,60,62,64,-1,66,68,-1,-1,70,72,74,76,78,80,-1,82,-1,-1,-1,-1,-1,-1,-1,-1,-1,-1,-1,-1,-1,-1,-1,-1,-1,-1,-1,-1,-1,-1,-1,-1,-1,-1,-1,-1,-1,-1,-1,-1,-1,-1],"split_conditions":[NaN,NaN,1E1,1.3E1,1E1,3.942E3,NaN,5.178E3,1.4E1,2.9E1,5.178E3,-4.487685E2,5.06E3,6.499276E-2,1.2E1,1.848E3,2.7699456E-1,5.178E3,1.98E3,NaN,2.444E3,NaN,4.1E1,4.416E3,NaN,6E1,NaN,3.908E3,NaN,NaN,2.9027689E-1,2.5E1,NaN,NaN,NaN,NaN,-5.925396E0,5.5E1,3.1E1,2.848057E-1,1.3885483E-1,4.386E3,NaN,7.298E3,5.8E1,1.092E3,NaN,1.5060693E-1,4.1E1,-3.036668E-2,-3.4577125E-1,2.8491357E-1,1.1666211E-1,1.8621641E-1,3.3748668E-2,1.1275634E-1,3.8693273E-1,2.1175443E-1,4.4125997E-2,2.2415286E-1,-5.4491337E-2,-1.4532106E-1,-2.9382253E-1,5.8667976E-2,-8.58971E-2,-1.0529954E-1,2.1856442E-1,-1.670499E-1,-1.291803E0,-2.9605657E-1,2.33923E-1,-9.90127E-2,-3.505496E-1,-1.8797441E-1,3.419598E-1,-1.5337394E0,3.196132E-1,-2.3478481E-1,-3.747324E2,-3.105109E-2,-3.5427415E-1,-2.915288E0,4.5270603E-2],"split_indices":[8,7,0,0,0,1,8,1,0,3,1,0,1,0,0,2,0,1,2,4,2,7,3,1,8,3,8,1,7,4,0,3,9,7,7,7,0,3,3,0,0,1,6,1,3,2,8,0,3,0,0,0,0,0,0,0,0,0,0,0,0,0,0,0,0,0,0,0,0,0,0,0,0,0,0,0,0,0,0,0,0,0,0],"split_type":[1,1,0,0,0,0,1,0,0,0,0,0,0,0,0,0,0,0,0,1,0,1,0,0,1,0,1,0,1,1,0,0,1,1,1,1,0,0,0,0,0,0,1,0,0,0,1,0,0,0,0,0,0,0,0,0,0,0,0,0,0,0,0,0,0,0,0,0,0,0,0,0,0,0,0,0,0,0,0,0,0,0,0],"sum_hessian":[1.0978358E4,5.074704E3,5.9036543E3,4.91774E3,1.5696368E2,1.496842E2,5.75397E3,4.800814E3,1.1692657E2,3.5032475E1,1.2193121E2,1.8198688E0,1.4786433E2,2.5833037E3,3.1706665E3,4.7876196E3,1.3194049E1,6.9155014E1,4.7771557E1,3.0482803E1,4.549672E0,1.11466965E2,1.0464246E1,4.504175E1,1.02822586E2,2.1292465E2,2.9577417E3,4.7812505E3,6.3695407E0,6.2785473E1,6.3695407E0,6.824508E0,4.094705E1,3.1847703E0,2.7298033E1,3.1847703E0,1.3649015E0,8.59888E1,2.5478163E1,6.824508E0,3.6397376E0,2.0473524E1,2.456823E1,8.962854E1,1.3194049E1,4.0947046E0,2.0882994E2,1.5059414E3,1.4518003E3,4.7785205E3,2.729803E0,4.0947046E0,2.274836E0,2.0473524E1,4.231195E1,1.3649015E0,5.459606E0,3.7307312E1,3.6397376E0,1.3649015E0,1.8198688E0,1.137418E1,1.5923852E1,1.8198688E0,1.3649015E0,8.416893E1,1.8198688E0,2.3658295E1,1.8198688E0,1.137418E1,9.099344E0,5.9145737E0,1.8653656E1,3.1847703E0,8.644377E1,1.8198688E0,1.137418E1,2.729803E0,1.3649015E0,1.3194049E2,7.688946E1,1.5832858E2,1.2934718E3],"tree_param":{"num_deleted":"0","num_feature":"10","num_nodes":"83","size_leaf_vector":"0"}}]},"name":"gbtree"},"learner_model_param":{"base_score":"5E-1","num_class":"0","num_feature":"10","num_target":"1"},"objective":{"name":"reg:squarederror","reg_loss_param":{"scale_pos_weight":"1"}}},"version":[1,6,2]}