{"learner":{"attributes":{"best_ntree_limit":"5"},"feature_names":[],"feature_types":["q","q","q","q","c","c","c","c","c","c"],"gradient_booster":{"model":{"gbtree_model_param":{"num_parallel_tree":"1","num_trees":"5","size_leaf_vector":"0"},"tree_info":[0,0,0,0,0],"trees":[{"base_weights":[-7.200261E-1,-1.033226E-1,-1.2372649E0,-8.676943E-2,-8.510348E-1,-1.2295371E2,-9.470582E-1,-1.0434254E-1,4.2482847E-1,-4.780337E0,-3.4099454E-1,-8.162992E-1,-2.2006058E2,6.248216E1,-1.0459613E0,-1.0650981E-1,2.908756E-1,6.7842996E-1,2.3065297E-1,-7.466118E0,-2.7004898E-2,-3.9923776E-2,-8.189984E-1,-2.6628834E-1,-3.7604827E-2,-6.198589E-1,-1.5351939E0,-1.0138727E-1,-6.3076323E-1,2.6147354E-1,4.4435915E-1,1.5142027E-1,2.52403E-1,-2.503042E-1,3.2220814E-1,-1.3955762E0,5.889083E-1,-6.863185E-1,1.1213597E0,-4.794638E1,-1.3419491E0,3.09095E-1,-3.0680064E-2,1.8398939E-2,-2.1793684E-1,1.5482582E-1,-1.14264034E-1,-8.133221E-2,7.206892E-2,-1.4047822E0,-1.313138E-1,-9.104225E-3,2.2378446E-1,-3.1007308E-1,-1.4267433E-1,3.4031212E-1,9.634758E-2,-6.783668E1,-4.4296595E-1,-3.1353408E-1,-4.5800635E-1],"categories":[1,2,3,4,4,5,6,7,8,1,2,4,5,6,7,8,11,13,2,5,6,0,1,2,3,4,5,6,7,9,11,13,15,4,5,6,7,3,4,5,2,10,11,13,0,2,6,1,2,3,0,1,2,11,0,1,2,3,5,4],"categories_nodes":[0,1,2,6,8,10,14,15,17,28,30,38,40],"categories_segments":[0,4,9,18,21,33,37,40,44,47,50,54,59],"categories_sizes":[4,5,9,3,12,4,3,4,3,3,4,5,1],"default_left":[0,0,0,1,1,0,0,1,0,1,0,0,0,0,0,0,0,0,1,0,0,0,1,0,0,1,1,0,0,0,0,0,0,0,0,1,0,1,0,1,0,0,0,0,0,0,0,0,0,0,0,0,0,0,0,0,0,0,0,0,0],"id":0,"left_children":[1,3,5,7,9,11,13,15,17,19,21,23,-1,-1,25,27,-1,29,31,-1,33,-1,35,-1,-1,37,39,41,43,-1,45,47,-1,-1,-1,49,51,53,55,57,59,-1,-1,-1,-1,-1,-1,-1,-1,-1,-1,-1,-1,-1,-1,-1,-1,-1,-1,-1,-1],"loss_changes":[3.5018105E3,6.1920425E1,2.1078352E5,4.411018E1,2.1555905E2,1.0579202E6,1.2349257E5,1.1134396E1,7.868599E0,1.1819768E3,9.531096E0,5.210142E-1,0E0,0E0,1.2405737E3,1.264077E1,0E0,2.784443E0,4.4119143E0,0E0,1.0682366E1,0E0,2.4531954E1,0E0,0E0,3.6932385E2,2.4794723E4,4.7703056E0,3.063694E0,0E0,2.1947446E0,3.2269006E0,0E0,0E0,0E0,6.412787E1,9.162879E-1,2.2405408E2,8.590088E-1,9.458779E4,1.498247E2,0E0,0E0,0E0,0E0,0E0,0E0,0E0,0E0,0E0,0E0,0E0,0E0,0E0,0E0,0E0,0E0,0E0,0E0,0E0,0E0],"parents":[2147483647,0,0,1,1,2,2,3,3,4,4,5,5,6,6,7,7,8,8,9,9,10,10,11,11,14,14,15,15,17,17,18,18,20,20,22,22,25,25,26,26,27,27,28,28,30,30,31,31,35,35,36,36,37,37,38,38,39,39,40,40],"right_children":[2,4,6,8,10,12,14,16,18,20,22,24,-1,-1,26,28,-1,30,32,-1,34,-1,36,-1,-1,38,40,42,44,-1,46,48,-1,-1,-1,50,52,54,56,58,60,-1,-1,-1,-1,-1,-1,-1,-1,-1,-1,-1,-1,-1,-1,-1,-1,-1,-1,-1,-1],"split_conditions":[NaN,NaN,NaN,1.1E1,1E1,1.408E3,NaN,5.178E3,NaN,3.411E3,NaN,4.6E1,-2.2006058E2,6.248216E1,NaN,NaN,2.908756E-1,NaN,7.688E3,-7.466118E0,5.06E3,-3.9923776E-2,3.103E3,-2.6628834E-1,-3.7604827E-2,5.178E3,3.3E1,1.98E3,NaN,2.6147354E-1,NaN,1.3E1,2.52403E-1,-2.503042E-1,3.2220814E-1,1.3E1,4.101E3,9E0,NaN,1.719E3,NaN,3.09095E-1,-3.0680064E-2,1.8398939E-2,-2.1793684E-1,1.5482582E-1,-1.14264034E-1,-8.133221E-2,7.206892E-2,-1.4047822E0,-1.313138E-1,-9.104225E-3,2.2378446E-1,-3.1007308E-1,-1.4267433E-1,3.4031212E-1,9.634758E-2,-6.783668E1,-4.4296595E-1,-3.1353408E-1,-4.5800635E-1],"split_indices":[8,7,7,0,0,2,4,1,5,1,7,3,0,0,6,7,0,4,1,0,1,0,1,0,0,1,3,2,4,0,7,0,0,0,0,0,1,0,8,2,6,0,0,0,0,0,0,0,0,0,0,0,0,0,0,0,0,0,0,0,0],"split_type":[1,1,1,0,0,0,1,0,1,0,1,0,0,0,1,1,0,1,0,0,0,0,0,0,0,0,0,0,1,0,1,0,0,0,0,0,0,0,1,0,1,0,0,0,0,0,0,0,0,0,0,0,0,0,0,0,0,0,0,0,0],"sum_hessian":[1.0977448E4,5.007824E3,5.9696245E3,4.9004517E3,1.0737226E2,1.3194049E1,5.9564307E3,4.7384834E3,1.6196832E2,1.137418E1,9.599808E1,1.1829147E1,1.3649015E0,1.8198688E0,5.954611E3,4.729839E3,8.644377E0,6.9155014E1,9.281331E1,1.3649015E0,1.0009278E1,6.7790115E1,2.8207966E1,1.0464246E1,1.3649015E0,3.1838604E3,2.7707502E3,4.6852524E3,4.4586784E1,3.6397377E1,3.2757637E1,8.3258995E1,9.554311E0,5.9145737E0,4.0947046E0,2.0018557E1,8.189409E0,3.067389E3,1.164716E2,1.0464246E1,2.760286E3,2.729803E0,4.6825225E3,5.459606E0,3.912718E1,3.0482803E1,2.274836E0,1.4103983E1,6.9155014E1,3.6397376E0,1.6378819E1,1.8198688E0,6.3695407E0,1.1569816E3,1.9104072E3,1.1419677E2,2.274836E0,1.3649015E0,9.099344E0,1.0614385E3,1.6988475E3],"tree_param":{"num_deleted":"0","num_feature":"10","num_nodes":"61","size_leaf_vector":"0"}},{"base_weights":[6.081092E-1,5.653182E0,-8.247094E-1,3.3788133E-1,4.347446E1,-3.191973E-1,-6.907225E1,-1.502205E-1,1.4027607E1,1.2807056E3,4.8958607E0,3.387791E1,-3.6932832E-1,-2.1496565E2,-2.3520382E1,1.248804E1,1.391278E1,6.426963E2,8.516782E1,-5.886968E2,3.4890816E1,2.9521082E1,-3.3260122E-1,3.6349657E0,-5.28458E-1,-3.5289697E-2,-7.133736E1,5.5685352E1,5.5579567E0,5.929985E2,2.0082278E0,3.676333E-2,-5.3432053E-1,8.327789E1,-3.5714862E-1,-2.3932125E-1,-9.736589E-1,-7.873143E1,-1.5760962E1,-4.470371E1,3.4397953E0,1.6347202E1,5.8842303E2,-5.4307166E2,9.451731E0,-2.3085783E-1,-2.4599044E-2,2.6844213E-2,8.3979034E1,-1.7604557E1,1.4929818E-1,-8.742569E-2,3.1221414E-1,-3.0175942E-1,3.9379954E-1,1.4611895E-1,-9.729195E0],"categories":[0,1,2,4,5,6,7,8,11,13,1,3,4,0,1,2,3,4,5,6,7,8,9,10,11,12,13,14,15,0,2,3,4,5,0,1,2,3,4,5,6,0,1,3,4,0,1,2,3,5,0,1,2,3,5,0,1,2,3,4,5,6,2,6,3,4,5,0,1,2,3,4,5,6,7,8,9,10,11,12,13,14,15,0,1,2,3,4,5,6,7,8,9,11,12,13,0,1,2,3,4],"categories_nodes":[0,2,3,4,9,14,15,20,22,23,24,28,30,38],"categories_segments":[0,10,13,29,34,41,45,50,55,62,64,67,83,96],"categories_sizes":[10,3,16,5,7,4,5,5,7,2,3,16,13,5],"default_left":[0,1,0,0,0,1,1,0,0,0,1,1,0,0,0,0,0,0,0,0,0,0,0,0,0,0,1,0,0,0,0,0,1,0,1,1,1,0,0,0,0,0,0,0,0,0,0,0,0,0,0,0,0,0,0,0,0],"id":1,"left_children":[1,3,5,7,9,11,13,-1,15,17,19,21,23,-1,25,27,-1,-1,-1,-1,29,-1,31,33,35,-1,37,-1,39,41,43,-1,45,47,49,51,53,-1,55,-1,-1,-1,-1,-1,-1,-1,-1,-1,-1,-1,-1,-1,-1,-1,-1,-1,-1],"loss_changes":[4.2309887E4,2.6024066E5,1.57257E5,1.3049787E4,7.607394E6,7.7721157E3,9.71618E5,0E0,2.6885205E3,3.5312195E6,9.255417E6,1.4682242E4,2.8824995E3,0E0,3.618781E4,7.5756055E4,0E0,0E0,0E0,0E0,2.83122E6,0E0,5.5516565E-1,5.5005633E4,5.5955615E2,0E0,1.0873042E5,0E0,5.88459E4,6.218621E6,7.902029E6,0E0,3.4993005E-1,1.3506494E5,8.288084E3,1.7621059E2,1.27375854E2,0E0,2.533795E3,0E0,0E0,0E0,0E0,0E0,0E0,0E0,0E0,0E0,0E0,0E0,0E0,0E0,0E0,0E0,0E0,0E0,0E0],"parents":[2147483647,0,0,1,1,2,2,3,3,4,4,5,5,6,6,8,8,9,9,10,10,11,11,12,12,14,14,15,15,20,20,22,22,23,23,24,24,26,26,28,28,29,29,30,30,32,32,33,33,34,34,35,35,36,36,38,38],"right_children":[2,4,6,8,10,12,14,-1,16,18,20,22,24,-1,26,28,-1,-1,-1,-1,30,-1,32,34,36,-1,38,-1,40,42,44,-1,46,48,50,52,54,-1,56,-1,-1,-1,-1,-1,-1,-1,-1,-1,-1,-1,-1,-1,-1,-1,-1,-1,-1],"split_conditions":[NaN,4E1,NaN,NaN,NaN,9E0,4.6E1,-1.502205E-1,1.5E1,NaN,6E0,2.238E3,3.3E1,-2.1496565E2,NaN,NaN,1.391278E1,6.426963E2,8.516782E1,-5.886968E2,NaN,2.9521082E1,NaN,NaN,NaN,-3.5289697E-2,1.2E1,5.5685352E1,NaN,5.1E1,NaN,3.676333E-2,7E0,1.816E3,5E0,5.178E3,8.614E3,-7.873143E1,NaN,-4.470371E1,3.4397953E0,1.6347202E1,5.8842303E2,-5.4307166E2,9.451731E0,-2.3085783E-1,-2.4599044E-2,2.6844213E-2,8.3979034E1,-1.7604557E1,1.4929818E-1,-8.742569E-2,3.1221414E-1,-3.0175942E-1,3.9379954E-1,1.4611895E-1,-9.729195E0],"split_indices":[7,3,4,5,8,0,3,0,0,6,0,2,3,0,4,8,0,0,0,0,8,0,6,6,6,0,0,0,5,3,7,0,0,2,3,1,1,0,4,0,0,0,0,0,0,0,0,0,0,0,0,0,0,0,0,0,0],"split_type":[1,0,1,1,1,0,0,0,0,1,0,0,0,0,1,1,0,0,0,0,1,0,1,1,1,0,0,0,1,0,1,0,0,0,0,0,0,0,1,0,0,0,0,0,0,0,0,0,0,0,0,0,0,0,0,0,0],