{"learner":{"attributes":{"best_ntree_limit":"1"},"feature_names":[],"feature_types":["q","q","q","q","c","c","c","c","c","c"],"gradient_booster":{"model":{"gbtree_model_param":{"num_parallel_tree":"1","num_trees":"1","size_leaf_vector":"0"},"tree_info":[0],"trees":[{"base_weights":[-1.5893013E0,-6.904505E-1,-2.354667E0,-7.2963804E-1,5.738141E-1,-3.698107E1,-1.2571644E0,-7.016551E-1,-1.6514624E0,4.0601185E-1,4.4194657E-1,-4.776666E2,-1.655958E-1,-2.9957147E-2,-2.1953187E0,-7.067756E-1,1.227404E0,-3.1374137E0,-7.626003E-1,5.501943E-1,-7.7431065E-1,-2.017845E0,1.1576362E0,-2.1892384E1,-7.42537E-1,2.891232E-1,-7.0925206E-1,1.2244079E-1,3.9740604E-1,-1.1111696E1,-1.9419351E0,-8.988603E-1,3.47523E-1,3.3960024E-1,8.6661613E-1,1.4654179E-1,-1.5651165E0,-7.587427E-1,-1.2732552E0,1.3659097E0,-3.2042593E-1,-6.4876447E2,-1.2706194E0,1.15629636E-1,-1.8933436E0,-3.605514E-1,-2.1148457E-1,-2.913488E-1,-4.8430347E0,-6.447959E-1,1.8632534E-1,-1.6717105E-1,-4.0254295E-1,4.4227522E-2,2.5747058E-1,3.4199238E-1,1.2634987E-1,-1.5489077E-2,6.943862E-2,-6.0761774E-1,-1.5393597E-1,2.2908795E-1,-6.017827E-1,-3.4042293E-1,4.396329E-1,-1.5327176E0,4.0671286E-1,-3.211162E2,2.8197798E-1,-2.1010071E-1,-6.5954816E-1,-4.3846097E0,-3.241939E-2],"categories":[1,2,3,4,4,5,6,7,8,11,1,2,3,4,0,1,2,4,5,6,7,8,10,11,4,7,0,2,3,4,1,2,3,4,0,1,2,3,4,5,6,7,11,0,2,6,1,2,3,4],"categories_nodes":[0,3,6,9,17,22,24,31,34,42],"categories_segments":[0,4,10,14,24,26,30,34,43,46],"categories_sizes":[4,6,4,10,2,4,4,9,3,4],"default_left":[0,1,1,0,1,1,0,1,1,0,0,0,0,0,1,0,0,0,1,1,0,0,0,1,0,0,0,0,0,0,1,0,0,1,0,0,1,0,0,0,1,1,0,0,1,0,0,0,0,0,0,0,0,0,0,0,0,0,0,0,0,0,0,0,0,0,0,0,0,0,0,0,0],"id":0,"left_children":[1,3,5,7,9,11,13,15,17,19,-1,-1,21,-1,23,25,27,29,31,33,35,37,39,41,43,-1,45,-1,-1,47,49,51,-1,53,55,57,59,-1,61,63,65,67,69,-1,71,-1,-1,-1,-1,-1,-1,-1,-1,-1,-1,-1,-1,-1,-1,-1,-1,-1,-1,-1,-1,-1,-1,-1,-1,-1,-1,-1,-1],"loss_changes":[3.9001758E3,1.2971594E2,1.1635018E5,6.414868E1,1.1327089E1,5.3854075E6,3.224192E3,2.5156006E1,9.515045E1,1.1994308E1,0E0,0E0,2.2999644E2,0E0,4.691754E4,1.0831787E1,7.297516E-3,2.388696E2,1.3482744E1,3.781252E0,5.9204373E0,1.165419E1,1.7312248E1,1.4551251E6,1.9848674E3,0E0,4.3463135E0,0E0,0E0,1.5525653E2,1.46074295E1,6.053566E0,0E0,3.6973248E0,2.4173832E0,8.810181E-2,1.0380116E0,0E0,2.8275934E1,1.3668694E1,6.776732E1,9.830574E5,5.668907E1,0E0,1.7186496E4,0E0,0E0,0E0,0E0,0E0,0E0,0E0,0E0,0E0,0E0,0E0,0E0,0E0,0E0,0E0,0E0,0E0,0E0,0E0,0E0,0E0,0E0,0E0,0E0,0E0,0E0,0E0,0E0],"parents":[2147483647,0,0,1,1,2,2,3,3,4,4,5,5,6,6,7,7,8,8,9,9,12,12,14,14,15,15,16,16,17,17,18,18,19,19,20,20,21,21,22,22,23,23,24,24,26,26,29,29,30,30,31,31,33,33,34,34,35,35,36,36,38,38,39,39,40,40,41,41,42,42,44,44],"right_children":[2,4,6,8,10,12,14,16,18,20,-1,-1,22,-1,24,26,28,30,32,34,36,38,40,42,44,-1,46,-1,-1,48,50,52,-1,54,56,58,60,-1,62,64,66,68,70,-1,72,-1,-1,-1,-1,-1,-1,-1,-1,-1,-1,-1,-1,-1,-1,-1,-1,-1,-1,-1,-1,-1,-1,-1,-1,-1,-1,-1,-1],"split_conditions":[NaN,1.3E1,1E1,NaN,5.178E3,3.273E3,NaN,5.178E3,1E1,NaN,4.4194657E-1,-4.776666E2,5.06E3,-2.9957147E-2,1.2E1,1.98E3,3.6E1,NaN,7.298E3,1.4E1,3.6E1,4.386E3,NaN,5.7E1,NaN,2.891232E-1,1E1,1.2244079E-1,3.9740604E-1,1.7E1,5.178E3,NaN,3.47523E-1,4.5E1,NaN,2.9E1,4.2E1,-7.587427E-1,4.416E3,7.298E3,6E1,9.9999E4,NaN,1.15629636E-1,4.1E1,-3.605514E-1,-2.1148457E-1,-2.913488E-1,-4.8430347E0,-6.447959E-1,1.8632534E-1,-1.6717105E-1,-4.0254295E-1,4.4227522E-2,2.5747058E-1,3.4199238E-1,1.2634987E-1,-1.5489077E-2,6.943862E-2,-6.0761774E-1,-1.5393597E-1,2.2908795E-1,-6.017827E-1,-3.4042293E-1,4.396329E-1,-1.5327176E0,4.0671286E-1,-3.211162E2,2.8197798E-1,-2.1010071E-1,-6.5954816E-1,-4.3846097E0,-3.241939E-2],"split_indices":[8,0,0,7,1,1,8,1,0,7,0,0,1,0,0,2,3,7,1,0,3,1,8,3,8,0,0,0,0,3,1,7,0,3,4,3,3,0,1,1,3,1,8,0,3,0,0,0,0,0,0,0,0,0,0,0,0,0,0,0,0,0,0,0,0,0,0,0,0,0,0,0,0],"split_type":[1,0,0,1,0,0,1,0,0,1,0,0,0,0,0,0,0,1,0,0,0,0,1,0,1,0,0,0,0,0,0,1,0,0,1,0,0,0,0,0,0,0,1,0,0,0,0,0,0,0,0,0,0,0,0,0,0,0,0,0,0,0,0,0,0,0,0,0,0,0,0,0,0],"sum_hessian":[5.6706396E3,2.6087761E3,3.0618633E3,2.530755E3,7.802123E1,9.306147E1,2.9688018E3,2.4579038E3,7.285115E1,6.697606E1,1.1045175E1,1.1750185E0,9.188645E1,1.329651E3,1.6391509E3,2.4520288E3,5.8750925E0,2.6320415E1,4.6530735E1,6.016095E1,6.8151073E0,3.8070602E1,5.381585E1,1.1162676E2,1.5275242E3,3.0550482E0,2.4489736E3,1.1750185E0,4.700074E0,2.350037E0,2.3970379E1,4.3945694E1,2.5850408E0,3.736559E1,2.279536E1,3.5250556E0,3.290052E0,2.1150333E1,1.6920267E1,4.7235744E1,6.580104E0,2.5850408E0,1.0904172E2,7.717522E2,7.557719E2,1.8800297E1,2.4301733E3,1.1750185E0,1.1750185E0,2.2325352E1,1.645026E0,2.6085411E1,1.7860283E1,2.8200445E1,9.165145E0,1.3160208E1,9.635152E0,1.1750185E0,2.350037E0,1.645026E0,1.645026E0,4.4650707E0,1.2455196E1,1.4100223E0,4.582572E1,1.1750185E0,5.4050856E0,1.1750185E0,1.4100223E0,6.8621086E1,4.042064E1,9.212145E1,6.6365045E2],"tree_param":{"num_deleted":"0","num_feature":"10","num_nodes":"73","size_leaf_vector":"0"}}]},"name":"gbtree"},"learner_model_param":{"base_score":"5E-1","num_class":"0","num_feature":"10","num_target":"1"},"objective":{"name":"reg:squarederror","reg_loss_param":{"scale_pos_weight":"1"}}},"version":[1,6,2]}