{"learner":{"attributes":{"best_ntree_limit":"1"},"feature_names":[],"feature_types":["q","q","q","q","c","c","c","c","c","c"],"gradient_booster":{"model":{"gbtree_model_param":{"num_parallel_tree":"1","num_trees":"1","size_leaf_vector":"0"},"tree_info":[0],"trees":[{"base_weights":[-7.114179E-1,-1.0709846E-1,-1.2220534E0,-8.686107E-2,-6.810089E-1,-1.7053484E1,-5.399182E-1,-1.0366666E-1,4.5759514E-1,-1.673164E0,-3.0847514E-1,-3.8811323E-1,-5.1965173E2,6.456946E-2,-1.143742E0,-1.0566242E-1,3.3310145E-1,7.4814516E-1,2.5808865E-1,-5.945243E-1,-4.718312E0,-4.1391286E-1,9.3897927E-1,-9.4949657E-1,8.139444E-1,-1.2924017E1,-2.1314274E-1,3.1323695E-1,-1.0655145E-1,2.617635E-1,5.7858056E-1,1.6209538E-1,2.5692073E-1,2.362709E-1,-7.289652E-1,-2.617512E-1,-8.088923E-1,4.0114278E-1,1.0837705E0,-7.912917E-1,-1.4230692E0,3.3189198E-1,-3.5167018E-1,-1.5520432E2,-4.238258E-1,1.4818394E-1,-9.273436E-1,-3.1566415E-2,-1.992238E-1,1.3193084E-1,3.1708536E-1,2.9060578E-2,2.1786195E-1,1.9863768E-1,-5.9923396E-2,-3.9726195E-1,-1.9639067E-1,-8.779578E-2,1.8139786E-1,-4.0862018E-1,-1.3100462E-1,1.6197403E-1,2.7824607E-2,3.5411566E-1,1.14055745E-1,-2.6851907E-1,-7.9218745E-2,-7.397069E-1,-3.621302E-1,2.6774907E-1,-1.691055E0,-3.685114E2,-7.1275845E-2,-2.3545867E-2,-3.1176E-1,-2.5307577E0,4.291489E-2],"categories":[1,2,3,4,2,4,5,6,7,8,10,11,1,2,3,4,0,1,2,3,4,5,6,7,9,11,13,14,15,0,2,6,2,4,2,4,5,6,7,4,0,1,2,3,4,5,1,2,3,4,12,13,7,0,1,2,3,4,5,6,7,8,9,10,11,12,13,14,15,16,17,18,19,20,21,22,23,38,0,1,2,3,4,5,6,7,8,9,10,11,0,1,2,3,4,5,6,7,8,9,10,11,12,13,14,15,16,17,18,19,20,21,22,23,24,25,26,27,28,29,30,31,32,33,34,1,2,3,4],"categories_nodes":[0,1,6,8,17,19,21,23,24,26,28,33,34,37,38,44],"categories_segments":[0,4,12,16,29,32,34,39,40,46,50,52,53,78,90,125],"categories_sizes":[4,8,4,13,3,2,5,1,6,4,2,1,25,12,35,4],"default_left":[0,0,1,1,1,0,0,1,0,0,1,0,0,0,1,0,0,0,1,0,0,0,0,0,0,1,0,0,0,0,1,1,0,0,0,1,1,0,0,1,1,0,0,1,0,0,1,0,0,0,0,0,0,0,0,0,0,0,0,0,0,0,0,0,0,0,0,0,0,0,0,0,0,0,0,0,0],"id":0,"left_children":[1,3,5,7,9,11,13,15,17,19,21,23,-1,-1,25,27,-1,29,31,33,-1,35,37,39,41,43,45,-1,47,-1,49,51,-1,53,55,57,59,61,63,65,67,-1,69,71,73,-1,75,-1,-1,-1,-1,-1,-1,-1,-1,-1,-1,-1,-1,-1,-1,-1,-1,-1,-1,-1,-1,-1,-1,-1,-1,-1,-1,-1,-1,-1,-1],"loss_changes":[3.387816E3,5.8353363E1,6.4252434E4,4.450812E1,6.2745697E1,7.024261E6,2.6019773E3,1.1539825E1,8.251463E0,6.955298E2,1.6916693E1,1.6570268E2,0E0,0E0,3.4757344E4,4.923378E0,0E0,7.350769E-1,4.909565E0,5.1115026E0,0E0,6.7937107E0,3.5173035E-1,1.1390533E1,2.7087387E1,4.127727E5,1.4849838E3,0E0,3.4190483E0,0E0,1.3840523E0,2.7621272E0,0E0,1.4161489E0,8.28001E-1,2.469389E0,5.9811134E0,1.09544575E-1,5.2191734E-2,6.738327E0,6.161682E0,0E0,1.1332445E2,3.116886E6,4.5476902E1,0E0,1.17579E4,0E0,0E0,0E0,0E0,0E0,0E0,0E0,0E0,0E0,0E0,0E0,0E0,0E0,0E0,0E0,0E0,0E0,0E0,0E0,0E0,0E0,0E0,0E0,0E0,0E0,0E0,0E0,0E0,0E0,0E0],"parents":[2147483647,0,0,1,1,2,2,3,3,4,4,5,5,6,6,7,7,8,8,9,9,10,10,11,11,14,14,15,15,17,17,18,18,19,19,21,21,22,22,23,23,24,24,25,25,26,26,28,28,30,30,31,31,33,33,34,34,35,35,36,36,37,37,38,38,39,39,40,40,42,42,43,43,44,44,46,46],"right_children":[2,4,6,8,10,12,14,16,18,20,22,24,-1,-1,26,28,-1,30,32,34,-1,36,38,40,42,44,46,-1,48,-1,50,52,-1,54,56,58,60,62,64,66,68,-1,70,72,74,-1,76,-1,-1,-1,-1,-1,-1,-1,-1,-1,-1,-1,-1,-1,-1,-1,-1,-1,-1,-1,-1,-1,-1,-1,-1,-1,-1,-1,-1,-1,-1],"split_conditions":[NaN,NaN,1E1,1.1E1,1E1,1.052E4,NaN,5.178E3,NaN,3.1E1,4.386E3,5.06E3,-5.1965173E2,6.456946E-2,1.2E1,1.98E3,3.3310145E-1,NaN,5.178E3,NaN,-4.718312E0,NaN,7.43E3,NaN,NaN,5.6E1,NaN,3.1323695E-1,NaN,2.617635E-1,7.688E3,1.848E3,2.5692073E-1,NaN,NaN,5.2E1,1.3E1,NaN,NaN,4.386E3,2.176E3,3.3189198E-1,5.455E3,2.042E3,NaN,1.4818394E-1,4.1E1,-3.1566415E-2,-1.992238E-1,1.3193084E-1,3.1708536E-1,2.9060578E-2,2.1786195E-1,1.9863768E-1,-5.9923396E-2,-3.9726195E-1,-1.9639067E-1,-8.779578E-2,1.8139786E-1,-4.0862018E-1,-1.3100462E-1,1.6197403E-1,2.7824607E-2,3.5411566E-1,1.14055745E-1,-2.6851907E-1,-7.9218745E-2,-7.397069E-1,-3.621302E-1,2.6774907E-1,-1.691055E0,-3.685114E2,-7.1275845E-2,-2.3545867E-2,-3.1176E-1,-2.5307577E0,4.291489E-2],"split_indices":[8,7,0,0,0,1,8,1,5,3,1,1,0,0,0,2,0,4,1,4,0,7,1,6,8,3,8,0,7,0,1,2,0,7,9,3,0,7,9,1,1,0,1,2,8,0,3,0,0,0,0,0,0,0,0,0,0,0,0,0,0,0,0,0,0,0,0,0,0,0,0,0,0,0,0,0,0],"split_type":[1,1,0,0,0,0,1,0,1,0,0,0,0,0,0,0,0,1,0,1,0,1,0,1,1,0,1,0,1,0,0,0,0,1,1,0,0,1,1,0,0,0,0,0,1,0,0,0,0,0,0,0,0,0,0,0,0,0,0,0,0,0,0,0,0,0,0,0,0,0,0,0,0,0,0,0,0],"sum_hessian":[1.0977903E4,5.0282974E3,5.949606E3,4.8581396E3,1.7015773E2,2.4477235E2,5.7048335E3,4.71346E3,1.4467957E2,4.549672E1,1.2466101E2,2.4340746E2,1.3649015E0,2.5350771E3,3.1697566E3,4.7066357E3,6.824508E0,5.7780834E1,8.6898735E1,4.3221886E1,2.274836E0,1.1556167E2,9.099344E0,1.6606303E2,7.734442E1,2.3112334E2,2.938633E3,2.729803E0,4.703906E3,3.0937769E1,2.6843065E1,7.597952E1,1.0919212E1,5.9145737E0,3.7307312E1,8.46239E1,3.0937769E1,2.729803E0,6.3695407E0,1.2648088E2,3.9582146E1,6.1875538E1,1.5468884E1,1.7743721E1,2.1337962E2,1.4768235E3,1.4618096E3,4.6938965E3,1.0009278E1,2.2293392E1,4.549672E0,6.9155014E1,6.824508E0,2.729803E0,3.1847703E0,2.274836E0,3.5032475E1,8.234906E1,2.274836E0,1.137418E1,1.956359E1,1.3649015E0,1.3649015E0,5.004639E0,1.3649015E0,1.0509742E2,2.138346E1,5.004639E0,3.4577507E1,1.3194049E1,2.274836E0,1.3649015E0,1.6378819E1,1.374001E2,7.597952E1,1.815319E2,1.2802777E3],"tree_param":{"num_deleted":"0","num_feature":"10","num_nodes":"77","size_leaf_vector":"0"}}]},"name":"gbtree"},"learner_model_param":{"base_score":"5E-1","num_class":"0","num_feature":"10","num_target":"1"},"objective":{"name":"reg:squarederror","reg_loss_param":{"scale_pos_weight":"1"}}},"version":[1,6,2]}