{"learner":{"attributes":{"best_ntree_limit":"1"},"feature_names":[],"feature_types":["q","q","q","q","c","c","c","c","c","c"],"gradient_booster":{"model":{"gbtree_model_param":{"num_parallel_tree":"1","num_trees":"1","size_leaf_vector":"0"},"tree_info":[0],"trees":[{"base_weights":[-1.5892575E0,-6.9042665E-1,-2.3532612E0,-7.329261E-1,3.4025067E-1,-3.5317135E1,-1.2634681E0,-7.009135E-1,-1.8905188E0,1.6783722E-1,4.4613963E-1,-1.9711027E0,-4.51322E2,-3.464869E-2,-2.1943836E0,-7.0495874E-1,3.4477517E-1,-2.8686187E0,-8.8416535E-1,3.3694032E-1,-1.1171223E0,-2.2274127E0,9.484963E-1,-2.379862E1,-7.5584954E-1,2.3093164E-1,-7.06558E-1,-1.8234856E0,-1.1708704E1,-1.14066325E-1,-1.596764E0,-7.2597486E-1,6.0682756E-1,-4.3636727E-1,-5.1723534E-1,-7.764624E-1,-1.8406479E0,4.1634277E-1,-2.913488E-1,-4.2175522E-1,-2.9772357E2,1.0676728E-1,-1.8909721E0,-5.986591E-1,-2.1123447E-1,1.574978E-1,-5.8583575E-1,-1.5489077E-2,-5.3947535E0,-6.0776114E-1,2.997458E-1,-1.5489077E-2,-2.3185243E-1,1.51073E-1,3.8482276E-1,3.831733E-2,-2.8876638E-1,2.83982E-1,-6.4756554E-1,-5.6120557E-1,3.824716E-1,-4.703715E0,-4.459001E-2],"categories":[1,2,3,4,4,5,6,7,8,11,1,2,3,4,0,1,2,4,5,6,7,11,0,1,2,3,4,5,6,7,11,1,2,3,4,0,1,2,4,5,6],"categories_nodes":[0,3,6,9,18,24,27],"categories_segments":[0,4,10,14,22,31,35],"categories_sizes":[4,6,4,8,9,4,6],"default_left":[0,1,1,0,1,0,0,1,1,0,0,0,0,0,1,0,0,0,0,1,0,0,0,0,0,0,0,0,0,0,1,0,1,0,1,0,0,0,0,0,0,0,1,0,0,0,0,0,0,0,0,0,0,0,0,0,0,0,0,0,0,0,0],"id":0,"left_children":[1,3,5,7,9,11,13,15,17,19,-1,21,-1,-1,23,25,-1,27,29,31,33,35,37,39,41,-1,43,45,47,-1,49,51,53,-1,55,-1,57,-1,-1,59,-1,-1,61,-1,-1,-1,-1,-1,-1,-1,-1,-1,-1,-1,-1,-1,-1,-1,-1,-1,-1,-1,-1],"loss_changes":[3.8929844E3,1.1445264E2,1.1006947E5,9.147644E1,2.030161E1,4.800658E6,3.171713E3,1.9060547E1,6.321689E1,2.0253372E1,0E0,7.461133E1,0E0,0E0,5.0918812E4,6.2839355E0,0E0,2.8751608E2,1.1735676E1,2.3850708E1,1.4480219E0,7.7057495E0,8.53307E0,2.3156715E6,1.941178E3,0E0,6.2526855E0,1.0463066E1,2.4407397E2,0E0,1.7535778E1,4.9674606E-1,3.9340057E0,0E0,1.692581E0,0E0,4.332631E1,0E0,0E0,2.5037408E2,0E0,0E0,1.8279602E4,0E0,0E0,0E0,0E0,0E0,0E0,0E0,0E0,0E0,0E0,0E0,0E0,0E0,0E0,0E0,0E0,0E0,0E0,0E0,0E0],"parents":[2147483647,0,0,1,1,2,2,3,3,4,4,5,5,6,6,7,7,8,8,9,9,11,11,14,14,15,15,17,17,18,18,19,19,20,20,21,21,22,22,23,23,24,24,26,26,27,27,28,28,30,30,31,31,32,32,34,34,36,36,39,39,42,42],"right_children":[2,4,6,8,10,12,14,16,18,20,-1,22,-1,-1,24,26,-1,28,30,32,34,36,38,40,42,-1,44,46,48,-1,50,52,54,-1,56,-1,58,-1,-1,60,-1,-1,62,-1,-1,-1,-1,-1,-1,-1,-1,-1,-1,-1,-1,-1,-1,-1,-1,-1,-1,-1,-1],"split_conditions":[NaN,1.1E1,1E1,NaN,5.178E3,6.418E3,NaN,5.178E3,1E1,NaN,4.4613963E-1,5.06E3,-4.51322E2,-3.464869E-2,1.2E1,1.98E3,3.4477517E-1,3.9E1,NaN,1.3E1,3.3E1,3.103E3,5.455E3,1.5831E4,NaN,2.3093164E-1,7E0,NaN,2.444E3,-1.14066325E-1,7.298E3,1.5E1,1.848E3,-4.3636727E-1,5E1,-7.764624E-1,3.137E3,4.1634277E-1,-2.913488E-1,5.178E3,-2.9772357E2,1.0676728E-1,4.1E1,-5.986591E-1,-2.1123447E-1,1.574978E-1,-5.8583575E-1,-1.5489077E-2,-5.3947535E0,-6.0776114E-1,2.997458E-1,-1.5489077E-2,-2.3185243E-1,1.51073E-1,3.8482276E-1,3.831733E-2,-2.8876638E-1,2.83982E-1,-6.4756554E-1,-5.6120557E-1,3.824716E-1,-4.703715E0,-4.459001E-2],"split_indices":[8,0,0,7,1,1,8,1,0,7,0,1,0,0,0,2,0,3,7,3,3,1,1,1,8,0,0,4,2,0,1,0,2,0,3,0,1,0,0,1,0,0,3,0,0,0,0,0,0,0,0,0,0,0,0,0,0,0,0,0,0,0,0],"split_type":[1,0,0,1,0,0,1,0,0,1,0,0,0,0,0,0,0,0,1,0,0,0,0,0,1,0,0,1,0,0,0,0,0,0,0,0,0,0,0,0,0,0,0,0,0,0,0,0,0,0,0,0,0,0,0,0,0,0,0,0,0,0,0],"sum_hessian":[5.6704043E3,2.6061912E3,3.0642134E3,2.5032595E3,1.02931625E2,9.705653E1,2.9671567E3,2.4374585E3,6.580104E1,9.0476425E1,1.2455196E1,9.5881516E1,1.1750185E0,1.329181E3,1.6379758E3,2.4327583E3,4.700074E0,3.243051E1,3.3370525E1,8.060627E1,9.870155E0,8.83614E1,7.5201187E0,1.012866E2,1.5366892E3,2.1150334E0,2.4306433E3,3.0080475E1,2.350037E0,2.0445322E1,1.2925204E1,1.5980252E1,6.462602E1,5.4050856E0,4.4650707E0,4.2770676E1,4.559072E1,6.3451004E0,1.1750185E0,9.987658E1,1.4100223E0,7.7668726E2,7.60002E2,3.0550482E0,2.4275884E3,1.4100223E0,2.8670452E1,1.1750185E0,1.1750185E0,1.1280178E1,1.645026E0,1.1750185E0,1.4805234E1,5.757591E1,7.0501113E0,2.1150334E0,2.350037E0,4.4650707E0,4.112565E1,5.381585E1,4.6060726E1,8.436633E1,6.756357E2],"tree_param":{"num_deleted":"0","num_feature":"10","num_nodes":"63","size_leaf_vector":"0"}}]},"name":"gbtree"},"learner_model_param":{"base_score":"5E-1","num_class":"0","num_feature":"10","num_target":"1"},"objective":{"name":"reg:squarederror","reg_loss_param":{"scale_pos_weight":"1"}}},"version":[1,6,2]}