{"learner":{"attributes":{"best_ntree_limit":"6"},"feature_names":[],"feature_types":["q","q","q","q","q","c","c","c","c","c","c","c","c"],"gradient_booster":{"model":{"gbtree_model_param":{"num_parallel_tree":"1","num_trees":"6","size_leaf_vector":"0"},"tree_info":[0,0,0,0,0,0],"trees":[{"base_weights":[-1.5892135E0,-6.822351E-1,-2.3495955E0,-7.2627324E-1,3.59981E-1,-1.537869E2,-1.1952862E0,-6.9304943E-1,-1.8485541E0,1.9325228E-1,4.4613963E-1,-4.1039566E2,1.4401802E0,-1.416372E-1,-2.1277578E0,-6.964133E-1,3.754502E-1,-8.94203E0,-1.1812568E0,3.5569182E-1,-7.752118E-1,-1.5489077E-2,4.584551E-1,-4.6114136E1,-1.1772009E0,-4.9826232E-1,-6.92608E-1,-7.187842E0,-2.0154153E-1,-1.3000363E-1,-1.71381E0,-7.204566E-1,6.436426E-1,-8.4306824E-1,-3.596039E-1,-1.7386845E0,-1.7325539E2,-1.664787E-1,-2.0967205E0,-2.0907053E-1,2.4200415E-2,-3.469113E-1,2.997458E-1,-2.8109893E-1,-3.0435116E0,-1.5590289E-1,-4.0560654E-1,2.1658862E-1,-4.2425234E-2,7.884836E-2,-2.6092234E-1,-3.1969625E-1,-7.311242E-1,-2.9883728E0,-8.164221E-2],"categories":[1,2,3,4,4,5,6,7,8,11,13,1,2,3,4,0,1,2,4,5,6,7,11,0,1,2,3,4,5,6,7,8,11,13,1,2,3,4,0,1,2,3,4,5,6,7,9,7],"categories_nodes":[0,3,6,9,18,24,31,32],"categories_segments":[0,4,11,15,23,34,38,47],"categories_sizes":[4,7,4,8,11,4,9,1],"default_left":[0,1,1,0,1,1,0,1,1,0,0,0,0,0,1,0,0,1,0,1,1,0,0,0,0,0,1,0,0,0,0,0,0,0,0,0,0,0,1,0,0,0,0,0,0,0,0,0,0,0,0,0,0,0,0],"id":0,"left_children":[1,3,5,7,9,11,13,15,17,19,-1,-1,21,-1,23,25,-1,27,29,31,33,-1,-1,35,37,-1,39,-1,41,-1,43,45,47,-1,49,51,-1,-1,53,-1,-1,-1,-1,-1,-1,-1,-1,-1,-1,-1,-1,-1,-1,-1,-1],"loss_changes":[3.9095195E3,1.1902905E2,5.3900094E5,9.130505E1,1.9553463E1,4.3982515E6,2.0638955E3,1.665747E1,3.2454755E2,1.4925311E1,0E0,0E0,2.9251862E0,0E0,5.5857426E4,7.6936035E0,0E0,7.7420825E2,2.5489944E1,2.5387573E1,1.0568173E1,0E0,0E0,6.654131E5,7.4839026E2,0E0,8.031616E0,0E0,6.6125994E0,0E0,2.4023012E2,1.5101814E0,4.0359993E0,0E0,4.202482E0,1.0134193E1,0E0,0E0,7.578796E3,0E0,0E0,0E0,0E0,0E0,0E0,0E0,0E0,0E0,0E0,0E0,0E0,0E0,0E0,0E0,0E0],"parents":[2147483647,0,0,1,1,2,2,3,3,4,4,5,5,6,6,7,7,8,8,9,9,12,12,14,14,15,15,17,17,18,18,19,19,20,20,23,23,24,24,26,26,28,28,30,30,31,31,32,32,34,34,35,35,38,38],"right_children":[2,4,6,8,10,12,14,16,18,20,-1,-1,22,-1,24,26,-1,28,30,32,34,-1,-1,36,38,-1,40,-1,42,-1,44,46,48,-1,50,52,-1,-1,54,-1,-1,-1,-1,-1,-1,-1,-1,-1,-1,-1,-1,-1,-1,-1,-1],"split_conditions":[NaN,1.1E1,3.5E1,NaN,5.178E3,8.614E3,NaN,5.178E3,3.9E1,NaN,4.4613963E-1,-4.1039566E2,3.6E1,-1.416372E-1,4.8E1,3.2E1,3.754502E-1,3.908E3,NaN,2.6E1,3.8E1,-1.5489077E-2,4.584551E-1,1.735E3,NaN,-4.9826232E-1,1E1,-7.187842E0,4.65E3,-1.3000363E-1,4.8E1,NaN,NaN,-8.4306824E-1,4.3E1,1.573E3,-1.7325539E2,-1.664787E-1,1.1E1,-2.0907053E-1,2.4200415E-2,-3.469113E-1,2.997458E-1,-2.8109893E-1,-3.0435116E0,-1.5590289E-1,-4.0560654E-1,2.1658862E-1,-4.2425234E-2,7.884836E-2,-2.6092234E-1,-3.1969625E-1,-7.311242E-1,-2.9883728E0,-8.164221E-2],"split_indices":[9,1,0,8,2,2,9,2,0,8,0,0,4,0,0,0,0,2,8,0,0,0,0,3,9,0,1,0,2,0,0,6,6,0,0,3,0,0,1,0,0,0,0,0,0,0,0,0,0,0,0,0,0,0,0],"split_type":[1,0,0,1,0,0,1,0,0,1,0,0,0,0,0,0,0,0,1,0,0,0,0,0,1,0,0,0,0,0,0,1,1,0,0,0,0,0,0,0,0,0,0,0,0,0,0,0,0,0,0,0,0,0,0],"sum_hessian":[5.6701694E3,2.5866858E3,3.0834836E3,2.4821091E3,1.0457665E2,2.2325352E1,3.0611582E3,2.412313E3,6.9796104E1,9.212145E1,1.2455196E1,1.645026E0,2.0680326E1,1.7249272E3,1.3362311E3,2.408788E3,3.5250556E0,4.9350777E0,6.486102E1,7.943125E1,1.2690201E1,1.1750185E0,1.9505308E1,2.726043E1,1.3089707E3,7.755122E0,2.401033E3,1.1750185E0,3.7600594E0,2.7730438E1,3.7130585E1,1.645026E1,6.2980995E1,1.1750185E0,1.1515182E1,2.6085411E1,1.1750185E0,7.816223E2,5.273483E2,2.3878728E3,1.3160208E1,2.1150334E0,1.645026E0,3.5015553E1,2.1150334E0,1.3865219E1,2.5850408E0,5.7340904E1,5.640089E0,5.4050856E0,6.1100965E0,1.45702305E1,1.1515182E1,9.846655E1,4.2888177E2],"tree_param":{"num_deleted":"0","num_feature":"13","num_nodes":"55","size_leaf_vector":"0"}},{"base_weights":[4.2810364E0,1.7523565E1,7.595304E-1,5.0393616E1,3.320029E0,2.7298691E0,-1.5017925E-1,-3.9946988E2,1.9060858E1,1.3919033E0,2.9874533E-1,4.3107554E-1,-1.219576E0,5.0146336E1,3.6109767E0,-4.7673153E1,2.3028684E0,4.6056864E-1,-5.042879E-1,-2.2363537E1,-3.806625E-1,1.6475636E1,-2.3569589E2,-3.2931595E1,2.1353273E0,1.2614899E0,2.0346639E-1,4.6779057E-1,-2.3875868E-1,-4.409753E-1,-1.2636158E-1,-7.003933E-1,1.594597E0,5.0083775E1,9.4225556E-1,9.359445E-1,-4.622885E0,1.373532E-1,2.820884E-1,1.3203323E-1,-2.2617805E-1,-5.4167356E-2,-4.5219997E-1,4.0980282E-1,1.0532936E0],"categories":[0,1,2,3,4,5,0,1,2,3,4,5,6,7,8,9,10,12,13,14,0,1,2,3,4,5,1,2,3,4,0,1,2,3,4,5,0,1,2,3,4,5,0,1,2,3,4,5,6,7,8,9,10,11,12,13,14,15,16,17,18,19,20,21,22,23,24,25,26,27,28,29,30,31,32,33,34,35,0,1,2,3,4,5,0,1,2,3,4,5,6,7,8,1,2,3,4,0,1,2,3,4,5,6,7],"categories_nodes":[1,2,5,6,8,16,17,21,30,31,32],"categories_segments":[0,6,20,26,30,36,42,78,84,93,97],"categories_sizes":[6,14,6,4,6,6,36,6,9,4,8],"default_left":[0,0,0,0,1,0,0,0,0,0,1,1,1,0,0,1,0,0,0,0,1,0,0,0,0,0,0,1,0,0,0,0,0,0,0,0,0,0,0,0,0,0,0,0,0],"id":1,"left_children":[1,3,5,-1,7,9,11,-1,13,-1,15,17,19,-1,21,23,25,27,29,-1,31,33,-1,-1,-1,-1,35,37,-1,-1,39,41,43,-1,-1,-1,-1,-1,-1,-1,-1,-1,-1,-1,-1],"loss_changes":[4.3759906E4,4.207144E5,1.3313453E3,0E0,3.8317075E6,1.087819E3,3.1687683E2,0E0,4.112941E5,0E0,1.0135266E4,9.348591E0,1.10119E4,0E0,1.678526E6,1.5166267E4,4.0266608E2,3.2839355E0,3.6747932E0,0E0,1.1381808E2,3.2530322E5,0E0,0E0,0E0,0E0,2.2830635E3,1.0719223E0,0E0,0E0,3.423595E0,6.444666E1,6.228424E0,0E0,0E0,0E0,0E0,0E0,0E0,0E0,0E0,0E0,0E0,0E0,0E0],"parents":[2147483647,0,0,1,1,2,2,4,4,5,5,6,6,8,8,10,10,11,11,12,12,14,14,15,15,16,16,17,17,18,18,20,20,21,21,26,26,27,27,30,30,31,31,32,32],"right_children":[2,4,6,-1,8,10,12,-1,14,-1,16,18,20,-1,22,24,26,28,30,-1,32,34,-1,-1,-1,-1,36,38,-1,-1,40,42,44,-1,-1,-1,-1,-1,-1,-1,-1,-1,-1,-1,-1],"split_conditions":[4.8E1,NaN,NaN,5.0393616E1,2.5E1,NaN,NaN,-3.9946988E2,NaN,1.3919033E0,5.6E1,5.5E1,5.8E1,5.0146336E1,5.2E1,1.4344E4,NaN,NaN,5.6E1,-2.2363537E1,5.178E3,NaN,-2.3569589E2,-3.2931595E1,2.1353273E0,1.2614899E0,6E1,5.1E1,-2.3875868E-1,-4.409753E-1,NaN,NaN,NaN,5.0083775E1,9.4225556E-1,9.359445E-1,-4.622885E0,1.373532E-1,2.820884E-1,1.3203323E-1,-2.2617805E-1,-5.4167356E-2,-4.5219997E-1,4.0980282E-1,1.0532936E0],"split_indices":[0,9,6,0,4,9,9,0,9,0,0,0,0,0,4,2,9,12,0,0,2,9,0,0,0,0,0,0,0,0,8,9,6,0,0,0,0,0,0,0,0,0,0,0,0],"split_type":[0,1,1,0,0,1,1,0,1,0,0,0,0,0,0,0,1,1,0,0,0,1,0,0,0,0,0,0,0,0,1,1,1,0,0,0,0,0,0,0,0,0,0,0,0],"sum_hessian":[9.3766156E2,1.961329E2,7.415287E2,1.5984615E1,1.8014828E2,2.3359178E2,5.079369E2,1.1252981E0,1.79023E2,1.3031348E2,1.032783E2,3.2946042E2,1.7847646E2,1.5984615E1,1.6303838E2,3.2278156E0,1.0005048E2,3.198818E2,9.578634E0,1.0250206E0,1.7745143E2,1.6138696E2,1.6514118E0,1.0426399E0,2.185176E0,5.1965668E1,4.8084816E1,3.1867773E2,1.2040721E0,1.881594E0,7.6970406E0,1.5328496E2,2.4166475E1,1.2200167E1,1.491868E2,4.1190983E1,6.893833E0,3.1403598E2,4.641754E0,4.202422E0,3.494619E0,9.3971634E1,5.9313328E1,2.3121346E1,1.0451281E0],"tree_param":{"num_deleted":"0","num_feature":"13","num_nodes":"45","size_leaf_vector":"0"}},{"base_weights":[1.2457419E1,3.3887005E1,1.2713956E0,7.701373E1,6.2465215E0,6.952817E-1,-2.382348E-1,-5.4718115E2,3.700067E1,2.5235267E0,-4.2985905E1,7.491073E1,6.868875E0,1.0696051E0,8.699132E0,3.392932E1,-3.6336157E2,6.760473E-1,-3.9725235E-1,3.711752E-1,1.855032E1,8.267041E1,1.8519425E0,-1.3478068E0,5.0912493E-1,2.1813828E-2,7.874185E-1],"categories":[0,1,2,3,4,5,0,1,2,3,4,5,0,1,2,3,4,5,0,1,2,3,4,5,0,1,2,3,4,5],"categories_nodes":[1,2,8,13,15],"categories_segments":[0,6,12,18,24],"categories_sizes":[6,6,6,6,6],"default_left":[0,0,0,0,1,0,0,0,0,0,0,0,0,0,0,0,0,0,1,1,0,0,0,0,0,0,0],"id":2,"left_children":[1,3,5,-1,7,-1,9,-1,11,13,-1,-1,15,17,19,21,-1,-1,23,25,-1,-1,-1,-1,-1,-1,-1],