{"learner":{"attributes":{"best_ntree_limit":"1"},"feature_names":[],"feature_types":["q","c","c"],"gradient_booster":{"model":{"gbtree_model_param":{"num_parallel_tree":"1","num_trees":"1","size_leaf_vector":"0"},"tree_info":[0],"trees":[{"base_weights":[-1.5893013E0,-2.4129765E0,-1.2502311E0,-2.5659835E0,-2.1273458E0,-5.8998877E-1,-9.491815E-1,-7.859032E-1,-7.242411E-1,-6.794195E-1,-1.9835731E0,-1.2997426E0,8.602024E0,-6.587964E-1,-1.8696806E0,-5.814478E-1,-1.0268884E0,1.8387089E1,-1.7458705E0,-6.025131E-1,-1.3875352E0,-1.4444919E0,7.600385E0,-6.962625E-1,-1.4616656E0,-2.9523382E-1,-6.6043633E-1,-5.862545E-1,-3.6739743E-1,2.4745567E0,-4.9422643E-1,3.5987508E-1,-5.2489936E-1],"categories":[1,1,1,1,2,1,3],"categories_nodes":[2,10,11,18,20,21,22],"categories_segments":[0,1,2,3,4,5,6],"categories_sizes":[1,1,1,1,1,1,1],"default_left":[0,0,0,0,0,0,0,0,0,0,0,0,1,0,0,0,0,0,0,0,0,0,0,0,1,0,0,0,0,0,0,0,0],"id":0,"left_children":[1,3,5,7,9,-1,11,-1,-1,-1,13,15,17,-1,19,-1,21,-1,23,-1,25,27,29,-1,31,-1,-1,-1,-1,-1,-1,-1,-1],"loss_changes":[1.5809805E3,6.677539E1,8.6508887E2,2.411621E0,7.0114746E0,0E0,9.494597E3,0E0,0E0,0E0,2.973877E0,4.7406934E2,5.484993E4,0E0,1.0402222E1,0E0,6.9166074E3,0E0,1.0481354E1,0E0,1.3363228E1,2.0255127E2,5.4498096E2,0E0,4.7714058E1,0E0,0E0,0E0,0E0,0E0,0E0,0E0,0E0],"parents":[2147483647,0,0,1,1,2,2,3,3,4,4,6,6,10,10,11,11,12,12,14,14,16,16,18,18,20,20,21,21,22,22,24,24],"right_children":[2,4,6,8,10,-1,12,-1,-1,-1,14,16,18,-1,20,-1,22,-1,24,-1,26,28,30,-1,32,-1,-1,-1,-1,-1,-1,-1,-1],"split_conditions":[3E1,2.6E1,NaN,2.4E1,2.8E1,-5.8998877E-1,4.9E1,-7.859032E-1,-7.242411E-1,-6.794195E-1,NaN,NaN,7E1,-6.587964E-1,2.9E1,-5.814478E-1,4.2E1,1.8387089E1,NaN,-6.025131E-1,NaN,NaN,NaN,-6.962625E-1,7.3E1,-2.9523382E-1,-6.6043633E-1,-5.862545E-1,-3.6739743E-1,2.4745567E0,-4.9422643E-1,3.5987508E-1,-5.2489936E-1],"split_indices":[0,0,2,0,0,0,0,0,0,0,2,2,0,0,0,0,0,0,2,0,1,2,1,0,0,0,0,0,0,0,0,0,0],"split_type":[0,0,1,0,0,0,0,0,0,0,1,1,0,0,0,0,0,0,1,0,1,1,1,0,0,0,0,0,0,0,0,0,0],"sum_hessian":[5.6706396E3,1.6518411E3,4.0187983E3,1.0704419E3,5.813992E2,1.1874738E3,2.8313247E3,7.788023E2,2.9163962E2,2.8975958E2,2.9163962E2,2.7319182E3,9.940657E1,9.541151E1,1.962281E2,8.161679E2,1.9157502E3,1.5510244E1,8.3896324E1,1.4993237E2,4.629573E1,1.8280939E3,8.765639E1,2.5380402E1,5.8515923E1,3.243051E1,1.3865219E1,5.4849866E2,1.2795952E3,8.20163E1,5.640089E0,5.4050856E0,5.311084E1],"tree_param":{"num_deleted":"0","num_feature":"3","num_nodes":"33","size_leaf_vector":"0"}}]},"name":"gbtree"},"learner_model_param":{"base_score":"5E-1","num_class":"0","num_feature":"3","num_target":"1"},"objective":{"name":"reg:squarederror","reg_loss_param":{"scale_pos_weight":"1"}}},"version":[1,6,2]}