{"learner":{"attributes":{"best_ntree_limit":"10"},"feature_names":[],"feature_types":["q","q","q","q","c","c","c","c","c","c"],"gradient_booster":{"model":{"gbtree_model_param":{"num_parallel_tree":"1","num_trees":"5","size_leaf_vector":"0"},"tree_info":[0,0,0,0,0],"trees":[{"base_weights":[-1.5735685E0,-6.888349E-1,-2.3276694E0,-7.268945E-1,5.2144873E-1,-3.5245964E1,-1.2462105E0,-6.982554E-1,-1.6467646E0,3.506499E-1,4.3793082E-1,-1.8814737E0,-3.7009805E2,-2.7330095E-2,-2.1706443E0,-7.0311725E-1,3.6112842E-1,-3.0790808E0,-8.4319836E-1,4.7578657E-1,-5.142239E-1,-2.1085784E0,4.083673E-1,-1.9557064E1,-7.1804726E-1,2.869613E-1,-7.055748E-1,-1.7287378E0,-8.655748E0,-9.8907226E-1,3.5318604E-1,6.0558575E-1,-1.3572058E-1,8.3056584E-2,-9.870838E-1,-7.688525E-1,-1.6462867E0,-1.9482794E2,-1.190633E0,1.2045684E-1,-1.8505927E0,-5.353585E-1,-2.1102017E-1,-1.1455967E-1,-5.698586E-1,-5.7837124E0,2.6195312E-1,-2.0852515E-1,-4.009224E-1,1.2096082E-1,2.9921472E-1,-3.6602058E-2,1.2178288E-1,-4.9114275E-1,-7.037484E-2,3.568636E-1,-6.1211944E-1,-7.150233E-1,-3.213114E2,-1.7670119E-1,-6.638345E-1,-4.2784557E0,-2.4850307E-2],"categories":[1,2,3,4,4,5,6,7,8,11,1,2,3,4,0,1,2,4,5,6,7,8,10,11,1,2,3,4,2,4,0,1,2,3,4,5,6,7,11,1,2,3,4],"categories_nodes":[0,3,6,9,24,27,29,38],"categories_segments":[0,4,10,14,24,28,30,39],"categories_sizes":[4,6,4,10,4,2,9,4],"default_left":[0,1,1,0,1,0,0,1,1,0,0,0,0,0,1,0,0,0,1,0,0,0,0,1,0,0,0,0,1,0,0,0,0,0,1,0,0,0,0,0,1,0,0,0,0,0,0,0,0,0,0,0,0,0,0,0,0,0,0,0,0,0,0],"id":0,"left_children":[1,3,5,7,9,11,13,15,17,19,-1,21,-1,-1,23,25,-1,27,29,31,33,35,-1,37,39,-1,41,43,45,47,-1,49,-1,51,53,-1,55,57,59,-1,61,-1,-1,-1,-1,-1,-1,-1,-1,-1,-1,-1,-1,-1,-1,-1,-1,-1,-1,-1,-1,-1,-1],"loss_changes":[3.8202256E3,1.2186023E2,1.1003267E5,6.622034E1,1.2467632E1,3.9287548E6,3.1976567E3,2.379663E1,8.5427505E1,7.8024626E0,0E0,7.404907E1,0E0,0E0,4.199654E4,1.077417E1,0E0,1.891778E2,1.6010155E1,7.686408E0,2.710667E0,1.4832123E1,0E0,4.125263E5,1.9485944E3,0E0,4.5462646E0,4.582405E0,5.265212E2,3.9236183E0,0E0,3.9117584E0,0E0,3.8290703E-1,2.1950378E0,0E0,5.580388E1,2.0471511E6,7.0686905E1,0E0,1.6757426E4,0E0,0E0,0E0,0E0,0E0,0E0,0E0,0E0,0E0,0E0,0E0,0E0,0E0,0E0,0E0,0E0,0E0,0E0,0E0,0E0,0E0,0E0],"parents":[2147483647,0,0,1,1,2,2,3,3,4,4,5,5,6,6,7,7,8,8,9,9,11,11,14,14,15,15,17,17,18,18,19,19,20,20,21,21,23,23,24,24,26,26,27,27,28,28,29,29,31,31,33,33,34,34,36,36,37,37,38,38,40,40],"right_children":[2,4,6,8,10,12,14,16,18,20,-1,22,-1,-1,24,26,-1,28,30,32,34,36,-1,38,40,-1,42,44,46,48,-1,50,-1,52,54,-1,56,58,60,-1,62,-1,-1,-1,-1,-1,-1,-1,-1,-1,-1,-1,-1,-1,-1,-1,-1,-1,-1,-1,-1,-1,-1],"split_conditions":[NaN,1.3E1,1E1,NaN,5.178E3,5.455E3,NaN,5.178E3,1E1,NaN,4.3793082E-1,5.06E3,-3.7009805E2,-2.7330095E-2,1.2E1,1.98E3,3.6112842E-1,3.5E1,7.298E3,7.2E1,3.6E1,3.103E3,4.083673E-1,5.6E1,NaN,2.869613E-1,7E0,NaN,5.178E3,NaN,3.5318604E-1,4.4E1,-1.3572058E-1,3.3E1,4.2E1,-7.688525E-1,3.137E3,2.354E3,NaN,1.2045684E-1,4.1E1,-5.353585E-1,-2.1102017E-1,-1.1455967E-1,-5.698586E-1,-5.7837124E0,2.6195312E-1,-2.0852515E-1,-4.009224E-1,1.2096082E-1,2.9921472E-1,-3.6602058E-2,1.2178288E-1,-4.9114275E-1,-7.037484E-2,3.568636E-1,-6.1211944E-1,-7.150233E-1,-3.213114E2,-1.7670119E-1,-6.638345E-1,-4.2784557E0,-2.4850307E-2],"split_indices":[8,0,0,7,1,1,8,1,0,7,0,1,0,0,0,2,0,3,1,3,3,1,0,3,8,0,0,4,1,7,0,3,0,3,3,0,1,1,8,0,3,0,0,0,0,0,0,0,0,0,0,0,0,0,0,0,0,0,0,0,0,0,0],"split_type":[1,0,0,1,0,0,1,0,0,1,0,0,0,0,0,0,0,0,0,0,0,0,0,0,1,0,0,1,0,1,0,0,0,0,0,0,0,0,1,0,0,0,0,0,0,0,0,0,0,0,0,0,0,0,0,0,0,0,0,0,0,0,0],"sum_hessian":[5.7273457E3,2.636288E3,3.0910579E3,2.5562998E3,7.998821E1,9.731503E1,2.9937427E3,2.4808213E3,7.547849E1,6.883259E1,1.1155626E1,9.565356E1,1.6614761E0,1.3313171E3,1.6624257E3,2.4751248E3,5.69649E0,2.6108912E1,4.936958E1,6.0525204E1,8.307381E0,8.971971E1,5.9338436E0,1.272216E2,1.535204E3,3.0855987E0,2.4720393E3,2.2073898E1,4.0350137E0,4.652133E1,2.848245E0,5.340459E1,7.120612E0,4.0350137E0,4.2723675E0,4.296103E1,4.6758686E1,1.1155626E1,1.1606598E2,7.7234906E2,7.628549E2,3.3229523E0,2.4687163E3,2.848245E0,1.9225653E1,1.4241225E0,2.610891E0,2.6820972E1,1.9700361E1,3.6552475E1,1.6852116E1,2.848245E0,1.1867688E0,1.6614761E0,2.610891E0,5.459136E0,4.1299553E1,9.968857E0,1.1867688E0,7.405437E1,4.2011612E1,9.422944E1,6.686255E2],"tree_param":{"num_deleted":"0","num_feature":"10","num_nodes":"63","size_leaf_vector":"0"}},{"base_weights":[2.8042185E0,7.4321275E0,1.0232888E0,8.580511E0,1.3857527E0,2.0080488E1,4.4275334E-1,-1.20413216E2,9.833273E0,-8.197633E-1,1.045825E2,1.255295E0,-9.683528E-1,-4.8919848E-1,-2.847474E2,9.439239E0,2.0902495E0,-1.0549717E0,2.8142127E-1,6.1812557E1,1.7440435E1,2.5904626E-1,1.3244754E0,-4.8601273E1,-1.3327149E-1,-1.9386067E2,9.858572E0,8.673825E-2,-1.1642891E0,-4.090776E1,5.151585E1,4.9541974E-1,-9.7332686E-1,3.978312E-1,9.3375534E-2,6.0878186E0,-3.293395E1,3.7839425E-1,-1.3245188E0,-2.1323405E2,3.9578192E0,7.7898E1,5.9697396E-1,-5.304647E-1,-2.5692773E-1,-1.3595872E-1,1.9842073E-1,2.1298409E-1,-4.3820307E-1,-3.147961E-1,3.3798554E0,1.344533E-1,-2.5530523E-1,-3.5276988E0,1.297655E-1],"categories":[0,1,2,3,4,5,0,1,2,3,4,5,6,7,8,9,10,12,13,14,15,1,2,3,4,0,1,2,3,4,5,0,1,2,3,4,5,0,1,3,4,5,6,7,8,9,11,12,13,0,1,2,3,4,5,6,7,11,13,0,1,2,4,5,6,7,8,10,12,1,2,3,0,1,2,3,4,5,6,8,10,12,13,14,0,1,2,3,4,5,0,1,2,3,4,5,6,7,8,9,15],"categories_nodes":[1,2,6,8,10,16,17,21,24,25,26,37],"categories_segments":[0,6,21,25,31,37,49,59,69,72,84,90],"categories_sizes":[6,15,4,6,6,12,10,10,3,12,6,11],"default_left":[0,0,0,0,1,0,0,0,0,0,0,0,1,0,0,0,0,0,0,0,1,0,1,0,0,0,0,0,1,0,0,1,0,0,0,0,0,0,1,0,0,0,0,0,0,0,0,0,0,0,0,0,0,0,0],"id":1,"left_children":[1,3,5,-1,7,9,11,13,15,17,19,21,23,-1,-1,-1,25,27,-1,-1,29,31,33,35,37,39,41,-1,43,-1,-1,45,47,-1,-1,49,-1,51,53,-1,-1,-1,-1,-1,-1,-1,-1,-1,-1,-1,-1,-1,-1,-1,-1],"loss_changes":[9.870457E3,4.256988E4,9.578824E3,0E0,2.686817E5,4.5292227E4,9.6666144E2,1.6657911E6,4.0809184E4,9.884454E0,4.1350234E4,3.6513977E1,1.2254761E4,0E0,0E0,0E0,2.7710634E5,3.19376E0,0E0,0E0,1.14224875E5,1.09594145E1,4.119873E-1,1.8428484E4,1.8575787E2,7.5240425E5,3.4315778E5,0E0,1.8660717E0,0E0,0E0,5.1558313E0,6.0621643E0,0E0,0E0,1.5042467E2,0E0,1.8688967E1,1.6834836E3,0E0,0E0,0E0,0E0,0E0,0E0,0E0,0E0,0E0,0E0,0E0,0E0,0E0,0E0,0E0,0E0],"parents":[2147483647,0,0,1,1,2,2,4,4,5,5,6,6,7,7,8,8,9,9,10,10,11,11,12,12,16,16,17,17,20,20,21,21,22,22,23,23,24,24,25,25,26,26,28,28,31,31,32,32,35,35,37,37,38,38],"right_children":[2,4,6,-1,8,10,12,14,16,18,20,22,24,-1,-1,-1,26,28,-1,-1,30,32,34,36,38,40,42,-1,44,-1,-1,46,48,-1,-1,50,-1,52,54,-1,-1,-1,-1,-1,-1,-1,-1,-1,-1,-1,-1,-1,-1,-1,-1],"split_conditions":[4.1E1,NaN,NaN,8.580511E0,3.1E1,5.455E3,NaN,2.653E3,NaN,5.06E3,NaN,1.5E1,5.7E1,-4.8919848E-1,-2.847474E2,9.439239E0,NaN,NaN,2.8142127E-1,6.1812557E1,4.6E1,NaN,1.6E1,7E0,NaN,NaN,NaN,8.673825E-2,3.103E3,-4.090776E1,5.151585E1,5E0,7.896E3,3.978312E-1,9.3375534E-2,3.418E3,-3.293395E1,NaN,1.4E1,-2.1323405E2,3.9578192E0,7.7898E1,5.9697396E-1,-5.304647E-1,-2.5692773E-1,-1.3595872E-1,1.9842073E-1,2.1298409E-1,-4.3820307E-1,-3.147961E-1,3.3798554E0,1.344533E-1,-2.5530523E-1,-3.5276988E0,1.297655E-1],"split_indices":[3,8,5,0,3,1,8,1,8,1,8,0,3,0,0,0,7,7,0,0,3,7,0,0,8,5,8,0,1,0,0,0,1,0,0,1,0,5,0,0,0,0,0,0,0,0,0,0,0,0,0,0,0,0,0],"split_type":[0,1,1,0,0,0,1,0,1,0,1,0,0,0,0,0,1,1,0,0,0,1,0,0,1,1,1,0,0,0,0,0,0,0,0,0,0,1,0,0,0,0,0,0,0,0,0,0,0,0,0,0,0,0,0],"sum_hessian":[1.197506E3,3.3188895E2,8.65617E2,7.290466E1,2.5898428E2,2.45966E1,8.4102045E2,1.5937544E1,2.4304674E2,2.0513264E1,4.0833364E0,5.337738E2,3.0724664E2,1.4815965E1,1.1215792E0,6.326013E1,1.797866E2,1.8445053E1,2.0682094E0,1.2562501E0,2.8270862E0,3.4967033E1,4.9880673E2,4.3081975E0,3.0293845E2,5.942237E0,1.7384438E2,1.2636135E0,1.718144E1,1.4739095E0,1.3531767E0,2.9841354E1,5.125681E0,4.97698E2,1.1087582E0,2.7502072E0,1.5579904E0,2.1239339E2,9.054506E1,1.0036751E0,4.9385614E0,4.3316264E0,1.6951274E2,4.1996355E0,1.2981805E1,4.1862044E0,2.565515E1,1.0482715E0,4.0774093E0,1.4916663E0,1.2585407E0,2.0158646E2,1.0806922E1,1.2229138E1,7.8315926E1],