{"learner":{"attributes":{"best_ntree_limit":"1"},"feature_names":[],"feature_types":["q","q","q","q","q","c","c","c","c","c","c","c","c"],"gradient_booster":{"model":{"gbtree_model_param":{"num_parallel_tree":"1","num_trees":"1","size_leaf_vector":"0"},"tree_info":[0],"trees":[{"base_weights":[-1.5893013E0,-7.00896E-1,-2.3524828E0,-7.203613E-1,1.4549662E0,-4.378134E1,-1.260386E0,-6.839978E-1,-1.8048655E0,4.5996732E-1,1.0628278E-1,-3.7920502E2,-1.1142634E0,-3.332252E-2,-2.196149E0,-7.169671E-1,5.7684064E-1,-6.774052E0,-1.2355903E0,-9.013282E-2,-2.2255774E0,-3.2092377E1,-6.6212744E-1,3.272388E-1,-7.189722E-1,-3.469113E-1,6.5390784E-1,-7.600139E-1,-1.9893439E0,-1.0746377E1,-5.5602455E-1,-3.2994373E2,-2.20894E0,4.412727E-2,-1.857052E0,-4.1580155E-1,-2.1484761E-1,3.7036836E-2,2.3405917E-1,-1.760062E-1,-5.0100356E-1,-3.2294798E-1,-3.4431288E0,-5.246773E-1,-6.774052E0,-6.897872E-1,2.5824323E-2,-2.9660788E0,-5.305955E-1,-5.531665E1,-1.53708E-2],"categories":[1,2,3,4,2,4,5,6,7,8,10,11,13,1,2,3,4,1,2,3,4,4,6,7,8,13,5,1,2,3,4],"categories_nodes":[0,3,6,12,18,21,22],"categories_segments":[0,4,13,17,21,26,27],"categories_sizes":[4,9,4,4,5,1,4],"default_left":[0,1,1,0,0,1,0,1,1,0,0,0,0,0,1,0,0,0,0,0,1,0,0,0,0,0,0,1,0,0,0,0,1,0,1,0,0,0,0,0,0,0,0,0,0,0,0,0,0,0,0],"id":0,"left_children":[1,3,5,7,9,11,13,15,17,-1,-1,-1,19,-1,21,23,25,-1,27,-1,29,31,33,-1,35,-1,37,39,41,43,45,-1,47,-1,49,-1,-1,-1,-1,-1,-1,-1,-1,-1,-1,-1,-1,-1,-1,-1,-1],"loss_changes":[3.8438047E3,1.1108838E2,1.3795847E5,1.0127771E2,1.5065002E0,4.0760375E6,3.1972651E3,1.0503076E2,9.6226086E2,0E0,0E0,0E0,6.867356E1,0E0,7.51338E4,9.675781E0,9.396515E0,0E0,2.8078224E1,0E0,4.5288895E2,2.5489055E6,1.5085096E3,0E0,3.6069336E0,0E0,4.095335E0,7.258419E0,2.5886523E2,5.173753E2,3.1568497E1,0E0,2.4885257E2,0E0,2.0760752E5,0E0,0E0,0E0,0E0,0E0,0E0,0E0,0E0,0E0,0E0,0E0,0E0,0E0,0E0,0E0,0E0],"parents":[2147483647,0,0,1,1,2,2,3,3,4,4,5,5,6,6,7,7,8,8,12,12,14,14,15,15,16,16,18,18,20,20,21,21,22,22,24,24,26,26,27,27,28,28,29,29,30,30,32,32,34,34],"right_children":[2,4,6,8,10,12,14,16,18,-1,-1,-1,20,-1,22,24,26,-1,28,-1,30,32,34,-1,36,-1,38,40,42,44,46,-1,48,-1,50,-1,-1,-1,-1,-1,-1,-1,-1,-1,-1,-1,-1,-1,-1,-1,-1],"split_conditions":[NaN,5.178E3,1E1,NaN,6.1E1,1.602E3,NaN,1.1E1,3.7E1,4.5996732E-1,1.0628278E-1,-3.7920502E2,NaN,-3.332252E-2,3.7E1,1.98E3,2.5E1,-6.774052E0,NaN,-9.013282E-2,4.2E1,NaN,NaN,3.272388E-1,3.3E1,-3.469113E-1,3.2E1,5E1,4.6E1,1.9E1,1.755E3,-3.2994373E2,2.6E1,4.412727E-2,4.4E1,-4.1580155E-1,-2.1484761E-1,3.7036836E-2,2.3405917E-1,-1.760062E-1,-5.0100356E-1,-3.2294798E-1,-3.4431288E0,-5.246773E-1,-6.774052E0,-6.897872E-1,2.5824323E-2,-2.9660788E0,-5.305955E-1,-5.531665E1,-1.53708E-2],"split_indices":[9,2,1,8,0,3,9,1,0,0,0,0,9,0,0,3,0,0,8,0,4,5,9,0,0,0,0,0,0,4,3,0,0,0,4,0,0,0,0,0,0,0,0,0,0,0,0,0,0,0,0],"split_type":[1,0,0,1,0,0,1,0,0,0,0,0,1,0,0,0,0,0,1,0,0,1,1,0,0,0,0,0,0,0,0,0,0,0,0,0,0,0,0,0,0,0,0,0,0,0,0,0,0,0,0],"sum_hessian":[5.6706396E3,2.6212314E3,3.0494082E3,2.598436E3,2.279536E1,7.731622E1,2.9720918E3,2.5157146E3,8.2721306E1,2.091533E1,1.8800297E0,1.645026E0,7.5671196E1,1.3343511E3,1.6377408E3,2.4520288E3,6.3686005E1,1.1750185E0,8.154629E1,4.4415703E1,3.1255493E1,7.896124E1,1.5587797E3,2.1150334E0,2.4499136E3,2.1150334E0,6.1570972E1,5.123081E1,3.031548E1,4.230067E0,2.7025427E1,1.1750185E0,7.7786224E1,9.2990967E2,6.2886993E2,8.22513E0,2.4416885E3,1.2220193E1,4.935078E1,4.4415703E1,6.8151073E0,2.8670452E1,1.645026E0,3.0550482E0,1.1750185E0,6.580104E0,2.0445322E1,3.0550482E0,7.473118E1,5.1700816E0,6.236998E2],"tree_param":{"num_deleted":"0","num_feature":"13","num_nodes":"51","size_leaf_vector":"0"}}]},"name":"gbtree"},"learner_model_param":{"base_score":"5E-1","num_class":"0","num_feature":"13","num_target":"1"},"objective":{"name":"reg:squarederror","reg_loss_param":{"scale_pos_weight":"1"}}},"version":[1,6,2]}