{"learner":{"attributes":{"best_ntree_limit":"1"},"feature_names":[],"feature_types":["q","c","c"],"gradient_booster":{"model":{"gbtree_model_param":{"num_parallel_tree":"1","num_trees":"1","size_leaf_vector":"0"},"tree_info":[0],"trees":[{"base_weights":[-1.5893013E0,-2.412809E0,-1.2506399E0,-2.5648296E0,-2.1305265E0,-5.8733505E-1,-9.533466E-1,-7.846741E-1,-7.269973E-1,-6.866264E-1,-1.9700086E0,-1.2996266E0,8.414786E0,-6.488371E-1,-1.8656663E0,-5.7643354E-1,-1.0335984E0,1.1689596E2,-1.8077481E0,-6.027208E-1,-1.3535204E0,-1.4419868E0,7.591957E0,-7.3092216E-1,-1.496914E0,-2.715522E-1,-6.645489E-1,-5.847137E-1,-3.6724463E-1,2.4991355E0,-5.5627704E-1,2.6711568E-1,-5.501456E-1],"categories":[1,1,1,1,2,1,3],"categories_nodes":[2,10,11,18,20,21,22],"categories_segments":[0,1,2,3,4,5,6],"categories_sizes":[1,1,1,1,1,1,1],"default_left":[0,0,0,0,0,0,0,0,0,0,0,0,1,0,0,0,0,0,0,0,0,0,0,0,1,0,0,0,0,0,0,0,0],"id":0,"left_children":[1,3,5,7,9,-1,11,-1,-1,-1,13,15,17,-1,19,-1,21,-1,23,-1,25,27,29,-1,31,-1,-1,-1,-1,-1,-1,-1,-1],"loss_changes":[1.578748E3,6.5413086E1,8.434595E2,1.3354492E0,1.0324951E1,0E0,9.200512E3,0E0,0E0,0E0,1.9412842E0,4.5005762E2,3.9475875E5,0E0,1.1972839E1,0E0,6.7603643E3,0E0,1.578952E1,0E0,1.6084343E1,1.9977979E2,6.207959E2,0E0,5.7250473E1,0E0,0E0,0E0,0E0,0E0,0E0,0E0,0E0],"parents":[2147483647,0,0,1,1,2,2,3,3,4,4,6,6,10,10,11,11,12,12,14,14,16,16,18,18,20,20,21,21,22,22,24,24],"right_children":[2,4,6,8,10,-1,12,-1,-1,-1,14,16,18,-1,20,-1,22,-1,24,-1,26,28,30,-1,32,-1,-1,-1,-1,-1,-1,-1,-1],"split_conditions":[3E1,2.6E1,NaN,2.4E1,2.8E1,-5.8733505E-1,4.9E1,-7.846741E-1,-7.269973E-1,-6.866264E-1,NaN,NaN,6.9E1,-6.488371E-1,2.9E1,-5.7643354E-1,4.2E1,1.1689596E2,NaN,-6.027208E-1,NaN,NaN,NaN,-7.3092216E-1,7.2E1,-2.715522E-1,-6.645489E-1,-5.847137E-1,-3.6724463E-1,2.4991355E0,-5.5627704E-1,2.6711568E-1,-5.501456E-1],"split_indices":[0,0,2,0,0,0,0,0,0,0,2,2,0,0,0,0,0,0,2,0,1,2,1,0,0,0,0,0,0,0,0,0,0],"split_type":[0,0,1,0,0,0,0,0,0,0,1,1,0,0,0,0,0,0,1,0,1,1,1,0,0,0,0,0,0,0,0,0,0],"sum_hessian":[5.6706396E3,1.650666E3,4.0199734E3,1.0676218E3,5.830442E2,1.1881787E3,2.8317947E3,7.729272E2,2.9469464E2,2.8693954E2,2.9610468E2,2.731683E3,1.0011158E2,9.705653E1,1.9904814E2,8.166379E2,1.9150453E3,1.645026E0,9.846655E1,1.5322241E2,4.582572E1,1.8292689E3,8.577635E1,3.031548E1,6.815108E1,3.1490498E1,1.4335226E1,5.4732367E2,1.2819452E3,7.966626E1,6.1100965E0,8.22513E0,5.9925945E1],"tree_param":{"num_deleted":"0","num_feature":"3","num_nodes":"33","size_leaf_vector":"0"}}]},"name":"gbtree"},"learner_model_param":{"base_score":"5E-1","num_class":"0","num_feature":"3","num_target":"1"},"objective":{"name":"reg:squarederror","reg_loss_param":{"scale_pos_weight":"1"}}},"version":[1,6,2]}