{"learner":{"attributes":{"best_ntree_limit":"1"},"feature_names":[],"feature_types":["q","q","q","q","c","c","c","c","c","c"],"gradient_booster":{"model":{"gbtree_model_param":{"num_parallel_tree":"1","num_trees":"1","size_leaf_vector":"0"},"tree_info":[0],"trees":[{"base_weights":[-1.5893013E0,-7.00896E-1,-2.3524828E0,-7.203613E-1,1.4549662E0,-4.378134E1,-1.260386E0,-6.839978E-1,-1.8048655E0,4.4739035E-1,1.2244079E-1,-3.7920502E2,-1.1142634E0,-3.332252E-2,-2.196149E0,-7.169671E-1,5.7684064E-1,-3.6720839E0,-1.045977E0,-9.013282E-2,-2.2255774E0,-2.2420906E1,-7.2647697E-1,3.272388E-1,-7.189722E-1,4.5414147E-1,3.9264473E-1,-5.808543E0,-2.0011308E0,-8.227346E-1,-1.7403885E0,-1.0746377E1,-5.5602455E-1,-2.2637982E2,-1.2649307E0,1.1465168E-1,-1.8754478E0,-5.187108E-1,-2.1524724E-1,8.9818135E-2,2.3418458E-1,-6.5814435E-1,1.574978E-1,-3.8063505E-1,-1.9997297E-1,-3.3230028E-1,-1.3947877E0,-5.246773E-1,-6.774052E0,-6.897872E-1,2.5824323E-2,-1.9745122E-1,-6.793139E-1,-4.854778E0,-3.0780308E-2],"categories":[1,2,3,4,2,4,5,6,7,8,10,11,13,0,1,2,4,5,6,1,2,3,4,1,2,3,4,7,2,6,7,1,2,3,4,1,2,3,4],"categories_nodes":[0,3,4,6,12,17,18,22,34],"categories_segments":[0,4,13,19,23,27,28,31,35],"categories_sizes":[4,9,6,4,4,1,3,4,4],"default_left":[0,1,1,0,0,1,0,1,1,0,0,0,0,0,1,0,1,0,0,0,1,1,0,0,0,0,0,0,1,0,0,0,0,0,0,0,1,0,0,0,0,0,0,0,0,0,0,0,0,0,0,0,0,0,0],"id":0,"left_children":[1,3,5,7,9,11,13,15,17,-1,-1,-1,19,-1,21,23,25,27,29,-1,31,33,35,-1,37,39,-1,-1,41,43,45,47,49,-1,51,-1,53,-1,-1,-1,-1,-1,-1,-1,-1,-1,-1,-1,-1,-1,-1,-1,-1,-1,-1],"loss_changes":[3.8438047E3,1.1108838E2,1.3795847E5,1.0127771E2,2.9644012E-1,4.0760375E6,3.1972651E3,1.0503076E2,1.1479306E2,0E0,0E0,0E0,6.867356E1,0E0,4.8693254E4,9.675781E0,5.2152367E0,5.850926E2,8.012993E0,0E0,4.5288895E2,1.718147E6,1.9480586E3,0E0,2.4267578E0,2.642497E0,0E0,0E0,1.2162033E1,2.4977074E0,2.0479801E1,5.173753E2,3.1568497E1,0E0,6.4529205E1,0E0,1.9044367E4,0E0,0E0,0E0,0E0,0E0,0E0,0E0,0E0,0E0,0E0,0E0,0E0,0E0,0E0,0E0,0E0,0E0,0E0],"parents":[2147483647,0,0,1,1,2,2,3,3,4,4,5,5,6,6,7,7,8,8,12,12,14,14,15,15,16,16,17,17,18,18,20,20,21,21,22,22,24,24,25,25,28,28,29,29,30,30,31,31,32,32,34,34,36,36],"right_children":[2,4,6,8,10,12,14,16,18,-1,-1,-1,20,-1,22,24,26,28,30,-1,32,34,36,-1,38,40,-1,-1,42,44,46,48,50,-1,52,-1,54,-1,-1,-1,-1,-1,-1,-1,-1,-1,-1,-1,-1,-1,-1,-1,-1,-1,-1],"split_conditions":[NaN,5.178E3,1E1,NaN,NaN,1.602E3,NaN,1.1E1,1E1,4.4739035E-1,1.2244079E-1,-3.7920502E2,NaN,-3.332252E-2,1.2E1,1.98E3,1.848E3,NaN,NaN,-9.013282E-2,4.2E1,6E1,NaN,3.272388E-1,7E0,4.3E1,3.9264473E-1,-5.808543E0,1.887E3,4.1E1,3.1E1,1.9E1,1.755E3,-2.2637982E2,NaN,1.1465168E-1,4.1E1,-5.187108E-1,-2.1524724E-1,8.9818135E-2,2.3418458E-1,-6.5814435E-1,1.574978E-1,-3.8063505E-1,-1.9997297E-1,-3.3230028E-1,-1.3947877E0,-5.246773E-1,-6.774052E0,-6.897872E-1,2.5824323E-2,-1.9745122E-1,-6.793139E-1,-4.854778E0,-3.0780308E-2],"split_indices":[8,1,0,7,7,2,8,0,0,0,0,0,8,0,0,2,2,7,7,0,3,3,8,0,0,3,0,0,2,3,3,3,2,0,8,0,3,0,0,0,0,0,0,0,0,0,0,0,0,0,0,0,0,0,0],"split_type":[1,0,0,1,1,0,1,0,0,0,0,0,1,0,0,0,0,1,1,0,0,0,1,0,0,0,0,0,0,0,0,0,0,0,1,0,0,0,0,0,0,0,0,0,0,0,0,0,0,0,0,0,0,0,0],"sum_hessian":[5.6706396E3,2.6212314E3,3.0494082E3,2.598436E3,2.279536E1,7.731622E1,2.9720918E3,2.5157146E3,8.2721306E1,2.1620342E1,1.1750185E0,1.645026E0,7.5671196E1,1.3343511E3,1.6377408E3,2.4520288E3,6.3686005E1,2.279536E1,5.9925945E1,4.4415703E1,3.1255493E1,1.09981735E2,1.5277592E3,2.1150334E0,2.4499136E3,5.593088E1,7.755122E0,1.1750185E0,2.1620342E1,4.700074E1,1.2925204E1,4.230067E0,2.7025427E1,2.1150334E0,1.078667E2,7.778623E2,7.4989685E2,1.8800297E0,2.4480337E3,3.924562E1,1.6685263E1,2.021032E1,1.4100223E0,1.0340163E1,3.666058E1,1.1750185E1,1.1750185E0,3.0550482E0,1.1750185E0,6.580104E0,2.0445322E1,6.815108E1,3.9715626E1,8.178129E1,6.6811554E2],"tree_param":{"num_deleted":"0","num_feature":"10","num_nodes":"55","size_leaf_vector":"0"}}]},"name":"gbtree"},"learner_model_param":{"base_score":"5E-1","num_class":"0","num_feature":"10","num_target":"1"},"objective":{"name":"reg:squarederror","reg_loss_param":{"scale_pos_weight":"1"}}},"version":[1,6,2]}