{"learner":{"attributes":{"best_ntree_limit":"1"},"feature_names":[],"feature_types":["q","q","q","q","c","c","c","c","c","c"],"gradient_booster":{"model":{"gbtree_model_param":{"num_parallel_tree":"1","num_trees":"1","size_leaf_vector":"0"},"tree_info":[0],"trees":[{"base_weights":[-8.265626E-1,-3.1075177E-1,-1.7288542E0,-5.513816E-1,5.157086E-1,-1.8113731E1,-1.3558322E0,-6.155581E-1,1.2000844E0,3.8577586E-1,1.2461101E0,-1.4927015E0,-8.212143E1,-8.7804896E-1,-1.6854739E0,-8.484367E-1,-4.5270604E-1,1.2892988E0,9.7891957E-1,3.001683E-1,1.1320264E0,1.135381E0,3.9703244E-1,-8.838241E-1,-1.7668135E0,-1.911857E2,3.0840066E-1,-1.2472991E0,-7.991028E-1,-4.2821918E0,-1.2535272E0,-8.293255E-1,-1.29403E0,-2.0874263E-1,-6.585803E-1,1.1467791E0,4.1665965E-1,1.0264161E0,-1.7918757E-1,1.6527255E-1,5.550435E-1,1.7320721E-1,1.1505897E0,1.150876E0,5.0173897E-2,-1.9821586E-1,-3.3292347E-1,-1.386591E0,-2.6651456E0,-3.7926027E-1,9.284551E-1,-1.2644377E0,1.8214874E-1,-8.1549215E-1,2.7472547E-1,-5.2746456E1,-1.425241E0,-1.940554E-1,-1.5709925E0,-1.8596446E-2,-2.5027105E-1,-3.4191632E-1,-4.87814E-1,-7.504202E-2,2.3340796E-1,-2.0944543E-1,9.96958E-2,3.5153487E-1,1.9331017E-1,3.1525683E-1,1.5585855E-1,6.014493E-2,-1.8172106E-1,1.8068716E-1,-1.2147777E-1,3.2393444E-1,4.8817745E-1,3.491779E-1,1.19521804E-1,-1.8748058E-1,-4.6294728E-1,-1.8979251E0,-5.145327E-1,1.11441165E-1,-2.3472546E-1,3.464837E-1,-6.405265E-2,-3.6181843E-1,-5.019725E-1,-1.2996034E-1,1.9008638E-1,-2.457248E-1,1.951719E-1,2.474031E-1,6.400691E-3,-1.2301827E2,9.016884E-2,-2.852416E-1,-5.1694477E-1,-1.1541372E1,-3.8828173E-1],"categories":[3,4,5,4,0,1,4,5,6,8,9,10,13,4,5,7,12,25,39,2,4,5,6,7,8,13,0,1,2,3,4,5,6,0,1,2,3,4,0,1,2,3,4,5,6,7,8,9,10,11,12,13,14,15,25,38,4,0,1,2,3,4,5,0,1,2,3,7,8,10,11,12,1,2,3,4,0,1,2,4,5,6,7,13,4,0,1,2,3,4,5,6,7,9,3,3,0,1,2,3,4,5,6,7,8,9,10,11,0,1,2,4,5,6,7,8,9,10,11,12,13,4,1,2,4,5,6,7,8,9,10,11,12,13],"categories_nodes":[0,6,8,11,15,16,20,21,23,30,35,37,39,40,47,49,50,51,52,54,56,58],"categories_segments":[0,3,4,13,14,19,26,33,38,56,57,63,72,76,84,85,94,95,96,108,121,122],"categories_sizes":[3,1,9,1,5,7,7,5,18,1,6,9,4,8,1,9,1,1,12,13,1,12],"default_left":[0,1,1,1,1,0,0,1,0,1,0,0,1,0,1,0,0,1,0,0,0,0,0,0,0,0,0,1,1,1,0,0,0,1,1,0,0,0,0,0,0,0,0,1,0,0,0,0,1,0,0,0,0,1,0,1,0,0,0,0,0,0,0,0,0,0,0,0,0,0,0,0,0,0,0,0,0,0,0,0,0,0,0,0,0,0,0,0,0,0,0,0,0,0,0,0,0,0,0,0,0],"id":0,"left_children":[1,3,5,7,9,11,13,15,17,19,21,23,25,27,29,31,33,35,37,39,41,43,-1,45,47,-1,49,51,53,55,57,59,61,63,65,67,-1,69,-1,71,73,-1,75,77,-1,-1,-1,79,81,83,85,87,89,91,93,95,97,-1,99,-1,-1,-1,-1,-1,-1,-1,-1,-1,-1,-1,-1,-1,-1,-1,-1,-1,-1,-1,-1,-1,-1,-1,-1,-1,-1,-1,-1,-1,-1,-1,-1,-1,-1,-1,-1,-1,-1,-1,-1,-1,-1],"loss_changes":[5.109386E3,1.3898003E3,2.4382398E4,6.090548E2,1.4909567E2,9.435864E4,6.136299E2,1.9763232E2,2.5189514E0,8.523462E1,5.317688E-1,1.0375168E1,8.371282E5,4.5544678E1,2.585583E3,1.7214844E1,1.5429474E2,3.0018616E-1,5.0477295E0,4.127012E1,7.513733E-1,1.3786316E0,0E0,4.867134E-1,1.2807846E1,0E0,7.56824E0,7.076233E0,2.3422241E1,4.5482508E4,3.8069995E2,7.7192383E0,2.5801544E0,5.7738285E1,6.560022E1,6.225586E-3,0E0,1.7097855E-1,0E0,2.151634E1,1.9108658E1,0E0,2.699234E0,5.46875E-1,0E0,0E0,0E0,3.3324966E0,3.53562E1,2.934239E0,2.6233768E0,4.574646E0,1.4370711E0,7.368286E0,2.8479853E0,3.467768E5,4.242273E1,0E0,1.3228503E4,0E0,0E0,0E0,0E0,0E0,0E0,0E0,0E0,0E0,0E0,0E0,0E0,0E0,0E0,0E0,0E0,0E0,0E0,0E0,0E0,0E0,0E0,0E0,0E0,0E0,0E0,0E0,0E0,0E0,0E0,0E0,0E0,0E0,0E0,0E0,0E0,0E0,0E0,0E0,0E0,0E0,0E0],"parents":[2147483647,0,0,1,1,2,2,3,3,4,4,5,5,6,6,7,7,8,8,9,9,10,10,11,11,12,12,13,13,14,14,15,15,16,16,17,17,18,18,19,19,20,20,21,21,23,23,24,24,26,26,27,27,28,28,29,29,30,30,31,31,32,32,33,33,34,34,35,35,37,37,39,39,40,40,42,42,43,43,47,47,48,48,49,49,50,50,51,51,52,52,53,53,54,54,55,55,56,56,58,58],"right_children":[2,4,6,8,10,12,14,16,18,20,22,24,26,28,30,32,34,36,38,40,42,44,-1,46,48,-1,50,52,54,56,58,60,62,64,66,68,-1,70,-1,72,74,-1,76,78,-1,-1,-1,80,82,84,86,88,90,92,94,96,98,-1,100,-1,-1,-1,-1,-1,-1,-1,-1,-1,-1,-1,-1,-1,-1,-1,-1,-1,-1,-1,-1,-1,-1,-1,-1,-1,-1,-1,-1,-1,-1,-1,-1,-1,-1,-1,-1,-1,-1,-1,-1,-1,-1],"split_conditions":[NaN,1.3E1,3.9E1,5.178E3,5.178E3,6E0,NaN,9E0,NaN,1.825E3,7.896E3,NaN,4.65E3,1.2E1,1E1,NaN,NaN,7.688E3,9.562E3,1.4E1,NaN,NaN,3.9703244E-1,NaN,5E0,-1.911857E2,8.614E3,4.934E3,1.4E1,4.6E1,NaN,1.98E3,5E0,1.825E3,1.848E3,NaN,4.1665965E-1,NaN,-1.7918757E-1,NaN,NaN,1.7320721E-1,2.057E3,4.3E1,5.0173897E-2,-1.9821586E-1,-3.3292347E-1,NaN,2.6E1,NaN,NaN,NaN,NaN,8.614E3,NaN,4.865E3,NaN,-1.940554E-1,NaN,-1.8596446E-2,-2.5027105E-1,-3.4191632E-1,-4.87814E-1,-7.504202E-2,2.3340796E-1,-2.0944543E-1,9.96958E-2,3.5153487E-1,1.9331017E-1,3.1525683E-1,1.5585855E-1,6.014493E-2,-1.8172106E-1,1.8068716E-1,-1.2147777E-1,3.2393444E-1,4.8817745E-1,3.491779E-1,1.19521804E-1,-1.8748058E-1,-4.6294728E-1,-1.8979251E0,-5.145327E-1,1.11441165E-1,-2.3472546E-1,3.464837E-1,-6.405265E-2,-3.6181843E-1,-5.019725E-1,-1.2996034E-1,1.9008638E-1,-2.457248E-1,1.951719E-1,2.474031E-1,6.400691E-3,-1.2301827E2,9.016884E-2,-2.852416E-1,-5.1694477E-1,-1.1541372E1,-3.8828173E-1],"split_indices":[6,0,3,1,1,0,6,0,7,2,1,6,1,0,0,9,7,1,1,0,4,8,0,9,0,0,1,1,0,3,6,2,0,2,2,8,0,7,0,8,7,0,2,3,0,0,0,6,3,7,8,8,7,1,7,1,6,0,7,0,0,0,0,0,0,0,0,0,0,0,0,0,0,0,0,0,0,0,0,0,0,0,0,0,0,0,0,0,0,0,0,0,0,0,0,0,0,0,0,0,0],"split_type":[1,0,0,0,0,0,1,0,1,0,0,1,0,0,0,1,1,0,0,0,1,1,0,1,0,0,0,0,0,0,1,0,0,0,0,1,0,1,0,1,1,0,0,0,0,0,0,1,0,1,1,1,1,0,1,0,1,0,1,0,0,0,0,0,0,0,0,0,0,0,0,0,0,0,0,0,0,0,0,0,0,0,0,0,0,0,0,0,0,0,0,0,0,0,0,0,0,0,0,0,0],"sum_hessian":[1.0978358E4,6.9860215E3,3.9923372E3,5.410925E3,1.5750964E3,8.780867E1,3.9045286E3,5.2202935E3,1.9063126E2,1.3385135E3,2.3658295E2,7.051991E1,1.7288754E1,1.59557E3,2.3089585E3,2.1465352E3,3.0737583E3,1.3239546E2,5.82358E1,1.2020233E3,1.3649016E2,1.0373252E2,1.3285042E2,2.3203327E1,4.731659E1,1.3649015E0,1.5923852E1,2.7843994E2,1.31713E3,3.2803134E2,1.9809272E3,2.0610015E3,8.553384E1,1.4076686E3,1.6660898E3,5.9600704E1,7.2794754E1,5.68709E1,1.3649015E0,7.8709326E2,4.1493008E2,5.459606E0,1.3103055E2,1.0191265E2,1.8198688E0,1.3649016E1,9.554311E0,3.5032475E1,1.2284115E1,7.734442E0,8.189409E0,2.7525516E2,3.1847703E0,1.2975664E3,1.956359E1,1.7288754E1,3.1074258E2,6.815409E2,1.2993864E3,1.3194049E1,2.0478074E3,6.142057E1,2.4113262E1,1.3517075E3,5.5960964E1,1.6023945E3,6.3695408E1,5.5505997E1,4.0947046E0,5.3231163E1,3.6397376E0,7.5342566E2,3.3667572E1,3.9582147E2,1.9108622E1,1.1692657E2,1.4103983E1,9.963782E1,2.274836E0,6.824508E0,2.8207966E1,1.3649015E0,1.0919212E1,2.729803E0,5.004639E0,6.824508E0,1.3649015E0,2.4431738E2,3.0937769E1,1.3649015E0,1.8198688E0,1.2948367E3,2.729803E0,5.459606E0,1.4103983E1,1.3649015E0,1.5923852E1,1.2147624E2,1.8926636E2,8.644377E0,1.290742E3],"tree_param":{"num_deleted":"0","num_feature":"10","num_nodes":"101","size_leaf_vector":"0"}}]},"name":"gbtree"},"learner_model_param":{"base_score":"5E-1","num_class":"0","num_feature":"10","num_target":"1"},"objective":{"name":"reg:squarederror","reg_loss_param":{"scale_pos_weight":"1"}}},"version":[1,6,2]}