{"learner":{"attributes":{"best_ntree_limit":"4"},"feature_names":[],"feature_types":["q","c","c"],"gradient_booster":{"model":{"gbtree_model_param":{"num_parallel_tree":"1","num_trees":"4","size_leaf_vector":"0"},"tree_info":[0,0,0,0],"trees":[{"base_weights":[-1.5893013E0,-2.4092627E0,-1.254324E0,-7.772192E-1,-2.1824608E0,-5.931116E-1,-9.5672476E-1,-6.895243E-1,-2.0080833E0,-1.2849746E0,3.7951572E1,-5.842019E-1,-7.072742E-1,-5.8139825E-1,-1.0123476E0,-1.4124289E0,1.805711E1,-5.878646E-1,-3.5557222E-1,6.4495273E0,-4.7188994E-1],"categories":[1,2,3,1,1,3],"categories_nodes":[2,8,9,15,16],"categories_segments":[0,1,3,4,5],"categories_sizes":[1,2,1,1,1],"default_left":[0,0,0,0,0,0,0,0,0,0,0,0,0,0,0,0,0,0,0,0,0],"id":0,"left_children":[1,3,5,-1,7,-1,9,-1,11,13,-1,-1,-1,-1,15,17,19,-1,-1,-1,-1],"loss_changes":[1.5547988E3,6.2003906E1,8.646045E2,0E0,1.0287109E1,0E0,1.19638625E5,0E0,1.8261719E0,5.0529102E2,0E0,0E0,0E0,0E0,1.5376956E4,2.4276318E2,2.831914E3,0E0,0E0,0E0,0E0],"parents":[2147483647,0,0,1,1,2,2,4,4,6,6,8,8,9,9,14,14,15,15,16,16],"right_children":[2,4,6,-1,8,-1,10,-1,12,14,-1,-1,-1,-1,16,18,20,-1,-1,-1,-1],"split_conditions":[3E1,2.5E1,NaN,-7.772192E-1,2.8E1,-5.931116E-1,5E1,-6.895243E-1,NaN,NaN,3.7951572E1,-5.842019E-1,-7.072742E-1,-5.8139825E-1,4.3E1,NaN,NaN,-5.878646E-1,-3.5557222E-1,6.4495273E0,-4.7188994E-1],"split_indices":[0,0,2,0,0,0,0,0,1,2,0,0,0,0,0,2,1,0,0,0,0],"split_type":[0,0,1,0,0,0,0,0,1,1,0,0,0,0,0,1,1,0,0,0,0],"sum_hessian":[5.6706396E3,1.6429109E3,4.0277285E3,9.0687933E2,7.360316E2,1.1731385E3,2.85459E3,4.3475687E2,3.0127475E2,2.8482449E3,6.3451004E0,2.6226413E2,3.9010616E1,8.370832E2,2.0111617E3,1.9707411E3,4.042064E1,5.759941E2,1.3947471E3,3.4310543E1,6.1100965E0],"tree_param":{"num_deleted":"0","num_feature":"3","num_nodes":"21","size_leaf_vector":"0"}},{"base_weights":[-2.6954935E0,-1.6940986E0,-4.040748E2,-1.2539885E0,-1.00732635E2,-1.4966381E0,-8.523098E-1,-1.9814236E1,-1.283393E2,-1.6825255E0,-1.3346534E0,-4.3299916E-1,-6.099408E-1,-1.1696024E1,-4.3104497E-1,-5.165664E-1,-4.7206584E-1,-4.7152802E-1,-1.2198989E0,-9.0753794E-1,2.0398672E0,-4.1186005E-1,7.291604E-2,-4.4719142E-1,-2.0224792E-1],"categories":[4,1,1,1],"categories_nodes":[4,6,10,19],"categories_segments":[0,1,2,3],"categories_sizes":[1,1,1,1],"default_left":[0,0,0,0,0,0,0,0,0,0,0,0,0,0,0,0,0,0,0,0,0,0,0,0,0],"id":1,"left_children":[1,3,-1,5,7,9,11,13,-1,15,17,-1,19,-1,-1,-1,-1,-1,21,23,-1,-1,-1,-1,-1],"loss_changes":[5.1515215E6,1.6667816E5,0E0,3.7016602E2,4.3926928E5,6.925098E1,2.0503394E2,5.0920864E3,0E0,2.0166016E0,3.2736816E1,0E0,2.2578984E3,0E0,0E0,0E0,0E0,0E0,1.9339783E2,1.3271313E2,0E0,0E0,0E0,0E0,0E0],"parents":[2147483647,0,0,1,1,3,3,4,4,5,5,6,6,7,7,9,9,10,10,12,12,18,18,19,19],"right_children":[2,4,-1,6,8,10,12,14,-1,16,18,-1,20,-1,-1,-1,-1,-1,22,24,-1,-1,-1,-1,-1],"split_conditions":[4.8E1,4.3E1,-4.040748E2,3.4E1,NaN,2.6E1,NaN,4.8E1,-1.283393E2,2.4E1,NaN,-4.3299916E-1,4E1,-1.1696024E1,-4.3104497E-1,-5.165664E-1,-4.7206584E-1,-4.7152802E-1,3.1E1,NaN,2.0398672E0,-4.1186005E-1,7.291604E-2,-4.4719142E-1,-2.0224792E-1],"split_indices":[0,0,0,0,1,0,2,0,0,0,2,0,0,0,0,0,0,0,0,2,0,0,0,0,0],"split_type":[0,0,0,0,1,0,1,0,0,0,1,0,0,0,0,0,0,0,0,1,0,0,0,0,0],"sum_hessian":[3.8277053E3,3.8258564E3,1.8488625E0,3.8099385E3,1.5918045E1,2.3734426E3,1.4364958E3,1.3611129E1,2.3069162E0,1.1008092E3,1.2726333E3,4.1632516E2,1.0201707E3,6.1126103E0,7.4985185E0,7.978233E2,3.029859E2,4.1091013E2,8.617232E2,9.8162213E2,3.8548626E1,7.802057E2,8.1517494E1,2.790423E2,7.025798E2],"tree_param":{"num_deleted":"0","num_feature":"3","num_nodes":"25","size_leaf_vector":"0"}},{"base_weights":[-3.7653455E-1,-1.1263003E0,3.5566196E2,-1.3259381E0,2.1307996E2,-1.0818534E0,-5.9584417E0,1.4299493E1,8.297949E1,-1.2523108E0,-7.016351E-1,-2.2569494E0,-5.2236123E0,-4.1970444E-1,-1.1652919E0,-3.8481686E-1,-4.6935698E-1,-5.9781218E0,3.8662271E0,-3.9658055E-1,9.259255E-2,-2.3502864E-1,1.4796393E0,-2.2293618E0,-1.5778587E0],"categories":[1,1,1,1,1],"categories_nodes":[4,6,9,10,17],"categories_segments":[0,1,2,3,4],"categories_sizes":[1,1,1,1,1],"default_left":[0,0,0,0,0,0,0,0,0,0,0,0,0,0,0,0,0,0,0,0,0,0,0,0,0],"id":2,"left_children":[1,3,-1,5,7,9,11,-1,-1,13,15,-1,17,-1,19,-1,21,23,-1,-1,-1,-1,-1,-1,-1],"loss_changes":[2.9805132E6,1.4351672E5,0E0,3.7784385E3,1.9649062E4,2.0528442E2,1.5308594E2,0E0,0E0,2.639209E1,1.3260724E2,0E0,1.6775261E3,0E0,3.1990063E2,0E0,1.2026809E3,7.903491E1,0E0,0E0,0E0,0E0,0E0,0E0,0E0],"parents":[2147483647,0,0,1,1,3,3,4,4,5,5,6,6,9,9,10,10,12,12,14,14,16,16,17,17],"right_children":[2,4,-1,6,8,10,12,-1,-1,14,16,-1,18,-1,20,-1,22,24,-1,-1,-1,-1,-1,-1,-1],"split_conditions":[4.6E1,4.3E1,3.5566196E2,4E1,NaN,3.4E1,NaN,1.4299493E1,8.297949E1,NaN,NaN,-2.2569494E0,4.2E1,-4.1970444E-1,2.8E1,-3.8481686E-1,3.8E1,NaN,3.8662271E0,-3.9658055E-1,9.259255E-2,-2.3502864E-1,1.4796393E0,-2.2293618E0,-1.5778587E0],"split_indices":[0,0,0,0,2,0,2,0,0,2,2,0,0,0,0,0,0,2,0,0,0,0,0,0,0],"split_type":[0,0,0,0,1,0,1,0,0,1,1,0,0,0,0,0,0,1,0,0,0,0,0,0,0],"sum_hessian":[3.349555E3,3.348437E3,1.1179148E0,3.346312E3,2.1249146E0,3.1799932E3,1.6631902E2,1.0752228E0,1.0496917E0,2.1940674E3,9.859258E2,5.0195786E1,1.1612322E2,8.11273E2,1.3827943E3,2.802657E2,7.056601E2,1.1212211E2,4.0011134E0,1.250048E3,1.3274635E2,6.6769183E2,3.7968258E1,3.4009464E1,7.811265E1],"tree_param":{"num_deleted":"0","num_feature":"3","num_nodes":"25","size_leaf_vector":"0"}},{"base_weights":[-7.167881E-1,-1.1764603E0,1.6397794E2,-1.034693E0,-1.9546742E0,-1.1889771E0,-5.6201565E-1,-2.8746176E0,-1.2949755E0,-1.100934E0,-1.4623202E0,-3.4235734E-1,-3.3669212E-1,-1.143955E0,-2.4544773E0,-5.7644993E-1,-1.0138308E0,-3.7666035E-1,-1.0034533E0,-5.441103E-1,-1.311881E0,-6.615332E-1,4.0180108E-1,-1.3248566E0,-2.8936267E0,-2.743595E-1,-1.2965987E0,-3.5000312E-1,-2.7436018E-1,-4.4017795E-1,1.819814E-1,-3.4960645E-1,-1.4171559E-1,2.725455E-1,-2.7042484E-1,-1.5895993E-1,-1.1225271E0,-1.1036446E0,-7.4701655E-1,1.0098711E-1,-6.738733E-1,-5.8628255E-1,-3.037266E-1],"categories":[1,1,1,1,1,1,1,2,2,1,2,1],"categories_nodes":[6,7,8,10,18,21,22,23,24,25,26],"categories_segments":[0,1,2,3,4,5,6,8,9,10,11],"categories_sizes":[1,1,1,1,1,1,2,1,1,1,1],"default_left":[0,0,0,0,0,0,0,0,0,0,0,0,0,0,1,0,1,0,0,0,0,0,0,0,0,0,0,0,0,0,0,0,0,0,0,0,0,0,0,0,0,0,0],"id":3,"left_children":[1,3,-1,5,7,9,11,13,15,17,19,-1,21,-1,23,-1,25,-1,27,-1,29,31,33,35,37,39,41,-1,-1,-1,-1,-1,-1,-1,-1,-1,-1,-1,-1,-1,-1,-1,-1],"loss_changes":[7.899119E5,3.4391064E2,0E0,1.929165E2,2.8883337E2,4.653125E1,8.5110794E1,6.970398E1,4.782318E1,2.1603516E1,2.3221436E1,0E0,1.1374871E2,0E0,6.6265625E1,0E0,4.0869278E1,0E0,1.2509216E1,0E0,1.0305444E2,3.0794434E1,9.6656006E1,7.75664E1,2.2814941E1,6.798916E1,2.4626282E1,0E0,0E0,0E0,0E0,0E0,0E0,0E0,0E0,0E0,0E0,0E0,0E0,0E0,0E0,0E0,0E0],"parents":[2147483647,0,0,1,1,3,3,4,4,5,5,6,6,7,7,8,8,9,9,10,10,12,12,14,14,16,16,18,18,20,20,21,21,22,22,23,23,24,24,25,25,26,26],"right_children":[2,4,-1,6,8,10,12,14,16,18,20,-1,22,-1,24,-1,26,-1,28,-1,30,32,34,36,38,40,42,-1,-1,-1,-1,-1,-1,-1,-1,-1,-1,-1,-1,-1,-1,-1,-1],"split_conditions":[4.2E1,3.8E1,1.6397794E2,3.4E1,4E1,3.1E1,NaN,NaN,NaN,2.4E1,NaN,-3.4235734E-1,3.6E1,-1.143955E0,3.9E1,-5.7644993E-1,4.1E1,-3.7666035E-1,NaN,-5.441103E-1,3.3E1,NaN,NaN,NaN,NaN,NaN,NaN,-3.5000312E-1,-2.7436018E-1,-4.4017795E-1,1.819814E-1,-3.4960645E-1,-1.4171559E-1,2.725455E-1,-2.7042484E-1,-1.5895993E-1,-1.1225271E0,-1.1036446E0,-7.4701655E-1,1.0098711E-1,-6.738733E-1,-5.8628255E-1,-3.037266E-1],"split_indices":[0,0,0,0,0,0,2,2,2,0,2,0,0,0,0,0,0,0,2,0,0,2,1,1,2,1,2,0,0,0,0,0,0,0,0,0,0,0,0,0,0,0,0],"split_type":[0,0,0,0,0,0,1,1,1,0,1,0,0,0,0,0,0,0,1,0,0,1,1,1,1,1,1,0,0,0,0,0,0,0,0,0,0,0,0,0,0,0,0],