{"learner":{"attributes":{"best_ntree_limit":"3"},"feature_names":[],"feature_types":["q","q","q","q","q","c","c","c","c","c","c","c","c"],"gradient_booster":{"model":{"gbtree_model_param":{"num_parallel_tree":"1","num_trees":"3","size_leaf_vector":"0"},"tree_info":[0,0,0],"trees":[{"base_weights":[-1.5893013E0,-6.904505E-1,-2.354667E0,-7.2963804E-1,5.738141E-1,-2.027214E0,-1.3829715E2,-7.016551E-1,-1.6514624E0,4.0601185E-1,4.4194657E-1,-3.2388544E-1,-2.4697924E0,-6.65831E-1,-1.3822122E2,-7.067756E-1,1.227404E0,-1.3092809E1,-9.727997E-1,5.501943E-1,-7.7431065E-1,-5.7867413E1,-1.794975E0,2.891232E-1,-7.0925206E-1,3.9740604E-1,1.2244079E-1,-7.739561E0,3.1461397E-1,-9.376227E-2,-1.5302303E0,-2.545986E-1,6.8421984E-1,-1.9098954E0,1.5214561E-1,7.417684E1,-2.2806919E0,-5.2939683E-1,-2.1112469E-1,-2.4402823E-1,-1.8367221E0,3.641711E-2,-3.8077685E-1,2.2691697E-1,-6.046246E-2,-1.5341894E-1,-7.138635E-1,1.9872709E-1,-2.1594276E-1,-7.037405E-1,1.3915575E2,-4.3954518E-1,-7.725131E-1],"categories":[1,2,3,4,4,5,6,7,8,11,1,2,3,4,0,1,2,4,5,6,7,8,10,11,1,0,1,2,3,4,5,6,7,8,11,1,2,3,4,5,6,11,13,15,0,1,2,3,4,5,6,7,8,9,10,11,12,13,14,15,16,17,18,19,20,21,22,23,24,25,26,27,28,29,30,31,32,33,34,1,2,3,4],"categories_nodes":[0,3,5,9,12,18,22,34,36],"categories_segments":[0,4,10,14,24,25,35,44,79],"categories_sizes":[4,6,4,10,1,10,9,35,4],"default_left":[0,1,0,0,1,0,0,1,1,0,0,0,0,0,0,0,0,1,0,1,1,0,0,0,0,0,0,0,0,0,0,1,0,0,0,0,0,0,0,0,0,0,0,0,0,0,0,0,0,0,0,0,0],"id":0,"left_children":[1,3,5,7,9,11,13,15,17,19,-1,-1,21,-1,-1,23,25,27,29,31,33,-1,35,-1,37,-1,-1,-1,-1,-1,39,41,43,45,47,49,51,-1,-1,-1,-1,-1,-1,-1,-1,-1,-1,-1,-1,-1,-1,-1,-1],"loss_changes":[3.9001758E3,1.2971594E2,1.3606228E5,6.414868E1,1.1327089E1,1.2791934E3,3.2125784E5,2.5156006E1,5.6070386E2,1.1994308E1,0E0,0E0,2.672755E5,0E0,0E0,1.0831787E1,7.297516E-3,7.5565955E2,2.5578133E1,6.7711926E0,8.512619E0,0E0,7.678694E4,0E0,1.2987549E1,0E0,0E0,0E0,0E0,0E0,1.2053377E2,3.763117E0,3.5213661E0,1.1377792E0,2.8038812E0,3.9530112E5,4.917256E2,0E0,0E0,0E0,0E0,0E0,0E0,0E0,0E0,0E0,0E0,0E0,0E0,0E0,0E0,0E0,0E0],"parents":[2147483647,0,0,1,1,2,2,3,3,4,4,5,5,6,6,7,7,8,8,9,9,12,12,15,15,16,16,17,17,18,18,19,19,20,20,22,22,24,24,30,30,31,31,32,32,33,33,34,34,35,35,36,36],"right_children":[2,4,6,8,10,12,14,16,18,20,-1,-1,22,-1,-1,24,26,28,30,32,34,-1,36,-1,38,-1,-1,-1,-1,-1,40,42,44,46,48,50,52,-1,-1,-1,-1,-1,-1,-1,-1,-1,-1,-1,-1,-1,-1,-1,-1],"split_conditions":[NaN,1.3E1,4E1,NaN,5.178E3,NaN,1.471E3,5.178E3,3.9E1,NaN,4.4194657E-1,-3.2388544E-1,NaN,-6.65831E-1,-1.3822122E2,1.98E3,4.9E1,7.298E3,NaN,2.6E1,4.1E1,-5.7867413E1,NaN,2.891232E-1,3.2E1,3.9740604E-1,1.2244079E-1,-7.739561E0,3.1461397E-1,-9.376227E-2,4.7E1,4E1,5.4E1,2.8E1,NaN,1.4E1,NaN,-5.2939683E-1,-2.1112469E-1,-2.4402823E-1,-1.8367221E0,3.641711E-2,-3.8077685E-1,2.2691697E-1,-6.046246E-2,-1.5341894E-1,-7.138635E-1,1.9872709E-1,-2.1594276E-1,-7.037405E-1,1.3915575E2,-4.3954518E-1,-7.725131E-1],"split_indices":[9,1,0,8,2,9,2,2,0,8,0,0,11,0,0,3,0,2,8,0,0,0,6,0,0,0,0,0,0,0,0,4,0,0,12,4,9,0,0,0,0,0,0,0,0,0,0,0,0,0,0,0,0],"split_type":[1,0,0,1,0,1,0,0,0,1,0,0,1,0,0,0,0,0,1,0,0,0,1,0,0,0,0,0,0,0,0,0,0,0,1,0,1,0,0,0,0,0,0,0,0,0,0,0,0,0,0,0,0],"sum_hessian":[5.6706396E3,2.6087761E3,3.0618633E3,2.530755E3,7.802123E1,3.0555183E3,6.3451004E0,2.4579038E3,7.285115E1,6.697606E1,1.1045175E1,9.7385535E2,2.0816628E3,5.1700816E0,1.1750185E0,2.4520288E3,5.8750925E0,3.0550482E0,6.9796104E1,6.016095E1,6.8151073E0,6.3451004E0,2.0753179E3,3.0550482E0,2.4489736E3,4.700074E0,1.1750185E0,1.1750185E0,1.8800297E0,3.2665516E1,3.7130585E1,8.460134E0,5.1700817E1,2.5850408E0,4.230067E0,1.2220193E1,2.0630977E3,1.1045175E1,2.4379285E3,3.3135525E1,3.995063E0,6.8151073E0,1.645026E0,4.7940758E1,3.7600594E0,1.1750185E0,1.4100223E0,2.8200445E0,1.4100223E0,1.1045175E1,1.1750185E0,5.4873364E2,1.5143639E3],"tree_param":{"num_deleted":"0","num_feature":"13","num_nodes":"53","size_leaf_vector":"0"}},{"base_weights":[-9.225406E-1,-2.495466E0,2.9367577E1,-1.4062619E0,-4.2670303E1,4.0362885E2,4.513891E0,-1.3865198E0,-1.1452628E1,-8.624833E0,-2.1286044E2,-4.3930624E2,2.9875603E1,-7.7842855E-1,-1.6889534E0,-4.611255E0,2.0942606E-1,-1.6883351E0,-1.8347551E1,4.0215662E2,4.635493E0,2.0779767E0,-8.5927457E-1,-2.2098686E1,-1.2587779E0,-1.5645413E-1,-5.1438797E-1,-2.2247968E0,-3.939338E1,2.9931767E1,-4.1307977E2,5.8146415E0,-2.00909E-1,-2.5918058E-1,4.750882E-2,-2.2737349E1,-4.6785608E-1,-2.1003853E-1,-4.93899E-1,2.99664E-1,-6.3357706E0,1.0204635E0,-5.441997E1,2.842823E2,4.866164E-1],"categories":[7,8,9,10,12,0,1,2,3,4,5,1,2,3,4,0,1,2,3,4,5,0,1,2,3,0,1,2,3,4,0,1,2,3,4,9,12,13,1,2,3,4,0,2,3,4,5],"categories_nodes":[1,2,7,12,17,18,21,24,29],"categories_segments":[0,5,11,15,21,25,30,38,42],"categories_sizes":[5,6,4,6,4,5,8,4,5],"default_left":[0,0,0,1,0,0,1,0,1,0,0,0,0,0,1,0,0,0,0,0,0,0,1,1,0,0,0,0,1,0,0,0,0,0,0,0,0,0,0,0,0,0,0,0,0],"id":1,"left_children":[1,3,5,7,9,-1,11,13,15,17,-1,-1,19,21,23,-1,-1,25,27,-1,29,31,33,35,37,-1,-1,39,41,43,-1,-1,-1,-1,-1,-1,-1,-1,-1,-1,-1,-1,-1,-1,-1],"loss_changes":[1.16888086E5,1.01972266E5,3.9554088E6,4.3458105E2,1.3904676E6,0E0,4.509322E6,4.1576416E2,2.1624115E2,3.9843623E3,0E0,0E0,3.9243518E6,1.7616867E2,1.3262473E4,0E0,0E0,2.0555878E-1,8.289696E3,0E0,4.1503032E6,1.0151223E3,3.623108E0,3.4273785E4,3.200454E2,0E0,0E0,9.371344E2,6.533583E4,3.0234765E6,0E0,0E0,0E0,0E0,0E0,0E0,0E0,0E0,0E0,0E0,0E0,0E0,0E0,0E0,0E0],"parents":[2147483647,0,0,1,1,2,2,3,3,4,4,6,6,7,7,8,8,9,9,12,12,13,13,14,14,17,17,18,18,20,20,21,21,22,22,23,23,24,24,27,27,28,28,29,29],"right_children":[2,4,6,8,10,-1,12,14,16,18,-1,-1,20,22,24,-1,-1,26,28,-1,30,32,34,36,38,-1,-1,40,42,44,-1,-1,-1,-1,-1,-1,-1,-1,-1,-1,-1,-1,-1,-1,-1],"split_conditions":[4E1,NaN,NaN,1.5E1,3.6E1,4.0362885E2,4E0,NaN,7.688E3,7E0,-2.1286044E2,-4.3930624E2,NaN,3.9E1,2.4E1,-4.611255E0,2.0942606E-1,NaN,NaN,4.0215662E2,7E1,NaN,3.5E1,5.2E1,NaN,-1.5645413E-1,-5.1438797E-1,4E1,1.2E1,NaN,-4.1307977E2,5.8146415E0,-2.00909E-1,-2.5918058E-1,4.750882E-2,-2.2737349E1,-4.6785608E-1,-2.1003853E-1,-4.93899E-1,2.99664E-1,-6.3357706E0,1.0204635E0,-5.441997E1,2.842823E2,4.866164E-1],"split_indices":[0,6,9,1,4,0,1,9,2,1,0,0,9,0,0,0,0,5,9,0,0,8,4,4,9,0,0,0,4,9,0,0,0,0,0,0,0,0,0,0,0,0,0,0,0],"split_type":[0,1,1,0,0,0,0,1,0,0,0,0,1,0,0,0,0,1,1,0,0,1,0,0,1,0,0,0,0,1,0,0,0,0,0,0,0,0,0,0,0,0,0,0,0],"sum_hessian":[2.450821E3,2.330708E3,1.20112946E2,2.2701946E3,6.0513596E1,1.2414454E0,1.188715E2,2.266878E3,3.3166242E0,5.8537987E1,1.9756097E0,1.0545851E0,1.1781692E2,7.541374E2,1.5127405E3,2.3075092E0,1.0091149E0,3.4849144E1,2.3688843E1,1.2414454E0,1.1657547E2,2.0077236E1,7.340602E2,3.0186092E1,1.4825543E3,1.227077E0,3.3622066E1,1.4039329E1,9.649515E0,1.1544012E2,1.1353539E0,1.9215809E0,1.8155657E1,7.3086395E2,3.1962466E0,7.6078773E0,2.2578217E1,6.0838477E2,8.741696E2,1.2802211E1,1.2371173E0,8.164974E0,1.4845407E0,2.4828908E0,1.1295722E2],"tree_param":{"num_deleted":"0","num_feature":"13","num_nodes":"45","size_leaf_vector":"0"}},{"base_weights":[4.113654E-1,-6.9890547E-1,3.8347942E1,2.356031E0,-3.173406E0,-1.3196604E0,4.9084152E2,-7.222392E-2,2.8619852E0,-1.158066E0,-4.747685E1,-9.388408E0,2.5343446E2,4.275154E-1,-5.6180567E-1,9.678055E0,2.813293E0,-1.0982907E0,-5.0714626E0,-2.5029137E2,9.959029E0,-8.460063E0,9.865313E-2,2.8511742E-1,4.550643E0,3.243371E-1,8.5291606E-1,-1.1489449E0,2.589911E0,1.8535011E0,4.8095573E1,-7.407295E-2,-6.924015E0,4.4023517E-1,-1.1242042E-1,2.2146648E-1,-1.19208254E-1,-1.9414797E-1,-4.1899624E-1,2.6791558E-1,8.718307E-1,2.9289392E-3,1.1817828E0,2.4854559E1,-9.3031913E-1],"categories":[1,2,3,4,1,0,1,2,3,4,5,6,7,8,9,10,11,12,13,0,1,2,3,4,5,6,7,8,9,10,11,12,13,0,1,2,4,5,6,7,9,1,2,3,4,0,1,2,3,4],"categories_nodes":[1,2,7,22,25,27,30],"categories_segments":[0,4,5,19,33,41,45],"categories_sizes":[4,1,14,14,8,4,5],"default_left":[0,0,0,0,0,0,0,0,0,0,1,0,0,0,1,0,0,1,0,0,0,0,0,0,0,0,0,0,0,0,0,0,0,0,0,0,0,0,0,0,0,0,0,0,0],"id":2,