{"learner":{"attributes":{"best_ntree_limit":"7"},"feature_names":[],"feature_types":["q","q","q","q","q","c","c","c","c","c","c","c","c"],"gradient_booster":{"model":{"gbtree_model_param":{"num_parallel_tree":"1","num_trees":"7","size_leaf_vector":"0"},"tree_info":[0,0,0,0,0,0,0],"trees":[{"base_weights":[-1.5892575E0,-6.9042665E-1,-2.3532612E0,-7.329261E-1,3.4025067E-1,-2.0131118E0,-1.27613945E2,-7.009135E-1,-1.8905188E0,-1.2438961E0,4.6010238E-1,-3.18291E-1,-2.4621058E0,-1.4429013E2,-1.5729665E0,-7.0495874E-1,3.4477517E-1,-1.49922495E1,-1.1801838E0,-5.7989832E-2,-4.845351E-1,6.084876E-1,-6.920566E-1,-2.5404858E1,-1.7210829E0,-6.101848E-1,1.2244079E-1,2.3093164E-1,-7.06558E-1,-2.913488E-1,-6.636122E0,-1.05154656E-1,-1.8255014E0,8.691178E-1,-2.7622733E-1,-1.4324367E0,3.5579333E-1,-7.8191704E-1,-4.4364423E2,-2.8621942E-1,-2.331336E0,-5.986591E-1,-2.1123447E-1,-3.055477E-1,-3.2270162E0,2.2789638E-1,4.3224776E-1,-1.6456182E-1,2.891232E-1,-5.5963784E-1,-1.1540538E-1,-2.0497928E2,-1.5489077E-2,-3.4049988E0,-4.3746352E-1],"categories":[1,2,3,4,4,5,6,7,8,11,1,2,3,4,0,1,2,4,5,6,7,11,0,1,2,3,4,5,6,7,8,11,1,2,3,4],"categories_nodes":[0,3,5,10,18,24],"categories_segments":[0,4,10,14,22,32],"categories_sizes":[4,6,4,8,10,4],"default_left":[0,1,0,0,0,0,1,1,1,0,0,0,1,0,1,0,0,0,0,0,0,0,1,0,0,0,0,0,0,0,0,0,0,1,1,1,0,0,1,0,1,0,0,0,0,0,0,0,0,0,0,0,0,0,0],"id":0,"left_children":[1,3,5,7,9,11,13,15,17,19,21,-1,23,-1,25,27,-1,29,31,-1,-1,33,35,37,39,-1,-1,-1,41,-1,-1,-1,43,45,47,49,-1,-1,51,-1,53,-1,-1,-1,-1,-1,-1,-1,-1,-1,-1,-1,-1,-1,-1],"loss_changes":[3.8929844E3,1.1445264E2,1.3034372E5,9.147644E1,2.030506E1,1.3046699E3,3.682374E5,1.9060547E1,6.0399817E2,2.644064E0,1.7064653E1,0E0,3.5271953E4,0E0,7.32345E0,6.2839355E0,0E0,3.133354E2,3.3867172E1,0E0,0E0,2.0249264E1,1.7793636E1,6.1787956E5,9.4016895E2,0E0,0E0,0E0,6.2526855E0,0E0,0E0,0E0,2.4862918E2,3.1153603E0,7.4524565E0,3.2545872E0,0E0,0E0,3.5605238E5,0E0,8.80718E3,0E0,0E0,0E0,0E0,0E0,0E0,0E0,0E0,0E0,0E0,0E0,0E0,0E0,0E0],"parents":[2147483647,0,0,1,1,2,2,3,3,4,4,5,5,6,6,7,7,8,8,9,9,10,10,12,12,14,14,15,15,17,17,18,18,21,21,22,22,23,23,24,24,28,28,32,32,33,33,34,34,35,35,38,38,40,40],"right_children":[2,4,6,8,10,12,14,16,18,20,22,-1,24,-1,26,28,-1,30,32,-1,-1,34,36,38,40,-1,-1,-1,42,-1,-1,-1,44,46,48,50,-1,-1,52,-1,54,-1,-1,-1,-1,-1,-1,-1,-1,-1,-1,-1,-1,-1,-1],"split_conditions":[NaN,1.1E1,4E1,NaN,2.6E1,NaN,9E1,5.178E3,3.9E1,3.9E1,NaN,-3.18291E-1,2.6E1,-1.4429013E2,9.386E3,1.98E3,3.4477517E-1,4.064E3,NaN,-5.7989832E-2,-4.845351E-1,5.5E1,5.178E3,1.8E1,NaN,-6.101848E-1,1.2244079E-1,2.3093164E-1,7E0,-2.913488E-1,-6.636122E0,-1.05154656E-1,4.8E1,5.178E3,5.8E1,4.5E1,3.5579333E-1,-7.8191704E-1,2.7828E4,-2.8621942E-1,3.3E1,-5.986591E-1,-2.1123447E-1,-3.055477E-1,-3.2270162E0,2.2789638E-1,4.3224776E-1,-1.6456182E-1,2.891232E-1,-5.5963784E-1,-1.1540538E-1,-2.0497928E2,-1.5489077E-2,-3.4049988E0,-4.3746352E-1],"split_indices":[9,1,0,8,0,9,0,2,0,4,8,0,0,0,2,3,0,2,8,0,0,0,2,0,9,0,0,0,1,0,0,0,0,2,0,4,0,0,2,0,0,0,0,0,0,0,0,0,0,0,0,0,0,0,0],"split_type":[1,0,0,1,0,1,0,0,0,0,1,0,0,0,0,0,0,0,1,0,0,0,0,0,1,0,0,0,0,0,0,0,0,0,0,0,0,0,0,0,0,0,0,0,0,0,0,0,0,0,0,0,0,0,0],"sum_hessian":[5.6704043E3,2.6061912E3,3.0642134E3,2.5032595E3,1.02931625E2,3.0569282E3,7.2851152E0,2.4374585E3,6.580104E1,6.580104E0,9.6351524E1,9.806705E2,2.0762578E3,1.1750185E0,6.1100965E0,2.4327583E3,4.700074E0,2.350037E0,6.3451E1,2.1150334E0,4.4650707E0,8.577635E1,1.0575167E1,6.392101E1,2.0123368E3,4.9350777E0,1.1750185E0,2.1150334E0,2.4306433E3,1.1750185E0,1.1750185E0,2.843545E1,3.5015553E1,6.627105E1,1.9505308E1,7.755122E0,2.8200445E0,6.1570972E1,2.350037E0,8.927791E2,1.1195576E3,3.0550482E0,2.4275884E3,3.3135525E1,1.8800297E0,5.757591E1,8.695137E0,1.645026E1,3.0550482E0,4.9350777E0,2.8200445E0,1.1750185E0,1.1750185E0,9.776154E1,1.02179614E3],"tree_param":{"num_deleted":"0","num_feature":"13","num_nodes":"55","size_leaf_vector":"0"}},{"base_weights":[1.8990774E0,-4.0565816E-1,3.1718658E1,5.023138E-1,-1.3160187E0,1.9404887E2,4.9948564E0,1.5580057E0,4.6378967E-1,7.784564E-2,-7.681689E0,-4.3470596E2,3.2918694E1,1.1219187E1,-2.6024938E-1,-2.96128E-1,4.9494395E-1,5.036061E-1,-9.722334E-1,-1.9876862E2,-4.0833932E-1,6.600356E-1,5.8430255E2,4.1266923E0,5.651859E-1,1.6586534E0,-5.294073E0,1.257737E-1,-9.966948E-1,4.9912253E-1,-1.12482525E-1,1.4295996E0,-8.683489E0,-1.2624462E2,5.2714205E-1,5.1897135E-2,-1.4286354E0,1.4991265E1,4.6794482E2,2.0536516E0,-2.3169774E-1,-2.610905E-1,1.3016804E-1,2.420901E-3,-3.5471094E-1,2.5071055E-1,1.4594574E-1,-1.9014978E-1,9.1093175E-2,1.7898785E0,-1.0475593E-1,-8.062795E1,-7.7593024E-3,-7.71279E-2,3.2308936E-1,-5.0191526E0,1.6257499E-1,4.1138312E-1,6.6993413E0],"categories":[1,2,3,4,0,1,2,3,4,5,0,1,2,3,4,5,6,7,8,9,10,12,13,1,2,3,4,1,0,1,2,3,4,5,6,7,8,10,0,1,2,4,5,6,7,8,10,11,13,0,1,2,3,4,0,1,2,3,4,5,12,2,0,1,2,3,4,5,0,1,2,3,4,5,6,7,8,9,10,11,12,13],"categories_nodes":[1,2,7,9,12,15,16,20,25,28,31,37],"categories_segments":[0,4,10,23,27,28,38,49,54,61,62,68],"categories_sizes":[4,6,13,4,1,10,11,5,7,1,6,14],"default_left":[0,0,0,0,0,0,1,0,0,0,1,0,0,1,0,0,0,0,0,1,0,0,0,0,0,0,0,0,0,0,1,0,1,0,0,0,1,0,0,0,0,0,0,0,0,0,0,0,0,0,0,0,0,0,0,0,0,0,0],"id":1,"left_children":[1,3,5,7,9,-1,11,13,15,17,19,-1,21,23,25,27,29,-1,31,33,35,-1,37,-1,-1,39,-1,41,43,45,47,49,51,-1,53,-1,55,57,-1,-1,-1,-1,-1,-1,-1,-1,-1,-1,-1,-1,-1,-1,-1,-1,-1,-1,-1,-1,-1],"loss_changes":[1.06673875E5,1.192271E3,1.8272751E6,2.8660233E1,6.3902705E3,0E0,4.421667E6,4.4229993E2,1.6682495E1,9.963957E2,1.7972228E5,0E0,1.8055741E6,6.843027E1,7.641957E2,8.440592E0,1.7601013E0,0E0,6.6427876E3,2.1005122E5,7.476074E1,0E0,3.1009858E6,0E0,0E0,2.6695847E2,0E0,6.039046E0,2.0031776E0,2.430069E0,1.3645647E0,2.211794E3,1.917496E5,0E0,1.7849919E0,0E0,1.387254E3,4.2545605E2,0E0,0E0,0E0,0E0,0E0,0E0,0E0,0E0,0E0,0E0,0E0,0E0,0E0,0E0,0E0,0E0,0E0,0E0,0E0,0E0,0E0],"parents":[2147483647,0,0,1,1,2,2,3,3,4,4,6,6,7,7,8,8,9,9,10,10,12,12,13,13,14,14,15,15,16,16,18,18,19,19,20,20,22,22,25,25,27,27,28,28,29,29,30,30,31,31,32,32,34,34,36,36,37,37],"right_children":[2,4,6,8,10,-1,12,14,16,18,20,-1,22,24,26,28,30,-1,32,34,36,-1,38,-1,-1,40,-1,42,44,46,48,50,52,-1,54,-1,56,58,-1,-1,-1,-1,-1,-1,-1,-1,-1,-1,-1,-1,-1,-1,-1,-1,-1,-1,-1,-1,-1],"split_conditions":[4E1,NaN,NaN,1.1E1,3.5E1,1.9404887E2,1.5E1,NaN,3.2E1,NaN,5.1E1,-4.3470596E2,NaN,3.3E1,3.9E1,NaN,NaN,5.036061E-1,3.3E1,2.377E3,NaN,6.600356E-1,4.416E3,4.1266923E0,5.651859E-1,NaN,-5.294073E0,2.6E1,NaN,5.6E1,3.8E1,NaN,1.3E1,-1.2624462E2,1.2E1,5.1897135E-2,1.3E1,NaN,4.6794482E2,2.0536516E0,-2.3169774E-1,-2.610905E-1,1.3016804E-1,2.420901E-3,-3.5471094E-1,2.5071055E-1,1.4594574E-1,-1.9014978E-1,9.1093175E-2,1.7898785E0,-1.0475593E-1,-8.062795E1,-7.7593024E-3,-7.71279E-2,3.2308936E-1,-5.0191526E0,1.6257499E-1,4.1138312E-1,6.6993413E0],"split_indices":[0,9,9,1,0,0,4,8,0,9,4,0,11,0,0,6,8,0,0,3,9,0,2,0,0,8,0,0,5,4,0,9,1,0,1,0,1,8,0,0,0,0,0,0,0,0,0,0,0,0,0,0,0,0,0,0,0,0,0],"split_type":[0,1,1,0,0,0,0,1,0,1,0,0,1,0,0,1,1,0,0,0,1,0,0,0,0,1,0,0,1,0,0,1,0,0,0,0,0,1,0,0,0,0,0,0,0,0,0,0,0,0,0,0,0,0,0,0,0,0,0],"sum_hessian":[1.5509691E3,1.4406116E3,1.1035751E2,7.214764E2,7.1913513E2,3.6287642E0,1.0672875E2,2.4012402E1,6.97464E2,5.9076544E2,1.2836969E2,1.0521224E0,1.0567663E2,2.9844444E0,2.1027958E1,2.7132841E1,6.703312E2,2.3377611E2,3.5698935E2,3.7415874E0,1.24628105E2,1.01050896E2,4.6257353E0,1.9744524E0,1.009992E0,1.9752542E1,1.2754147E0,1.7446512E1,9.686329E0,6.6592847E2,4.4027123E0,2.7282642E2,8.416293E1,1.2440302E0,2.4975572E0,7.992183E1,4.4706276E1,3.562198E0,1.0635371E0,5.723872E0,1.402867E1,3.690731E0,1.3755781E1,1.6599864E0,8.026342E0,2.174042E1,6.4418805E2,1.7220473E0,2.6806653E0,7.6180244E1,1.9664618E2,1.7435417E0,8.241939E1,1.2487786E0,1.2487786E0,4.245847E0,4.0460426E1,1.6630465E0,1.8991516E0],"tree_param":{"num_deleted":"0","num_feature":"13","num_nodes":"59",