{"learner":{"attributes":{"best_ntree_limit":"1"},"feature_names":[],"feature_types":["q","q","q","q","c","c","c","c","c","c"],"gradient_booster":{"model":{"gbtree_model_param":{"num_parallel_tree":"1","num_trees":"1","size_leaf_vector":"0"},"tree_info":[0],"trees":[{"base_weights":[-1.589125E0,-6.933918E-1,-2.3528528E0,-7.3422027E-1,5.4817957E-1,-3.216452E1,-1.2555081E0,-7.0531523E-1,-1.7244964E0,3.7135735E-1,4.4484314E-1,-3.9270206E2,-2.9657122E-1,-3.2268208E-2,-2.1900725E0,-7.1111065E-1,3.7879977E-1,-2.9417956E0,-8.8812554E-1,2.2713885E-1,3.9719516E-1,-1.9275849E0,1.1585969E0,-2.2210032E1,-7.282369E-1,3.0915263E-1,-7.1403855E-1,-1.84108E0,-6.4505877E0,-1.0456027E0,3.47523E-1,3.0630216E-1,-3.027317E-1,-2.231088E0,-1.1767384E0,1.4130291E0,-4.5993483E-1,-2.6751137E-1,-2.1906625E2,1.13352224E-1,-1.8702177E0,-2.1497175E-1,-4.588001E-2,-1.1988883E-1,-6.181233E-1,-5.3947535E0,-1.2643826E-1,-2.3170768E-1,-4.0384194E-1,1.4752251E-1,-1.5578188E-1,-3.5206315E-1,-7.6422423E-1,1.8688247E-1,-5.792093E-1,-4.2927867E-1,4.5344797E-1,-8.2607394E-1,2.5798175E-1,-5.752321E-1,4.0273753E-1,-3.2185212E-1,-3.340816E2,-4.7220936E0,-2.926088E-2],"categories":[1,2,3,4,4,5,6,7,8,10,11,1,2,3,4,0,1,2,4,5,6,7,8,10,0,2,3,4,1,2,3,4,2,4,0,1,2,3,4,5,6,7,11],"categories_nodes":[0,3,6,19,22,24,27,29],"categories_segments":[0,4,11,15,24,28,32,34],"categories_sizes":[4,7,4,9,4,4,2,9],"default_left":[0,1,1,0,1,1,0,1,1,1,0,0,0,0,1,0,0,0,1,0,0,0,0,0,0,0,1,0,1,0,0,0,0,0,0,0,1,0,0,0,1,0,0,0,0,0,0,0,0,0,0,0,0,0,0,0,0,0,0,0,0,0,0,0,0],"id":0,"left_children":[1,3,5,7,9,11,13,15,17,19,-1,-1,21,-1,23,25,-1,27,29,31,-1,33,35,37,39,-1,41,43,45,47,-1,49,-1,51,53,55,57,59,61,-1,63,-1,-1,-1,-1,-1,-1,-1,-1,-1,-1,-1,-1,-1,-1,-1,-1,-1,-1,-1,-1,-1,-1,-1,-1],"loss_changes":[3.8783164E3,1.3279126E2,1.00095625E5,7.117163E1,1.3285419E1,4.4198735E6,3.168211E3,2.8942383E1,6.970506E1,9.554837E0,0E0,0E0,2.5615533E2,0E0,4.7626664E4,1.3240967E1,0E0,9.817853E1,1.5242023E1,6.5246053E0,0E0,8.955841E0,2.4191193E1,4.783143E5,1.9183542E3,0E0,3.3720703E0,6.4767227E0,4.377502E2,2.323162E0,0E0,9.510805E0,0E0,8.744278E0,2.3924095E1,1.606504E1,2.8161053E1,2.6991187E2,2.164352E6,0E0,1.836851E4,0E0,0E0,0E0,0E0,0E0,0E0,0E0,0E0,0E0,0E0,0E0,0E0,0E0,0E0,0E0,0E0,0E0,0E0,0E0,0E0,0E0,0E0,0E0,0E0],"parents":[2147483647,0,0,1,1,2,2,3,3,4,4,5,5,6,6,7,7,8,8,9,9,12,12,14,14,15,15,17,17,18,18,19,19,21,21,22,22,23,23,24,24,26,26,27,27,28,28,29,29,31,31,33,33,34,34,35,35,36,36,37,37,38,38,40,40],"right_children":[2,4,6,8,10,12,14,16,18,20,-1,-1,22,-1,24,26,-1,28,30,32,-1,34,36,38,40,-1,42,44,46,48,-1,50,-1,52,54,56,58,60,62,-1,64,-1,-1,-1,-1,-1,-1,-1,-1,-1,-1,-1,-1,-1,-1,-1,-1,-1,-1,-1,-1,-1,-1,-1,-1],"split_conditions":[NaN,1.3E1,1E1,NaN,5.178E3,2.885E3,NaN,5.178E3,1E1,1.848E3,4.4484314E-1,-3.9270206E2,5.178E3,-3.2268208E-2,1.2E1,1.98E3,3.7879977E-1,3.5E1,7.298E3,NaN,3.9719516E-1,4.386E3,NaN,1.99998E5,NaN,3.0915263E-1,1.1E1,NaN,3.471E3,NaN,3.47523E-1,5.1E1,-3.027317E-1,3.137E3,4.416E3,7.298E3,2.0051E4,5.178E3,1.573E3,1.13352224E-1,4.1E1,-2.1497175E-1,-4.588001E-2,-1.1988883E-1,-6.181233E-1,-5.3947535E0,-1.2643826E-1,-2.3170768E-1,-4.0384194E-1,1.4752251E-1,-1.5578188E-1,-3.5206315E-1,-7.6422423E-1,1.8688247E-1,-5.792093E-1,-4.2927867E-1,4.5344797E-1,-8.2607394E-1,2.5798175E-1,-5.752321E-1,4.0273753E-1,-3.2185212E-1,-3.340816E2,-4.7220936E0,-2.926088E-2],"split_indices":[8,0,0,7,1,1,8,1,0,2,0,0,1,0,0,2,0,3,1,7,0,1,8,1,8,0,0,4,1,7,0,3,0,1,1,1,1,1,2,0,3,0,0,0,0,0,0,0,0,0,0,0,0,0,0,0,0,0,0,0,0,0,0,0,0],"split_type":[1,0,0,1,0,0,1,0,0,0,0,0,0,0,0,0,0,0,0,1,0,0,1,0,1,0,0,1,0,1,0,0,0,0,0,0,0,0,0,0,0,0,0,0,0,0,0,0,0,0,0,0,0,0,0,0,0,0,0,0,0,0,0,0,0],"sum_hessian":[5.6706396E3,2.6106562E3,3.0599834E3,2.5279348E3,8.2721306E1,1.076317E2,2.9523516E3,2.4579038E3,7.0031105E1,7.0736115E1,1.1985189E1,1.645026E0,1.0598667E2,1.3254209E3,1.6269307E3,2.4513237E3,6.580104E0,2.7495434E1,4.253567E1,6.2510986E1,8.22513E0,4.9820786E1,5.6165886E1,1.09746735E2,1.517184E3,3.5250556E0,2.4477986E3,2.209035E1,5.4050856E0,3.995063E1,2.5850408E0,5.945594E1,3.0550482E0,3.407554E1,1.5745249E1,4.8645767E1,7.5201187E0,9.964157E1,1.010516E1,7.710472E2,7.461368E2,2.4365186E3,1.1280178E1,3.290052E0,1.8800297E1,1.1750185E0,4.230067E0,2.279536E1,1.7155272E1,4.888077E1,1.0575167E1,8.930141E0,2.5145397E1,4.700074E0,1.1045175E1,1.1750185E0,4.747075E1,2.350037E0,5.1700816E0,4.9115776E1,5.05258E1,8.930141E0,1.1750185E0,8.366132E1,6.6247546E2],"tree_param":{"num_deleted":"0","num_feature":"10","num_nodes":"65","size_leaf_vector":"0"}}]},"name":"gbtree"},"learner_model_param":{"base_score":"5E-1","num_class":"0","num_feature":"10","num_target":"1"},"objective":{"name":"reg:squarederror","reg_loss_param":{"scale_pos_weight":"1"}}},"version":[1,6,2]}