{"learner":{"attributes":{"best_ntree_limit":"3"},"feature_names":[],"feature_types":["q","q","q","q","q","c","c","c","c","c","c","c","c"],"gradient_booster":{"model":{"gbtree_model_param":{"num_parallel_tree":"1","num_trees":"3","size_leaf_vector":"0"},"tree_info":[0,0,0],"trees":[{"base_weights":[-1.5889487E0,-6.95369E-1,-2.3503308E0,-7.3766047E-1,2.811019E-1,-9.221017E2,-1.2010263E0,-7.0648634E-1,-1.7948881E0,9.559311E-2,4.4847867E-1,-4.8621823E2,2.997458E-1,-1.482096E-1,-2.1288233E0,-7.098795E-1,3.254128E-1,-6.3602624E0,-1.1649749E0,2.7110785E-1,-8.955878E-1,-1.8899431E2,-1.185078E0,2.3093164E-1,-7.114865E-1,-1.1661471E-1,-1.7186784E0,-7.7103055E-1,5.5357283E-1,-8.383437E-1,-4.8167878E-1,-5.943233E-1,-1.7160025E2,-1.7283662E-1,-2.0943346E0,-4.5083222E-1,-2.1235941E-1,-3.1548867E-1,-3.018685E0,-1.8398853E-1,-4.145452E-1,1.3241577E-1,3.6160946E-1,-5.9151668E-2,-3.7831762E-1,-2.8574793E0,-7.237762E-2],"categories":[1,2,3,4,4,5,6,7,8,10,11,13,1,2,3,4,0,1,2,4,5,6,7,8,10,11,0,1,2,3,4,5,6,7,8,9,10,11,13,1,2,3,4],"categories_nodes":[0,3,6,9,18,22],"categories_segments":[0,4,12,16,26,39],"categories_sizes":[4,8,4,10,13,4],"default_left":[0,1,1,0,1,1,0,1,1,0,0,0,0,0,1,0,0,0,0,1,1,0,0,0,0,0,0,1,1,0,0,0,0,0,1,0,0,0,0,0,0,0,0,0,0,0,0],"id":0,"left_children":[1,3,5,7,9,11,13,15,17,19,-1,-1,-1,-1,21,23,-1,-1,25,27,29,31,33,-1,35,-1,37,39,41,-1,43,-1,-1,-1,45,-1,-1,-1,-1,-1,-1,-1,-1,-1,-1,-1,-1],"loss_changes":[3.8570986E3,1.0802051E2,3.2355735E6,8.12135E1,2.4424137E1,2.465174E6,2.0055586E3,1.5554932E1,8.435919E2,1.689256E1,0E0,0E0,0E0,0E0,2.3303181E5,6.3222656E0,0E0,0E0,2.9357285E1,2.4587418E1,1.01528425E1,4.744783E5,7.280243E2,0E0,5.890381E0,0E0,2.147171E2,8.790264E-1,4.232342E0,0E0,2.682783E0,0E0,0E0,0E0,7.2663013E3,0E0,0E0,0E0,0E0,0E0,0E0,0E0,0E0,0E0,0E0,0E0,0E0],"parents":[2147483647,0,0,1,1,2,2,3,3,4,4,5,5,6,6,7,7,8,8,9,9,14,14,15,15,18,18,19,19,20,20,21,21,22,22,24,24,26,26,27,27,28,28,30,30,34,34],"right_children":[2,4,6,8,10,12,14,16,18,20,-1,-1,-1,-1,22,24,-1,-1,26,28,30,32,34,-1,36,-1,38,40,42,-1,44,-1,-1,-1,46,-1,-1,-1,-1,-1,-1,-1,-1,-1,-1,-1,-1],"split_conditions":[NaN,1.1E1,3.5E1,NaN,5.178E3,2.415E3,NaN,5.178E3,3.8E1,NaN,4.4847867E-1,-4.8621823E2,2.997458E-1,-1.482096E-1,4.8E1,1.98E3,3.254128E-1,-6.3602624E0,NaN,2.6E1,3.7E1,1.408E3,NaN,2.3093164E-1,3.3E1,-1.1661471E-1,4.8E1,4E1,1.848E3,-8.383437E-1,5.3E1,-5.943233E-1,-1.7160025E2,-1.7283662E-1,1.1E1,-4.5083222E-1,-2.1235941E-1,-3.1548867E-1,-3.018685E0,-1.8398853E-1,-4.145452E-1,1.3241577E-1,3.6160946E-1,-5.9151668E-2,-3.7831762E-1,-2.8574793E0,-7.237762E-2],"split_indices":[9,1,0,8,2,3,9,2,0,8,0,0,0,0,0,3,0,0,8,0,0,3,9,0,0,0,0,4,3,0,0,0,0,0,1,0,0,0,0,0,0,0,0,0,0,0,0],"split_type":[1,0,0,1,0,0,1,0,0,1,0,0,0,0,0,0,0,0,1,0,0,0,1,0,0,0,0,0,0,0,0,0,0,0,0,0,0,0,0,0,0,0,0,0,0,0,0],"sum_hessian":[5.6706396E3,2.6097163E3,3.0609233E3,2.5016145E3,1.0810171E2,2.8200445E0,3.0581033E3,2.4315835E3,7.0031105E1,9.47065E1,1.3395211E1,1.1750185E0,1.645026E0,1.7364424E3,1.3216609E3,2.4275884E3,3.995063E0,1.1750185E0,6.885609E1,8.107628E1,1.3630215E1,5.640089E0,1.3160208E3,2.1150334E0,2.4254734E3,2.9375463E1,3.948062E1,1.6920267E1,6.415601E1,1.4100223E0,1.2220193E1,4.4650707E0,1.1750185E0,7.8914246E2,5.268783E2,9.165145E0,2.416308E3,3.7600594E1,1.8800297E0,1.5040237E1,1.8800297E0,5.6165886E1,7.990126E0,9.870155E0,2.350037E0,1.04341644E2,4.2253668E2],"tree_param":{"num_deleted":"0","num_feature":"13","num_nodes":"47","size_leaf_vector":"0"}},{"base_weights":[4.4125657E0,2.2387793E1,7.066706E-1,1.0242562E3,1.2447815E0,2.325234E0,-1.3430256E-1,3.1746035E0,4.8378433E2,-4.217408E2,1.9923796E1,1.1931005E0,1.8885972E-1,-3.5747647E0,-6.808928E-2,2.1862814E-1,3.7472943E2,-3.1231754E1,2.0149856E0,4.9430144E-1,-1.165224E0,3.4416816E0,-1.3307801E-1,5.1601243E-1,-5.3023225E-1,-4.8159134E1,-3.0178368E-1,1.0970466E0,-1.8483973E-1,8.863386E-1,-9.7690935E0,-7.2776936E-2,1.5622675E-1,1.6351884E-2,-5.360906E-1,-2.1357624E1,-3.1905267E-1,-1.808589E-1,4.9058726E-1],"categories":[0,2,3,4,5,0,1,2,3,4,5,6,7,8,9,10,12,13,14,0,1,2,3,4,5,1,1,2,3,4,0,1,2,3,4,0,1,2,3,4,5,6,0,1,2,3,4],"categories_nodes":[1,2,5,10,14,18,19,21],"categories_segments":[0,5,19,25,26,30,35,42],"categories_sizes":[5,14,6,1,4,5,7,5],"default_left":[0,0,0,0,1,0,1,0,0,0,0,0,1,0,0,0,0,0,0,0,1,0,0,0,0,1,1,0,0,0,0,0,0,0,0,0,0,0,0],"id":1,"left_children":[1,3,5,7,9,11,13,-1,-1,-1,15,-1,17,-1,19,-1,-1,-1,21,23,25,27,29,31,33,35,37,-1,-1,-1,-1,-1,-1,-1,-1,-1,-1,-1,-1],"loss_changes":[6.1896055E4,3.3631142E6,1.0505618E3,1.9399508E6,4.1424242E6,9.304116E2,3.9602698E2,0E0,0E0,0E0,3.667545E6,0E0,2.2323387E4,0E0,3.1332193E2,0E0,0E0,0E0,3.531736E2,7.7429886E0,6.9673755E3,6.266095E1,4.7919756E3,1.3114014E0,5.5805583E0,3.284995E3,1.0011453E2,0E0,0E0,0E0,0E0,0E0,0E0,0E0,0E0,0E0,0E0,0E0,0E0],"parents":[2147483647,0,0,1,1,2,2,3,3,4,4,5,5,6,6,10,10,12,12,14,14,18,18,19,19,20,20,21,21,22,22,23,23,24,24,25,25,26,26],"right_children":[2,4,6,8,10,12,14,-1,-1,-1,16,-1,18,-1,20,-1,-1,-1,22,24,26,28,30,32,34,36,38,-1,-1,-1,-1,-1,-1,-1,-1,-1,-1,-1,-1],"split_conditions":[4.8E1,NaN,NaN,2.457E3,4E0,NaN,1.6E1,3.1746035E0,4.8378433E2,-4.217408E2,NaN,1.1931005E0,5.6E1,-3.5747647E0,NaN,2.1862814E-1,3.7472943E2,-3.1231754E1,NaN,NaN,5.8E1,NaN,6E1,2.9E1,5.5E1,9.8E1,6.418E3,1.0970466E0,-1.8483973E-1,8.863386E-1,-9.7690935E0,-7.2776936E-2,1.5622675E-1,1.6351884E-2,-5.360906E-1,-2.1357624E1,-3.1905267E-1,-1.808589E-1,4.9058726E-1],"split_indices":[0,9,6,3,1,9,4,0,0,0,11,0,0,0,9,0,0,0,9,8,0,8,0,4,0,4,2,0,0,0,0,0,0,0,0,0,0,0,0],"split_type":[0,1,1,0,0,1,0,0,0,0,1,0,0,0,1,0,0,0,1,1,0,1,0,0,0,0,0,0,0,0,0,0,0,0,0,0,0,0,0],"sum_hessian":[9.284081E2,1.578286E2,7.7057947E2,2.2813613E0,1.5554724E2,2.628757E2,5.077038E2,1.2117095E0,1.0696518E0,1.0649629E0,1.5448228E2,1.4776646E2,1.15109245E2,1.8372253E0,5.0586655E2,1.5309215E2,1.3901254E0,1.0169941E0,1.14092255E2,3.347985E2,1.7106808E2,6.8195854E1,4.5896397E1,3.28337E2,6.4614773E0,2.0981388E0,1.6896994E2,6.485609E1,3.339766E0,4.2736576E1,3.1598208E0,1.7286968E0,3.266083E2,5.062574E0,1.3989031E0,1.0654247E0,1.0327141E0,1.4683601E2,2.2133928E1],"tree_param":{"num_deleted":"0","num_feature":"13","num_nodes":"39","size_leaf_vector":"0"}},{"base_weights":[-5.027297E0,-1.4247511E1,5.348302E0,9.4608843E-1,-2.584624E2,7.0464066E1,1.2346548E0,1.2505051E1,-5.9433484E-1,-1.7005264E2,-9.553395E1,2.2512088E0,1.5009747E2,2.2063148E0,-5.557213E-1,-3.7750566E-1,5.9681366E1,-7.87754E-1,2.5966644E0,-1.7591318E2,8.5020805E1,2.3283489E0,-2.1563019E-1,1.7012405E0,-2.1180618E1,-5.523113E0,-6.407393E-1,-9.127434E1,-1.082592E2,7.113088E-1,-7.1688846E-2,-1.1850061E0,9.168316E-1,9.3847406E-1,-4.3816796E-1,1.780609E0,-2.9803844E1,-2.8582296E-1,-4.015584E0,-2.7303615E-1,2.91766E-3,-5.521719E1,5.635607E1,-1.2745371E-1,1.0101015E-1,8.0530554E-1,-1.883101E-2,-3.770825E0,7.977624E-1,1.253684E0,1.0217536E-1],"categories":[3,4,5,4,5,1,1,2,3,4,0,1,2,3,4,5,6,7,8,4,5,2,1,2,3,4,0,1,2,3,4,5,6,7,8],"categories_nodes":[3,4,5,6,13,19,21,23,32],"categories_segments":[0,3,5,6,10,19,21,22,26],"categories_sizes":[3,2,1,4,9,2,1,4,9],"default_left":[0,0,0,0,0,0,0,1,1,0,0,0,0,0,0,0,0,1,0,0,0,0,1,0,0,0,0,0,0,0,1,0,0,0,1,0,0,0,0,0,0,0,0,0,0,0,0,0,0,0,0],"id":2,"left_children":[1,3,5,7,9,11,13,15,17,-1,19,-1,-1,21,23,-1,-1,25,-1,27,-1,29,31,33,35,37,39,-1,41,-1,43,-1,45,-1,47,49,-1,-1,-1,-1,-1,-1,-1,-1,-1,-1,-1,-1,-1,-1,-1],"loss_changes":[5.7409516E4,1.1786885E6,7.564198E4,5.348989E3,8.80651E5,4.5041388E5,4.6559393E2,9.088712E4,4.8212732E2,0E0,4.5727778E5,0E0,0E0,5.1701965E1,4.444456E3,0E0,0E0,1.782608E2,0E0,6.823322E4,0E0,1.7072083E1,4.263474E1,2.6480438E2,1.7075605E4,2.6508643E2,4.45876E1,0E0,2.4067494E5,0E0,6.9884604E-1,0E0,1.3829935E1,0E0,1.3636974E3,2.7104197E1,0E0,0E0,0E0,0E0,0E0,0E0,0E0,0E0,0E0,0E0,0E0,0E0,0E0,0E0,0E0],"parents":[2147483647,0,0,1,1,2,2,3,3,4,4,5,5,6,6,7,7,8,8,10,10,13,13,14,14,17,17,19,19,21,21,22,22,23,23,24,24,25,25,26,26,28,28,30,30,32,32,34,34,35,35],