{"learner":{"attributes":{"best_ntree_limit":"1"},"feature_names":[],"feature_types":["q","q","q","q","c","c","c","c","c","c"],"gradient_booster":{"model":{"gbtree_model_param":{"num_parallel_tree":"1","num_trees":"1","size_leaf_vector":"0"},"tree_info":[0],"trees":[{"base_weights":[-1.589081E0,-6.952422E-1,-2.3440354E0,-7.3839504E-1,3.353785E-1,-2.7503948E1,-1.2555563E0,-7.055548E-1,-1.8338289E0,1.6449665E-1,4.4613963E-1,-3.572859E2,-5.9659326E-1,-2.9152831E-2,-2.1813695E0,-7.086983E-1,3.6961573E-1,-2.0593338E0,3.4477517E-1,3.460272E-1,-8.272361E-1,-2.0527956E0,1.1161965E0,-2.0361946E1,-7.3900396E-1,2.8197798E-1,-7.100481E-1,-2.981257E0,-1.0770823E0,5.306383E-1,-1.5588899E-1,-5.651522E-1,-3.755846E-1,-2.2323663E0,-1.3911902E0,1.3387951E0,-3.4256557E-1,-2.2894666E2,-1.1143416E0,1.1684539E-1,-1.8780903E0,-2.1235512E-1,-4.0052834E-1,-5.3366035E-1,-4.049919E0,-1.9301635E-1,-4.788043E-1,2.5634623E-1,8.1333086E-2,-2.9401428E-1,8.9898854E-2,-5.52735E-1,-7.6422423E-1,1.8688247E-1,-6.5921164E-1,-4.145452E-1,4.4146207E-1,-1.6706475E0,3.7549922E-1,-3.201507E2,-2.056796E-1,-1.7499821E-1,-6.108793E-1,-4.26531E0,-3.288566E-2],"categories":[1,2,3,4,4,5,6,7,8,11,13,1,2,3,4,0,1,2,4,5,6,7,8,10,11,0,2,3,4,5,1,2,3,4,0,1,2,3,4,5,6,7,11,0,1,2,3,4,5,6,7,9,11,13,15,1,2,3,4],"categories_nodes":[0,3,6,9,22,24,28,29,38],"categories_segments":[0,4,11,15,25,30,34,43,55],"categories_sizes":[4,7,4,10,5,4,9,12,4],"default_left":[0,1,1,0,1,1,0,1,1,0,0,0,0,0,1,0,0,1,0,0,0,0,0,1,0,0,1,0,0,0,0,0,0,0,0,0,1,1,0,0,1,0,0,0,0,0,0,0,0,0,0,0,0,0,0,0,0,0,0,0,0,0,0,0,0],"id":0,"left_children":[1,3,5,7,9,11,13,15,17,19,-1,-1,21,-1,23,25,-1,27,-1,29,31,33,35,37,39,-1,41,43,45,47,-1,49,-1,51,53,55,57,59,61,-1,63,-1,-1,-1,-1,-1,-1,-1,-1,-1,-1,-1,-1,-1,-1,-1,-1,-1,-1,-1,-1,-1,-1,-1,-1],"loss_changes":[3.8254766E3,1.1580322E2,8.415408E4,8.843164E1,2.0441807E1,3.988591E6,3.161043E3,1.5632324E1,5.07816E1,1.6966267E1,0E0,0E0,3.1543915E2,0E0,4.2945395E4,6.05249E0,0E0,5.770691E1,0E0,1.2904111E1,9.209528E-1,4.9981384E0,1.9402985E1,4.830488E5,1.9531809E3,0E0,2.3771973E0,4.0770795E2,6.655613E0,5.284069E0,0E0,4.193979E0,0E0,1.6938171E0,2.9322212E1,2.038723E1,7.79587E1,1.9442012E6,5.325879E1,0E0,1.649752E4,0E0,0E0,0E0,0E0,0E0,0E0,0E0,0E0,0E0,0E0,0E0,0E0,0E0,0E0,0E0,0E0,0E0,0E0,0E0,0E0,0E0,0E0,0E0,0E0],"parents":[2147483647,0,0,1,1,2,2,3,3,4,4,5,5,6,6,7,7,8,8,9,9,12,12,14,14,15,15,17,17,19,19,20,20,21,21,22,22,23,23,24,24,26,26,27,27,28,28,29,29,31,31,33,33,34,34,35,35,36,36,37,37,38,38,40,40],"right_children":[2,4,6,8,10,12,14,16,18,20,-1,-1,22,-1,24,26,-1,28,-1,30,32,34,36,38,40,-1,42,44,46,48,-1,50,-1,52,54,56,58,60,62,-1,64,-1,-1,-1,-1,-1,-1,-1,-1,-1,-1,-1,-1,-1,-1,-1,-1,-1,-1,-1,-1,-1,-1,-1,-1],"split_conditions":[NaN,1.1E1,1E1,NaN,5.178E3,2.176E3,NaN,5.178E3,5.178E3,NaN,4.4613963E-1,-3.572859E2,5.06E3,-2.9152831E-2,1.2E1,1.98E3,3.6961573E-1,1E1,3.4477517E-1,7.2E1,3.8E1,4.386E3,NaN,5.6E1,NaN,2.8197798E-1,4.3E1,3.8E1,NaN,NaN,-1.5588899E-1,3.3E1,-3.755846E-1,3.137E3,4.416E3,7.298E3,5.8E1,2.051E3,NaN,1.1684539E-1,4.1E1,-2.1235512E-1,-4.0052834E-1,-5.3366035E-1,-4.049919E0,-1.9301635E-1,-4.788043E-1,2.5634623E-1,8.1333086E-2,-2.9401428E-1,8.9898854E-2,-5.52735E-1,-7.6422423E-1,1.8688247E-1,-6.5921164E-1,-4.145452E-1,4.4146207E-1,-1.6706475E0,3.7549922E-1,-3.201507E2,-2.056796E-1,-1.7499821E-1,-6.108793E-1,-4.26531E0,-3.288566E-2],"split_indices":[8,0,0,7,1,1,8,1,1,7,0,0,1,0,0,2,0,0,0,3,3,1,8,3,8,0,3,3,7,5,0,3,0,1,1,1,3,2,8,0,3,0,0,0,0,0,0,0,0,0,0,0,0,0,0,0,0,0,0,0,0,0,0,0,0],"split_type":[1,0,0,1,0,0,1,0,0,1,0,0,0,0,0,0,0,0,0,0,0,0,1,0,1,0,0,0,1,1,0,0,0,0,0,0,0,0,1,0,0,0,0,0,0,0,0,0,0,0,0,0,0,0,0,0,0,0,0,0,0,0,0,0,0],"sum_hessian":[5.6704043E3,2.597261E3,3.0731436E3,2.4931543E3,1.0410664E2,1.26432E2,2.9467114E3,2.4221833E3,7.097112E1,9.165144E1,1.2455196E1,1.8800297E0,1.2455196E2,1.3094407E3,1.6372709E3,2.418893E3,3.290052E0,6.627105E1,4.700074E0,7.802123E1,1.3630215E1,6.721106E1,5.7340904E1,1.1938188E2,1.5178889E3,1.4100223E0,2.4174832E3,3.3135525E1,3.3135525E1,6.462602E1,1.3395211E1,9.870155E0,3.7600594E0,5.0995804E1,1.6215256E1,4.9820786E1,7.5201187E0,9.165145E0,1.1021674E2,7.62822E2,7.550669E2,2.4111382E3,6.3451004E0,3.0785486E1,2.350037E0,1.9270304E1,1.3865219E1,2.7730438E1,3.6895584E1,6.580104E0,3.290052E0,2.5850409E1,2.5145397E1,4.700074E0,1.1515182E1,1.8800297E0,4.7940758E1,1.1750185E0,6.3451004E0,1.1750185E0,7.990126E0,7.097112E1,3.924562E1,9.376648E1,6.613004E2],"tree_param":{"num_deleted":"0","num_feature":"10","num_nodes":"65","size_leaf_vector":"0"}}]},"name":"gbtree"},"learner_model_param":{"base_score":"5E-1","num_class":"0","num_feature":"10","num_target":"1"},"objective":{"name":"reg:squarederror","reg_loss_param":{"scale_pos_weight":"1"}}},"version":[1,6,2]}