{"learner":{"attributes":{"best_ntree_limit":"1"},"feature_names":[],"feature_types":["q","q","q","q","c","c","c","c","c","c"],"gradient_booster":{"model":{"gbtree_model_param":{"num_parallel_tree":"1","num_trees":"1","size_leaf_vector":"0"},"tree_info":[0],"trees":[{"base_weights":[-7.2086465E-1,-1.161205E-1,-1.2363576E0,-9.986224E-2,-8.265574E-1,-1.8739935E1,-5.489678E-1,-1.16973765E-1,3.884847E-1,-3.5383604E0,-3.1464958E-1,-5.3205835E2,-1.028122E-2,6.1847307E-2,-1.1605725E0,-1.1938103E-1,2.943066E-1,2.9257146E-1,2.8329772E-1,-3.6969438E-1,-5.2537265E0,-4.0551117E-1,2.502653E-1,-8.5398257E-1,8.8664526E-1,-1.4171419E1,-2.1953173E-1,-1.1501281E-1,-5.13451E-1,6.422382E-1,1.4784472E-1,-2.4348937E-1,2.5358862E-1,-2.0772533E-1,-8.4805256E-1,-1.0043797E0,-3.9578336E-1,1.0526001E0,-1.0336777E-1,-6.947811E2,-5.004126E-1,1.4755912E-1,-9.4320965E-1,2.5347915E-1,-3.469666E-2,8.462705E-2,-2.0362242E-1,2.4211812E-1,1.08837545E-1,1.972796E-2,2.5903746E-1,-5.770245E-2,-1.5689358E-1,-5.232105E-1,-1.3976642E-1,-3.8036454E-1,-2.5217864E-1,2.4358507E-1,-2.871795E-1,-3.0873978E-1,3.3810985E-1,-1.1352183E0,3.1917238E-1,-3.6882605E2,-4.447097E-3,-3.918884E-2,-3.4584662E-1,-2.6655948E0,4.7383215E-2],"categories":[1,2,3,4,4,5,6,7,8,10,1,2,3,4,2,11,12,13,0,1,2,3,4,5,6,7,8,9,11,13,14,15,4,6,7,0,2,3,4,5,1,2,3,4,1,2,0,2,6,1,2,3,4],"categories_nodes":[0,1,6,15,17,21,24,26,28,29,40],"categories_segments":[0,4,10,14,18,32,35,40,44,46,49],"categories_sizes":[4,6,4,4,14,3,5,4,2,3,4],"default_left":[0,0,1,1,1,1,0,1,1,0,1,0,0,0,1,0,0,0,0,0,0,0,0,0,0,1,0,0,0,0,1,0,0,1,1,0,0,0,1,1,0,0,1,0,0,0,0,0,0,0,0,0,0,0,0,0,0,0,0,0,0,0,0,0,0,0,0,0,0],"id":0,"left_children":[1,3,5,7,9,11,13,15,17,19,21,-1,23,-1,25,27,-1,29,-1,31,-1,33,-1,35,37,39,41,43,45,47,49,-1,-1,51,53,55,57,59,61,63,65,-1,67,-1,-1,-1,-1,-1,-1,-1,-1,-1,-1,-1,-1,-1,-1,-1,-1,-1,-1,-1,-1,-1,-1,-1,-1,-1,-1],"loss_changes":[3.4225757E3,5.8286728E1,7.1301445E4,4.1338306E1,1.556441E2,7.359921E6,2.6345713E3,1.2738159E1,8.65452E0,7.8319037E2,1.0368725E1,0E0,1.6918362E2,0E0,3.858484E4,8.144066E0,0E0,7.208256E0,0E0,9.040426E0,0E0,7.6767654E0,0E0,7.540909E0,1.79141E1,1.9774398E6,1.5140836E3,3.0064545E0,7.0234785E0,1.6392422E0,6.0151386E0,0E0,0E0,2.0655012E-1,8.565506E0,2.64917E0,2.1200808E1,1.555513E1,7.4782524E1,1.5544114E6,5.0361126E1,0E0,1.2750607E4,0E0,0E0,0E0,0E0,0E0,0E0,0E0,0E0,0E0,0E0,0E0,0E0,0E0,0E0,0E0,0E0,0E0,0E0,0E0,0E0,0E0,0E0,0E0,0E0,0E0,0E0],"parents":[2147483647,0,0,1,1,2,2,3,3,4,4,5,5,6,6,7,7,8,8,9,9,10,10,12,12,14,14,15,15,17,17,19,19,21,21,23,23,24,24,25,25,26,26,27,27,28,28,29,29,30,30,33,33,34,34,35,35,36,36,37,37,38,38,39,39,40,40,42,42],"right_children":[2,4,6,8,10,12,14,16,18,20,22,-1,24,-1,26,28,-1,30,-1,32,-1,34,-1,36,38,40,42,44,46,48,50,-1,-1,52,54,56,58,60,62,64,66,-1,68,-1,-1,-1,-1,-1,-1,-1,-1,-1,-1,-1,-1,-1,-1,-1,-1,-1,-1,-1,-1,-1,-1,-1,-1,-1,-1],"split_conditions":[NaN,NaN,1E1,1.1E1,1E1,2.463E3,NaN,5.178E3,5.178E3,1.99998E5,7.298E3,-5.3205835E2,5.06E3,6.1847307E-2,1.2E1,NaN,2.943066E-1,NaN,2.8329772E-1,5.06E3,-5.2537265E0,NaN,2.502653E-1,4.386E3,NaN,5.8E1,NaN,1.98E3,NaN,NaN,1.848E3,-2.4348937E-1,2.5358862E-1,1.1E1,1.3E1,2.993E3,4.416E3,7.298E3,5.6E1,2.547E3,NaN,1.4755912E-1,4.1E1,2.5347915E-1,-3.469666E-2,8.462705E-2,-2.0362242E-1,2.4211812E-1,1.08837545E-1,1.972796E-2,2.5903746E-1,-5.770245E-2,-1.5689358E-1,-5.232105E-1,-1.3976642E-1,-3.8036454E-1,-2.5217864E-1,2.4358507E-1,-2.871795E-1,-3.0873978E-1,3.3810985E-1,-1.1352183E0,3.1917238E-1,-3.6882605E2,-4.447097E-3,-3.918884E-2,-3.4584662E-1,-2.6655948E0,4.7383215E-2],"split_indices":[8,7,0,0,0,1,8,1,1,1,1,0,1,0,0,7,0,5,0,1,0,7,0,1,8,3,8,2,4,4,2,0,0,0,0,1,1,1,3,2,8,0,3,0,0,0,0,0,0,0,0,0,0,0,0,0,0,0,0,0,0,0,0,0,0,0,0,0,0],"split_type":[1,1,0,0,0,0,1,0,0,0,0,0,0,0,0,1,0,1,0,0,0,1,0,0,1,0,1,0,1,1,0,0,0,0,0,0,0,0,0,0,1,0,0,0,0,0,0,0,0,0,0,0,0,0,0,0,0,0,0,0,0,0,0,0,0,0,0,0,0],"sum_hessian":[1.0978358E4,5.0524106E3,5.9259478E3,4.940489E3,1.1192193E2,2.2293393E2,5.7030137E3,4.7739707E3,1.6651799E2,1.6833786E1,9.508814E1,1.3649015E0,2.2156903E2,2.552366E3,3.150648E3,4.7644165E3,9.554311E0,1.4331467E2,2.3203327E1,1.455895E1,2.274836E0,8.8718605E1,6.3695407E0,1.1419677E2,1.0737226E2,2.1155975E2,2.9390881E3,4.71346E3,5.0956326E1,4.094705E1,1.0236762E2,1.0919212E1,3.6397376E0,6.2330505E1,2.6388098E1,8.5078865E1,2.91179E1,9.190337E1,1.5468884E1,3.1847703E0,2.0837498E2,1.4822831E3,1.4568049E3,2.274836E0,4.7111855E3,8.644377E0,4.231195E1,2.456823E1,1.6378819E1,9.281331E1,9.554311E0,6.0965607E1,1.3649015E0,6.824508E0,1.956359E1,3.0027836E1,5.5051033E1,9.099344E0,2.0018557E1,2.729803E0,8.917357E1,3.1847703E0,1.2284115E1,1.3649015E0,1.8198688E0,1.3376036E2,7.4614624E1,1.7652727E2,1.2802777E3],"tree_param":{"num_deleted":"0","num_feature":"10","num_nodes":"69","size_leaf_vector":"0"}}]},"name":"gbtree"},"learner_model_param":{"base_score":"5E-1","num_class":"0","num_feature":"10","num_target":"1"},"objective":{"name":"reg:squarederror","reg_loss_param":{"scale_pos_weight":"1"}}},"version":[1,6,2]}