{"learner":{"attributes":{"best_ntree_limit":"1"},"feature_names":[],"feature_types":["q","q","q","q","c","c","c","c","c","c"],"gradient_booster":{"model":{"gbtree_model_param":{"num_parallel_tree":"1","num_trees":"1","size_leaf_vector":"0"},"tree_info":[0],"trees":[{"base_weights":[-7.174221E-1,-1.0268128E-1,-1.2417887E0,-8.6373664E-2,-8.3994937E-1,-2.0468079E1,-5.3741235E-1,-1.0373992E-1,5.0967985E-1,-3.2814643E0,-3.5988265E-1,-1.028729E3,9.4531484E-2,6.677249E-2,-1.1564296E0,-1.0712794E-1,2.8399858E-1,7.688904E-1,3.6741906E-1,-3.115981E-1,-1.4428258E1,-4.5228338E-1,2.3046745E-1,-5.4580304E2,-2.5818878E-1,-8.109586E-1,8.977985E-1,-1.4312396E1,-2.0023498E-1,-1.0269263E-1,-5.622E-1,8.116472E-1,3.4940448E-2,2.7203465E-1,2.5662768E-1,-7.533976E-1,2.5415853E-1,-2.7393445E-1,-6.5527215E0,-2.964726E-1,-8.1872827E-1,-1.0071715E0,-3.6781552E-1,1.0611713E0,-1.5929964E-1,9.991061E-2,-1.4951845E2,1.517066E-1,-9.295716E-1,2.9886296E-1,-3.1281985E-2,7.651966E-2,-2.2372653E-1,2.4877377E-1,4.079203E-2,3.0997483E-2,-1.4465591E-2,5.9561435E-2,2.6221716E-1,-1.0430835E-1,-2.79491E-1,2.8480116E-2,-9.205642E-2,-5.673312E-1,-9.454959E-2,-1.4976206E-1,-3.521673E-1,2.4713603E-1,-2.6670906E-1,-3.296062E-1,3.3776516E-1,-2.210146E0,3.1585187E-1,-2.6588604E-1,3.173561E-1,-1.2221629E-1,-2.8097763E2,-2.8812623E0,5.176249E-2],"categories":[1,2,3,4,4,5,6,7,8,10,1,2,3,4,0,1,2,3,4,5,6,7,8,9,11,13,14,15,2,11,13,0,1,2,3,4,5,6,7,8,9,10,11,12,13,14,15,16,17,18,19,20,21,22,23,24,25,26,27,28,29,30,31,32,33,34,4,5,7,2,3,4,1,2,3,4,1,2,0,1,2,3,4,5,6,7,8,0,1,2,3,4,5,6,7,8],"categories_nodes":[0,1,6,8,15,17,21,26,28,30,32,35],"categories_segments":[0,4,10,14,28,31,66,69,72,76,78,87],"categories_sizes":[4,6,4,14,3,35,3,3,4,2,9,9],"default_left":[0,0,1,1,1,1,0,1,0,0,1,1,0,0,1,0,0,0,1,0,0,0,0,0,0,0,0,0,0,0,0,0,0,1,0,0,0,0,0,0,1,0,0,0,1,0,0,0,1,0,0,0,0,0,0,0,0,0,0,0,0,0,0,0,0,0,0,0,0,0,0,0,0,0,0,0,0,0,0],"id":0,"left_children":[1,3,5,7,9,11,13,15,17,19,21,23,25,-1,27,29,-1,31,33,35,37,39,-1,-1,-1,41,43,45,47,49,51,53,55,57,-1,59,-1,-1,-1,61,63,65,67,69,71,73,75,-1,77,-1,-1,-1,-1,-1,-1,-1,-1,-1,-1,-1,-1,-1,-1,-1,-1,-1,-1,-1,-1,-1,-1,-1,-1,-1,-1,-1,-1,-1,-1],"loss_changes":[3.539064E3,6.0706936E1,8.0230305E4,5.12598E1,1.26907646E2,4.3409595E6,2.6896772E3,1.7211132E1,4.888176E0,5.858825E2,9.984091E0,3.399177E6,1.5070059E2,0E0,3.9632367E4,9.616745E0,0E0,1.5021572E0,4.0706024E0,8.370823E0,3.5379376E2,4.6720333E0,0E0,0E0,0E0,8.103127E0,1.9120773E1,4.1598862E5,1.5132551E3,8.35125E0,7.097087E0,4.3472672E-1,2.6192803E-2,3.3130684E0,0E0,5.0507927E-1,0E0,0E0,0E0,2.8093672E-1,1.2965368E1,5.085533E0,2.0285725E1,1.4540047E1,1.4369374E2,1.8412471E2,2.4129898E6,0E0,1.3821459E4,0E0,0E0,0E0,0E0,0E0,0E0,0E0,0E0,0E0,0E0,0E0,0E0,0E0,0E0,0E0,0E0,0E0,0E0,0E0,0E0,0E0,0E0,0E0,0E0,0E0,0E0,0E0,0E0,0E0,0E0],"parents":[2147483647,0,0,1,1,2,2,3,3,4,4,5,5,6,6,7,7,8,8,9,9,10,10,11,11,12,12,14,14,15,15,17,17,18,18,19,19,20,20,21,21,25,25,26,26,27,27,28,28,29,29,30,30,31,31,32,32,33,33,35,35,39,39,40,40,41,41,42,42,43,43,44,44,45,45,46,46,48,48],"right_children":[2,4,6,8,10,12,14,16,18,20,22,24,26,-1,28,30,-1,32,34,36,38,40,-1,-1,-1,42,44,46,48,50,52,54,56,58,-1,60,-1,-1,-1,62,64,66,68,70,72,74,76,-1,78,-1,-1,-1,-1,-1,-1,-1,-1,-1,-1,-1,-1,-1,-1,-1,-1,-1,-1,-1,-1,-1,-1,-1,-1,-1,-1,-1,-1,-1,-1],"split_conditions":[NaN,NaN,1E1,1.3E1,1E1,2.885E3,NaN,5.178E3,NaN,1.99998E5,7.298E3,3.77E3,5.178E3,6.677249E-2,1.2E1,NaN,2.8399858E-1,NaN,5.178E3,5.178E3,1.741E3,NaN,2.3046745E-1,-5.4580304E2,-2.5818878E-1,4.386E3,NaN,1.99998E5,NaN,1.98E3,NaN,6.1E1,NaN,1.848E3,2.5662768E-1,NaN,2.5415853E-1,-2.7393445E-1,-6.5527215E0,1.1E1,1.3E1,3.137E3,4.416E3,7.298E3,6E1,5.178E3,1.573E3,1.517066E-1,4.1E1,2.9886296E-1,-3.1281985E-2,7.651966E-2,-2.2372653E-1,2.4877377E-1,4.079203E-2,3.0997483E-2,-1.4465591E-2,5.9561435E-2,2.6221716E-1,-1.0430835E-1,-2.79491E-1,2.8480116E-2,-9.205642E-2,-5.673312E-1,-9.454959E-2,-1.4976206E-1,-3.521673E-1,2.4713603E-1,-2.6670906E-1,-3.296062E-1,3.3776516E-1,-2.210146E0,3.1585187E-1,-2.6588604E-1,3.173561E-1,-1.2221629E-1,-2.8097763E2,-2.8812623E0,5.176249E-2],"split_indices":[8,7,0,0,0,1,8,1,5,1,1,2,1,0,0,7,0,9,1,1,2,7,0,0,0,1,8,1,8,2,4,3,9,2,0,7,0,0,0,0,0,1,1,1,3,1,2,0,3,0,0,0,0,0,0,0,0,0,0,0,0,0,0,0,0,0,0,0,0,0,0,0,0,0,0,0,0,0,0],"split_type":[1,1,0,0,0,0,1,0,1,0,0,0,0,0,0,1,0,1,0,0,0,1,0,0,0,0,1,0,1,0,1,0,1,0,0,1,0,0,0,0,0,0,0,0,0,0,0,0,0,0,0,0,0,0,0,0,0,0,0,0,0,0,0,0,0,0,0,0,0,0,0,0,0,0,0,0,0,0,0],"sum_hessian":[1.0978358E4,5.0542305E3,5.924128E3,4.945948E3,1.08282196E2,2.0837498E2,5.715753E3,4.8067285E3,1.3921997E2,1.6833786E1,9.144841E1,3.1847703E0,2.051902E2,2.566015E3,3.149738E3,4.7921694E3,1.455895E1,4.7771557E1,9.144841E1,1.4103983E1,2.729803E0,8.5078865E1,6.3695407E0,1.3649015E0,1.8198688E0,9.645305E1,1.0873716E2,2.1246968E2,2.9372683E3,4.747128E3,4.504175E1,4.504175E1,2.729803E0,7.779939E1,1.3649016E1,1.0464246E1,3.6397376E0,1.3649015E0,1.3649015E0,6.0965607E1,2.4113262E1,6.5970245E1,3.0482803E1,9.417821E1,1.455895E1,1.929061E2,1.956359E1,1.4927474E3,1.4445209E3,5.9145737E0,4.7412134E3,8.189409E0,3.6852345E1,4.367685E1,1.3649015E0,1.3649015E0,1.3649015E0,7.051991E1,7.279475E0,4.0947046E0,6.3695407E0,1.3649015E0,5.9600704E1,6.824508E0,1.7288754E1,1.7288754E1,4.868149E1,9.099344E0,2.138346E1,2.274836E0,9.190337E1,1.3649015E0,1.3194049E1,9.508814E1,9.781795E1,1.7288754E1,2.274836E0,1.6196832E2,1.2825525E3],"tree_param":{"num_deleted":"0","num_feature":"10","num_nodes":"79","size_leaf_vector":"0"}}]},"name":"gbtree"},"learner_model_param":{"base_score":"5E-1","num_class":"0","num_feature":"10","num_target":"1"},"objective":{"name":"reg:squarederror","reg_loss_param":{"scale_pos_weight":"1"}}},"version":[1,6,2]}