{"learner":{"attributes":{"best_ntree_limit":"2"},"feature_names":[],"feature_types":["q","q","q","q","q","q","c","c","c","c","c","c","c","c"],"gradient_booster":{"model":{"gbtree_model_param":{"num_parallel_tree":"1","num_trees":"2","size_leaf_vector":"0"},"tree_info":[0,0],"trees":[{"base_weights":[-2.1506948E0,-2.316942E0,-7.9747456E-1,-2.396671E0,3.9919928E-2,-1.1456728E0,-2.5785542E-1,-2.0124476E0,-2.5130932E0,-2.4835558E0,1.7326245E2,-1.2416236E0,7.5708216E-1,-1.2217614E-1,-6.152802E-1,-2.1583061E0,-7.4825895E-1,-1.4650201E1,-2.471752E0,-7.707058E-1,-1.64976E0,8.605274E1,-3.4042293E-1,-1.0451391E0,-1.7357923E0,5.759106E0,-9.5622545E-1,-9.9055424E-2,-8.120426E-1,-5.371276E0,-1.4713189E-1,-2.0937183E0,-2.4243884E0,-1.9578642E0,-2.9102585E-1,-3.215315E1,-7.3272216E-1,-2.5213065E0,-2.0682755E0,2.053459E0,-2.3365333E0,-1.014708E0,-1.87776E0,-1.2840743E0,-9.67058E0,-5.291628E-1,6.156699E-1,6.2350255E-1,-1.23790495E-1,-6.0761774E-1,-2.2712186E-1,-4.874796E-1,3.47408E-3,-6.461972E-1,-1.464344E-1,-7.64566E-1,-6.730252E-1,-7.0357966E-1,-4.4382107E-1,-2.3138101E-1,1.8250152E-3,-5.920153E-1,-7.655581E-1,-5.5078137E-1,-7.382124E-1,-7.2196513E-1,-1.5341894E-1,-3.0824155E-1,1.801609E-1,-6.1112165E-1,-1.5393597E-1,3.1461397E-1,-3.9617753E-1,1.915529E0,-2.7882355E-1,3.8070855E-1,-3.4943044E-2,-3.4094516E-2,-2.382444E-1,6.5586396E-2,-2.5060415E-1,-8.348282E-3,-2.3860069E-1,1.9531766E-2,-3.027317E-1],"categories":[2,1,4,5,6,8,9,2,2,2,2,1,6,7,1,4,9,3,5,9,2,1,4,5,6,8,9,2,2,2,0,1,2,4,6,7,8,9,10,11,4,6,7,9,10],"categories_nodes":[1,3,5,6,9,11,12,13,15,23,26,37,38,40,41,47,51],"categories_segments":[0,1,7,8,9,10,11,14,17,18,20,21,27,28,29,30,40],"categories_sizes":[1,6,1,1,1,1,3,3,1,2,1,6,1,1,1,10,5],"default_left":[1,0,0,0,0,0,0,1,1,0,1,0,0,0,1,0,0,1,0,0,1,0,0,0,0,0,0,0,1,0,0,1,0,0,0,0,0,0,0,0,0,0,1,0,0,0,1,0,1,0,0,0,0,0,0,0,0,0,0,0,0,0,0,0,0,0,0,0,0,0,0,0,0,0,0,0,0,0,0,0,0,0,0,0,0],"id":0,"left_children":[1,3,5,7,9,11,13,15,17,19,21,23,25,27,29,31,33,35,37,-1,39,-1,-1,41,43,-1,45,47,49,-1,51,53,55,57,59,-1,-1,61,63,-1,65,67,69,71,-1,-1,73,75,77,-1,79,81,83,-1,-1,-1,-1,-1,-1,-1,-1,-1,-1,-1,-1,-1,-1,-1,-1,-1,-1,-1,-1,-1,-1,-1,-1,-1,-1,-1,-1,-1,-1,-1,-1],"loss_changes":[1.9105781E3,1.422625E3,1.7474982E2,3.224922E2,1.09140086E5,1.0426581E2,1.7706333E1,3.1329688E2,2.7815508E3,1.3299194E1,7.133813E4,5.0536255E1,8.963475E2,4.178654E0,8.119388E2,2.1229004E1,9.798358E1,2.104186E4,1.0671094E2,0E0,1.657804E2,0E0,0E0,7.932831E0,2.0509775E3,0E0,3.4576996E1,4.7151766E0,5.586832E0,0E0,5.076098E0,1.18851074E2,8.5827637E-1,5.558319E0,1.8623234E1,0E0,0E0,7.834961E1,5.181909E1,0E0,1.9002228E0,8.384735E0,1.6755867E0,1.4222427E1,0E0,0E0,9.235912E1,4.329922E0,1.6213479E0,0E0,2.0465465E0,4.276197E0,4.410549E0,0E0,0E0,0E0,0E0,0E0,0E0,0E0,0E0,0E0,0E0,0E0,0E0,0E0,0E0,0E0,0E0,0E0,0E0,0E0,0E0,0E0,0E0,0E0,0E0,0E0,0E0,0E0,0E0,0E0,0E0,0E0,0E0],"parents":[2147483647,0,0,1,1,2,2,3,3,4,4,5,5,6,6,7,7,8,8,9,9,10,10,11,11,12,12,13,13,14,14,15,15,16,16,17,17,18,18,20,20,23,23,24,24,26,26,27,27,28,28,30,30,31,31,32,32,33,33,34,34,37,37,38,38,40,40,41,41,42,42,43,43,46,46,47,47,48,48,50,50,51,51,52,52],"right_children":[2,4,6,8,10,12,14,16,18,20,22,24,26,28,30,32,34,36,38,-1,40,-1,-1,42,44,-1,46,48,50,-1,52,54,56,58,60,-1,-1,62,64,-1,66,68,70,72,-1,-1,74,76,78,-1,80,82,84,-1,-1,-1,-1,-1,-1,-1,-1,-1,-1,-1,-1,-1,-1,-1,-1,-1,-1,-1,-1,-1,-1,-1,-1,-1,-1,-1,-1,-1,-1,-1,-1],"split_conditions":[5.23E2,NaN,8.01E2,NaN,1.03E2,NaN,NaN,1E1,3.6E1,NaN,2.4E1,NaN,NaN,NaN,1.414E3,NaN,1.1E2,2.97E2,3.64E2,-7.707058E-1,3.64E2,8.605274E1,-3.4042293E-1,NaN,3.13E2,5.759106E0,NaN,2.149E3,1.093E3,-5.371276E0,2.251E3,1.32E2,1.77E2,7.9E1,1.85E2,-3.215315E1,-7.3272216E-1,NaN,NaN,2.053459E0,NaN,NaN,2.453E3,2E0,-9.67058E0,-5.291628E-1,3.39E2,NaN,1E3,-6.0761774E-1,2.2E1,NaN,2.87E2,-6.461972E-1,-1.464344E-1,-7.64566E-1,-6.730252E-1,-7.0357966E-1,-4.4382107E-1,-2.3138101E-1,1.8250152E-3,-5.920153E-1,-7.655581E-1,-5.5078137E-1,-7.382124E-1,-7.2196513E-1,-1.5341894E-1,-3.0824155E-1,1.801609E-1,-6.1112165E-1,-1.5393597E-1,3.1461397E-1,-3.9617753E-1,1.915529E0,-2.7882355E-1,3.8070855E-1,-3.4943044E-2,-3.4094516E-2,-2.382444E-1,6.5586396E-2,-2.5060415E-1,-8.348282E-3,-2.3860069E-1,1.9531766E-2,-3.027317E-1],"split_indices":[2,13,2,12,2,13,11,1,2,13,5,11,6,6,0,12,2,4,2,0,4,0,0,12,0,0,13,0,0,0,0,2,2,2,2,0,0,12,11,0,13,7,0,5,0,0,4,12,2,0,1,6,4,0,0,0,0,0,0,0,0,0,0,0,0,0,0,0,0,0,0,0,0,0,0,0,0,0,0,0,0,0,0,0,0],"split_type":[0,1,0,1,0,1,1,0,0,1,0,1,1,1,0,1,0,0,0,0,0,0,0,1,0,0,1,0,0,0,0,0,0,0,0,0,0,1,1,0,1,1,0,0,0,0,0,1,0,0,0,1,0,0,0,0,0,0,0,0,0,0,0,0,0,0,0,0,0,0,0,0,0,0,0,0,0,0,0,0,0,0,0,0,0],"sum_hessian":[8.49985E3,7.5692344E3,9.306147E2,7.3215405E3,2.4769391E2,5.649489E2,3.6566577E2,1.7068319E3,5.6147085E3,2.4510887E2,2.5850408E0,5.381585E2,2.6790422E1,2.660242E2,9.964157E1,1.5296392E3,1.771928E2,1.7860283E1,5.596848E3,2.2043349E2,2.467539E1,1.1750185E0,1.4100223E0,3.872861E2,1.5087238E2,1.4100223E0,2.5380402E1,2.585041E2,7.5201187E0,1.645026E0,9.7996544E1,1.2379995E3,2.9163962E2,4.7705753E1,1.2948705E2,1.1750185E0,1.6685263E1,4.9799634E3,6.1688477E2,1.1750185E0,2.350037E1,3.7577094E2,1.1515182E1,1.4969736E2,1.1750185E0,1.6685263E1,8.695137E0,7.755122E0,2.5074896E2,1.645026E0,5.8750925E0,2.9375463E1,6.8621086E1,1.1928788E3,4.5120712E1,1.6520761E2,1.26432E2,2.4205381E1,2.350037E1,4.888077E1,8.060627E1,2.664942E2,4.713469E3,3.9104617E2,2.2583856E2,2.2325352E1,1.1750185E0,3.7318588E2,2.5850408E0,9.870155E0,1.645026E0,1.8800297E0,1.4781734E2,1.1750185E0,7.5201187E0,3.7600594E0,3.995063E0,2.4816391E2,2.5850408E0,3.7600594E0,2.1150334E0,1.2220193E1,1.7155272E1,6.556603E1,3.0550482E0],"tree_param":{"num_deleted":"0","num_feature":"14","num_nodes":"85","size_leaf_vector":"0"}},{"base_weights":[-1.8697172E0,-1.3959243E0,-8.747411E0,-1.5612845E0,2.9643877E0,-2.7571947E1,-1.0997038E0,-8.552499E-1,-1.6197625E0,8.624787E-1,5.281693E0,-3.0637327E1,1.5437398E0,2.9934912E2,-8.261728E0,-1.0277548E0,4.4564623E-2,-9.042599E0,-1.5801396E0,-7.8715986E-1,2.830151E1,2.3396042E1,1.407826E0,-2.8345688E1,-3.737486E1,-2.9209604E0,3.5065372E0,-8.426778E0,-1.0480472E0,-4.9760583E-1,-9.5466125E-1,6.293768E-1,-1.6311233E-1,-2.6341606E1,-1.6702372E0,-1.595279E0,4.1453385E-1,-8.579935E-1,4.6985438E-1,1.5739398E1,-1.7656324E-2,2.184053E1,-5.214143E-1,2.3156727E1,-1.16896264E-1,-8.072236E0,-8.926611E0,2.5985318E-1,-1.5403908E0,4.140607E0,3.6815786E-1,2.1767857E2,-8.266317E0,-1.0275442E-1,-3.0626497E-1,4.195271E-1,9.536702E-2,-1.6521706E-1,8.4708124E-2,-5.107601E-1,-1.5755406E-1,-3.4945208E-1,-4.9239483E-1,-2.8165543E-1,4.334903E0,-3.8562313E-1,-2.1681374E-1,-5.9212632E-2,3.3200657E-1,8.355812E0,-1.0864814E1,-3.804351E1,5.917147E0,1.2324656E0,8.081312E0,1.13961555E-1,-7.40742E-2,-2.7732306E0,-1.259182E-1,-2.1683984E-1,2.9856402E-1,-8.4493065E0,-2.9475546E-1],"categories":[1,1,3,4,5,6,8,9,1,2,10,11,1,1,3,1,4,5,6,8,9,3,4,5,6,8,9,10,1],"categories_nodes":[2,3,14,16,20,21,34,35,44,52],"categories_segments":[0,1,8,9,12,13,14,15,21,28],"categories_sizes":[1,7,1,3,1,1,1,6,7,1],"default_left":[0,0,0,0,0,1,1,1,1,0,1,1,0,0,0,0,0,1,0,0,0,0,0,0,0,0,1,0,1,0,0,0,0,0,0,0,1,0,0,0,0,0,1,0,0,0,0,0,0,0,0,0,0,0,0,0,0,0,0,0,0,0,0,0,0,0,0,0,0,0,0,0,0,0,0,0,0,0,0,0,0,0,0],"id":1,"left_children":[1,3,5,7,9,11,13,15,17,19,21,23,25,-1,27,29,31,33,35,37,39,41,43,45,-1,47,49,-1,51,-1,53,55,57,-1,59,61,63,65,67,-1,69,-1,71,73,75,77,-1,-1,-1,-1,79,-1,81,-1,-1,-1,-1,-1,-1,-1,-1,-1,-1,-1,-1,-1,-1,-1,-1,-1,-1,-1,-1,-1,-1,-1,-1,-1,-1,-1,-1,-1,-1],