{"learner":{"attributes":{"best_ntree_limit":"2"},"feature_names":[],"feature_types":["q","q","q","q","q","q","c","c","c","c","c","c","c","c"],"gradient_booster":{"model":{"gbtree_model_param":{"num_parallel_tree":"1","num_trees":"2","size_leaf_vector":"0"},"tree_info":[0,0],"trees":[{"base_weights":[-2.150681E0,-2.3283138E0,-8.156433E-1,-2.402988E0,-2.151134E-2,-1.157418E0,-1.3235801E-1,-2.017405E0,-2.519491E0,1.4739401E2,-2.132883E0,-1.2472318E0,7.1830314E-1,-1.7636877E-1,8.2574624E-1,-2.1612265E0,-7.582495E-1,-1.3436681E1,-2.476899E0,6.853565E1,-4.2927867E-1,-2.4795554E0,-4.847843E-1,-1.0454799E0,-1.7469903E0,5.9154954E0,-6.8758357E-1,-3.3450376E-2,-4.0367913E-1,2.4672484E0,-4.0998706E-1,-2.1685946E0,-2.2712186E-1,-1.8481168E0,-1.944167E-1,-7.5541544E-1,-3.270487E1,-5.658421E-1,-2.5118375E0,-7.5646263E-1,-1.2016952E0,-1.8665713E0,4.820771E-1,-1.0676033E0,6.115845E-1,-2.6273441E1,-1.1467037E0,-3.0735266E-1,5.3670955E-1,8.864945E-2,-3.695705E-1,-2.084437E0,-2.8418255E-1,2.1164943E-1,-8.120426E-1,-6.302847E-1,-7.332704E-1,8.9898854E-2,-2.382444E-1,-7.1320474E-1,-4.3103415E-1,-2.4139825E-1,3.879647E-2,-6.722167E0,-7.399342E-1,5.2658665E-1,-6.705562E-1,-1.0966388E-1,-6.227901E-1,-4.0357266E-2,2.1447544E-1,-3.0975735E-1,-6.0292286E-1,3.5579333E-1,-3.687226E-2,-1.5325704E1,-1.54297E-1,-2.5297928E-1,-5.6008565E-1,-2.985202E-1,9.3960756E-1,-2.1322293E-2,1.685569E-1,-3.1594682E-2,-1.9465072E0,-2.429031E-2,-1.7786062E-1,3.1461397E-1,-1.1988883E-1,9.511624E-3,-5.246773E-1],"categories":[2,1,4,5,6,8,9,2,2,2,4,8,9,10,1,4,5,6,8,9,2,2,3,4,6,0,1,2,4,9,3,4,5,9,0,1,2,3,4,6,7,8,9,10,2,2],"categories_nodes":[1,3,5,6,11,13,18,21,26,27,30,31,43,44,46,52],"categories_segments":[0,1,7,8,9,10,14,20,21,22,25,30,31,34,44,45],"categories_sizes":[1,6,1,1,1,4,6,1,1,3,5,1,3,10,1,1],"default_left":[1,0,0,0,1,0,0,1,1,1,0,0,1,0,1,1,0,0,0,0,0,0,0,1,1,0,0,0,1,0,0,0,0,0,0,0,0,0,1,0,1,0,0,0,0,1,0,0,0,1,0,0,0,0,0,0,0,0,0,0,0,0,0,0,0,0,0,0,0,0,0,0,0,0,0,0,0,0,0,0,0,0,0,0,0,0,0,0,0,0,0],"id":0,"left_children":[1,3,5,7,9,11,13,15,17,19,21,23,25,27,29,31,33,35,37,-1,-1,39,41,43,45,-1,47,49,51,-1,53,55,57,59,61,-1,-1,-1,63,-1,65,67,69,71,73,75,77,-1,79,81,83,-1,85,87,89,-1,-1,-1,-1,-1,-1,-1,-1,-1,-1,-1,-1,-1,-1,-1,-1,-1,-1,-1,-1,-1,-1,-1,-1,-1,-1,-1,-1,-1,-1,-1,-1,-1,-1,-1,-1],"loss_changes":[2.0139883E3,1.292207E3,2.3332172E2,3.2134375E2,7.384344E4,1.131438E2,1.42492075E1,3.046172E2,2.5596914E3,4.0739984E4,1.324303E2,6.232129E1,8.4377545E2,1.0401939E1,1.3927658E2,2.1128906E1,1.0711894E2,2.2105777E4,1.0994141E2,0E0,0E0,7.324707E0,5.6865593E1,1.7360046E1,2.641826E3,0E0,1.2885725E1,8.155978E0,9.474172E1,0E0,3.593493E0,2.304541E1,2.2915714E0,9.540436E0,2.3097366E1,0E0,0E0,0E0,4.67925E3,0E0,2.8524693E1,4.725895E0,3.7486515E0,1.280011E1,2.9471345E0,2.7156753E3,3.7370026E1,0E0,3.1382366E1,1.1074757E1,8.490962E1,0E0,7.636179E0,3.5762002E0,6.790536E0,0E0,0E0,0E0,0E0,0E0,0E0,0E0,0E0,0E0,0E0,0E0,0E0,0E0,0E0,0E0,0E0,0E0,0E0,0E0,0E0,0E0,0E0,0E0,0E0,0E0,0E0,0E0,0E0,0E0,0E0,0E0,0E0,0E0,0E0,0E0,0E0],"parents":[2147483647,0,0,1,1,2,2,3,3,4,4,5,5,6,6,7,7,8,8,9,9,10,10,11,11,12,12,13,13,14,14,15,15,16,16,17,17,18,18,21,21,22,22,23,23,24,24,26,26,27,27,28,28,30,30,31,31,32,32,33,33,34,34,38,38,40,40,41,41,42,42,43,43,44,44,45,45,46,46,48,48,49,49,50,50,52,52,53,53,54,54],"right_children":[2,4,6,8,10,12,14,16,18,20,22,24,26,28,30,32,34,36,38,-1,-1,40,42,44,46,-1,48,50,52,-1,54,56,58,60,62,-1,-1,-1,64,-1,66,68,70,72,74,76,78,-1,80,82,84,-1,86,88,90,-1,-1,-1,-1,-1,-1,-1,-1,-1,-1,-1,-1,-1,-1,-1,-1,-1,-1,-1,-1,-1,-1,-1,-1,-1,-1,-1,-1,-1,-1,-1,-1,-1,-1,-1,-1],"split_conditions":[5.04E2,NaN,8.33E2,NaN,3.34E2,NaN,NaN,1E1,3.6E1,3E1,3.74E2,NaN,2.8E2,NaN,2.92E2,4.69E2,1.25E2,-1.45E2,NaN,6.853565E1,-4.2927867E-1,NaN,1.82E2,1.938E3,1.059E3,5.9154954E0,NaN,NaN,1E0,2.4672484E0,NaN,NaN,2E0,7.9E1,1.91E2,-7.5541544E-1,-3.270487E1,-5.658421E-1,5.8E1,-7.5646263E-1,1E1,3.85E2,2.52E2,NaN,NaN,3.45E2,NaN,-3.0735266E-1,5.43E2,6.31E2,3.301E3,-2.084437E0,NaN,1.7E1,1.002E3,-6.302847E-1,-7.332704E-1,8.9898854E-2,-2.382444E-1,-7.1320474E-1,-4.3103415E-1,-2.4139825E-1,3.879647E-2,-6.722167E0,-7.399342E-1,5.2658665E-1,-6.705562E-1,-1.0966388E-1,-6.227901E-1,-4.0357266E-2,2.1447544E-1,-3.0975735E-1,-6.0292286E-1,3.5579333E-1,-3.687226E-2,-1.5325704E1,-1.54297E-1,-2.5297928E-1,-5.6008565E-1,-2.985202E-1,9.3960756E-1,-2.1322293E-2,1.685569E-1,-3.1594682E-2,-1.9465072E0,-2.429031E-2,-1.7786062E-1,3.1461397E-1,-1.1988883E-1,9.511624E-3,-5.246773E-1],"split_indices":[2,13,2,12,4,13,13,1,2,5,4,11,4,12,4,2,2,0,12,0,0,13,2,0,0,0,13,6,0,0,6,12,3,2,2,0,0,0,2,0,5,4,2,12,6,4,11,0,2,0,0,0,11,1,2,0,0,0,0,0,0,0,0,0,0,0,0,0,0,0,0,0,0,0,0,0,0,0,0,0,0,0,0,0,0,0,0,0,0,0,0],"split_type":[0,1,0,1,0,1,1,0,0,0,0,1,0,1,0,0,0,0,1,0,0,1,0,0,0,0,1,1,0,0,1,1,0,0,0,0,0,0,0,0,0,0,0,1,1,0,1,0,0,0,0,0,1,0,0,0,0,0,0,0,0,0,0,0,0,0,0,0,0,0,0,0,0,0,0,0,0,0,0,0,0,0,0,0,0,0,0,0,0,0,0],"sum_hessian":[8.499614E3,7.5008486E3,9.9876575E2,7.26561E3,2.3523871E2,6.6529553E2,3.3347028E2,1.6901467E3,5.575463E3,2.350037E0,2.3288867E2,6.35215E2,3.0080475E1,3.1960504E2,1.3865219E1,1.5162439E3,1.7390274E2,2.0445322E1,5.5550176E3,1.1750185E0,1.1750185E0,1.9199803E2,4.0890644E1,4.5473218E2,1.8048285E2,1.1750185E0,2.8905457E1,1.969331E2,1.22671936E2,1.1750185E0,1.2690201E1,1.5103689E3,5.8750925E0,5.8515923E1,1.1538682E2,1.9270304E1,1.1750185E0,3.1325995E2,5.241758E3,1.8494792E2,7.0501113E0,1.645026E1,2.4440386E1,4.490921E2,5.640089E0,3.290052E0,1.771928E2,2.279536E1,6.1100965E0,1.4499728E2,5.193582E1,1.1750185E0,1.2149692E2,5.1700816E0,7.5201187E0,1.2196693E3,2.906996E2,3.290052E0,2.5850408E0,2.350037E1,3.5015553E1,3.948062E1,7.59062E1,1.0810171E1,5.2309478E3,1.645026E0,5.4050856E0,2.350037E0,1.4100223E1,6.8151073E0,1.7625278E1,4.3499185E2,1.4100223E1,2.8200445E0,2.8200445E0,1.1750185E0,2.1150334E0,1.2619699E2,5.0995804E1,4.230067E0,1.8800297E0,1.0904172E2,3.5955566E1,5.0760803E1,1.1750185E0,7.402617E1,4.747075E1,1.8800297E0,3.290052E0,4.4650707E0,3.0550482E0],"tree_param":{"num_deleted":"0","num_feature":"14","num_nodes":"91","size_leaf_vector":"0"}},{"base_weights":[-1.8451383E0,-1.4044384E0,-6.973705E0,-1.5851544E0,7.9398245E-1,-1.4218118E1,-1.0131003E0,-8.378079E-1,-1.6491959E0,2.4443562E0,-2.9414967E-1,-9.0924446E1,-1.2941241E1,-7.9773145E0,6.020478E2,-1.0300812E0,1.5364172E-1,-1.0682709E1,-1.6089017E0,2.6480843E1,1.2625352E-1,-6.6391164E-1,6.072864E-2,-4.925095E1,-3.5157704E-1,-1.4135555E1,-3.4676024E-1,-5.0858197E0,-1.4175189E0,3.030316E2,-5.6302977E-1,-5.110149E-1,-9.7201025E-1,3.0865934E-1,-5.1392907E-1,-4.978706E-1,-2.7409391E1,-1.1434053E0,-1.6604918E0,1.436204E1,2.1713753E1,8.074002E-1,-5.5411533E-2,-3.6154005E-1,-1.4027634E0,4.4450736E-1,-1.30562E-1,-4.2795215E0,-9.116586E-1,4.4325003E-1,-1.5975962E0,-1.1880893E1,3.3683957E2,-1.6705361E-1,-3.0709374E-1,8.5740164E-2,2.0419472E-1,-1.7180058E0,1.8724462E-1,-3.7157133E-1,6.369468E-2,-5.6434135E0,-4.8448E-1,2.0202966E0,6.6327796E0,6.74643E-1,8.567205E-2,5.250915E-2,-1.4736387E-1,-1.21865556E-1,2.1856077E-1,-4.490688E0,-9.4786115E-2,1.0502955E-2,2.3965989E-1,-5.526334E-1,-2.68438E-2,-5.5203475E-2,-3.7332493E-1,-1.4096577E-1,3.4880027E-1,-8.9040387E-1,-2.1302354E-2,-1.9732292E1,-4.1756496E-1,-5.862442E-1,2.603241E2],"categories":[1,1,3,4,5,6,8,9,1,1,1,4,5,6,8,9,0,2,3,4,6,7,8,2,0,2,3,4,5,8,9,10,6,8,1,0,1,2,3,4,5,6,7,9,10,11,2,1],"categories_nodes":[2,3,13,16,18,19,21,22,26,34,41,42,51],"categories_segments":[0,1,8,9,10,16,23,24,32,34,35,46,47],"categories_sizes":[1,7,1,1,6,7,1,8,2,1,11,1,1],"default_left":[0,0,0,0,1,0,0,1,1,0,0,0,1,0,1,0,0,0,0,0,1,0,0,0,0,1,0,0,0,0,0,0,0,1,0,0,0,1,1,0,0,0,0,1,1,1,1,0,0,1,1,0,0,0,0,0,0,0,0,0,0,0,0,0,0,0,0,0,0,0,0,0,0,0,0,0,0,0,0,0,0,0,0,0,0,0,0],"id":1,"left_children":[1,3,5,7,9,11,13,15,17,19,21,23,25,27,29,31,33,35,37,39,41,43,45,-1,-1,47,49,-1,51,-1,-1,-1,53,55,57,-1,-1,59,61,63,-1,65,67,69,71,73,75,-1,77,79,81,83,85,-1,-1,-1,-1,-1,-1,-1,-1,-1,-1,-1,-1,-1,-1,-1,-1,-1,-1,-1,-1,-1,-1,-1,-1,-1,-1,-1,-1,-1,-1,-1,-1,-1,-1],