{"learner":{"attributes":{"best_ntree_limit":"2"},"feature_names":[],"feature_types":["q","q","q","q","q","q","c","c","c","c","c","c","c","c","c","c"],"gradient_booster":{"model":{"gbtree_model_param":{"num_parallel_tree":"1","num_trees":"2","size_leaf_vector":"0"},"tree_info":[0,0],"trees":[{"base_weights":[-2.1506948E0,-2.3207827E0,-7.709565E-1,-2.3978038E0,-6.0905395E-3,-1.1384357E0,-1.9942507E-1,-2.0244803E0,-2.513054E0,6.2113888E1,-2.2593067E0,-1.2243721E0,7.8129154E-1,-2.4493923E-2,-6.531747E-1,-2.1780183E0,-6.8265676E-1,-2.7588552E1,-2.4732897E0,-3.426657E1,-1.7727294E0,-9.973218E-1,-1.7937897E0,5.8835864E0,-1.1780849E0,1.1254741E-2,-9.945459E-1,-7.6016316E0,-1.1444901E-1,-2.2052014E0,-1.5730364E0,-1.7025117E0,-1.5672489E-1,-2.7975023E1,-6.8643326E-1,-2.5278645E0,-2.0284567E0,-1.6429144E1,-4.6490312E-1,-6.747931E-1,2.3369734E-1,-1.9857352E0,-9.7279745E-1,-1.3670547E1,-1.1589946E0,-6.0112345E-1,6.61633E-1,-9.082387E-1,2.5008382E-2,-1.7598759E0,-3.9056543E-2,1.7130375E-2,-5.37496E-1,-6.4475095E-1,-7.4375063E-1,5.2863393E-2,-6.127998E-1,-7.026152E-1,-3.9470667E-1,-1.7261909E-1,3.0275354E-2,-6.1919737E-1,-7.6617867E-1,-6.291227E-1,-1.5070336E-1,-6.7803526E-1,1.2889415E1,-1.5341894E-1,-6.455897E-1,4.166086E-2,-2.9441544E-1,-2.5706968E-1,-5.579088E-1,1.915529E0,-3.7358698E-1,-4.941973E-1,1.2244079E-1,2.2835305E-1,5.057605E-4,-6.4697134E-1,-2.0621401E-1,-2.0621401E-1,1.5898988E-1,-1.3260982E0,1.7125118E-3],"categories":[2,1,4,5,6,8,9,1,2,2,2,2,1,3,6,4,8,9,10,2,2,2,3,3,10,1,4,5,6,8,9,1,2,2],"categories_nodes":[1,3,4,5,6,11,12,13,20,24,28,29,30,35,36,44,49],"categories_segments":[0,1,7,9,10,11,12,15,19,20,21,22,23,25,31,32,33],"categories_sizes":[1,6,2,1,1,1,3,4,1,1,1,1,2,6,1,1,1],"default_left":[1,0,0,0,0,0,0,1,1,0,1,0,0,0,1,1,0,1,0,1,0,0,1,0,0,0,1,0,0,0,0,0,0,0,0,0,0,0,0,0,0,0,0,0,0,0,1,0,0,0,0,0,1,0,0,0,0,0,0,0,0,0,0,0,0,0,0,0,0,0,0,0,0,0,0,0,0,0,0,0,0,0,0,0,0],"id":0,"left_children":[1,3,5,7,9,11,13,15,17,-1,19,21,23,25,27,29,31,33,35,37,39,41,43,-1,45,47,49,-1,51,53,55,57,59,-1,-1,61,63,-1,-1,-1,65,67,69,-1,71,-1,73,75,77,79,81,-1,83,-1,-1,-1,-1,-1,-1,-1,-1,-1,-1,-1,-1,-1,-1,-1,-1,-1,-1,-1,-1,-1,-1,-1,-1,-1,-1,-1,-1,-1,-1,-1,-1],"loss_changes":[1.9931602E3,1.3491055E3,1.9602844E2,3.1001953E2,1.14628055E5,9.4750244E1,2.9106731E1,3.5549365E2,5.5075625E3,0E0,3.7245771E3,6.861572E1,9.444205E2,9.230328E0,1.3542601E3,2.2093262E1,9.5941444E1,1.4331217E4,1.304414E2,2.3192832E3,2.3046783E2,7.56015E0,4.2261826E3,0E0,3.7113487E1,3.2777543E0,6.849127E0,0E0,7.3516903E0,1.746875E1,5.8132706E1,1.1990952E1,1.2942001E1,0E0,0E0,5.4816406E1,6.338086E1,0E0,0E0,0E0,5.112049E3,9.8760605E-1,3.8025818E0,0E0,3.0753601E1,0E0,9.581185E1,4.3889055E0,4.3694887E0,7.4276924E-1,2.2937164E0,0E0,6.161396E1,0E0,0E0,0E0,0E0,0E0,0E0,0E0,0E0,0E0,0E0,0E0,0E0,0E0,0E0,0E0,0E0,0E0,0E0,0E0,0E0,0E0,0E0,0E0,0E0,0E0,0E0,0E0,0E0,0E0,0E0,0E0,0E0],"parents":[2147483647,0,0,1,1,2,2,3,3,4,4,5,5,6,6,7,7,8,8,10,10,11,11,12,12,13,13,14,14,15,15,16,16,17,17,18,18,19,19,20,20,21,21,22,22,24,24,25,25,26,26,28,28,29,29,30,30,31,31,32,32,35,35,36,36,40,40,41,41,42,42,44,44,46,46,47,47,48,48,49,49,50,50,52,52],"right_children":[2,4,6,8,10,12,14,16,18,-1,20,22,24,26,28,30,32,34,36,38,40,42,44,-1,46,48,50,-1,52,54,56,58,60,-1,-1,62,64,-1,-1,-1,66,68,70,-1,72,-1,74,76,78,80,82,-1,84,-1,-1,-1,-1,-1,-1,-1,-1,-1,-1,-1,-1,-1,-1,-1,-1,-1,-1,-1,-1,-1,-1,-1,-1,-1,-1,-1,-1,-1,-1,-1,-1],"split_conditions":[5.23E2,NaN,8.03E2,NaN,NaN,NaN,NaN,1E1,3.5E1,6.2113888E1,1.39E2,NaN,NaN,NaN,1.311E3,2.96E2,1.3E2,3.57E2,3.65E2,5.18E2,NaN,5.91E2,1.027E3,5.8835864E0,NaN,3.08E2,1.954E3,-7.6016316E0,NaN,NaN,NaN,7.5E1,2.09E2,-2.7975023E1,-6.8643326E-1,NaN,NaN,-1.6429144E1,-4.6490312E-1,-6.747931E-1,1.73E2,4E0,1.027E3,-1.3670547E1,NaN,-6.0112345E-1,2.429E3,1.6E1,3.729E3,NaN,1.9E1,1.7130375E-2,1.21E3,-6.4475095E-1,-7.4375063E-1,5.2863393E-2,-6.127998E-1,-7.026152E-1,-3.9470667E-1,-1.7261909E-1,3.0275354E-2,-6.1919737E-1,-7.6617867E-1,-6.291227E-1,-1.5070336E-1,-6.7803526E-1,1.2889415E1,-1.5341894E-1,-6.455897E-1,4.166086E-2,-2.9441544E-1,-2.5706968E-1,-5.579088E-1,1.915529E0,-3.7358698E-1,-4.941973E-1,1.2244079E-1,2.2835305E-1,5.057605E-4,-6.4697134E-1,-2.0621401E-1,-2.0621401E-1,1.5898988E-1,-1.3260982E0,1.7125118E-3],"split_indices":[2,15,2,14,7,15,13,1,2,0,2,13,7,14,0,2,2,4,2,4,15,0,0,0,15,0,0,0,13,14,14,2,2,0,0,14,6,0,0,0,2,5,0,0,13,0,0,1,0,9,1,0,2,0,0,0,0,0,0,0,0,0,0,0,0,0,0,0,0,0,0,0,0,0,0,0,0,0,0,0,0,0,0,0,0],"split_type":[0,1,0,1,1,1,1,0,0,0,0,1,1,1,0,0,0,0,0,0,1,0,0,0,1,0,0,0,1,1,1,0,0,0,0,1,1,0,0,0,0,0,0,0,1,0,0,0,0,1,0,0,0,0,0,0,0,0,0,0,0,0,0,0,0,0,0,0,0,0,0,0,0,0,0,0,0,0,0,0,0,0,0,0,0],"sum_hessian":[8.49985E3,7.5664146E3,9.3343475E2,7.322716E3,2.4369885E2,5.6753394E2,3.659008E2,1.7317423E3,5.590973E3,1.645026E0,2.4205382E2,5.435636E2,2.3970379E1,2.6484918E2,1.010516E2,1.5533745E3,1.7836781E2,7.755122E0,5.5832183E3,2.5850408E0,2.3946878E2,3.9057617E2,1.5298741E2,1.4100223E0,2.2560356E1,2.5638904E2,8.460134E0,1.1750185E0,9.987658E1,1.4840485E3,6.9326096E1,5.9925945E1,1.1844187E2,1.4100223E0,6.3451004E0,4.9689185E3,6.142997E2,1.1750185E0,1.4100223E0,1.9340805E2,4.6060726E1,7.5201187E0,3.8305606E2,1.1750185E0,1.518124E2,1.5510244E1,7.0501113E0,2.8200445E0,2.53569E2,4.230067E0,4.230067E0,7.167613E1,2.8200445E1,1.2394095E3,2.4463885E2,1.4805234E1,5.452086E1,2.0680326E1,3.924562E1,4.4650703E1,7.379117E1,2.6860925E2,4.700309E3,5.875093E2,2.6790422E1,4.4415703E1,1.645026E0,1.1750185E0,6.3451004E0,2.8200445E0,3.80236E2,1.076317E2,4.41807E1,1.1750185E0,5.8750925E0,1.645026E0,1.1750185E0,6.8151073E0,2.4675389E2,2.350037E0,1.8800297E0,1.8800297E0,2.350037E0,2.5850408E0,2.5615404E1],"tree_param":{"num_deleted":"0","num_feature":"16","num_nodes":"85","size_leaf_vector":"0"}},{"base_weights":[-1.8399602E0,-1.4305898E0,-8.863543E0,-1.6057522E0,4.093948E0,-3.675572E1,-1.0921272E0,-1.6345465E0,8.6833686E-1,4.976412E1,3.8868374E-1,-4.291959E1,1.5444398E0,-8.569235E0,2.924102E2,-9.370755E-1,-1.6939436E0,1.7641123E1,-6.1362916E-1,9.24249E0,9.1027596E1,-4.2668748E-1,1.3092217E0,-1.3333999E1,-6.404463E0,-3.4154096E0,3.7171397E0,-1.2787487E1,-1.1439711E0,-1.1948559E0,-1.4954402E-1,-2.3544748E1,-1.6634699E0,4.584312E0,2.5464212E1,3.5867417E0,-8.288167E-1,4.3219086E1,2.227038E0,-1.5047006E-1,-1.1378107E0,6.9340596E0,7.763482E-1,2.6156638E0,-6.665845E0,6.1319407E-2,-1.7051462E0,3.1675594E0,1.3901874E0,-8.833427E0,2.415414E2,-5.12296E-1,-3.430937E-1,1.0562095E-1,-1.0247812E-1,-5.069385E-1,-2.56414E-1,2.2306116E0,-1.3665585E-1,1.1103003E1,7.4252754E-1,1.7770478E0,-1.0140403E-1,-1.7957582E-1,-3.768354E-1,-2.4341496E-2,-3.3551E-1,-2.2264986E0,-1.2459005E-1,3.771164E-1,-1.641119E-3,2.353373E-3,6.178514E-1,-1.366537E1,-3.3565894E-1],"categories":[1,1,3,4,5,6,8,9,1,0,1,2,1,0,1,2,3,4,6,7,8,9,10,2,0,1,2,3,4,5,6,7,8,9,10,2,10,11,1,5,2,0,1,2,3,4,5,6,9,1],"categories_nodes":[2,7,9,11,13,17,21,25,30,32,35,36,39,49],"categories_segments":[0,1,8,9,12,13,23,24,35,38,39,40,41,49],"categories_sizes":[1,7,1,3,1,10,1,11,3,1,1,1,8,1],"default_left":[0,0,0,0,1,1,0,0,0,0,0,0,0,0,0,1,1,0,1,0,1,0,0,0,1,0,1,0,0,0,0,0,0,1,0,0,0,0,0,0,1,0,0,0,0,0,0,0,0,0,0,0,0,0,0,0,0,0,0,0,0,0,0,0,0,0,0,0,0,0,0,0,0,0,0],"id":1,"left_children":[1,3,5,7,9,11,13,15,17,19,21,23,25,27,-1,29,31,33,35,-1,37,39,41,-1,43,45,47,-1,49,51,53,-1,55,57,59,61,63,-1,-1,65,67,-1,69,-1,-1,-1,-1,-1,71,73,-1,-1,-1,-1,-1,-1,-1,-1,-1,-1,-1,-1,-1,-1,-1,-1,-1,-1,-1,-1,-1,-1,-1,-1,-1],"loss_changes":[1.945208E4,6.1979805E3,8.0736766E4,4.4326172E2,3.3301418E4,1.9229586E4,2.1423128E6,2.5241406E2,1.8006542E3,8.747359E3,1.3801933E2,3.6161484E3,1.4436075E2,7.3599516E4,0E0,9.795627E1,1.308779E4,4.8379614E2,6.3646374E1,0E0,1.7275297E4,1.905315E1,9.84397E2,0E0,1.144806E3,3.6001854E1,1.282013E2,0E0,1.4959472E6,7.6071167E0,1.171438E1,0E0,1.187959E2,5.256198E1,8.259536E2,3.3725784E1,5.6099663E0,0E0,0E0,4.716957E0,1.2053697E2,0E0,3.2043957E1,0E0,0E0,0E0,0E0,0E0,7.245764E0,6.7609055E4,0E0,0E0,0E0,0E0,0E0,0E0,0E0,0E0,0E0,0E0,0E0,0E0,0E0,0E0,0E0,0E0,0E0,0E0,0E0,0E0,0E0,0E0,0E0,0E0,0E0],