{"learner":{"attributes":{"best_ntree_limit":"2"},"feature_names":[],"feature_types":["q","q","q","q","q","q","c","c","c","c","c","c","c","c"],"gradient_booster":{"model":{"gbtree_model_param":{"num_parallel_tree":"1","num_trees":"2","size_leaf_vector":"0"},"tree_info":[0,0],"trees":[{"base_weights":[-2.1506948E0,-2.3201122E0,-7.7171284E-1,-2.397306E0,-1.310438E-2,-1.1244695E0,-2.2512805E-1,-2.0193422E0,-2.512019E0,-2.4865348E0,6.857885E1,-1.2089496E0,7.1792257E-1,-6.796112E-2,-6.6644174E-1,-2.176164E0,-6.936555E-1,-1.7314611E1,-2.4704201E0,-7.7297914E-1,-1.7135288E0,-1.0155848E0,-1.7058257E0,4.122407E0,-4.7901505E-1,-5.058924E-2,-1.3520217E0,-5.451191E0,-7.967028E-2,-2.2023234E0,-1.6215792E0,-1.7815447E0,-1.3427167E-1,-3.242901E1,-7.1857613E-1,-2.5260918E0,-2.0742419E0,-7.5384927E-1,2.1144729E0,-1.0319018E0,2.7206892E-1,-1.2153317E1,-1.1281232E0,-1.0259222E0,4.8534867E-1,-7.720977E-2,4.337702E-1,-7.138635E-1,1.2244079E-1,2.2797413E-1,-2.1172142E-1,-6.439897E-1,-7.434546E-1,9.8400496E-2,-6.3187265E-1,-7.1161246E-1,-4.110864E-1,-2.0390594E-1,5.1896382E-2,-6.046182E-1,-7.662353E-1,-5.5072725E-1,-7.433673E-1,-3.0025172E-1,-5.922722E-1,3.47523E-1,-2.5060415E-1,-2.616541E-1,-5.199182E-1,-4.2341292E-1,2.4854112E-1,3.130373E-1,-1.5476796E-1,-4.2953786E-1,-1.6933657E-2,2.7894944E-1,-6.813656E-2,-8.896962E-2,1.9428547E-1,-5.246773E-1,-3.2959085E-2],"categories":[2,1,4,5,6,8,9,2,2,2,2,8,0,2,4,5,6,8,9,10,3,3,10,1,4,5,6,8,9,2,5,9,2,0,1,2,3,5,6,9],"categories_nodes":[1,3,5,6,9,11,13,28,29,30,35,36,39,42,44],"categories_segments":[0,1,7,8,9,10,11,12,20,21,23,29,30,32,33],"categories_sizes":[1,6,1,1,1,1,1,8,1,2,6,1,2,1,7],"default_left":[1,0,0,0,0,0,0,1,1,0,0,0,1,0,1,1,0,1,0,0,0,1,1,0,0,1,1,0,0,0,0,0,0,0,0,0,0,0,0,0,0,0,0,0,0,0,0,0,0,1,1,0,0,0,0,0,0,0,0,0,0,0,0,0,0,0,0,0,0,0,0,0,0,0,0,0,0,0,0,0,0],"id":0,"left_children":[1,3,5,7,9,11,13,15,17,19,-1,21,23,25,27,29,31,33,35,-1,37,39,41,-1,43,45,47,-1,49,51,53,55,57,-1,-1,59,61,-1,-1,63,65,-1,67,69,71,73,75,-1,-1,77,79,-1,-1,-1,-1,-1,-1,-1,-1,-1,-1,-1,-1,-1,-1,-1,-1,-1,-1,-1,-1,-1,-1,-1,-1,-1,-1,-1,-1,-1,-1],"loss_changes":[1.9842109E3,1.3481289E3,1.793728E2,3.1252344E2,1.3973045E5,8.895532E1,2.5386618E1,3.541289E2,3.415082E3,1.2604126E1,0E0,5.029486E1,4.0315308E2,5.9875884E0,9.863775E2,1.8614746E1,1.1077378E2,2.0829559E4,1.1829297E2,0E0,2.1727312E2,8.522797E0,3.3220776E3,0E0,1.3295906E1,3.5007167E0,7.455093E0,0E0,3.8694947E0,1.7072266E1,6.9361786E1,1.1773499E1,2.048856E1,0E0,0E0,6.507422E1,6.2419434E1,0E0,0E0,9.369263E0,6.562573E0,0E0,2.1566147E1,1.2466602E1,5.8246546E0,7.1124697E0,4.853509E0,0E0,0E0,6.516202E0,1.019371E1,0E0,0E0,0E0,0E0,0E0,0E0,0E0,0E0,0E0,0E0,0E0,0E0,0E0,0E0,0E0,0E0,0E0,0E0,0E0,0E0,0E0,0E0,0E0,0E0,0E0,0E0,0E0,0E0,0E0,0E0],"parents":[2147483647,0,0,1,1,2,2,3,3,4,4,5,5,6,6,7,7,8,8,9,9,11,11,12,12,13,13,14,14,15,15,16,16,17,17,18,18,20,20,21,21,22,22,24,24,25,25,26,26,28,28,29,29,30,30,31,31,32,32,35,35,36,36,39,39,40,40,42,42,43,43,44,44,45,45,46,46,49,49,50,50],"right_children":[2,4,6,8,10,12,14,16,18,20,-1,22,24,26,28,30,32,34,36,-1,38,40,42,-1,44,46,48,-1,50,52,54,56,58,-1,-1,60,62,-1,-1,64,66,-1,68,70,72,74,76,-1,-1,78,80,-1,-1,-1,-1,-1,-1,-1,-1,-1,-1,-1,-1,-1,-1,-1,-1,-1,-1,-1,-1,-1,-1,-1,-1,-1,-1,-1,-1,-1,-1],"split_conditions":[5.23E2,NaN,7.96E2,NaN,1.03E2,NaN,NaN,1E1,3.5E1,NaN,6.857885E1,NaN,2.94E2,NaN,1.531E3,2.87E2,1.3E2,3.26E2,3.5E2,-7.7297914E-1,2E1,1.937E3,1.092E3,4.122407E0,6.47E2,3.13E2,1.8E1,-5.451191E0,NaN,NaN,NaN,7.9E1,2.01E2,-3.242901E1,-7.1857613E-1,NaN,NaN,-7.5384927E-1,2.1144729E0,NaN,1.6E1,-1.2153317E1,NaN,3.71E2,NaN,1.7E1,1.135E3,-7.138635E-1,1.2244079E-1,5E0,8E0,-6.439897E-1,-7.434546E-1,9.8400496E-2,-6.3187265E-1,-7.1161246E-1,-4.110864E-1,-2.0390594E-1,5.1896382E-2,-6.046182E-1,-7.662353E-1,-5.5072725E-1,-7.433673E-1,-3.0025172E-1,-5.922722E-1,3.47523E-1,-2.5060415E-1,-2.616541E-1,-5.199182E-1,-4.2341292E-1,2.4854112E-1,3.130373E-1,-1.5476796E-1,-4.2953786E-1,-1.6933657E-2,2.7894944E-1,-6.813656E-2,-8.896962E-2,1.9428547E-1,-5.246773E-1,-3.2959085E-2],"split_indices":[2,13,2,12,2,13,11,1,2,13,0,11,4,12,0,2,2,4,2,0,0,0,0,0,2,0,1,0,12,12,12,2,2,0,0,12,11,0,0,12,1,0,11,4,6,1,2,0,0,1,1,0,0,0,0,0,0,0,0,0,0,0,0,0,0,0,0,0,0,0,0,0,0,0,0,0,0,0,0,0,0],"split_type":[0,1,0,1,0,1,1,0,0,1,0,1,0,1,0,0,0,0,0,0,0,0,0,0,0,0,0,0,1,1,1,0,0,0,0,1,1,0,0,1,0,0,1,0,1,0,0,0,0,0,0,0,0,0,0,0,0,0,0,0,0,0,0,0,0,0,0,0,0,0,0,0,0,0,0,0,0,0,0,0,0],"sum_hessian":[8.49985E3,7.5692344E3,9.306147E2,7.3241255E3,2.4510887E2,5.649489E2,3.6566577E2,1.709652E3,5.6144736E3,2.4346384E2,1.645026E0,5.4050854E2,2.4440386E1,2.7048926E2,9.5176506E1,1.5282291E3,1.8142287E2,1.45702305E1,5.5999033E3,2.1596841E2,2.7495434E1,3.912812E2,1.4922736E2,1.1750185E0,2.3265368E1,2.6790424E2,2.5850408E0,2.1150334E0,9.306147E1,1.456553E3,7.167613E1,6.086596E1,1.205569E2,1.1750185E0,1.3395211E1,4.9052324E3,6.9467096E2,2.5850409E1,1.645026E0,3.8658112E2,4.700074E0,1.1750185E0,1.4805234E2,1.4805234E1,8.460134E0,2.5474402E2,1.3160208E1,1.4100223E0,1.1750185E0,2.7730438E1,6.533103E1,1.2191992E3,2.3735374E2,1.4335226E1,5.7340904E1,2.3030363E1,3.7835598E1,4.300568E1,7.755122E1,2.589741E2,4.6462583E3,4.4016196E2,2.5450902E2,3.7624094E2,1.0340163E1,2.5850408E0,2.1150334E0,1.0575167E2,4.2300667E1,1.2455196E1,2.350037E0,5.4050856E0,3.0550482E0,2.8200445E0,2.5192398E2,7.2851152E0,5.8750925E0,1.2455196E1,1.5275241E1,3.0550482E0,6.227598E1],"tree_param":{"num_deleted":"0","num_feature":"14","num_nodes":"81","size_leaf_vector":"0"}},{"base_weights":[-1.8542752E0,-1.3850406E0,-8.634928E0,-1.5732987E0,2.8894534E0,-2.697006E1,-1.0588096E0,-8.55182E-1,-1.6337003E0,2.8541904E1,-1.4455305E-1,-3.018261E1,2.063143E0,-9.372415E0,3.3836932E2,-1.0419049E0,3.3608485E-2,-1.5991701E0,-3.34755E1,1.2545614E2,-6.4224374E-1,2.2674916E0,-2.949514E-1,-2.7814869E1,-4.4940624E1,-7.144598E-1,4.8770137E0,-9.959345E0,-1.3986475E0,-4.7982132E-1,-9.7949773E-1,5.154181E-1,-1.5399705E-1,-3.0740583E-1,-1.6297933E0,-4.2686835E-1,-2.7522566E1,4.56175E1,1.1680321E1,-8.4392685E1,2.515247E1,-4.944888E-1,4.4222894E0,-7.1213114E-1,7.060653E-2,-8.929889E0,-8.728297E0,-1.2927431E0,7.010541E-1,4.1657386E0,6.07769E-1,2.9815875E2,-1.0191806E1,-3.0703184E-1,-8.289833E-2,2.4496253E-1,-3.7611566E-2,-8.995654E-2,1.756196E-1,-2.8416653E0,-4.77051E-1,3.5849182E1,-1.498478E-1,2.0588933E-1,-3.0466226E-1,-1.3797791E-1,-4.042627E-1,1.044243E0,-2.597166E-2,-2.4603558E-1,-2.9765823E0,7.0661694E-2,3.2693776E-1,-1.690029E-1,3.3780915E-1,-1.3902143E1,-4.0459186E-1],"categories":[1,1,3,4,5,6,8,9,1,1,0,1,2,3,4,5,6,8,9,10,11,1,3,4,5,6,8,9,1,1,0,2,3,4,5,6,8,2,1],"categories_nodes":[2,3,9,13,16,17,32,40,41,43,52],"categories_segments":[0,1,8,9,10,21,28,29,30,37,38],"categories_sizes":[1,7,1,1,11,7,1,1,7,1,1],"default_left":[0,0,0,0,1,1,0,1,0,0,0,1,0,0,0,0,0,0,0,1,1,0,0,0,0,0,1,0,1,0,1,0,0,0,1,0,0,0,0,0,0,0,0,0,0,0,0,0,0,0,0,0,0,0,0,0,0,0,0,0,0,0,0,0,0,0,0,0,0,0,0,0,0,0,0,0,0],"id":1,"left_children":[1,3,5,7,9,11,13,15,17,19,21,23,25,27,-1,29,31,33,35,37,39,41,43,45,-1,47,49,-1,51,-1,53,55,57,-1,59,-1,-1,-1,-1,-1,61,63,-1,65,67,69,-1,-1,71,-1,73,-1,75,-1,-1,-1,-1,-1,-1,-1,-1,-1,-1,-1,-1,-1,-1,-1,-1,-1,-1,-1,-1,-1,-1,-1,-1],"loss_changes":[2.179368E4,5.1635566E3,6.1561375E4,2.6498242E2,2.1080213E4,1.2150016E4,2.9650412E6,7.945715E1,6.1736826E3,8.1101125E4,8.887636E1,2.890043E4,1.11714264E2,5.950697E4,0E0,1.2194122E1,7.677069E0,9.787891E1,1.1233785E4,9.3509375E3,1.7366817E5,5.0292545E2,3.509025E1,2.5361016E3,0E0,4.2918015E1,2.6104083E2,0E0,2.0747264E6,0E0,1.0787415E1,4.6921535E0,6.783085E0,0E0,1.653792E3,0E0,0E0,0E0,0E0,0E0,5.328324E4,8.538933E0,0E0,1.6590889E1,6.64285E1,6.254059E1,0E0,0E0,9.1699004E-1,0E0,4.154356E0,0E0,7.5007734E4,0E0,0E0,0E0,0E0,0E0,0E0,0E0,0E0,0E0,0E0,0E0,0E0,0E0,0E0,0E0,0E0,0E0,0E0,0E0,0E0,0E0,0E0,0E0,0E0],"parents":[2147483647,0,0,1,1,2,2,3,3,4,4,5,5,6,6,7,7,8,8,9,9,10,10,11,11,12,12,13,13,15,15,16,16,17,17,18,18,19,19,20,20,21,21,22,22,23,23,25,25,26,26,28,28,30,30,31,31,32,32,34,34,40,40,41,41,43,43,44,44,45,45,48,48,50,50,52,52],