{"learner":{"attributes":{"best_ntree_limit":"3"},"feature_names":[],"feature_types":["q","q","q","q","q","q","c","c","c","c","c","c","c","c"],"gradient_booster":{"model":{"gbtree_model_param":{"num_parallel_tree":"1","num_trees":"3","size_leaf_vector":"0"},"tree_info":[0,0,0],"trees":[{"base_weights":[-1.9044318E0,-2.0513182E0,-7.129765E-1,-2.117833E0,-5.225319E-2,-1.0304267E0,-2.1932536E-1,-1.7955276E0,-2.2173705E0,5.6547092E1,-1.9991277E0,-1.1046637E0,6.3288E-1,-6.816676E-2,-6.11567E-1,-1.9281412E0,-6.3689244E-1,-2.4243908E1,-2.183031E0,-1.70274E1,-1.5838494E0,-9.0859854E-1,-1.5973077E0,5.376954E0,-1.0686891E0,-3.3478368E-2,-9.0865606E-1,-7.011963E0,-1.4572021E-1,-1.9516239E0,-1.4076258E0,-1.5200047E0,-1.823117E-1,-3.2109726E1,-6.215824E-1,-2.2301664E0,-1.7991694E0,-5.9795964E-1,1.4369753E-1,-1.7850051E0,-8.874167E-1,-1.2603593E1,-1.048644E0,-5.368317E-1,5.391981E-1,-4.801627E-2,5.758684E-1,-2.2292018E0,-3.9724246E-1,8.421415E-4,-5.12094E-1,-5.709784E-1,-6.567262E-1,3.268065E-2,-5.444184E-1,-6.2417173E-1,-3.5585415E-1,-1.6339222E-1,1.2208781E-2,-5.490853E-1,-6.758035E-1,-4.7428593E-1,-6.5066886E-1,1.5291877E1,-5.52735E-1,-7.773429E-2,-5.8429205E-1,2.6478546E-2,-2.6845095E-1,-2.363083E-1,-4.971219E-1,2.076884E0,-3.535737E-1,-1.15666855E-2,-3.203907E-1,2.56092E-1,-7.7750417E-3,-7.773429E-2,-9.3958163E-1,2.0954816E-1,-1.8298064E-1,-9.833883E-3,-2.0557451E0],"categories":[2,1,4,5,6,8,9,1,2,2,2,2,1,3,6,0,1,4,8,9,10,2,2,2,3,3,10,1,4,5,6,8,9,2,2,1],"categories_nodes":[1,3,4,5,6,11,12,13,20,24,28,29,30,35,36,42,45],"categories_segments":[0,1,7,9,10,11,12,15,21,22,23,24,25,27,33,34,35],"categories_sizes":[1,6,2,1,1,1,3,6,1,1,1,1,2,6,1,1,1],"default_left":[1,0,0,0,0,0,0,1,1,0,1,0,0,0,1,1,0,1,0,0,0,0,1,0,0,1,1,0,0,0,0,0,0,0,0,0,0,0,1,0,0,0,0,0,1,0,0,0,0,0,0,0,0,0,0,0,0,0,0,0,0,0,0,0,0,0,0,0,0,0,0,0,0,0,0,0,0,0,0,0,0,0,0],"id":0,"left_children":[1,3,5,7,9,11,13,15,17,-1,19,21,23,25,27,29,31,33,35,-1,37,39,41,-1,43,45,47,-1,49,51,53,55,57,-1,-1,59,61,-1,63,65,67,-1,69,-1,71,73,75,77,79,-1,81,-1,-1,-1,-1,-1,-1,-1,-1,-1,-1,-1,-1,-1,-1,-1,-1,-1,-1,-1,-1,-1,-1,-1,-1,-1,-1,-1,-1,-1,-1,-1,-1],"loss_changes":[1.721293E3,1.1650664E3,1.6932092E2,2.6809375E2,1.0433186E5,8.197339E1,2.5139849E1,3.0705078E2,4.8448984E3,0E0,6.3068755E3,5.9443665E1,8.652241E2,8.940505E0,1.2479879E3,1.9251953E1,8.304292E1,1.8098156E4,1.1298633E2,0E0,1.9844238E2,6.8307495E0,3.9064622E3,0E0,3.2399467E1,2.6545677E0,7.324979E0,0E0,6.34951E0,1.5581543E1,5.037935E1,1.0705017E1,1.1185438E1,0E0,0E0,4.7685547E1,5.4044434E1,0E0,5.6070767E3,1.9045811E0,3.2974243E0,0E0,2.6764938E1,0E0,1.0865066E2,2.762471E0,1.1900547E0,4.8388023E0,2.7520294E0,0E0,1.0205766E2,0E0,0E0,0E0,0E0,0E0,0E0,0E0,0E0,0E0,0E0,0E0,0E0,0E0,0E0,0E0,0E0,0E0,0E0,0E0,0E0,0E0,0E0,0E0,0E0,0E0,0E0,0E0,0E0,0E0,0E0,0E0,0E0],"parents":[2147483647,0,0,1,1,2,2,3,3,4,4,5,5,6,6,7,7,8,8,10,10,11,11,12,12,13,13,14,14,15,15,16,16,17,17,18,18,20,20,21,21,22,22,24,24,25,25,26,26,28,28,29,29,30,30,31,31,32,32,35,35,36,36,38,38,39,39,40,40,42,42,44,44,45,45,46,46,47,47,48,48,50,50],"right_children":[2,4,6,8,10,12,14,16,18,-1,20,22,24,26,28,30,32,34,36,-1,38,40,42,-1,44,46,48,-1,50,52,54,56,58,-1,-1,60,62,-1,64,66,68,-1,70,-1,72,74,76,78,80,-1,82,-1,-1,-1,-1,-1,-1,-1,-1,-1,-1,-1,-1,-1,-1,-1,-1,-1,-1,-1,-1,-1,-1,-1,-1,-1,-1,-1,-1,-1,-1,-1,-1],"split_conditions":[5.23E2,NaN,8.03E2,NaN,NaN,NaN,NaN,1E1,3.5E1,5.6547092E1,1.37E2,NaN,NaN,NaN,1.311E3,2.96E2,1.3E2,8.332E3,3.65E2,-1.70274E1,NaN,5.91E2,1.027E3,5.376954E0,NaN,2.1E1,6.58E2,-7.011963E0,NaN,NaN,NaN,7.5E1,2.09E2,-3.2109726E1,-6.215824E-1,NaN,NaN,-5.9795964E-1,3.52E2,3E0,1.027E3,-1.2603593E1,NaN,-5.368317E-1,3.32E2,NaN,1.73E3,2E0,5E0,8.421415E-4,9.01E2,-5.709784E-1,-6.567262E-1,3.268065E-2,-5.444184E-1,-6.2417173E-1,-3.5585415E-1,-1.6339222E-1,1.2208781E-2,-5.490853E-1,-6.758035E-1,-4.7428593E-1,-6.5066886E-1,1.5291877E1,-5.52735E-1,-7.773429E-2,-5.8429205E-1,2.6478546E-2,-2.6845095E-1,-2.363083E-1,-4.971219E-1,2.076884E0,-3.535737E-1,-1.15666855E-2,-3.203907E-1,2.56092E-1,-7.7750417E-3,-7.773429E-2,-9.3958163E-1,2.0954816E-1,-1.8298064E-1,-9.833883E-3,-2.0557451E0],"split_indices":[2,13,2,12,6,13,11,1,2,0,2,11,6,6,0,2,2,0,2,0,13,0,0,0,13,1,0,0,11,12,12,2,2,0,0,12,11,0,4,5,0,0,11,0,4,7,0,0,1,0,2,0,0,0,0,0,0,0,0,0,0,0,0,0,0,0,0,0,0,0,0,0,0,0,0,0,0,0,0,0,0,0,0],"split_type":[0,1,0,1,1,1,1,0,0,0,0,1,1,1,0,0,0,0,0,0,1,0,0,0,1,0,0,0,1,1,1,0,0,0,0,1,1,0,0,0,0,0,1,0,0,1,0,0,0,0,0,0,0,0,0,0,0,0,0,0,0,0,0,0,0,0,0,0,0,0,0,0,0,0,0,0,0,0,0,0,0,0,0],"sum_hessian":[9.842824E3,8.761907E3,1.0809174E3,8.479704E3,2.8220325E2,6.572043E2,4.2371307E2,2.0053574E3,6.4743467E3,1.9049399E0,2.802983E2,6.294466E2,2.7757696E1,3.066953E2,1.1701774E2,1.7988075E3,2.0654991E2,8.980431E0,6.465366E3,1.0885371E0,2.7920978E2,4.5228717E2,1.7715941E2,1.6328056E0,2.612489E1,2.955378E2,1.1157505E1,1.3606714E0,1.1565707E2,1.718528E3,8.027961E1,6.939424E1,1.3715567E2,1.0885371E0,7.891894E0,5.7540073E3,7.11359E2,2.2559932E2,5.361045E1,8.708297E0,4.4357886E2,1.3606714E0,1.7579874E2,1.7960861E1,8.164028E0,2.8955087E2,5.986954E0,2.1770742E0,8.980431E0,8.300095E1,3.2656113E1,1.4352362E3,2.8329178E2,1.7144459E1,6.313515E1,2.3947817E1,4.5446423E1,5.1705513E1,8.5450165E1,3.1104947E2,5.4429575E3,4.5065436E2,2.6070462E2,1.0885371E0,5.2521915E1,1.0885371E0,7.6197596E0,3.2656112E0,4.4031326E2,1.246375E2,5.1161243E1,1.0885371E0,7.075491E0,2.8791806E2,1.6328056E0,3.8098798E0,2.1770742E0,1.0885371E0,1.0885371E0,1.0885371E0,7.891894E0,3.129544E1,1.3606714E0],"tree_param":{"num_deleted":"0","num_feature":"14","num_nodes":"83","size_leaf_vector":"0"}},{"base_weights":[-1.5432675E0,-1.1616664E0,-8.293496E0,-1.3315572E0,4.747741E0,-3.568519E1,-8.473364E-1,-1.361553E0,1.2724664E0,4.9278942E1,6.3445294E-1,-4.096805E1,1.0223131E0,-8.673936E0,3.0140726E2,-7.7896357E-1,-1.4109925E0,2.1505287E1,-4.8366E-1,1.0931173E2,-3.9473504E-1,-2.6944184E-1,3.0254617E0,-5.278378E1,-3.6743946E1,-5.3473263E0,3.7790027E0,-1.6179121E1,-1.1426921E0,-9.796711E-1,-1.612527E-1,-1.124835E1,-1.3969035E0,9.07414E0,1.0283357E1,-7.381927E-1,5.00042E0,3.9905575E1,-9.055409E1,-1.0309741E-2,-9.3675447E-1,5.7776165E0,2.2752E0,-1.1785416E1,-1.0482272E0,-7.617542E-2,-2.4652333E0,3.4380023E0,1.251947E0,-8.878604E0,2.993878E2,-4.2888033E-1,-2.7576938E-1,8.181766E-2,-9.806336E-2,-1.305972E1,3.6986813E-2,-3.1568205E-1,-4.3028745E-1,3.625756E0,-7.533366E-2,-1.6094549E-1,-3.359581E-1,2.3584446E-1,2.2327926E0,1.797227E1,8.479139E0,1.669709E-2,-2.892904E-1,-5.769581E0,2.3035476E-2,8.17364E-1,4.4222784E-4,3.2502952E-1,-9.726846E-1,7.120979E-2,6.3410497E-1,-1.7078333E1,-3.5578614E-1],"categories":[1,1,3,4,5,6,8,9,1,1,0,1,2,3,4,6,7,8,9,10,2,2,10,11,1,4,5,6,8,9,5,2,0,1,2,3,4,6,7,8,9,10,11,0,2,3,4,5,6,7,9,10,11,0,1,2,3,4,5,6,9,1,0,1,2,3,4,5,6,7,8,9,10,1],"categories_nodes":[2,7,9,13,17,21,30,32,33,35,36,37,39,42,44,49],"categories_segments":[0,1,8,9,10,20,21,24,30,31,32,43,53,61,62,73],"categories_sizes":[1,7,1,1,10,1,3,6,1,1,11,10,8,1,11,1],"default_left":[0,0,0,0,1,1,0,0,0,0,0,0,0,0,0,1,1,0,0,0,0,0,0,0,1,0,1,0,0,0,0,1,0,0,0,0,0,0,0,0,1,0,0,0,0,0,0,0,0,0,0,0,0,0,0,0,0,0,0,0,0,0,0,0,0,0,0,0,0,0,0,0,0,0,0,0,0,0,0],"id":1,"left_children":[1,3,5,7,9,11,13,15,17,19,21,23,25,27,-1,29,31,33,35,-1,37,39,41,-1,43,45,47,-1,49,51,53,55,57,59,-1,61,63,65,-1,67,69,-1,71,-1,73,-1,-1,-1,75,77,-1,-1,-1,-1,-1,-1,-1,-1,-1,-1,-1,-1,-1,-1,-1,-1,-1,-1,-1,-1,-1,-1,-1,-1,-1,-1,-1,-1,-1],"loss_changes":[2.033567E4,7.5127783E3,8.61343E4,5.694912E2,3.8281734E4,1.7547008E4,2.6308418E6,2.0589062E2,2.9698782E3,2.767701E5,4.16835E2,3.8541766E4,2.3675679E2,1.12960266E5,0E0,6.981351E1,9.0222754E2,7.4864404E2,1.1203629E2,0E0,2.0965281E5,2.4303955E1,6.00323E2,0E0,7.015375E3,5.842372E1,1.6409833E2,0E0,2.2140315E6,1.0264313E1,1.0123618E1,3.430647E3,8.37207E1,1.3622089E2,0E0,5.176693E0,3.090577E1,1.8534453E3,0E0,6.4908023E0,7.3052295E2,0E0,5.2803314E1,0E0,3.2498386E1,0E0,0E0,0E0,6.527774E0,1.0494737E5,0E0,0E0,0E0,0E0,0E0,0E0,0E0,0E0,0E0,0E0,0E0,0E0,0E0,0E0,0E0,0E0,0E0,0E0,0E0,0E0,0E0,0E0,0E0,0E0,0E0,0E0,0E0,0E0,0E0],