{"learner":{"attributes":{"best_ntree_limit":"7"},"feature_names":[],"feature_types":["q","q","q","q","q","q","c","c","c","c","c","c","c","c"],"gradient_booster":{"model":{"gbtree_model_param":{"num_parallel_tree":"1","num_trees":"2","size_leaf_vector":"0"},"tree_info":[0,0],"trees":[{"base_weights":[-2.0099978E0,-2.1760132E0,-7.6233333E-1,-2.2458034E0,-2.0109626E-2,-1.0818053E0,-1.2372328E-1,-1.8854982E0,-2.3546922E0,1.4049504E2,-1.9939065E0,-1.1657571E0,6.7272735E-1,-1.6486427E-1,7.7513677E-1,-2.0199249E0,-7.089096E-1,-1.2596071E1,-2.314886E0,6.603832E1,-4.1363645E-1,-2.3181272E0,-4.5377812E-1,-9.7722435E-1,-1.63329E0,6.5076013E0,-6.583209E-1,-3.127237E-2,-3.774699E-1,2.618909E0,-3.5301927E-1,-2.0458286E0,-1.4782467E0,-1.7291126E0,-1.8180004E-1,-3.5520187E1,-6.949596E-1,-5.289345E-1,-2.347541E0,-7.072233E-1,-1.1322814E0,-1.7510238E0,4.517009E-1,-9.979052E-1,5.772617E-1,-1.6375856E1,-1.0748178E0,-2.9249522E-1,5.0625587E-1,8.28871E-2,-3.4582037E-1,-2.3167388E0,-2.6234755E-1,1.9992296E-1,-7.0350313E-1,-5.9711075E-1,-6.9444925E-1,3.0507335E-2,-6.013255E-1,-6.68331E-1,-4.035687E-1,-2.2597104E-1,3.6289252E-2,-6.317394E0,-6.9153595E-1,-6.4411116E-1,9.7369295E-1,-1.0453092E-1,-5.8457947E-1,-3.8035467E-2,2.0115088E-1,-2.895363E-1,-5.6593114E-1,3.3831093E-1,-3.5060488E-2,-2.4083851E-1,-5.1637757E-1,1.4223882E0,-2.6151794E-1,-1.9939233E-2,1.5780918E-1,-3.2791995E-2,-2.0176086E0,-2.2721035E-2,-1.634691E-1,-1.9720288E-1,2.180516E-1,2.378465E-2,-4.156272E-1],"categories":[2,1,4,5,6,8,9,2,2,2,4,8,9,10,1,4,5,6,8,9,2,2,3,4,6,3,3,4,5,9,0,1,2,3,4,6,7,8,9,10,2,2,0,1,2,3,4],"categories_nodes":[1,3,5,6,11,13,18,21,26,27,31,32,43,44,46,52,54],"categories_segments":[0,1,7,8,9,10,14,20,21,22,25,26,27,30,40,41,42],"categories_sizes":[1,6,1,1,1,4,6,1,1,3,1,1,3,10,1,1,5],"default_left":[1,0,0,0,1,0,0,1,1,1,0,0,1,0,1,1,0,1,0,0,0,0,0,1,1,0,0,0,1,0,0,0,0,0,0,0,0,0,1,0,0,0,0,0,0,0,0,0,1,1,0,0,0,0,0,0,0,0,0,0,0,0,0,0,0,0,0,0,0,0,0,0,0,0,0,0,0,0,0,0,0,0,0,0,0,0,0,0,0],"id":0,"left_children":[1,3,5,7,9,11,13,15,17,19,21,23,25,27,29,31,33,35,37,-1,-1,39,41,43,45,-1,47,49,51,-1,53,55,57,59,61,-1,-1,-1,63,-1,65,67,69,71,73,-1,75,-1,77,79,81,-1,83,85,87,-1,-1,-1,-1,-1,-1,-1,-1,-1,-1,-1,-1,-1,-1,-1,-1,-1,-1,-1,-1,-1,-1,-1,-1,-1,-1,-1,-1,-1,-1,-1,-1,-1,-1],"loss_changes":[1.8823242E3,1.2076875E3,2.1810004E2,3.0060547E2,7.036757E4,1.0578674E2,1.3359722E1,2.8476074E2,2.4032969E3,4.0010055E4,1.23878845E2,5.840265E1,9.4275024E2,9.729573E0,1.4519182E2,1.9754395E1,1.0028737E2,2.4606701E4,1.0297656E2,0E0,0E0,6.94751E0,5.3359085E1,1.6250275E1,5.681888E3,0E0,1.2360991E1,7.631183E0,1.09808624E2,0E0,3.0146546E0,1.8467285E1,6.4791824E1,9.180176E0,2.1624687E1,0E0,0E0,0E0,4.4039844E3,0E0,4.492375E1,4.475872E0,3.5216427E0,1.2206207E1,2.81967E0,0E0,3.2576065E1,0E0,4.812228E1,1.0369403E1,8.462247E1,0E0,6.879287E0,3.4283252E0,5.07308E0,0E0,0E0,0E0,0E0,0E0,0E0,0E0,0E0,0E0,0E0,0E0,0E0,0E0,0E0,0E0,0E0,0E0,0E0,0E0,0E0,0E0,0E0,0E0,0E0,0E0,0E0,0E0,0E0,0E0,0E0,0E0,0E0,0E0,0E0],"parents":[2147483647,0,0,1,1,2,2,3,3,4,4,5,5,6,6,7,7,8,8,9,9,10,10,11,11,12,12,13,13,14,14,15,15,16,16,17,17,18,18,21,21,22,22,23,23,24,24,26,26,27,27,28,28,30,30,31,31,32,32,33,33,34,34,38,38,40,40,41,41,42,42,43,43,44,44,46,46,48,48,49,49,50,50,52,52,53,53,54,54],"right_children":[2,4,6,8,10,12,14,16,18,20,22,24,26,28,30,32,34,36,38,-1,-1,40,42,44,46,-1,48,50,52,-1,54,56,58,60,62,-1,-1,-1,64,-1,66,68,70,72,74,-1,76,-1,78,80,82,-1,84,86,88,-1,-1,-1,-1,-1,-1,-1,-1,-1,-1,-1,-1,-1,-1,-1,-1,-1,-1,-1,-1,-1,-1,-1,-1,-1,-1,-1,-1,-1,-1,-1,-1,-1,-1],"split_conditions":[5.04E2,NaN,8.33E2,NaN,3.34E2,NaN,NaN,1E1,3.6E1,3E1,3.74E2,NaN,2.78E2,NaN,2.85E2,2.84E2,1.25E2,1.76E2,NaN,6.603832E1,-4.1363645E-1,NaN,1.82E2,1.938E3,1.038E3,6.5076013E0,NaN,NaN,-1E0,2.618909E0,1.4E1,NaN,NaN,7.9E1,1.91E2,-3.5520187E1,-6.949596E-1,-5.289345E-1,5.8E1,-7.072233E-1,-4.09E2,3.85E2,2.52E2,NaN,NaN,-1.6375856E1,NaN,-2.9249522E-1,5E0,6.31E2,3.382E3,-2.3167388E0,NaN,2E0,NaN,-5.9711075E-1,-6.9444925E-1,3.0507335E-2,-6.013255E-1,-6.68331E-1,-4.035687E-1,-2.2597104E-1,3.6289252E-2,-6.317394E0,-6.9153595E-1,-6.4411116E-1,9.7369295E-1,-1.0453092E-1,-5.8457947E-1,-3.8035467E-2,2.0115088E-1,-2.895363E-1,-5.6593114E-1,3.3831093E-1,-3.5060488E-2,-2.4083851E-1,-5.1637757E-1,1.4223882E0,-2.6151794E-1,-1.9939233E-2,1.5780918E-1,-3.2791995E-2,-2.0176086E0,-2.2721035E-2,-1.634691E-1,-1.9720288E-1,2.180516E-1,2.378465E-2,-4.156272E-1],"split_indices":[2,13,2,12,4,13,13,1,2,5,4,11,4,12,4,2,2,4,12,0,0,13,2,0,0,0,13,6,0,0,1,12,12,2,2,0,0,0,2,0,0,4,2,12,6,0,11,0,5,0,0,0,11,5,6,0,0,0,0,0,0,0,0,0,0,0,0,0,0,0,0,0,0,0,0,0,0,0,0,0,0,0,0,0,0,0,0,0,0],"split_type":[0,1,0,1,0,1,1,0,0,0,0,1,0,1,0,0,0,0,1,0,0,1,0,0,0,0,1,1,0,0,0,1,1,0,0,0,0,0,0,0,0,0,0,1,1,0,1,0,0,0,0,0,1,0,1,0,0,0,0,0,0,0,0,0,0,0,0,0,0,0,0,0,0,0,0,0,0,0,0,0,0,0,0,0,0,0,0,0,0],"sum_hessian":[9.094587E3,8.0259077E3,1.0686793E3,7.774202E3,2.5170541E2,7.1186615E2,3.5681317E2,1.8084569E3,5.965745E3,2.5145397E0,2.4919089E2,6.7968005E2,3.2186108E1,3.419774E2,1.4835784E1,1.622381E3,1.8607593E2,2.1876495E1,5.9438687E3,1.2572699E0,1.2572699E0,2.054379E2,4.375299E1,4.8656342E2,1.9311664E2,1.0058159E0,3.1180292E1,2.1071843E2,1.3125897E2,1.0058159E0,1.3829968E1,1.5456875E3,7.669346E1,6.2612038E1,1.234639E2,1.0058159E0,2.087068E1,3.3518814E2,5.6086807E3,1.9789427E2,7.543619E0,1.7601778E1,2.6151213E1,4.8052853E2,6.034895E0,1.0058159E0,1.9211082E2,2.4642488E1,6.537803E0,1.551471E2,5.5571327E1,1.0058159E0,1.3025316E2,5.531987E0,8.297981E0,1.2884501E3,2.572374E2,1.9361956E1,5.7331505E1,2.5145397E1,3.746664E1,4.2244267E1,8.121963E1,1.1566882E1,5.597114E3,6.537803E0,1.0058159E0,2.5145397E0,1.5087238E1,7.292165E0,1.8859047E1,4.6544128E2,1.5087238E1,3.0174475E0,3.0174475E0,1.3679095E2,5.5319874E1,1.0058159E0,5.531987E0,1.1667464E2,3.8472458E1,5.456551E1,1.0058159E0,7.9208E1,5.1045155E1,2.0116317E0,3.5203555E0,4.2747173E0,4.0232635E0],"tree_param":{"num_deleted":"0","num_feature":"14","num_nodes":"89","size_leaf_vector":"0"}},{"base_weights":[-1.7537107E0,-1.3035982E0,-7.197087E0,-1.4791002E0,8.352487E-1,-1.6707422E1,-9.9134606E-1,-8.103873E-1,-1.5362202E0,2.5984898E0,-3.0750254E-1,-1.05463135E2,-1.5156041E1,-7.9808903E0,6.050592E2,-9.674637E-1,1.0781408E-2,-1.6226652E1,-1.5167722E0,2.8024109E1,1.2754795E-1,-6.6248477E-1,3.7554655E-2,-4.9070683E1,-4.6883407E-1,-1.6654692E1,-5.7021326E-1,-6.069699E0,-1.3392885E0,3.471714E2,-3.7769052E-1,-4.8192266E-1,-9.125339E-1,1.6506815E-1,-6.485821E-1,-1.0863589E0,-1.6469421E1,-1.0857798E0,-1.5645508E0,1.4552162E1,3.343063E1,9.228433E-1,-7.389407E-2,-3.832791E-1,-1.3454671E0,3.9414945E-1,-1.4080463E-1,-5.0527925E0,-8.29648E-1,-2.2514825E0,2.907071E-1,-8.208558E0,2.1556105E2,-1.6173947E-1,-2.876737E-1,4.208231E-2,1.9085954E-1,-1.7670219E0,1.397252E-1,2.7186062E-2,-4.082622E-1,-3.5218242E-1,5.3516757E-2,-5.2813473E0,-4.5665982E-1,2.0457313E0,6.4527016E0,7.712791E-1,6.965558E-2,4.263695E-2,-1.4478123E-1,-1.2756442E-1,2.0095731E-1,-4.6422167E0,-1.0551852E-1,-3.0796707E-3,2.2532676E-1,-5.3178626E-1,-3.0720176E-2,-1.810304E-2,-3.873459E-1,-8.727488E-1,1.7903349E-1,-1.9792484E-1,2.8905877E-1,-6.1054964E0,-4.5077068E-1],"categories":[1,1,3,4,5,6,8,9,1,1,1,4,5,6,8,9,0,2,3,6,7,8,2,0,2,3,4,5,8,9,10,1,0,1,2,3,4,5,6,7,10,11,2,1],"categories_nodes":[2,3,13,16,18,19,21,22,34,41,42,51],"categories_segments":[0,1,8,9,10,16,22,23,31,32,42,43],"categories_sizes":[1,7,1,1,6,6,1,8,1,10,1,1],"default_left":[0,0,0,0,1,0,0,1,1,1,0,0,1,0,1,0,0,0,0,0,1,0,0,0,0,1,0,0,0,0,0,0,0,1,0,0,0,1,1,0,0,0,0,1,1,1,1,0,0,0,0,0,0,0,0,0,0,0,0,0,0,0,0,0,0,0,0,0,0,0,0,0,0,0,0,0,0,0,0,0,0,0,0,0,0,0,0],"id":1,"left_children":[1,3,5,7,9,11,13,15,17,19,21,23,25,27,29,31,33,35,37,39,41,43,45,-1,-1,47,49,-1,51,-1,-1,-1,53,55,57,59,-1,61,63,65,-1,67,69,71,73,75,77,-1,79,81,83,85,-1,-1,-1,-1,-1,-1,-1,-1,-1,-1,-1,-1,-1,-1,-1,-1,-1,-1,-1,-1,-1,-1,-1,-1,-1,-1,-1,-1,-1,-1,-1,-1,-1,-1,-1],