{"learner":{"attributes":{"best_ntree_limit":"7"},"feature_names":[],"feature_types":["q","q","q","q","q","q","c","c","c","c","c","c","c","c"],"gradient_booster":{"model":{"gbtree_model_param":{"num_parallel_tree":"1","num_trees":"2","size_leaf_vector":"0"},"tree_info":[0,0],"trees":[{"base_weights":[-2.0100107E0,-2.1694021E0,-7.1491313E-1,-2.2413635E0,-1.2790747E-2,-1.0551564E0,-1.8602617E-1,-1.8906021E0,-2.3479881E0,6.8430595E1,-1.9836777E0,-1.1403648E0,7.378048E-1,-4.5938548E-2,-5.680026E-1,-2.0310411E0,-6.7757183E-1,-1.4123084E1,-2.310027E0,-2.3049798E0,-5.183473E-1,-9.515297E-1,-1.6159443E0,3.8739662E0,-5.6326395E-1,-2.1249887E-2,-1.3036636E0,-7.7010818E0,-7.8853406E-2,-1.9681147E0,-2.2938726E0,-1.8098106E0,-2.5628725E-1,-3.4174103E1,-6.850246E-1,-2.3717158E0,-2.01374E0,-2.3394907E0,-5.798351E-1,-1.7700932E0,2.9151827E-1,-9.202296E-1,-1.68764E0,-9.386049E0,-1.0994096E0,-2.4798584E-1,6.48033E-1,-6.638766E-3,-5.5506134E-1,-8.053605E-1,-1.1686829E-1,1.984859E-1,-3.3925292E-1,-6.042024E-1,-7.004615E-2,-6.9368666E-1,-4.1942483E-1,-6.697333E-1,-3.92948E-1,-1.824545E-1,1.6369475E-2,-5.7536703E-1,-7.1866274E-1,-5.4387414E-1,-7.061526E-1,-7.098906E-1,-1.8014717E-1,-3.1288013E-1,2.258676E-1,-5.8206975E-1,-2.1729045E-1,2.7135298E-1,-4.1482404E-2,-2.794245E-1,2.2045384E-1,-5.710432E-1,-1.471367E-1,-2.4620305E-1,-5.362756E-1,1.1232581E0,-2.8756613E-1,2.1582308E-1,-7.6424973E-3,6.0921516E-2,-5.8226854E-1,1.5130131E-1,-2.0744684E-1,1.2227088E-1,-7.5080864E-2,-1.2697833E0,-5.5695985E-2],"categories":[2,1,4,5,6,8,9,2,2,2,1,8,3,3,5,9,2,1,4,10,2,3,4,5,6,9,11,1,4,5,6,8,9,2,2,2,2,2,2],"categories_nodes":[1,3,5,6,11,13,15,21,24,25,28,35,36,38,39,41,44,51],"categories_segments":[0,1,7,8,9,10,12,13,16,17,20,27,33,34,35,36,37,38],"categories_sizes":[1,6,1,1,1,2,1,3,1,3,7,6,1,1,1,1,1,1],"default_left":[1,0,0,0,1,0,0,1,1,0,0,0,1,0,1,0,0,1,0,0,0,0,1,0,0,0,1,0,0,1,0,0,0,0,0,0,0,0,0,0,0,0,1,0,0,0,1,0,0,0,0,0,1,0,0,0,0,0,0,0,0,0,0,0,0,0,0,0,0,0,0,0,0,0,0,0,0,0,0,0,0,0,0,0,0,0,0,0,0,0,0],"id":0,"left_children":[1,3,5,7,9,11,13,15,17,-1,19,21,23,25,27,29,31,33,35,37,39,41,43,-1,45,47,49,-1,51,53,55,57,59,-1,-1,61,63,65,67,69,71,73,75,-1,77,-1,79,81,83,-1,85,87,89,-1,-1,-1,-1,-1,-1,-1,-1,-1,-1,-1,-1,-1,-1,-1,-1,-1,-1,-1,-1,-1,-1,-1,-1,-1,-1,-1,-1,-1,-1,-1,-1,-1,-1,-1,-1,-1,-1],"loss_changes":[1.8760781E3,1.2568125E3,1.7944196E2,2.8866406E2,1.1847489E5,9.361511E1,2.0950478E1,3.1073242E2,2.652039E3,0E0,1.2180762E2,5.0558777E1,4.5331052E2,8.912317E0,1.2884966E3,2.263379E1,9.092935E1,2.2311834E4,1.0466797E2,1.1383057E1,4.945292E1,8.069977E0,2.4704802E3,0E0,8.956317E0,2.2065828E0,8.742616E0,0E0,7.5850573E0,1.0552246E2,1.8985596E0,8.020416E0,1.5435815E1,0E0,0E0,4.8933594E1,6.6663574E1,8.344971E0,4.1958804E0,1.993988E0,8.073291E0,8.141785E0,3.158352E0,0E0,2.9545776E1,0E0,2.9826777E1,3.804465E0,8.313706E0,0E0,1.7828047E0,4.8908925E0,3.1541155E1,0E0,0E0,0E0,0E0,0E0,0E0,0E0,0E0,0E0,0E0,0E0,0E0,0E0,0E0,0E0,0E0,0E0,0E0,0E0,0E0,0E0,0E0,0E0,0E0,0E0,0E0,0E0,0E0,0E0,0E0,0E0,0E0,0E0,0E0,0E0,0E0,0E0,0E0],"parents":[2147483647,0,0,1,1,2,2,3,3,4,4,5,5,6,6,7,7,8,8,10,10,11,11,12,12,13,13,14,14,15,15,16,16,17,17,18,18,19,19,20,20,21,21,22,22,24,24,25,25,26,26,28,28,29,29,30,30,31,31,32,32,35,35,36,36,37,37,38,38,39,39,40,40,41,41,42,42,44,44,46,46,47,47,48,48,50,50,51,51,52,52],"right_children":[2,4,6,8,10,12,14,16,18,-1,20,22,24,26,28,30,32,34,36,38,40,42,44,-1,46,48,50,-1,52,54,56,58,60,-1,-1,62,64,66,68,70,72,74,76,-1,78,-1,80,82,84,-1,86,88,90,-1,-1,-1,-1,-1,-1,-1,-1,-1,-1,-1,-1,-1,-1,-1,-1,-1,-1,-1,-1,-1,-1,-1,-1,-1,-1,-1,-1,-1,-1,-1,-1,-1,-1,-1,-1,-1,-1],"split_conditions":[5.23E2,NaN,8.01E2,NaN,3.37E2,NaN,NaN,1E1,3.5E1,6.8430595E1,3.75E2,NaN,2.97E2,NaN,1.435E3,NaN,1.09E2,2.78E2,3.14E2,2.2E1,1.83E2,NaN,1.092E3,3.8739662E0,NaN,NaN,8.28E2,-7.7010818E0,NaN,1.74E2,4.7E2,7.9E1,2.09E2,-3.4174103E1,-6.850246E-1,NaN,NaN,4.77E2,NaN,NaN,2E0,NaN,2.8E1,-9.386049E0,NaN,-2.4798584E-1,5E0,4.903E3,1.129E3,-8.053605E-1,2.151E3,NaN,5E0,-6.042024E-1,-7.004615E-2,-6.9368666E-1,-4.1942483E-1,-6.697333E-1,-3.92948E-1,-1.824545E-1,1.6369475E-2,-5.7536703E-1,-7.1866274E-1,-5.4387414E-1,-7.061526E-1,-7.098906E-1,-1.8014717E-1,-3.1288013E-1,2.258676E-1,-5.8206975E-1,-2.1729045E-1,2.7135298E-1,-4.1482404E-2,-2.794245E-1,2.2045384E-1,-5.710432E-1,-1.471367E-1,-2.4620305E-1,-5.362756E-1,1.1232581E0,-2.8756613E-1,2.1582308E-1,-7.6424973E-3,6.0921516E-2,-5.8226854E-1,1.5130131E-1,-2.0744684E-1,1.2227088E-1,-7.5080864E-2,-1.2697833E0,-5.5695985E-2],"split_indices":[2,13,2,12,4,13,11,1,2,0,4,11,4,12,0,12,2,4,2,1,2,12,0,0,13,6,0,0,12,2,2,2,2,0,0,12,11,2,13,13,5,7,1,0,11,0,5,0,2,0,0,11,1,0,0,0,0,0,0,0,0,0,0,0,0,0,0,0,0,0,0,0,0,0,0,0,0,0,0,0,0,0,0,0,0,0,0,0,0,0,0],"split_type":[0,1,0,1,0,1,1,0,0,0,0,1,0,1,0,1,0,0,0,0,0,1,0,0,1,1,0,0,1,0,0,0,0,0,0,1,1,0,1,1,0,1,0,0,1,0,0,0,0,0,0,1,0,0,0,0,0,0,0,0,0,0,0,0,0,0,0,0,0,0,0,0,0,0,0,0,0,0,0,0,0,0,0,0,0,0,0,0,0,0,0],"sum_hessian":[9.094839E3,8.0975723E3,9.972664E2,7.83606E3,2.6151212E2,6.062555E2,3.9101093E2,1.8310878E3,6.004972E3,1.2572699E0,2.6025485E2,5.790985E2,2.7157028E1,2.8690897E2,1.04101944E2,1.6404857E3,1.9060211E2,1.8104685E1,5.9868677E3,2.129815E2,4.7273346E1,4.166592E2,1.6243925E2,1.7601777E0,2.539685E1,2.823828E2,4.526171E0,1.0058159E0,1.0309612E2,1.330443E3,3.1004276E2,5.07937E1,1.3980841E2,1.0058159E0,1.709887E1,4.9493687E3,1.037499E3,2.0845534E2,4.526171E0,1.8104685E1,2.916866E1,4.0182343E2,1.4835784E1,1.7601777E0,1.6067908E2,2.1122133E1,4.2747173E0,2.75845E2,6.537803E0,1.5087237E0,3.0174475E0,5.003934E1,5.3056786E1,1.2959938E3,3.4449192E1,3.0224768E2,7.795073E0,2.5648304E1,2.5145397E1,6.512658E1,7.468183E1,2.5095107E2,4.6984175E3,6.5629486E2,3.8120422E2,2.0493498E2,3.5203555E0,3.5203555E0,1.0058159E0,1.4835784E1,3.2689016E0,1.1566882E1,1.7601778E1,3.9956036E2,2.2630856E0,1.206979E1,2.7659936E0,1.1592028E2,4.4758804E1,1.0058159E0,3.2689016E0,6.034895E0,2.6981012E2,4.7776256E0,1.7601777E0,1.5087237E0,1.5087237E0,3.419774E1,1.5841599E1,1.0058159E0,5.2050972E1],"tree_param":{"num_deleted":"0","num_feature":"14","num_nodes":"91","size_leaf_vector":"0"}},{"base_weights":[-1.6580106E0,-1.2879821E0,-5.639568E0,-1.477076E0,3.0316832E0,-1.1684479E1,-1.2518104E0,-8.391081E-1,-1.5296047E0,3.786618E1,-1.1514382E-1,-1.0888277E2,-9.322125E-1,-1.3421261E0,4.408362E0,-1.0283355E0,-2.5880325E-1,-3.0170412E1,-1.5035214E0,6.2309338E1,2.5839703E1,-5.198354E-1,6.157036E-1,-5.2307407E1,1.3870516E0,-1.1572989E1,3.7194824E2,-1.5288436E0,-4.2670816E-1,4.006257E0,-1.7800233E-1,-4.611064E-1,-9.6362257E-1,7.567319E-2,-5.1150346E-1,-2.3620098E1,-8.3194214E-1,-2.88071E-1,-1.5314552E0,5.437775E1,-7.149162E-1,1.860468E1,2.096945E1,-2.6517826E-1,-1.1605059E0,6.4688315E0,3.0160455E-2,-2.0831273E0,3.7171075E0,-1.1521885E2,-1.0663437E0,-1.5598565E0,-5.6434035E-1,-1.4369069E0,3.6113304E-1,-6.1266506E-1,2.3007768E-1,-2.9465884E-1,-4.129947E-2,-5.871215E-2,1.4804378E-1,-1.08239934E-1,-1.6008143E0,3.7635602E-2,-3.505947E-1,-3.0627203E0,-4.4857404E-1,-3.090757E1,1.325375E1,2.963408E0,1.0071927E1,-4.208247E-1,-7.028264E-2,-5.2665243E0,-6.809167E-2,1.7867863E-1,-5.262138E-2,3.8683236E0,1.9650047E-1,-3.5225363E0,3.7132828E2,-4.752813E-1,6.51904E-1,1.1129355E0,-5.3140575E-1,-4.678324E-1,-1.6309333E-1,1.7509905E-1,-1.5336885E-1,7.306827E-2,-4.1092947E-1],"categories":[1,3,4,5,6,8,9,1,0,2,3,4,5,6,7,9,10,11,1,3,5,6,8,9,11,1,3,4,5,6,8,9,1,0,1,2,4,6,2,1,2,4,5,6,8,9,2,9,11,1],"categories_nodes":[3,5,9,16,18,19,20,21,25,27,46,53,54,55],"categories_segments":[0,7,8,18,25,32,33,38,39,40,41,46,47,49],"categories_sizes":[7,1,10,7,7,1,5,1,1,1,5,1,2,1],"default_left":[0,0,0,0,1,0,0,1,1,0,0,1,0,0,1,0,0,1,0,0,0,0,0,0,0,0,0,0,0,0,0,0,1,1,0,0,0,0,1,0,1,0,0,0,1,0,0,0,1,0,0,1,1,0,0,0,0,0,0,0,0,0,0,0,0,0,0,0,0,0,0,0,0,0,0,0,0,0,0,0,0,0,0,0,0,0,0,0,0,0,0],"id":1,