{"learner":{"attributes":{"best_ntree_limit":"2"},"feature_names":[],"feature_types":["q","q","q","q","q","q","c","c","c","c","c","c","c","c","c","c"],"gradient_booster":{"model":{"gbtree_model_param":{"num_parallel_tree":"1","num_trees":"2","size_leaf_vector":"0"},"tree_info":[0,0],"trees":[{"base_weights":[-2.150681E0,-2.3283138E0,-8.156433E-1,-2.402988E0,-2.151134E-2,-1.157418E0,-1.3235801E-1,-2.017405E0,-2.519491E0,1.4739401E2,-2.132883E0,-1.2472318E0,7.1830314E-1,-9.6646495E-2,1.19844295E-1,-2.1612265E0,-7.582495E-1,-1.3436681E1,-2.476899E0,6.853565E1,-4.2927867E-1,-2.4795554E0,-4.847843E-1,-1.0454799E0,-1.7469903E0,5.9154954E0,-6.8758357E-1,8.49767E0,-3.5654575E-1,-2.1685946E0,-2.2712186E-1,-1.8481168E0,-1.944167E-1,-7.5541544E-1,-3.270487E1,-5.658421E-1,-2.5118375E0,-7.5646263E-1,-1.2016952E0,-1.8665713E0,4.820771E-1,-1.0676033E0,6.115845E-1,-2.6273441E1,-1.1467037E0,-3.0735266E-1,5.3670955E-1,-1.9465072E0,-2.5995538E-1,-6.302847E-1,-7.332704E-1,8.9898854E-2,-2.382444E-1,-7.1320474E-1,-4.3103415E-1,-2.4139825E-1,3.879647E-2,-6.722167E0,-7.399342E-1,5.2658665E-1,-6.705562E-1,-1.0966388E-1,-6.227901E-1,-4.0357266E-2,2.1447544E-1,-3.0975735E-1,-6.0292286E-1,3.5579333E-1,-3.687226E-2,-1.5325704E1,-1.54297E-1,-2.5297928E-1,-5.6008565E-1,-2.985202E-1,9.3960756E-1,-2.9622985E-2,-1.7541368E-1],"categories":[2,1,4,5,6,8,9,2,1,2,4,8,9,10,1,4,5,6,8,9,2,2,3,4,5,9,0,1,2,3,4,6,7,8,9,10,2,2],"categories_nodes":[1,3,5,6,11,14,18,21,26,29,41,42,44,48],"categories_segments":[0,1,7,8,9,10,14,20,21,22,23,26,36,37],"categories_sizes":[1,6,1,1,1,4,6,1,1,1,3,10,1,1],"default_left":[1,0,0,0,1,0,0,1,1,1,0,0,1,0,0,1,0,0,0,0,0,0,0,1,1,0,0,0,1,0,0,0,0,0,0,0,1,0,1,0,0,0,0,1,0,0,0,0,0,0,0,0,0,0,0,0,0,0,0,0,0,0,0,0,0,0,0,0,0,0,0,0,0,0,0,0,0],"id":0,"left_children":[1,3,5,7,9,11,13,15,17,19,21,23,25,-1,27,29,31,33,35,-1,-1,37,39,41,43,-1,45,-1,47,49,51,53,55,-1,-1,-1,57,-1,59,61,63,65,67,69,71,-1,73,-1,75,-1,-1,-1,-1,-1,-1,-1,-1,-1,-1,-1,-1,-1,-1,-1,-1,-1,-1,-1,-1,-1,-1,-1,-1,-1,-1,-1,-1],"loss_changes":[2.0139883E3,1.292207E3,2.3332172E2,3.2134375E2,7.384344E4,1.131438E2,1.6048775E1,3.046172E2,2.5596914E3,4.0739984E4,1.324303E2,6.232129E1,8.4377545E2,0E0,1.9497499E3,2.1128906E1,1.0711894E2,2.2105777E4,1.0994141E2,0E0,0E0,7.324707E0,5.6865593E1,1.7360046E1,2.641826E3,0E0,1.2885725E1,0E0,8.297428E1,2.304541E1,2.2915714E0,9.540436E0,2.3097366E1,0E0,0E0,0E0,4.67925E3,0E0,2.8524693E1,4.725895E0,3.7486515E0,1.280011E1,2.9471345E0,2.7156753E3,3.7370026E1,0E0,3.1382366E1,0E0,7.3644485E0,0E0,0E0,0E0,0E0,0E0,0E0,0E0,0E0,0E0,0E0,0E0,0E0,0E0,0E0,0E0,0E0,0E0,0E0,0E0,0E0,0E0,0E0,0E0,0E0,0E0,0E0,0E0,0E0],"parents":[2147483647,0,0,1,1,2,2,3,3,4,4,5,5,6,6,7,7,8,8,9,9,10,10,11,11,12,12,14,14,15,15,16,16,17,17,18,18,21,21,22,22,23,23,24,24,26,26,28,28,29,29,30,30,31,31,32,32,36,36,38,38,39,39,40,40,41,41,42,42,43,43,44,44,46,46,48,48],"right_children":[2,4,6,8,10,12,14,16,18,20,22,24,26,-1,28,30,32,34,36,-1,-1,38,40,42,44,-1,46,-1,48,50,52,54,56,-1,-1,-1,58,-1,60,62,64,66,68,70,72,-1,74,-1,76,-1,-1,-1,-1,-1,-1,-1,-1,-1,-1,-1,-1,-1,-1,-1,-1,-1,-1,-1,-1,-1,-1,-1,-1,-1,-1,-1,-1],"split_conditions":[5.04E2,NaN,8.33E2,NaN,3.34E2,NaN,NaN,1E1,3.6E1,3E1,3.74E2,NaN,2.8E2,-9.6646495E-2,NaN,4.69E2,1.25E2,-1.45E2,NaN,6.853565E1,-4.2927867E-1,NaN,1.82E2,1.938E3,1.059E3,5.9154954E0,NaN,8.49767E0,2.3E1,NaN,2E0,7.9E1,1.91E2,-7.5541544E-1,-3.270487E1,-5.658421E-1,5.8E1,-7.5646263E-1,1E1,3.85E2,2.52E2,NaN,NaN,3.45E2,NaN,-3.0735266E-1,5.43E2,-1.9465072E0,NaN,-6.302847E-1,-7.332704E-1,8.9898854E-2,-2.382444E-1,-7.1320474E-1,-4.3103415E-1,-2.4139825E-1,3.879647E-2,-6.722167E0,-7.399342E-1,5.2658665E-1,-6.705562E-1,-1.0966388E-1,-6.227901E-1,-4.0357266E-2,2.1447544E-1,-3.0975735E-1,-6.0292286E-1,3.5579333E-1,-3.687226E-2,-1.5325704E1,-1.54297E-1,-2.5297928E-1,-5.6008565E-1,-2.985202E-1,9.3960756E-1,-2.9622985E-2,-1.7541368E-1],"split_indices":[2,15,2,14,4,15,8,1,2,5,4,13,4,0,14,2,2,0,14,0,0,15,2,0,0,0,15,0,0,14,3,2,2,0,0,0,2,0,5,4,2,14,7,4,13,0,2,0,13,0,0,0,0,0,0,0,0,0,0,0,0,0,0,0,0,0,0,0,0,0,0,0,0,0,0,0,0],"split_type":[0,1,0,1,0,1,1,0,0,0,0,1,0,0,1,0,0,0,1,0,0,1,0,0,0,0,1,0,0,1,0,0,0,0,0,0,0,0,0,0,0,1,1,0,1,0,0,0,1,0,0,0,0,0,0,0,0,0,0,0,0,0,0,0,0,0,0,0,0,0,0,0,0,0,0,0,0],"sum_hessian":[8.499614E3,7.5008486E3,9.9876575E2,7.26561E3,2.3523871E2,6.6529553E2,3.3347028E2,1.6901467E3,5.575463E3,2.350037E0,2.3288867E2,6.35215E2,3.0080475E1,1.90118E2,1.4335226E2,1.5162439E3,1.7390274E2,2.0445322E1,5.5550176E3,1.1750185E0,1.1750185E0,1.9199803E2,4.0890644E1,4.5473218E2,1.8048285E2,1.1750185E0,2.8905457E1,1.4100223E0,1.4194225E2,1.5103689E3,5.8750925E0,5.8515923E1,1.1538682E2,1.9270304E1,1.1750185E0,3.1325995E2,5.241758E3,1.8494792E2,7.0501113E0,1.645026E1,2.4440386E1,4.490921E2,5.640089E0,3.290052E0,1.771928E2,2.279536E1,6.1100965E0,1.1750185E0,1.4076723E2,1.2196693E3,2.906996E2,3.290052E0,2.5850408E0,2.350037E1,3.5015553E1,3.948062E1,7.59062E1,1.0810171E1,5.2309478E3,1.645026E0,5.4050856E0,2.350037E0,1.4100223E1,6.8151073E0,1.7625278E1,4.3499185E2,1.4100223E1,2.8200445E0,2.8200445E0,1.1750185E0,2.1150334E0,1.2619699E2,5.0995804E1,4.230067E0,1.8800297E0,9.49415E1,4.582572E1],"tree_param":{"num_deleted":"0","num_feature":"16","num_nodes":"77","size_leaf_vector":"0"}},{"base_weights":[-1.9176404E0,-1.4784187E0,-6.8656735E0,-1.5851544E0,3.695653E-1,-1.363333E1,-1.0417747E0,-8.378079E-1,-1.6491959E0,3.2823079E0,-7.361326E-1,-4.8642487E1,-1.2586382E1,-8.01143E0,5.8302655E2,-1.0300812E0,1.5364172E-1,-1.0682709E1,-1.6089017E0,2.6548258E1,-1.7195588E0,-4.1886902E-1,-1.7794101E0,-4.4765694E1,3.6458102E-1,-1.3708634E1,-3.5644042E-1,-5.124683E0,-1.4200567E0,-7.3592126E-1,2.743903E2,-5.110149E-1,-9.7201025E-1,3.0865934E-1,-5.1392907E-1,-4.978706E-1,-2.7409391E1,-1.1434053E0,-1.6604918E0,1.4369481E1,2.152848E1,-1.6010405E0,-6.402594E-1,1.5406643E0,-4.5549896E-1,-8.608091E-1,-1.2644882E1,-7.324316E-1,4.06498E-1,-4.151825E0,-6.6313964E-1,4.23781E-1,-1.5605282E0,-1.191721E1,3.3846268E2,-1.6705361E-1,-3.0709374E-1,8.5740164E-2,2.0419472E-1,-1.7180058E0,1.8724462E-1,-3.7157133E-1,6.369468E-2,-5.6434135E0,-4.8448E-1,1.9270753E0,6.3433533E0,8.970369E0,-5.521658E-1,9.211989E-1,-2.5717258E-1,-9.947282E-2,-2.4206446E-1,-1.3531785E-1,-3.568536E-1,-6.8423953E0,-5.5472904E-1,1.3373107E-2,-3.5987315E-1,5.8977354E-2,-3.8981164E-1,-1.4096577E-1,3.4493756E-1,-8.9040387E-1,-8.022731E-3,-1.9766047E1,-4.186181E-1,2.4685423E2,-4.5321688E-1],"categories":[1,1,3,4,5,6,8,9,5,6,1,1,1,4,5,6,8,9,0,2,3,4,6,7,8,1,6,8,1,2,1,3,7,9,1,1],"categories_nodes":[2,3,10,13,16,18,19,20,26,34,44,45,46,53],"categories_segments":[0,1,8,10,11,12,18,25,26,28,29,30,34,35],"categories_sizes":[1,7,2,1,1,6,7,1,2,1,1,4,1,1],"default_left":[0,0,0,0,1,0,0,1,1,0,0,0,1,0,0,0,0,0,0,0,0,0,0,0,0,1,0,0,0,0,0,0,0,1,0,0,0,1,1,0,0,0,1,0,0,0,0,0,0,0,0,1,1,0,1,0,0,0,0,0,0,0,0,0,0,0,0,0,0,0,0,0,0,0,0,0,0,0,0,0,0,0,0,0,0,0,0,0,0],"id":1,"left_children":[1,3,5,7,9,11,13,15,17,19,21,23,25,27,29,31,33,35,37,39,41,43,45,-1,47,49,51,-1,53,-1,-1,-1,55,57,59,-1,-1,61,63,65,-1,-1,67,69,71,73,75,77,-1,-1,79,81,83,85,87,-1,-1,-1,-1,-1,-1,-1,-1,-1,-1,-1,-1,-1,-1,-1,-1,-1,-1,-1,-1,-1,-1,-1,-1,-1,-1,-1,-1,-1,-1,-1,-1,-1,-1],"loss_changes":[1.4500051E4,1.2104033E3,2.1429836E4,2.761582E2,1.0836664E3,8.608238E3,1.1994658E6,8.779529E1,1.9266006E3,1.0817242E4,8.0072556E1,3.4337562E4,3.3660938E3,1.737637E4,6.768464E5,1.3404572E1,7.976295E0,1.69831E4,1.25802734E2,8.020875E3,2.9767303E2,1.423457E1,5.5433435E2,0E0,7.1574817E0,3.7458984E2,2.1019312E1,0E0,6.0928725E5,0E0,0E0,0E0,7.0815125E0,3.3209467E-1,9.025754E1,0E0,0E0,6.912616E1,3.708329E3,6.2866943E2,0E0,0E0,2.2741687E3,1.616241E1,7.8251762E0,6.6405945E0,4.3415442E2,1.2663072E0,0E0,0E0,2.0511732E0,9.58204E0,1.8775654E1,9.39039E4,8.438039E5,0E0,0E0,0E0,0E0,0E0,0E0,0E0,0E0,0E0,0E0,0E0,0E0,0E0,0E0,0E0,0E0,0E0,0E0,0E0,0E0,0E0,0E0,0E0,0E0,0E0,0E0,0E0,0E0,0E0,0E0,0E0,0E0,0E0,0E0],