{"learner":{"attributes":{"best_ntree_limit":"1"},"feature_names":[],"feature_types":["q","q","q","q","q","q","c","c","c","c","c","c","c","c","c","c"],"gradient_booster":{"model":{"gbtree_model_param":{"num_parallel_tree":"1","num_trees":"1","size_leaf_vector":"0"},"tree_info":[0],"trees":[{"base_weights":[-2.1506948E0,-2.3183641E0,-7.8707594E-1,-2.3963737E0,-1.2353165E-2,-1.1127028E0,-1.9849525E-1,-2.0166688E0,-2.5127232E0,7.281148E1,-2.1451287E0,-1.1979598E0,7.349717E-1,-4.1287914E-2,-6.271692E-1,-2.172706E0,-6.6814095E-1,-2.3031254E1,-2.4715137E0,-2.4736063E0,-6.0962236E-1,-9.881638E-1,-1.7362926E0,4.536196E0,-5.0098395E-1,-1.82019E-2,-1.3320191E0,-4.9175944E0,-1.4464234E-1,-2.2012722E0,-1.5804163E0,-1.7710369E0,-1.16253115E-1,-3.215315E1,-6.8438476E-1,-2.525447E0,-2.029816E0,-7.5987613E-1,-9.080649E-1,-1.5248294E0,6.555338E-1,-1.004193E0,3.9766592E-1,-1.1495979E1,-1.1127996E0,-1.1006429E0,2.5422686E-1,-2.9012458E-2,6.624236E-1,-7.2704196E-1,1.574978E-1,5.6773627E-1,-2.1622516E-1,-6.428464E-1,-7.4755526E-1,5.8930565E-2,-6.260515E-1,-7.1320474E-1,-3.9460567E-1,-1.796222E-1,3.187113E-2,-6.101217E-1,-7.6585627E-1,-5.3296757E-1,-7.3670983E-1,1.3638095E0,-6.929395E-1,-5.9249246E-1,-2.3353454E-1,3.5837904E-1,6.012284E-2,-2.9389623E-1,-5.5065036E-1,3.47523E-1,-2.0621401E-1,-2.5249296E-1,-5.3134876E-1,-4.434736E-1,2.3093164E-1,2.661995E-1,-1.11772336E-1,-2.0621401E-1,-6.2662847E-3,-1.5489077E-2,2.997458E-1,3.130373E-1,-2.0621401E-1,-8.4718E-2,1.9856624E-1],"categories":[2,1,4,5,6,8,9,2,2,2,8,2,3,3,10,1,4,5,6,8,9,2,0,2,3,4,6,7,8,9,10,11,5,9,2,0,1,2,3,5,6,8,9,10,0,2,3,5],"categories_nodes":[1,3,5,6,11,13,19,29,30,35,36,40,41,44,46,51],"categories_segments":[0,1,7,8,9,10,11,12,13,15,21,22,32,34,35,44],"categories_sizes":[1,6,1,1,1,1,1,1,2,6,1,10,2,1,9,4],"default_left":[1,0,0,0,1,0,0,1,1,0,0,0,1,0,1,1,0,1,0,0,0,1,1,0,0,1,1,0,0,0,0,0,0,0,0,0,0,0,1,0,0,0,0,0,0,0,0,0,0,0,0,0,0,0,0,0,0,0,0,0,0,0,0,0,0,0,0,0,0,0,0,0,0,0,0,0,0,0,0,0,0,0,0,0,0,0,0,0,0],"id":0,"left_children":[1,3,5,7,9,11,13,15,17,-1,19,21,23,25,27,29,31,33,35,37,39,41,43,-1,45,47,49,-1,51,53,55,57,59,-1,-1,61,63,-1,65,67,69,71,73,-1,75,77,79,81,83,-1,-1,85,87,-1,-1,-1,-1,-1,-1,-1,-1,-1,-1,-1,-1,-1,-1,-1,-1,-1,-1,-1,-1,-1,-1,-1,-1,-1,-1,-1,-1,-1,-1,-1,-1,-1,-1,-1,-1],"loss_changes":[1.9417852E3,1.3616602E3,1.7846533E2,3.1840234E2,1.2925988E5,9.5400635E1,2.2435104E1,3.6097705E2,4.6785625E3,0E0,1.2333557E2,6.310498E1,4.891556E2,7.274253E0,6.7739624E2,2.26333E1,1.0939991E2,1.9145387E4,1.2804688E2,1.6603394E1,5.304129E1,9.624878E0,3.598404E3,0E0,1.2013824E1,1.7972194E0,9.967567E0,0E0,4.5957737E0,1.9624023E1,6.749831E1,1.3446289E1,1.3062134E1,0E0,0E0,6.189258E1,6.179956E1,0E0,7.923163E1,7.3258705E0,4.560755E0,6.582855E0,5.307368E0,0E0,2.671225E1,1.147084E1,5.203751E0,1.2631423E0,9.700879E-1,0E0,0E0,5.664175E0,4.860216E0,0E0,0E0,0E0,0E0,0E0,0E0,0E0,0E0,0E0,0E0,0E0,0E0,0E0,0E0,0E0,0E0,0E0,0E0,0E0,0E0,0E0,0E0,0E0,0E0,0E0,0E0,0E0,0E0,0E0,0E0,0E0,0E0,0E0,0E0,0E0,0E0],"parents":[2147483647,0,0,1,1,2,2,3,3,4,4,5,5,6,6,7,7,8,8,10,10,11,11,12,12,13,13,14,14,15,15,16,16,17,17,18,18,19,19,20,20,21,21,22,22,24,24,25,25,26,26,28,28,29,29,30,30,31,31,32,32,35,35,36,36,38,38,39,39,40,40,41,41,42,42,44,44,45,45,46,46,47,47,48,48,51,51,52,52],"right_children":[2,4,6,8,10,12,14,16,18,-1,20,22,24,26,28,30,32,34,36,38,40,42,44,-1,46,48,50,-1,52,54,56,58,60,-1,-1,62,64,-1,66,68,70,72,74,-1,76,78,80,82,84,-1,-1,86,88,-1,-1,-1,-1,-1,-1,-1,-1,-1,-1,-1,-1,-1,-1,-1,-1,-1,-1,-1,-1,-1,-1,-1,-1,-1,-1,-1,-1,-1,-1,-1,-1,-1,-1,-1,-1],"split_conditions":[5.22E2,NaN,8.3E2,NaN,3.35E2,NaN,NaN,1E1,3.5E1,7.281148E1,3.73E2,NaN,2.87E2,NaN,1.433E3,2.87E2,1.25E2,3.5E2,3.64E2,NaN,2.52E2,1.927E3,1.09E3,4.536196E0,6.46E2,6E0,1.9E1,-4.9175944E0,8.61E2,NaN,NaN,7.9E1,1.85E2,-3.215315E1,-6.8438476E-1,NaN,NaN,-7.5987613E-1,3.347E3,1.59E2,NaN,NaN,1.6E1,-1.1495979E1,NaN,3.71E2,NaN,2.43E2,2.8E1,-7.2704196E-1,1.574978E-1,NaN,6E0,-6.428464E-1,-7.4755526E-1,5.8930565E-2,-6.260515E-1,-7.1320474E-1,-3.9460567E-1,-1.796222E-1,3.187113E-2,-6.101217E-1,-7.6585627E-1,-5.3296757E-1,-7.3670983E-1,1.3638095E0,-6.929395E-1,-5.9249246E-1,-2.3353454E-1,3.5837904E-1,6.012284E-2,-2.9389623E-1,-5.5065036E-1,3.47523E-1,-2.0621401E-1,-2.5249296E-1,-5.3134876E-1,-4.434736E-1,2.3093164E-1,2.661995E-1,-1.11772336E-1,-2.0621401E-1,-6.2662847E-3,-1.5489077E-2,2.997458E-1,3.130373E-1,-2.0621401E-1,-8.4718E-2,1.9856624E-1],"split_indices":[2,15,2,14,4,15,13,1,2,0,4,13,4,14,0,2,2,4,2,15,2,0,0,0,2,3,1,0,2,14,14,2,2,0,0,14,13,0,0,2,14,14,1,0,13,4,7,0,1,0,0,14,3,0,0,0,0,0,0,0,0,0,0,0,0,0,0,0,0,0,0,0,0,0,0,0,0,0,0,0,0,0,0,0,0,0,0,0,0],"split_type":[0,1,0,1,0,1,1,0,0,0,0,1,0,1,0,0,0,0,0,1,0,0,0,0,0,0,0,0,0,1,1,0,0,0,0,1,1,0,0,0,1,1,0,0,1,0,1,0,0,0,0,1,0,0,0,0,0,0,0,0,0,0,0,0,0,0,0,0,0,0,0,0,0,0,0,0,0,0,0,0,0,0,0,0,0,0,0,0,0],"sum_hessian":[8.49985E3,7.5685293E3,9.313197E2,7.3208354E3,2.4769391E2,5.990245E2,3.3229526E2,1.7214022E3,5.5994336E3,1.1750185E0,2.4651889E2,5.72939E2,2.6085411E1,2.4393385E2,8.83614E1,1.5423293E3,1.7907283E2,1.010516E1,5.589328E3,2.025732E2,4.3945694E1,4.1431155E2,1.586275E2,1.1750185E0,2.4910393E1,2.406438E2,3.290052E0,1.645026E0,8.671637E1,1.4687732E3,7.355616E1,5.898593E1,1.200869E2,1.1750185E0,8.930141E0,4.9769087E3,6.124197E2,1.9458307E2,7.990126E0,2.5380402E1,1.8565292E1,4.0984647E2,4.4650707E0,1.645026E0,1.5698248E2,1.3630215E1,1.1280178E1,2.3782376E2,2.8200445E0,1.8800297E0,1.4100223E0,7.2851152E0,7.943125E1,1.2297744E3,2.3899878E2,1.645026E1,5.71059E1,2.350037E1,3.548556E1,3.736559E1,8.2721306E1,2.6672922E2,4.710179E3,3.872861E2,2.2513356E2,1.1750185E0,6.8151073E0,1.4805234E1,1.0575167E1,7.755122E0,1.0810171E1,4.002113E2,9.635152E0,2.5850408E0,1.8800297E0,1.1280178E2,4.41807E1,1.1515182E1,2.1150334E0,5.4050856E0,5.8750925E0,1.8800297E0,2.3594373E2,1.1750185E0,1.645026E0,5.4050856E0,1.8800297E0,7.449618E1,4.9350777E0],"tree_param":{"num_deleted":"0","num_feature":"16","num_nodes":"89","size_leaf_vector":"0"}}]},"name":"gbtree"},"learner_model_param":{"base_score":"5E-1","num_class":"0","num_feature":"16","num_target":"1"},"objective":{"name":"reg:squarederror","reg_loss_param":{"scale_pos_weight":"1"}}},"version":[1,6,2]}