{"learner":{"attributes":{"best_ntree_limit":"9"},"feature_names":[],"feature_types":["q","q","q","q","q","q","c","c","c","c","c","c","c","c"],"gradient_booster":{"model":{"gbtree_model_param":{"num_parallel_tree":"1","num_trees":"4","size_leaf_vector":"0"},"tree_info":[0,0,0,0],"trees":[{"base_weights":[-2.0100107E0,-2.1667142E0,-7.3563665E-1,-2.2396216E0,-1.1548053E-2,-1.0400226E0,-1.8554601E-1,-1.8848088E0,-2.348367E0,-1.8887998E0,7.441015E1,-1.1197163E0,6.8855256E-1,-3.8597144E-2,-5.865689E-1,-2.0306523E0,-6.2465775E-1,-2.165209E1,-2.309853E0,-6.7549527E-1,1.7969842E-1,-9.236631E-1,-1.6233687E0,4.8623853E0,-4.516356E-1,-1.701573E-2,-1.2641551E0,-6.504561E0,-1.3279842E-1,-2.0573554E0,-1.4783218E0,-1.6569818E0,-1.08706504E-1,-6.7391264E-1,-3.4622795E1,-2.360262E0,-1.8972267E0,-7.074987E-1,2.9848394E1,-9.386475E-1,3.761532E-1,-1.1016379E1,-1.0404305E0,-1.0332586E0,2.6270005E-1,-2.7121877E-2,6.2987447E-1,-6.952718E-1,1.5130131E-1,5.3481764E-1,-1.9895647E-1,-6.00823E-1,-6.9884026E-1,5.5282548E-2,-5.857544E-1,-6.68331E-1,-3.694528E-1,-1.6815795E-1,2.9809395E-2,-5.7034665E-1,-7.1576345E-1,-4.9818447E-1,-6.887132E-1,1.5032811E1,-4.1363645E-1,-2.7471417E-1,-5.178117E-1,3.3082482E-1,-1.9720288E-1,-2.3611045E-1,-4.9730775E-1,-4.166392E-1,2.2045384E-1,2.5135186E-1,-8.691961E-2,-1.9720288E-1,-5.8579585E-3,-1.492468E-2,2.872407E-1,2.955772E-1,-1.9720288E-1,-7.596442E-2,1.5183257E-1],"categories":[2,1,4,5,6,8,9,2,2,2,2,8,3,3,10,1,4,5,6,8,9,2,5,9,2,0,1,2,3,5,6,8,9,10,0,2,3,5],"categories_nodes":[1,3,5,6,9,11,13,29,30,35,36,39,42,44,49],"categories_segments":[0,1,7,8,9,10,11,12,13,15,21,22,24,25,34],"categories_sizes":[1,6,1,1,1,1,1,1,2,6,1,2,1,9,4],"default_left":[1,0,0,0,0,0,0,1,1,0,0,0,1,0,1,1,0,0,0,0,0,1,1,0,0,1,1,0,0,0,0,0,0,0,0,0,0,0,1,0,0,0,0,0,0,0,0,0,0,0,0,0,0,0,0,0,0,0,0,0,0,0,0,0,0,0,0,0,0,0,0,0,0,0,0,0,0,0,0,0,0,0,0],"id":0,"left_children":[1,3,5,7,9,11,13,15,17,19,-1,21,23,25,27,29,31,33,35,-1,37,39,41,-1,43,45,47,-1,49,51,53,55,57,-1,-1,59,61,-1,63,65,67,-1,69,71,73,75,77,-1,-1,79,81,-1,-1,-1,-1,-1,-1,-1,-1,-1,-1,-1,-1,-1,-1,-1,-1,-1,-1,-1,-1,-1,-1,-1,-1,-1,-1,-1,-1,-1,-1,-1,-1],"loss_changes":[1.8148359E3,1.2726016E3,1.6683032E2,2.9785156E2,1.24344805E5,8.920459E1,2.0989147E1,3.374292E2,4.4051016E3,1.9932208E2,0E0,5.9132996E1,5.189081E2,6.9084435E0,9.117342E2,2.1313477E1,1.0240841E2,2.1232754E4,1.199375E2,0E0,3.1184048E3,9.0069275E0,3.4549429E3,0E0,1.18654785E1,1.7069719E0,9.590083E0,0E0,4.2821035E0,1.8704102E1,6.3198593E1,1.2827103E1,1.2229422E1,0E0,0E0,5.8103516E1,5.806665E1,0E0,2.1336216E3,6.3565063E0,5.063502E0,0E0,2.512439E1,1.0817326E1,4.4752474E0,1.2100419E0,9.42081E-1,0E0,0E0,5.370574E0,3.4466655E0,0E0,0E0,0E0,0E0,0E0,0E0,0E0,0E0,0E0,0E0,0E0,0E0,0E0,0E0,0E0,0E0,0E0,0E0,0E0,0E0,0E0,0E0,0E0,0E0,0E0,0E0,0E0,0E0,0E0,0E0,0E0,0E0],"parents":[2147483647,0,0,1,1,2,2,3,3,4,4,5,5,6,6,7,7,8,8,9,9,11,11,12,12,13,13,14,14,15,15,16,16,17,17,18,18,20,20,21,21,22,22,24,24,25,25,26,26,28,28,29,29,30,30,31,31,32,32,35,35,36,36,38,38,39,39,40,40,42,42,43,43,44,44,45,45,46,46,49,49,50,50],"right_children":[2,4,6,8,10,12,14,16,18,20,-1,22,24,26,28,30,32,34,36,-1,38,40,42,-1,44,46,48,-1,50,52,54,56,58,-1,-1,60,62,-1,64,66,68,-1,70,72,74,76,78,-1,-1,80,82,-1,-1,-1,-1,-1,-1,-1,-1,-1,-1,-1,-1,-1,-1,-1,-1,-1,-1,-1,-1,-1,-1,-1,-1,-1,-1,-1,-1,-1,-1,-1,-1],"split_conditions":[5.22E2,NaN,8.3E2,NaN,2.17E2,NaN,NaN,1E1,3.5E1,NaN,7.441015E1,NaN,2.84E2,NaN,1.408E3,2.87E2,1.25E2,4E0,3.64E2,-6.7549527E-1,7.1E1,1.927E3,1.092E3,4.8623853E0,6.46E2,6E0,1.9E1,-6.504561E0,8.61E2,NaN,NaN,7.9E1,1.85E2,-6.7391264E-1,-3.4622795E1,NaN,NaN,-7.074987E-1,1.6E1,NaN,1.6E1,-1.1016379E1,NaN,3.71E2,NaN,2.43E2,2.8E1,-6.952718E-1,1.5130131E-1,NaN,6E0,-6.00823E-1,-6.9884026E-1,5.5282548E-2,-5.857544E-1,-6.68331E-1,-3.694528E-1,-1.6815795E-1,2.9809395E-2,-5.7034665E-1,-7.1576345E-1,-4.9818447E-1,-6.887132E-1,1.5032811E1,-4.1363645E-1,-2.7471417E-1,-5.178117E-1,3.3082482E-1,-1.9720288E-1,-2.3611045E-1,-4.9730775E-1,-4.166392E-1,2.2045384E-1,2.5135186E-1,-8.691961E-2,-1.9720288E-1,-5.8579585E-3,-1.492468E-2,2.872407E-1,2.955772E-1,-1.9720288E-1,-7.596442E-2,1.5183257E-1],"split_indices":[2,13,2,12,0,13,11,1,2,13,0,11,4,12,0,2,2,1,2,0,2,0,0,0,2,3,1,0,2,12,12,2,2,0,0,12,11,0,5,12,1,0,11,4,6,0,1,0,0,12,3,0,0,0,0,0,0,0,0,0,0,0,0,0,0,0,0,0,0,0,0,0,0,0,0,0,0,0,0,0,0,0,0],"split_type":[0,1,0,1,0,1,1,0,0,1,0,1,0,1,0,0,0,0,0,0,0,0,0,0,0,0,0,0,0,1,1,0,0,0,0,1,1,0,0,1,0,0,1,0,1,0,0,0,0,1,0,0,0,0,0,0,0,0,0,0,0,0,0,0,0,0,0,0,0,0,0,0,0,0,0,0,0,0,0,0,0,0,0],"sum_hessian":[9.094839E3,8.0983267E3,9.965121E2,7.833294E3,2.6503247E2,6.409562E2,3.555559E2,1.8419003E3,5.9913936E3,2.6402667E2,1.0058159E0,6.1304474E2,2.791139E1,2.6100922E2,9.454669E1,1.6502924E3,1.9160793E2,1.0812521E1,5.980581E3,2.2454839E2,3.947827E1,4.4331335E2,1.6973143E2,1.0058159E0,2.6905575E1,2.5748886E2,3.5203555E0,1.0058159E0,9.354088E1,1.5715873E3,7.870509E1,6.3114944E1,1.2849298E2,9.8067045E0,1.0058159E0,5.325292E3,6.5528906E2,3.7215187E1,2.2630856E0,4.385357E2,4.7776256E0,1.7601777E0,1.6797125E2,1.458433E1,1.2321244E1,2.5447142E2,3.0174475E0,2.0116317E0,1.5087237E0,7.795073E0,8.5745804E1,1.3158586E3,2.5572868E2,1.7601778E1,6.1103313E1,2.5145397E1,3.7969547E1,3.9981182E1,8.8511795E1,2.8540024E2,5.0398916E3,4.1439615E2,2.408929E2,1.0058159E0,1.2572699E0,4.282261E2,1.0309612E1,2.7659936E0,2.0116317E0,1.2069791E2,4.7273346E1,1.2321244E1,2.2630856E0,5.783441E0,6.537803E0,2.0116317E0,2.5245978E2,1.2572699E0,1.7601777E0,5.783441E0,2.0116317E0,8.021381E1,5.531987E0],"tree_param":{"num_deleted":"0","num_feature":"14","num_nodes":"83","size_leaf_vector":"0"}},{"base_weights":[-1.7731725E0,-1.2880764E0,-9.985875E0,-1.4738555E0,2.9480848E0,-4.386521E1,-9.670084E-1,-8.070306E-1,-1.5300726E0,3.487899E1,-1.9318907E-1,-5.187001E1,1.060459E0,-1.0793476E1,3.1570474E2,-1.0257518E0,-1.3330759E-1,-2.1426506E1,-1.503273E0,9.274303E1,-6.312175E-1,1.5829896E0,-3.3159032E-1,-4.694358E1,-5.8329487E1,-1.8367409E0,3.4753096E0,-2.3380848E1,-1.2405789E0,-4.5665276E-1,-9.6208453E-1,1.2123529E-1,-5.107442E-1,-2.4704964E1,-8.8575125E-1,-1.1178532E0,-1.544607E0,2.8526646E1,-8.734068E1,-5.5374587E-1,1.2174054E1,-6.74614E-1,-4.3840673E-2,-1.5595463E-1,-1.4343283E1,-2.1512725E0,4.625822E-1,3.8118308E0,1.2409906E-1,-1.1584777E1,3.9942432E2,-2.947522E-1,-6.531054E-2,8.250508E-2,-7.975905E-2,-1.836032E0,-7.490622E-2,1.3846287E-1,-4.0777564E-1,-4.4717318E-1,-2.5349155E-1,-4.5093665E0,-4.5154625E-1,8.791866E1,-2.1554202E-1,2.3172812E-1,-2.3868752E-1,4.471261E0,1.0615014E0,-1.3467447E-1,-3.8727474E-1,6.5106225E-1,-3.8461342E-2,-1.0868574E-2,2.8824338E-1,-2.7889374E-1,2.3122369E-1,-2.5312128E1,-3.7338102E-1],"categories":[1,1,3,4,5,6,8,9,1,1,1,3,5,8,11,1,4,5,6,8,9,1,2,1],"categories_nodes":[2,3,9,13,16,18,37,41,49],"categories_segments":[0,1,8,9,10,15,21,22,23],"categories_sizes":[1,7,1,1,5,6,1,1,1],"default_left":[0,0,0,0,1,1,0,1,1,0,0,1,0,0,0,0,0,1,0,0,0,0,0,0,0,0,1,0,0,0,1,0,1,0,0,0,1,0,0,0,0,0,0,0,0,0,0,0,0,0,0,0,0,0,0,0,0,0,0,0,0,0,0,0,0,0,0,0,0,0,0,0,0,0,0,0,0,0,0],"id":1,"left_children":[1,3,5,7,9,11,13,15,17,19,21,23,25,27,-1,29,31,33,35,-1,37,39,41,43,-1,45,47,-1,49,-1,51,53,55,-1,57,59,61,63,-1,65,67,69,71,-1,-1,-1,73,-1,75,77,-1,-1,-1,-1,-1,-1,-1,-1,-1,-1,-1,-1,-1,-1,-1,-1,-1,-1,-1,-1,-1,-1,-1,-1,-1,-1,-1,-1,-1],"loss_changes":[2.9081412E4,5.431997E3,1.24363484E5,2.4646484E2,2.9103385E4,3.0829984E4,3.3501165E6,7.587991E1,3.2165547E3,2.5329019E5,6.569273E1,4.1899234E4,1.037847E2,2.0552686E5,0E0,1.0839355E1,1.2318849E1,1.0088763E4,9.522363E1,0E0,2.1164989E5,4.4433484E2,2.4327003E1,2.8560156E3,0E0,8.896445E1,2.4400345E2,0E0,3.8982828E6,0E0,5.0727844E0,4.656922E0,7.3998764E1,0E0,5.1462994E0,5.9059937E1,2.9004385E3,1.7603748E5,0E0,6.082755E0,2.4825073E1,1.5069038E1,2.5543203E1,0E0,0E0,0E0,1.4809765E0,0E0,5.373306E0,2.1100566E5,0E0,0E0,0E0,0E0,0E0,0E0,0E0,0E0,0E0,0E0,0E0,0E0,0E0,0E0,0E0,0E0,0E0,0E0,0E0,0E0,0E0,0E0,0E0,0E0,0E0,0E0,0E0,0E0,0E0],