{"learner":{"attributes":{"best_ntree_limit":"3"},"feature_names":[],"feature_types":["q","q","q","q","q","q","c","c","c","c","c","c","c","c"],"gradient_booster":{"model":{"gbtree_model_param":{"num_parallel_tree":"1","num_trees":"3","size_leaf_vector":"0"},"tree_info":[0,0,0],"trees":[{"base_weights":[-2.1506948E0,-2.32124E0,-7.649034E-1,-2.3982375E0,-1.368245E-2,-1.1288872E0,-1.9901247E-1,-2.022867E0,-2.5123181E0,7.1018394E1,-2.1219666E0,-1.2200431E0,7.8749335E-1,-4.9142297E-2,-6.073582E-1,-2.1731212E0,-7.2473705E-1,-1.5056532E1,-2.4716997E0,-2.4655218E0,-5.538285E-1,-1.0179662E0,-1.7283201E0,4.0426207E0,-6.010984E-1,-9.646722E-3,-8.275141E-1,-5.5186596E0,-6.968563E-2,-2.105772E0,-2.4538913E0,-1.9338837E0,-2.740911E-1,-3.1601427E1,-7.292477E-1,-2.5377002E0,-2.1545568E0,-2.5024188E0,-6.12663E-1,-1.8870853E0,3.1120244E-1,-9.859698E-1,-1.8122007E0,-9.794674E0,-1.1758591E0,-2.645079E-1,6.843139E-1,-3.1201283E-2,3.254128E-1,2.186213E-1,-1.2776055E0,2.1937515E-1,-3.410903E-1,-6.464616E-1,-7.480167E-2,-7.4207336E-1,-4.452409E-1,-7.147371E-1,-4.1933164E-1,-1.9501989E-1,1.7499153E-2,-6.154717E-1,-7.689577E-1,-5.818834E-1,-7.55445E-1,-7.593249E-1,-1.8981807E-1,1.2244079E-1,-3.027317E-1,-6.200737E-1,-2.2874981E-1,2.8873935E-1,-4.4219766E-2,-2.9906383E-1,1.5898988E-1,-5.9112006E-1,-1.5489077E-2,-2.6327965E-1,-5.729384E-1,-2.8876638E-1,7.5342757E-1,-6.609975E-3,-2.6735643E-1,1.801609E-1,-1.5341894E-1,-9.47879E-1,-1.3570508E-1,1.3057016E-1,-7.766473E-2,-7.537312E-1,-3.3229917E-2],"categories":[2,1,4,5,6,8,9,2,2,2,0,1,2,3,4,7,8,9,10,3,5,9,2,0,2,3,4,5,6,9,11,1,4,5,6,8,9,2,2,2,2,8,2],"categories_nodes":[1,3,5,6,11,13,15,21,24,28,35,36,39,41,44,49,51],"categories_segments":[0,1,7,8,9,10,19,20,22,23,31,37,38,39,40,41,42],"categories_sizes":[1,6,1,1,1,9,1,2,1,8,6,1,1,1,1,1,1],"default_left":[1,0,0,0,1,0,0,1,1,0,0,0,1,0,1,0,0,1,0,0,0,0,1,0,0,1,0,0,0,1,0,0,0,0,0,0,0,0,0,0,0,0,1,0,0,0,0,1,0,0,1,0,1,0,0,0,0,0,0,0,0,0,0,0,0,0,0,0,0,0,0,0,0,0,0,0,0,0,0,0,0,0,0,0,0,0,0,0,0,0,0],"id":0,"left_children":[1,3,5,7,9,11,13,15,17,-1,19,21,23,25,27,29,31,33,35,37,39,41,43,-1,45,47,49,-1,51,53,55,57,59,-1,-1,61,63,65,67,69,71,73,75,-1,77,-1,79,81,-1,83,85,87,89,-1,-1,-1,-1,-1,-1,-1,-1,-1,-1,-1,-1,-1,-1,-1,-1,-1,-1,-1,-1,-1,-1,-1,-1,-1,-1,-1,-1,-1,-1,-1,-1,-1,-1,-1,-1,-1,-1],"loss_changes":[2.0073164E3,1.3447656E3,1.9195514E2,3.085703E2,1.2298797E5,1.00113464E2,2.2395294E1,3.324082E2,2.8228047E3,0E0,1.3021094E2,5.3931946E1,4.728785E2,8.265961E0,9.3879926E2,2.3843262E1,9.707888E1,2.0170688E4,1.1166797E2,1.2143066E1,5.269455E1,8.134338E0,2.5720154E3,0E0,9.524899E0,6.0996866E0,6.3934736E0,0E0,7.638545E0,1.128916E2,1.8797607E0,8.32637E0,1.6493341E1,0E0,0E0,5.207617E1,7.097266E1,8.893066E0,2.528398E0,2.0480118E0,8.582405E0,6.771118E0,3.7767334E0,0E0,3.14151E1,0E0,1.7447588E1,1.9763678E0,0E0,1.6342392E0,1.289852E1,4.9953003E0,2.4785261E1,0E0,0E0,0E0,0E0,0E0,0E0,0E0,0E0,0E0,0E0,0E0,0E0,0E0,0E0,0E0,0E0,0E0,0E0,0E0,0E0,0E0,0E0,0E0,0E0,0E0,0E0,0E0,0E0,0E0,0E0,0E0,0E0,0E0,0E0,0E0,0E0,0E0,0E0],"parents":[2147483647,0,0,1,1,2,2,3,3,4,4,5,5,6,6,7,7,8,8,10,10,11,11,12,12,13,13,14,14,15,15,16,16,17,17,18,18,19,19,20,20,21,21,22,22,24,24,25,25,26,26,28,28,29,29,30,30,31,31,32,32,35,35,36,36,37,37,38,38,39,39,40,40,41,41,42,42,44,44,46,46,47,47,49,49,50,50,51,51,52,52],"right_children":[2,4,6,8,10,12,14,16,18,-1,20,22,24,26,28,30,32,34,36,38,40,42,44,-1,46,48,50,-1,52,54,56,58,60,-1,-1,62,64,66,68,70,72,74,76,-1,78,-1,80,82,-1,84,86,88,90,-1,-1,-1,-1,-1,-1,-1,-1,-1,-1,-1,-1,-1,-1,-1,-1,-1,-1,-1,-1,-1,-1,-1,-1,-1,-1,-1,-1,-1,-1,-1,-1,-1,-1,-1,-1,-1,-1],"split_conditions":[5.23E2,NaN,8.01E2,NaN,3.37E2,NaN,NaN,1E1,3.5E1,7.1018394E1,3.75E2,NaN,2.97E2,NaN,1.464E3,NaN,1.09E2,2.82E2,3.14E2,2.2E1,1.83E2,NaN,1.092E3,4.0426207E0,NaN,8.46E2,1E1,-5.5186596E0,NaN,1.74E2,4.7E2,7.9E1,2.09E2,-3.1601427E1,-7.292477E-1,NaN,NaN,4.77E2,2.6E1,NaN,2E0,NaN,3.117E3,-9.794674E0,NaN,-2.645079E-1,5.43E2,5E0,3.254128E-1,NaN,1.9E1,NaN,7E0,-6.464616E-1,-7.480167E-2,-7.4207336E-1,-4.452409E-1,-7.147371E-1,-4.1933164E-1,-1.9501989E-1,1.7499153E-2,-6.154717E-1,-7.689577E-1,-5.818834E-1,-7.55445E-1,-7.593249E-1,-1.8981807E-1,1.2244079E-1,-3.027317E-1,-6.200737E-1,-2.2874981E-1,2.8873935E-1,-4.4219766E-2,-2.9906383E-1,1.5898988E-1,-5.9112006E-1,-1.5489077E-2,-2.6327965E-1,-5.729384E-1,-2.8876638E-1,7.5342757E-1,-6.609975E-3,-2.6735643E-1,1.801609E-1,-1.5341894E-1,-9.47879E-1,-1.3570508E-1,1.3057016E-1,-7.766473E-2,-7.537312E-1,-3.3229917E-2],"split_indices":[2,13,2,12,4,13,11,1,2,0,4,11,4,6,0,12,2,4,2,1,2,12,0,0,13,0,1,0,12,2,2,2,2,0,0,12,11,2,1,13,5,7,0,0,11,0,2,1,0,12,1,11,1,0,0,0,0,0,0,0,0,0,0,0,0,0,0,0,0,0,0,0,0,0,0,0,0,0,0,0,0,0,0,0,0,0,0,0,0,0,0],"split_type":[0,1,0,1,0,1,1,0,0,0,0,1,0,1,0,1,0,0,0,0,0,1,0,0,1,0,0,0,1,0,0,0,0,0,0,1,1,0,0,1,0,1,0,0,1,0,0,0,0,1,0,1,0,0,0,0,0,0,0,0,0,0,0,0,0,0,0,0,0,0,0,0,0,0,0,0,0,0,0,0,0,0,0,0,0,0,0,0,0,0,0],"sum_hessian":[8.49985E3,7.5678247E3,9.320247E2,7.3234204E3,2.4440385E2,5.6659393E2,3.6543076E2,1.711297E3,5.6121235E3,1.1750185E0,2.4322884E2,5.4121356E2,2.5380402E1,2.6813922E2,9.7291534E1,1.5331642E3,1.7813281E2,1.6920267E1,5.595203E3,1.9904814E2,4.41807E1,3.8940115E2,1.518124E2,1.645026E0,2.3735374E1,2.5615405E2,1.1985189E1,1.8800297E0,9.541151E1,1.2434047E3,2.8975958E2,4.747075E1,1.3066206E2,1.1750185E0,1.5745249E1,4.625578E3,9.696253E2,1.9481807E2,4.230067E0,1.6920267E1,2.726043E1,3.7647595E2,1.2925204E1,1.645026E0,1.5016737E2,1.974031E1,3.995063E0,2.5215898E2,3.995063E0,3.7600594E0,8.22513E0,4.629573E1,4.9115776E1,1.2112091E3,3.2195507E1,2.8247446E2,7.2851152E0,2.3970379E1,2.350037E1,6.086596E1,6.9796104E1,2.345337E2,4.3910444E3,6.133597E2,3.5626562E2,1.9152803E2,3.290052E0,1.1750185E0,3.0550482E0,1.3865219E1,3.0550482E0,1.0810171E1,1.645026E1,3.7412592E2,2.350037E0,1.1750185E1,1.1750185E0,1.0833671E2,4.183066E1,2.350037E0,1.645026E0,2.5051396E2,1.645026E0,2.5850408E0,1.1750185E0,1.645026E0,6.580104E0,3.1960505E1,1.4335226E1,3.7600594E0,4.5355717E1],"tree_param":{"num_deleted":"0","num_feature":"14","num_nodes":"91","size_leaf_vector":"0"}},{"base_weights":[-1.7616589E0,-1.3836049E0,-5.8005E0,-1.5750767E0,2.8940995E0,-1.1990639E1,-1.3069135E0,-8.825726E-1,-1.6322136E0,3.037931E1,-1.2556525E-1,-1.0483876E2,-9.967597E-1,-1.3977859E0,4.0505943E0,-1.0888487E0,-2.5344706E-1,-4.1598476E1,-1.5954012E0,1.3231357E2,-7.3219174E-1,-5.4018325E-1,6.229857E-1,-4.9594612E1,1.5533749E0,2.9747644E2,-1.1148507E1,-1.5966734E0,-4.2494434E-1,3.4753492E0,-2.4293394E-1,-5.1848763E-1,-1.030647E0,1.0382568E-1,-5.235278E-1,-3.911641E-1,-2.5622862E1,-3.0315414E-1,-1.6254635E0,4.7394753E1,1.3129445E1,2.4988033E1,-7.422613E1,-2.6672396E-1,-1.2269901E0,5.2772636E0,3.0246891E-2,-1.8615311E0,3.6187003E0,-4.3485966E1,-9.7183424E-1,-1.6211492E0,2.0403945E-1,-1.5140713E0,4.1985118E-1,1.5364756E-1,-6.3155735E-1,-3.118208E-1,-7.617579E-2,-5.5866163E-2,1.6451752E-1,-1.0875288E-1,-1.6491562E0,-3.2854574E0,-4.759421E-1,3.974216E1,-2.2170116E-1,-6.6003546E-2,-3.0993596E-1,-5.5103126E0,-6.735104E-2,1.891005E-1,-4.8984278E-2,3.8428798E0,2.043496E-1,-3.63452E0,3.1653403E2,-4.9453446E-1,-5.343877E-2,3.5608417E-1,-2.6557517E-1,-4.9338204E-1,-1.6718642E-1,2.339138E-1,-6.8158634E-2,6.760756E-2,-3.88575E-1],"categories":[1,3,4,5,6,8,9,1,1,1,3,5,6,8,9,11,1,3,4,5,6,8,9,2,1,1,1,1,0,1,2,3,4,5,9,0,2,4,5,6,7,8,9,10,11,2,0,2,4,7,9,10,11],"categories_nodes":[3,5,9,16,18,21,26,30,32,41,43,46,53,54],"categories_segments":[0,7,8,9,16,23,24,25,26,27,28,35,45,46],"categories_sizes":[7,1,1,7,7,1,1,1,1,1,7,10,1,7],"default_left":[0,0,0,0,1,0,0,1,1,0,0,1,1,0,1,0,0,0,0,1,0,0,0,0,0,0,0,0,0,0,0,0,0,1,0,0,0,0,1,0,0,0,0,0,1,0,0,0,1,0,0,0,0,0,0,0,0,0,0,0,0,0,0,0,0,0,0,0,0,0,0,0,0,0,0,0,0,0,0,0,0,0,0,0,0,0,0],"id":1,"left_children":[1,3,5,7,9,11,13,15,17,19,21,23,25,27,29,31,33,35,37,39,41,43,45,-1,47,-1,49,51,53,-1,55,-1,57,59,61,-1,-1,-1,63,-1,-1,65,-1,67,69,-1,71,-1,73,-1,75,77,79,81,83,-1,85,-1,-1,-1,-1,-1,-1,-1,-1,-1,-1,-1,-1,-1,-1,-1,-1,-1,-1,-1,-1,-1,-1,-1,-1,-1,-1,-1,-1,-1,-1],