{"learner":{"attributes":{"best_ntree_limit":"7"},"feature_names":[],"feature_types":["q","q","q","q","q","q","c","c","c","c","c","c","c","c"],"gradient_booster":{"model":{"gbtree_model_param":{"num_parallel_tree":"1","num_trees":"2","size_leaf_vector":"0"},"tree_info":[0,0],"trees":[{"base_weights":[-2.0100107E0,-2.1689744E0,-7.2057056E-1,-2.2409582E0,-5.6936154E-3,-1.0640811E0,-1.8641181E-1,-1.8921093E0,-2.348676E0,5.952256E1,-2.11207E0,-1.1444105E0,7.320971E-1,-2.2897152E-2,-6.1083525E-1,-2.0356169E0,-6.382297E-1,-2.5977808E1,-2.3115127E0,-1.7721943E1,-1.6627682E0,-9.322322E-1,-1.6771516E0,5.6521063E0,-1.1040796E0,1.4627693E-2,-9.302559E-1,-7.3246403E0,-1.0703111E-1,-2.0610266E0,-1.4714963E0,-1.5928428E0,-1.4655213E-1,-3.3426277E1,-6.530739E-1,-2.3625214E0,-1.8959554E0,-6.3166517E-1,2.0530748E-1,-1.8701873E0,-9.093114E-1,-1.3172414E1,-1.0836364E0,-5.6403255E-1,6.2341493E-1,-1.1050226E-3,6.5920126E-1,-2.3175726E0,-3.8085243E-1,1.602412E-2,-5.0346065E-1,-6.026028E-1,-6.9527924E-1,4.9610388E-2,-5.733857E-1,-6.5863717E-1,-3.6948535E-1,-1.615578E-1,2.8319497E-2,-5.788295E-1,-7.160649E-1,-4.9792513E-1,-6.887132E-1,1.5930202E1,-5.8227414E-1,-7.326257E-2,-6.12963E-1,3.961379E-2,-2.7520186E-1,-2.4039681E-1,-5.221662E-1,2.1702137E0,-3.655154E-1,2.7389391E-3,-3.2702956E-1,2.8441805E-1,2.0246683E-3,-7.326257E-2,-9.7065306E-1,2.258676E-1,-1.8275039E-1,4.1832905E-3,-2.1413875E0],"categories":[2,1,4,5,6,8,9,1,2,2,2,2,1,3,6,0,1,4,8,9,10,2,2,2,3,3,10,1,4,5,6,8,9,2,2,1],"categories_nodes":[1,3,4,5,6,11,12,13,20,24,28,29,30,35,36,42,45],"categories_segments":[0,1,7,9,10,11,12,15,21,22,23,24,25,27,33,34,35],"categories_sizes":[1,6,2,1,1,1,3,6,1,1,1,1,2,6,1,1,1],"default_left":[1,0,0,0,0,0,0,1,1,0,1,0,0,0,1,1,0,1,0,0,0,0,1,0,0,1,1,0,0,0,0,0,0,0,0,0,0,0,1,0,0,0,0,0,1,0,0,0,0,0,0,0,0,0,0,0,0,0,0,0,0,0,0,0,0,0,0,0,0,0,0,0,0,0,0,0,0,0,0,0,0,0,0],"id":0,"left_children":[1,3,5,7,9,11,13,15,17,-1,19,21,23,25,27,29,31,33,35,-1,37,39,41,-1,43,45,47,-1,49,51,53,55,57,-1,-1,59,61,-1,63,65,67,-1,69,-1,71,73,75,77,79,-1,81,-1,-1,-1,-1,-1,-1,-1,-1,-1,-1,-1,-1,-1,-1,-1,-1,-1,-1,-1,-1,-1,-1,-1,-1,-1,-1,-1,-1,-1,-1,-1,-1],"loss_changes":[1.8628477E3,1.2608711E3,1.8324951E2,2.9002344E2,1.0981679E5,8.86015E1,2.7226255E1,3.3230566E2,5.194133E3,0E0,6.555819E3,6.4292786E1,9.0685626E2,9.696612E0,1.3061113E3,2.080664E1,8.981531E1,1.8666027E4,1.2217383E2,0E0,2.146576E2,7.3055725E0,4.0804834E3,0E0,3.4873848E1,2.7801342E0,7.7374935E0,0E0,6.88784E0,1.6686523E1,5.4435516E1,1.1471481E1,1.2114721E1,0E0,0E0,5.1501953E1,5.834912E1,0E0,5.840219E3,2.0461006E0,3.5560608E0,0E0,2.8916183E1,0E0,1.128363E2,3.0030844E0,1.2246637E0,4.941656E0,2.8654332E0,0E0,1.0711283E2,0E0,0E0,0E0,0E0,0E0,0E0,0E0,0E0,0E0,0E0,0E0,0E0,0E0,0E0,0E0,0E0,0E0,0E0,0E0,0E0,0E0,0E0,0E0,0E0,0E0,0E0,0E0,0E0,0E0,0E0,0E0,0E0],"parents":[2147483647,0,0,1,1,2,2,3,3,4,4,5,5,6,6,7,7,8,8,10,10,11,11,12,12,13,13,14,14,15,15,16,16,17,17,18,18,20,20,21,21,22,22,24,24,25,25,26,26,28,28,29,29,30,30,31,31,32,32,35,35,36,36,38,38,39,39,40,40,42,42,44,44,45,45,46,46,47,47,48,48,50,50],"right_children":[2,4,6,8,10,12,14,16,18,-1,20,22,24,26,28,30,32,34,36,-1,38,40,42,-1,44,46,48,-1,50,52,54,56,58,-1,-1,60,62,-1,64,66,68,-1,70,-1,72,74,76,78,80,-1,82,-1,-1,-1,-1,-1,-1,-1,-1,-1,-1,-1,-1,-1,-1,-1,-1,-1,-1,-1,-1,-1,-1,-1,-1,-1,-1,-1,-1,-1,-1,-1,-1],"split_conditions":[5.23E2,NaN,8.03E2,NaN,NaN,NaN,NaN,1E1,3.5E1,5.952256E1,1.37E2,NaN,NaN,NaN,1.311E3,2.96E2,1.3E2,3.55E2,3.65E2,-1.7721943E1,NaN,5.91E2,1.027E3,5.6521063E0,NaN,2.1E1,6.58E2,-7.3246403E0,NaN,NaN,NaN,7.5E1,2.09E2,-3.3426277E1,-6.530739E-1,NaN,NaN,-6.3166517E-1,3.52E2,3E0,1.027E3,-1.3172414E1,NaN,-5.6403255E-1,3.32E2,NaN,1.73E3,2E0,5E0,1.602412E-2,9.01E2,-6.026028E-1,-6.9527924E-1,4.9610388E-2,-5.733857E-1,-6.5863717E-1,-3.6948535E-1,-1.615578E-1,2.8319497E-2,-5.788295E-1,-7.160649E-1,-4.9792513E-1,-6.887132E-1,1.5930202E1,-5.8227414E-1,-7.326257E-2,-6.12963E-1,3.961379E-2,-2.7520186E-1,-2.4039681E-1,-5.221662E-1,2.1702137E0,-3.655154E-1,2.7389391E-3,-3.2702956E-1,2.8441805E-1,2.0246683E-3,-7.326257E-2,-9.7065306E-1,2.258676E-1,-1.8275039E-1,4.1832905E-3,-2.1413875E0],"split_indices":[2,13,2,12,6,13,11,1,2,0,2,11,6,6,0,2,2,4,2,0,13,0,0,0,13,1,0,0,11,12,12,2,2,0,0,12,11,0,4,5,0,0,11,0,4,7,0,0,1,0,2,0,0,0,0,0,0,0,0,0,0,0,0,0,0,0,0,0,0,0,0,0,0,0,0,0,0,0,0,0,0,0,0],"split_type":[0,1,0,1,1,1,1,0,0,0,0,1,1,1,0,0,0,0,0,0,1,0,0,0,1,0,0,0,1,1,1,0,0,0,0,1,1,0,0,0,0,0,1,0,0,1,0,0,0,0,0,0,0,0,0,0,0,0,0,0,0,0,0,0,0,0,0,0,0,0,0,0,0,0,0,0,0,0,0,0,0,0,0],"sum_hessian":[9.094839E3,8.0960635E3,9.9877515E2,7.8353057E3,2.6075775E2,6.0726135E2,3.9151382E2,1.8529642E3,5.9823413E3,1.7601777E0,2.589976E2,5.8161304E2,2.5648304E1,2.833886E2,1.08125206E2,1.6621107E3,1.9085356E2,8.297981E0,5.9740435E3,1.0058159E0,2.5799176E2,4.179165E2,1.6369653E2,1.5087237E0,2.413958E1,2.73079E2,1.0309612E1,1.2572699E0,1.06867935E2,1.5879318E3,7.417892E1,6.412076E1,1.26732796E2,1.0058159E0,7.292165E0,5.3167427E3,6.5730066E2,2.0845534E2,4.953643E1,8.046527E0,4.0986996E2,1.2572699E0,1.6243925E2,1.6595963E1,7.543619E0,2.6754703E2,5.531987E0,2.0116317E0,8.297981E0,7.669346E1,3.0174477E1,1.3261682E3,2.6176358E2,1.5841599E1,5.833732E1,2.2127949E1,4.1992813E1,4.7776253E1,7.895654E1,2.874119E2,5.0293306E3,4.1640778E2,2.408929E2,1.0058159E0,4.8530617E1,1.0058159E0,7.040711E0,3.0174475E0,4.068525E2,1.1516592E2,4.7273346E1,1.0058159E0,6.537803E0,2.660383E2,1.5087237E0,3.5203555E0,2.0116317E0,1.0058159E0,1.0058159E0,1.0058159E0,7.292165E0,2.8917206E1,1.2572699E0],"tree_param":{"num_deleted":"0","num_feature":"14","num_nodes":"83","size_leaf_vector":"0"}},{"base_weights":[-1.6706213E0,-1.2731628E0,-8.578676E0,-1.4458102E0,4.786556E0,-3.752848E1,-9.5897675E-1,-1.47478E0,1.0586083E0,4.9772404E1,6.586934E-1,-4.3152405E1,3.74804E-1,-8.9924135E0,3.33586E2,-8.3626676E-1,-1.5290611E0,1.9497213E1,-5.563727E-1,8.180728E1,3.3063236E1,-2.8403762E-1,3.2639945E0,-4.8265385E1,-3.9136417E1,-6.850194E0,3.980554E0,-1.69523E1,-1.2624046E0,-1.055861E0,-1.6079931E-1,-5.3116946E0,-1.5032442E0,8.269394E0,9.1397295E0,-7.8610873E-1,4.3297114E0,3.2509583E1,1.2064431E1,4.2416096E1,-3.076247E0,-3.1671838E-3,-1.0061044E0,5.715081E0,2.4717264E0,-1.2465529E1,-1.2290893E0,-2.9316514E0,2.74354E-1,3.47805E0,1.3347749E0,-9.193981E0,3.1713547E2,-4.602039E-1,-2.9733643E-1,9.268621E-2,-1.0209973E-1,-4.3773818E-1,-2.3760382E1,-3.3779427E-1,-4.6326476E-1,3.3168757E0,-1.1839559E-1,-1.7043307E-1,-3.5876083E-1,2.1693525E0,-3.2190733E-2,9.089693E0,2.1515642E1,2.0355415E-2,-3.0559665E-1,-4.317425E0,6.9828846E-2,8.9465594E-1,4.862216E-3,3.0622005E-1,-9.2784023E-1,7.941831E-2,6.737803E-1,-1.7922674E1,-3.9399526E-1],"categories":[1,1,3,4,5,6,8,9,0,2,3,4,5,6,7,9,10,11,1,0,1,2,3,4,6,7,8,9,10,2,2,10,11,1,4,5,6,8,9,5,2,5,0,1,2,4,6,7,8,9,0,1,2,3,4,5,6,9,1,0,1,2,3,4,5,6,7,8,9,10,1],"categories_nodes":[2,7,9,13,17,21,30,32,33,35,36,39,41,44,46,51],"categories_segments":[0,1,8,18,19,29,30,33,39,40,41,42,50,58,59,70],"categories_sizes":[1,7,10,1,10,1,3,6,1,1,1,8,8,1,11,1],"default_left":[0,0,0,0,1,1,0,0,0,0,0,0,0,0,0,1,1,0,0,1,0,0,0,0,1,0,1,0,0,0,0,0,0,0,0,0,0,0,0,0,0,0,1,0,0,0,0,0,0,0,0,0,0,0,0,0,0,0,0,0,0,0,0,0,0,0,0,0,0,0,0,0,0,0,0,0,0,0,0,0,0],"id":1,"left_children":[1,3,5,7,9,11,13,15,17,19,21,23,25,27,-1,29,31,33,35,37,39,41,43,-1,45,47,49,-1,51,53,55,57,59,61,-1,63,65,-1,-1,67,-1,69,71,-1,73,-1,75,-1,-1,-1,77,79,-1,-1,-1,-1,-1,-1,-1,-1,-1,-1,-1,-1,-1,-1,-1,-1,-1,-1,-1,-1,-1,-1,-1,-1,-1,-1,-1,-1,-1],