{"learner":{"attributes":{"best_ntree_limit":"2"},"feature_names":[],"feature_types":["q","q","q","q","q","q","c","c","c","c","c","c","c","c"],"gradient_booster":{"model":{"gbtree_model_param":{"num_parallel_tree":"1","num_trees":"2","size_leaf_vector":"0"},"tree_info":[0,0],"trees":[{"base_weights":[-1.9056108E0,-2.0563173E0,-7.7053547E-1,-2.1241224E0,-4.0184464E-2,-1.0422618E0,-2.263653E-1,-1.7977225E0,-2.2226434E0,-2.190301E0,8.215645E1,-1.1210485E0,6.0395116E-1,-2.64562E-1,6.155524E-1,-1.9259493E0,-6.764639E-1,-1.1843027E1,-2.1874197E0,-6.8087995E-1,-1.4917557E0,-5.833836E-1,7.622687E1,-9.458677E-1,-1.5541195E0,4.807E0,-6.007192E-1,-1.725561E-1,-4.9360883E-1,1.8836083E0,-2.7544123E-1,-1.9489169E0,-1.4559182E0,-1.5697063E0,-1.9191849E-1,-3.2684475E1,-6.556754E-1,-5.107333E-1,-2.2161307E0,-6.674727E-1,2.9385471E0,4.417402E-1,-1.6004997E0,-9.6087784E-1,1.0044058E-1,-1.3620457E1,-1.0512085E0,-8.027091E-1,5.677947E-1,-1.5348141E-1,-8.5638076E-1,-1.230217E1,-1.2572877E-1,6.76507E-1,-7.8851205E-1,-5.703285E-1,-6.5479296E-1,-4.2423615E-3,-5.744395E-1,-6.219367E-1,-3.6429742E-1,-1.9711642E-1,1.9865844E-2,-4.344114E0,-6.535309E-1,-2.262915E-2,2.3153584E-1,-6.5248346E-1,-7.791865E-2,-2.807757E-1,-5.065087E-1,2.6362383E-1,-2.5511184E-1,-2.4759628E-1,-4.7921607E-1,-3.63124E-1,-2.0379838E-2,2.937542E-1,-4.6399575E-2,1.1548989E-1,-5.358076E-2,-4.1405848E-1,2.4308195E-2,6.572257E-2,-5.679926E0,1.8782997E-1,-5.8339227E-2,-9.2538506E-2,-5.3643143E-1],"categories":[2,1,4,5,6,8,9,2,2,2,2,2,0,1,2,3,4,7,9,1,4,5,6,8,9,8,9,0,2,4,8,9,10,1,2,6,7,9,3,3,4,4,5,9,2],"categories_nodes":[1,3,5,6,9,11,13,14,18,21,27,30,31,32,42,43,46],"categories_segments":[0,1,7,8,9,10,11,12,19,25,27,33,38,39,40,41,44],"categories_sizes":[1,6,1,1,1,1,1,7,6,2,6,5,1,1,1,3,1],"default_left":[1,0,0,0,0,0,0,1,1,0,0,0,1,0,0,1,0,1,0,0,0,0,0,1,1,0,0,0,1,0,0,0,0,0,0,0,0,0,1,0,0,0,0,0,0,0,0,0,0,0,1,0,0,0,0,0,0,0,0,0,0,0,0,0,0,0,0,0,0,0,0,0,0,0,0,0,0,0,0,0,0,0,0,0,0,0,0,0,0],"id":0,"left_children":[1,3,5,7,9,11,13,15,17,19,21,23,25,27,29,31,33,35,37,-1,39,41,-1,43,45,-1,47,49,51,-1,53,55,57,59,61,-1,-1,-1,63,-1,-1,65,67,69,71,-1,73,75,77,79,81,83,85,-1,87,-1,-1,-1,-1,-1,-1,-1,-1,-1,-1,-1,-1,-1,-1,-1,-1,-1,-1,-1,-1,-1,-1,-1,-1,-1,-1,-1,-1,-1,-1,-1,-1,-1,-1],"loss_changes":[1.6823281E3,1.187793E3,1.7060681E2,2.6634375E2,5.0327305E4,1.0058771E2,1.2578276E1,2.7968896E2,2.1608848E3,1.1985474E1,1.0341395E5,5.432849E1,6.752367E2,7.7123756E0,8.779058E1,1.6089844E1,8.717409E1,2.1626424E4,8.577344E1,0E0,2.800316E2,6.857107E0,0E0,8.360901E0,4.589036E3,0E0,8.528023E0,3.3318644E0,4.5675754E2,0E0,2.2155373E1,1.4501465E1,5.662848E1,1.0173813E1,1.591292E1,0E0,0E0,0E0,2.7737598E3,0E0,0E0,6.9341254E-1,1.8820858E0,7.8411255E0,6.9247E0,0E0,2.4455963E1,8.777327E0,1.8236319E0,3.5792313E0,3.5426207E0,2.6793176E2,5.4611683E0,0E0,6.0657864E0,0E0,0E0,0E0,0E0,0E0,0E0,0E0,0E0,0E0,0E0,0E0,0E0,0E0,0E0,0E0,0E0,0E0,0E0,0E0,0E0,0E0,0E0,0E0,0E0,0E0,0E0,0E0,0E0,0E0,0E0,0E0,0E0,0E0,0E0],"parents":[2147483647,0,0,1,1,2,2,3,3,4,4,5,5,6,6,7,7,8,8,9,9,10,10,11,11,12,12,13,13,14,14,15,15,16,16,17,17,18,18,20,20,21,21,23,23,24,24,26,26,27,27,28,28,30,30,31,31,32,32,33,33,34,34,38,38,41,41,42,42,43,43,44,44,46,46,47,47,48,48,49,49,50,50,51,51,52,52,54,54],"right_children":[2,4,6,8,10,12,14,16,18,20,22,24,26,28,30,32,34,36,38,-1,40,42,-1,44,46,-1,48,50,52,-1,54,56,58,60,62,-1,-1,-1,64,-1,-1,66,68,70,72,-1,74,76,78,80,82,84,86,-1,88,-1,-1,-1,-1,-1,-1,-1,-1,-1,-1,-1,-1,-1,-1,-1,-1,-1,-1,-1,-1,-1,-1,-1,-1,-1,-1,-1,-1,-1,-1,-1,-1,-1,-1],"split_conditions":[5.05E2,NaN,8.28E2,NaN,1.02E2,NaN,NaN,1E1,3.5E1,NaN,1E1,NaN,2.76E2,NaN,NaN,2.84E2,1.3E2,2.73E2,NaN,-6.8087995E-1,2.3E1,NaN,7.622687E1,1.938E3,1.019E3,4.807E0,3.71E2,NaN,1.22E3,1.8836083E0,NaN,NaN,NaN,7.9E1,2.01E2,-3.2684475E1,-6.556754E-1,-5.107333E-1,5.8E1,-6.674727E-1,2.9385471E0,2E0,NaN,NaN,1.6E1,-1.3620457E1,NaN,6.51E2,2E0,9.11E3,6E0,2E0,1.308E3,6.76507E-1,2.52E2,-5.703285E-1,-6.5479296E-1,-4.2423615E-3,-5.744395E-1,-6.219367E-1,-3.6429742E-1,-1.9711642E-1,1.9865844E-2,-4.344114E0,-6.535309E-1,-2.262915E-2,2.3153584E-1,-6.5248346E-1,-7.791865E-2,-2.807757E-1,-5.065087E-1,2.6362383E-1,-2.5511184E-1,-2.4759628E-1,-4.7921607E-1,-3.63124E-1,-2.0379838E-2,2.937542E-1,-4.6399575E-2,1.1548989E-1,-5.358076E-2,-4.1405848E-1,2.4308195E-2,6.572257E-2,-5.679926E0,1.8782997E-1,-5.8339227E-2,-9.2538506E-2,-5.3643143E-1],"split_indices":[2,13,2,12,2,13,13,1,2,13,4,11,4,11,12,2,2,4,12,0,0,12,0,0,0,0,4,6,0,0,6,12,12,2,2,0,0,0,2,0,0,3,6,12,1,0,11,2,3,0,3,1,0,0,4,0,0,0,0,0,0,0,0,0,0,0,0,0,0,0,0,0,0,0,0,0,0,0,0,0,0,0,0,0,0,0,0,0,0],"split_type":[0,1,0,1,0,1,1,0,0,1,0,1,0,1,1,0,0,0,1,0,0,1,0,0,0,0,0,1,0,0,1,1,1,0,0,0,0,0,0,0,0,0,1,1,0,0,1,0,0,0,0,0,0,0,0,0,0,0,0,0,0,0,0,0,0,0,0,0,0,0,0,0,0,0,0,0,0,0,0,0,0,0,0,0,0,0,0,0,0],"sum_hessian":[9.842824E3,8.688431E3,1.1543936E3,8.405684E3,2.827475E2,7.693236E2,3.8507E2,1.9533798E3,6.4523037E3,2.7648843E2,6.2590885E0,7.344904E2,3.4833187E1,3.6901407E2,1.6055922E1,1.7522726E3,2.0110722E2,2.231501E1,6.429989E3,2.4628152E2,3.0206905E1,4.898417E0,1.3606714E0,5.252192E2,2.0927126E2,1.6328056E0,3.3200382E1,2.6451453E2,1.0449956E2,1.3606714E0,1.46952505E1,1.6676388E3,8.463376E1,6.993851E1,1.3116872E2,1.0885371E0,2.1226473E1,3.6275497E2,6.067234E3,2.9118368E1,1.0885371E0,2.7213428E0,2.1770742E0,5.178715E2,7.3476253E0,1.3606714E0,2.0791058E2,2.8574099E1,4.6262827E0,2.5852756E2,5.986954E0,2.1770742E0,1.0232249E2,1.9049399E0,1.2790311E1,1.3919668E3,2.7567203E2,2.0682205E1,6.3951553E1,2.6941294E1,4.2997215E1,4.6262825E1,8.490589E1,1.7416594E1,6.049817E3,1.3606714E0,1.3606714E0,1.0885371E0,1.0885371E0,5.0290414E2,1.4967385E1,4.082014E0,3.2656112E0,1.4885745E2,5.905314E1,1.7960861E1,1.0613236E1,2.7213428E0,1.9049399E0,1.0885371E1,2.476422E2,3.5377455E0,2.4492085E0,1.0885371E0,1.0885371E0,7.891894E0,9.4430595E1,9.524699E0,3.2656112E0],"tree_param":{"num_deleted":"0","num_feature":"14","num_nodes":"89","size_leaf_vector":"0"}},{"base_weights":[-1.64172E0,-1.1552676E0,-8.660576E0,-1.3513242E0,2.5004368E0,-3.0029568E1,-9.1690665E-1,6.985422E-1,-1.386059E0,3.3465446E1,1.3445622E-2,-3.4287086E1,-1.3129394E0,4.0529144E2,-8.696307E0,6.1513357E0,-1.5313048E0,-7.4088234E-1,-1.4399161E0,1.5581267E2,-4.752459E-1,-2.9300562E-1,1.3057983E1,-3.1403276E1,-5.1828243E1,-2.867753E0,1.2233664E-1,-1.3240941E1,-8.7370515E-1,1.096365E1,8.085568E-1,-1.4228388E0,-3.7253537E0,-9.002783E-1,7.150795E-4,-1.6557407E1,-1.4051471E0,5.780764E1,1.3053661E1,-8.568527E1,2.6866154E1,-5.654766E-1,1.8483806E-1,4.209713E0,1.7440851E1,-2.4970202E-1,-9.515661E0,-3.162578E0,-1.14838034E-1,6.89189E-1,-8.1504995E-1,-1.0200199E1,3.5568475E2,3.4164938E-1,-4.5830595E-1,-2.505234E-1,-1.4797938E0,-4.0763023E-1,-2.6029757E-1,1.4084198E-1,-5.3428784E-2,-4.3188706E-1,-2.8984196E1,-3.0313924E-1,-4.3446043E-1,3.1991848E1,4.889039E0,-1.1121291E-1,-3.1454796E-1,3.1823006E0,-1.6854633E-2,1.8978326E0,3.0167598E-1,6.1223874E0,1.3821834E0,-1.381619E-1,1.7562681E-1,3.1726846E-1,-6.0384953E-3,1.9290496E-1,-4.5391306E-1,-3.12906E1,-3.1372E-1],"categories":[1,2,3,7,10,11,1,3,4,5,6,8,9,1,1,0,1,2,3,4,5,6,7,8,9,10,11,3,7,10,11,2,10,11,1,4,5,6,8,9,0,2,3,4,5,6,7,9,10,11,2,1,1],"categories_nodes":[2,7,8,9,14,20,31,34,36,40,41,50,51],"categories_segments":[0,1,6,13,14,15,27,31,34,40,50,51,52],"categories_sizes":[1,5,7,1,1,12,4,3,6,10,1,1,1],"default_left":[0,0,0,0,0,1,1,0,0,0,0,1,0,0,0,0,0,1,1,1,0,0,0,0,0,0,0,0,0,0,0,0,0,0,0,0,0,0,0,0,0,0,0,0,0,0,0,0,0,0,0,0,0,0,0,0,0,0,0,0,0,0,0,0,0,0,0,0,0,0,0,0,0,0,0,0,0,0,0,0,0,0,0],"id":1,"left_children":[1,3,5,7,9,11,13,15,17,19,21,23,25,-1,27,29,31,33,35,37,39,41,43,45,-1,47,49,-1,51,-1,-1,53,55,57,59,61,63,-1,-1,-1,65,67,69,71,73,-1,-1,-1,75,77,79,81,-1,-1,-1,-1,-1,-1,-1,-1,-1,-1,-1,-1,-1,-1,-1,-1,-1,-1,-1,-1,-1,-1,-1,-1,-1,-1,-1,-1,-1,-1,-1],