{"learner":{"attributes":{"best_ntree_limit":"2"},"feature_names":[],"feature_types":["q","q","q","q","q","q","c","c","c","c","c","c","c","c"],"gradient_booster":{"model":{"gbtree_model_param":{"num_parallel_tree":"1","num_trees":"2","size_leaf_vector":"0"},"tree_info":[0,0],"trees":[{"base_weights":[-2.1505635E0,-2.332762E0,-9.2248464E-1,-2.4077642E0,-5.4650906E-2,-1.2265229E0,-2.2375591E-1,-2.021864E0,-2.5249763E0,-2.4966097E0,1.5959454E2,-1.3297586E0,7.4117684E-1,-8.865427E-2,-5.8713406E-1,-2.1689937E0,-7.3452836E-1,-2.4959943E0,-2.2360126E1,-7.6964575E-1,-1.7634734E0,7.929418E1,-3.4042293E-1,-1.1265553E0,-1.837367E0,7.8465133E0,-7.4623543E-1,-6.1937287E-2,-1.2491564E0,-1.7591763E-1,-3.6213546E0,-2.1037054E0,-2.4313972E0,-1.8574896E0,-1.3507E-1,-2.5446036E0,-2.2190607E0,-7.4466896E-1,1.6512599E0,-1.1441971E0,5.3579426E-1,-1.5029084E1,-1.2616676E0,-3.3709148E-3,-1.3833866E0,-7.408611E-2,5.885253E-1,-7.3213995E-1,2.3146206E-1,2.3193827E-2,-7.380729E-1,-6.4619154E-1,-8.485107E-2,-7.3121345E-1,-1.5341894E-1,-7.342182E-1,-4.3546602E-1,-2.1262859E-1,7.137278E-2,-6.319305E-1,-7.699636E-1,-6.018896E-1,-7.724314E-1,-3.338973E-1,-5.672729E-1,-1.5341894E-1,2.6535347E-1,-2.8201887E-1,-5.9750295E-1,1.8276656E-1,-2.2413708E-1,-1.5327176E0,-2.65972E-1,-1.5577142E-2,-2.4267967E-1,3.1461397E-1,-4.051554E-2,-1.5489077E-2,1.2244079E-1,-1.8111376E0,-1.3486794E-3],"categories":[2,1,4,5,6,8,9,2,2,2,2,3,8,3,0,1,2,3,5,6,8,9,2,1,4,5,6,8,9,2,4,5,9,11,2,0,1,2,3,4,5,6,7,8,9,10,11,0,1,2,3,4],"categories_nodes":[1,3,5,6,9,11,13,15,26,29,35,36,39,42,44,46],"categories_segments":[0,1,7,8,9,10,11,13,14,22,23,29,30,34,35,47],"categories_sizes":[1,6,1,1,1,1,2,1,8,1,6,1,4,1,12,5],"default_left":[1,0,0,0,0,0,0,1,0,0,1,0,1,0,0,0,0,1,0,0,0,0,0,1,1,0,0,1,1,0,0,1,0,0,0,0,0,0,0,0,0,0,0,0,0,1,0,0,0,0,1,0,0,0,0,0,0,0,0,0,0,0,0,0,0,0,0,0,0,0,0,0,0,0,0,0,0,0,0,0,0],"id":0,"left_children":[1,3,5,7,9,11,13,15,17,19,21,23,25,27,29,31,33,35,-1,-1,37,-1,-1,39,41,-1,43,45,47,49,-1,51,53,55,57,59,61,-1,-1,63,65,-1,67,69,71,73,75,-1,77,-1,79,-1,-1,-1,-1,-1,-1,-1,-1,-1,-1,-1,-1,-1,-1,-1,-1,-1,-1,-1,-1,-1,-1,-1,-1,-1,-1,-1,-1,-1,-1],"loss_changes":[1.8998945E3,1.2645586E3,2.3338385E2,3.1901562E2,9.277255E4,1.5662329E2,1.637963E1,3.1555908E2,1.1276281E4,7.3099365E0,6.0641453E4,7.30564E1,1.4875381E3,7.524121E0,4.2542828E2,2.0620605E1,1.16380745E2,6.827344E1,0E0,0E0,1.3550699E2,0E0,0E0,1.5942383E1,5.67755E3,0E0,1.7820728E1,1.9457281E0,1.020458E1,1.2644268E1,0E0,1.1017041E2,2.1168213E0,1.0868179E1,2.4569662E1,3.94375E1,5.7479492E1,0E0,0E0,9.955139E0,2.7054865E0,0E0,4.6307617E1,8.834095E0,3.2990036E1,3.8206615E0,1.64839E0,0E0,1.8862432E-1,0E0,1.0708806E2,0E0,0E0,0E0,0E0,0E0,0E0,0E0,0E0,0E0,0E0,0E0,0E0,0E0,0E0,0E0,0E0,0E0,0E0,0E0,0E0,0E0,0E0,0E0,0E0,0E0,0E0,0E0,0E0,0E0,0E0],"parents":[2147483647,0,0,1,1,2,2,3,3,4,4,5,5,6,6,7,7,8,8,9,9,10,10,11,11,12,12,13,13,14,14,15,15,16,16,17,17,20,20,23,23,24,24,26,26,27,27,28,28,29,29,31,31,32,32,33,33,34,34,35,35,36,36,39,39,40,40,42,42,43,43,44,44,45,45,46,46,48,48,50,50],"right_children":[2,4,6,8,10,12,14,16,18,20,22,24,26,28,30,32,34,36,-1,-1,38,-1,-1,40,42,-1,44,46,48,50,-1,52,54,56,58,60,62,-1,-1,64,66,-1,68,70,72,74,76,-1,78,-1,80,-1,-1,-1,-1,-1,-1,-1,-1,-1,-1,-1,-1,-1,-1,-1,-1,-1,-1,-1,-1,-1,-1,-1,-1,-1,-1,-1,-1,-1,-1],"split_conditions":[4.74E2,NaN,8.25E2,NaN,1.01E2,NaN,NaN,1E1,3E1,NaN,1E1,NaN,2.69E2,NaN,2.78E2,NaN,1.25E2,3.08E2,-2.2360126E1,-7.6964575E-1,8E0,7.929418E1,-3.4042293E-1,3.14E3,1.079E3,7.8465133E0,NaN,6E0,8.3E2,NaN,-3.6213546E0,1.76E2,4.67E2,7.9E1,2.02E2,NaN,NaN,-7.4466896E-1,1.6512599E0,NaN,5.11E2,-1.5029084E1,NaN,4E0,NaN,1.13E3,NaN,-7.3213995E-1,1.747E3,2.3193827E-2,1.218E3,-6.4619154E-1,-8.485107E-2,-7.3121345E-1,-1.5341894E-1,-7.342182E-1,-4.3546602E-1,-2.1262859E-1,7.137278E-2,-6.319305E-1,-7.699636E-1,-6.018896E-1,-7.724314E-1,-3.338973E-1,-5.672729E-1,-1.5341894E-1,2.6535347E-1,-2.8201887E-1,-5.9750295E-1,1.8276656E-1,-2.2413708E-1,-1.5327176E0,-2.65972E-1,-1.5577142E-2,-2.4267967E-1,3.1461397E-1,-4.051554E-2,-1.5489077E-2,1.2244079E-1,-1.8111376E0,-1.3486794E-3],"split_indices":[2,13,2,12,2,13,11,1,1,13,3,11,4,12,0,12,2,2,0,0,0,0,0,0,0,0,6,3,0,11,0,2,2,2,2,12,11,0,0,12,2,0,11,5,12,2,6,0,0,0,2,0,0,0,0,0,0,0,0,0,0,0,0,0,0,0,0,0,0,0,0,0,0,0,0,0,0,0,0,0,0],"split_type":[0,1,0,1,0,1,1,0,0,1,0,1,0,1,0,1,0,0,0,0,0,0,0,0,0,0,1,0,0,1,0,0,0,0,0,1,1,0,0,1,0,0,1,0,1,0,1,0,0,0,0,0,0,0,0,0,0,0,0,0,0,0,0,0,0,0,0,0,0,0,0,0,0,0,0,0,0,0,0,0,0],"sum_hessian":[8.499614E3,7.400737E3,1.0988773E3,7.164793E3,2.3594373E2,7.6517206E2,3.3370526E2,1.6734614E3,5.4913315E3,2.3335869E2,2.5850408E0,7.273365E2,3.7835598E1,2.4416885E2,8.9536415E1,1.5012037E3,1.7225772E2,5.4901567E3,1.1750185E0,2.1103333E2,2.2325352E1,1.1750185E0,1.4100223E0,5.2170825E2,2.0562825E2,1.1750185E0,3.666058E1,2.3970378E2,4.4650707E0,8.742138E1,2.1150334E0,1.2093291E3,2.918746E2,5.9220936E1,1.1303678E2,4.6634136E3,8.2674304E2,2.091533E1,1.4100223E0,5.1653815E2,5.1700816E0,1.4100223E0,2.0421823E2,1.7390274E1,1.9270304E1,2.3617873E2,3.5250556E0,2.1150334E0,2.350037E0,6.086596E1,2.655542E1,1.1766636E3,3.2665516E1,2.906996E2,1.1750185E0,2.209035E1,3.7130585E1,4.41807E1,6.885609E1,2.2701358E2,4.4364E3,5.214732E2,3.052698E2,4.9820786E2,1.833029E1,1.1750185E0,3.995063E0,1.4335226E2,6.086596E1,9.635152E0,7.755122E0,1.1750185E0,1.8095285E1,2.3030363E2,5.8750925E0,1.8800297E0,1.645026E0,1.1750185E0,1.1750185E0,2.350037E0,2.4205381E1],"tree_param":{"num_deleted":"0","num_feature":"14","num_nodes":"81","size_leaf_vector":"0"}},{"base_weights":[-1.8278588E0,-8.435054E0,-1.3860166E0,-2.1990896E1,-1.042194E0,-1.5939327E0,2.6349041E0,-2.3716959E1,1.3415034E0,2.754682E2,-8.362816E0,-1.6065854E0,4.3460493E0,6.874888E0,4.9811956E-1,-2.173604E1,-4.3786217E1,-2.1122234E0,7.6809483E0,-7.982073E0,-9.587165E-1,-1.582139E0,-4.559856E0,1.0210123E0,4.358829E0,2.4444166E1,3.4072578E0,-5.4472744E-1,8.016717E0,-6.18388E0,-6.809418E0,-3.458734E0,8.55586E-1,5.579956E-1,2.6767907E0,-9.736849E0,2.5134561E2,-9.327288E-1,-1.6318002E0,-5.9847355E0,-1.1860073E0,2.166642E0,-3.6500898E-1,1.4046356E1,5.816681E1,1.3356662E0,8.863865E0,-2.792516E-1,-1.196902E0,3.7142563E0,9.183051E-3,-3.8034198E-1,-2.0239468E0,3.526547E-1,-7.319952E-2,-9.609292E0,-4.0122226E-1,-3.3505112E-1,1.4126175E-2,-4.8282304E0,-4.8042527E-1,-1.2800187E0,1.812438E1,-1.9088868E0,3.637259E-1,2.9228754E1,-3.4620368E-1,2.6563066E1,2.282048E0,6.144842E-1,1.1019578E-2,3.5777483E0,-1.3174224E-1,-6.8478666E-2,-3.126515E-1,-4.4568024E0,-1.7556591E-1,2.7386067E0,-1.0459579E1],"categories":[1,1,1,3,4,5,6,8,9,1,7,10,0,2,3,4,6,7,8,2,1,1,1,0,1,2,3,4,1,0,1,2,3,4,5,6,9],"categories_nodes":[1,10,21,22,23,25,27,28,35,43,44,46,47],"categories_segments":[0,1,2,9,10,12,19,20,21,22,23,28,29],"categories_sizes":[1,1,7,1,2,7,1,1,1,1,5,1,8],"default_left":[0,0,1,1,1,0,1,1,0,0,0,0,0,0,0,0,0,0,0,0,0,0,0,0,0,0,0,0,0,0,0,0,0,0,0,0,0,1,1,0,0,0,1,0,0,0,0,0,1,0,0,0,0,0,0,0,0,0,0,0,0,0,0,0,0,0,0,0,0,0,0,0,0,0,0,0,0,0,0],"id":1,"left_children":[1,3,5,7,9,11,13,15,17,-1,19,21,23,25,27,29,-1,31,33,-1,35,37,39,41,-1,43,45,47,49,51,-1,-1,53,-1,-1,55,-1,57,59,-1,61,-1,63,65,67,69,71,73,75,-1,77,-1,-1,-1,-1,-1,-1,-1,-1,-1,-1,-1,-1,-1,-1,-1,-1,-1,-1,-1,-1,-1,-1,-1,-1,-1,-1,-1,-1],"loss_changes":[1.9886188E4,4.2772664E4,5.346211E3,6.099E3,1.874346E6,4.6366016E2,2.8463079E3,3.0806664E4,2.6414896E2,0E0,3.728119E4,4.3059668E2,4.3162854E2,6.333296E3,1.6526548E3,1.9432422E3,0E0,2.366417E2,1.3826706E1,0E0,1.4622568E6,1.9249316E2,2.5336558E3,9.7313614E1,0E0,5.2135723E3,9.955924E2,3.1791378E1,8.9695166E2,1.7686707E1,0E0,0E0,2.7848196E0,0E0,0E0,3.674087E4,0E0,7.756625E1,2.429252E3,0E0,8.12594E3,0E0,1.0190325E2,1.8444725E4,5.06262E3,6.0809242E1,6.987771E2,4.9427423E0,4.3725943E2,0E0,3.5164368E3,0E0,0E0,0E0,0E0,0E0,0E0,0E0,0E0,0E0,0E0,0E0,0E0,0E0,0E0,0E0,0E0,0E0,0E0,0E0,0E0,0E0,0E0,0E0,0E0,0E0,0E0,0E0,0E0],