{"learner":{"attributes":{"best_ntree_limit":"9"},"feature_names":[],"feature_types":["q","q","q","q","q","q","c","c","c","c","c","c","c","c"],"gradient_booster":{"model":{"gbtree_model_param":{"num_parallel_tree":"1","num_trees":"4","size_leaf_vector":"0"},"tree_info":[0,0,0,0],"trees":[{"base_weights":[-2.0100107E0,-2.165385E0,-7.453557E-1,-2.2398996E0,3.7318163E-2,-1.0708461E0,-2.4102937E-1,-1.8808643E0,-2.3487127E0,-2.3216972E0,1.6493733E2,-1.1605368E0,7.0922303E-1,-1.1421129E-1,-5.7540226E-1,-2.0171947E0,-6.995643E-1,-1.3739434E1,-2.3100755E0,-7.204987E-1,-1.5457704E0,-4.7357988E-1,9.3554474E1,-9.7693014E-1,-1.6229348E0,5.532523E0,-8.9589036E-1,-9.185963E-2,-9.863721E-1,-7.102822E0,-1.3537978E-1,-1.9568493E0,-2.2662902E0,-1.8322407E0,-2.7212322E-1,-3.477236E1,-6.8805754E-1,-2.3563921E0,-1.9331723E0,-7.031338E-1,2.9180388E0,-9.4332457E-1,-1.7922393E0,-1.2005906E0,-9.318199E0,-5.427298E-1,-1.5689133E0,4.8632732E-1,-1.1805745E-1,-8.2108796E-1,-2.4036622E-1,7.436472E-2,-3.465423E-1,-6.039557E-1,-1.3704899E-1,-7.14829E-1,-6.293186E-1,-6.5926224E-1,-4.158966E-1,-2.1652792E-1,1.7069901E-3,-5.534207E-1,-7.154848E-1,-5.148348E-1,-6.901172E-1,-2.86872E-1,2.3690784E-1,-7.326257E-2,-5.651616E-1,-2.890815E-1,-4.7732475E-1,-3.213446E-1,1.761299E-1,2.144248E-1,-2.0744684E-1,-3.0983813E-2,-3.6061E-1,-2.7525032E-1,1.5154815E-1,-6.3375875E-2,1.0414157E-1,-9.941131E-1,-4.966898E-2],"categories":[2,1,4,5,6,8,9,2,2,2,2,1,6,7,1,8,9,3,3,4,5,9,2,3,4,5,6,9,1,4,5,6,8,9,2,2,2,2,1],"categories_nodes":[1,3,5,6,9,11,12,13,15,23,30,37,38,41,43,45,47],"categories_segments":[0,1,7,8,9,10,11,14,17,18,22,28,34,35,36,37,38],"categories_sizes":[1,6,1,1,1,1,3,3,1,4,6,6,1,1,1,1,1],"default_left":[1,0,0,0,0,0,0,1,1,0,0,0,0,0,1,0,0,1,0,0,0,0,0,0,0,0,0,0,1,0,0,1,0,0,0,0,0,0,0,0,0,0,0,0,0,0,0,0,1,0,0,1,1,0,0,0,0,0,0,0,0,0,0,0,0,0,0,0,0,0,0,0,0,0,0,0,0,0,0,0,0,0,0],"id":0,"left_children":[1,3,5,7,9,11,13,15,17,19,21,23,25,27,29,31,33,35,37,-1,39,-1,-1,41,43,-1,45,47,49,-1,51,53,55,57,59,-1,-1,61,63,-1,-1,65,67,69,-1,71,-1,73,75,-1,77,79,81,-1,-1,-1,-1,-1,-1,-1,-1,-1,-1,-1,-1,-1,-1,-1,-1,-1,-1,-1,-1,-1,-1,-1,-1,-1,-1,-1,-1,-1,-1],"loss_changes":[1.7856719E3,1.3295781E3,1.6336298E2,3.0167578E2,1.0387002E5,9.7493835E1,1.6567982E1,2.9287207E2,2.6127344E3,1.2622437E1,9.261981E4,4.73869E1,8.6088934E2,5.4778433E0,1.0906962E3,2.0183105E1,9.1779045E1,2.3251596E4,1.0000781E2,0E0,2.6930115E2,0E0,0E0,9.690765E0,1.9822203E3,0E0,4.025698E1,4.2927494E0,8.529339E0,0E0,4.7475758E0,1.1110547E2,1.1477051E0,5.431366E0,1.743613E1,0E0,0E0,7.347266E1,4.8743896E1,0E0,0E0,9.731995E0,1.7149086E0,1.3382217E1,0E0,1.6838774E1,0E0,3.807576E0,4.173703E0,0E0,3.5070972E0,4.3044357E0,2.807452E1,0E0,0E0,0E0,0E0,0E0,0E0,0E0,0E0,0E0,0E0,0E0,0E0,0E0,0E0,0E0,0E0,0E0,0E0,0E0,0E0,0E0,0E0,0E0,0E0,0E0,0E0,0E0,0E0,0E0,0E0],"parents":[2147483647,0,0,1,1,2,2,3,3,4,4,5,5,6,6,7,7,8,8,9,9,10,10,11,11,12,12,13,13,14,14,15,15,16,16,17,17,18,18,20,20,23,23,24,24,26,26,27,27,28,28,30,30,31,31,32,32,33,33,34,34,37,37,38,38,41,41,42,42,43,43,45,45,47,47,48,48,50,50,51,51,52,52],"right_children":[2,4,6,8,10,12,14,16,18,20,22,24,26,28,30,32,34,36,38,-1,40,-1,-1,42,44,-1,46,48,50,-1,52,54,56,58,60,-1,-1,62,64,-1,-1,66,68,70,-1,72,-1,74,76,-1,78,80,82,-1,-1,-1,-1,-1,-1,-1,-1,-1,-1,-1,-1,-1,-1,-1,-1,-1,-1,-1,-1,-1,-1,-1,-1,-1,-1,-1,-1,-1,-1],"split_conditions":[5.23E2,NaN,8.01E2,NaN,1.03E2,NaN,NaN,1E1,3.6E1,NaN,-7.36E2,NaN,NaN,NaN,1.39E3,NaN,1.1E2,2.88E2,3.64E2,-7.204987E-1,1.9E1,-4.7357988E-1,9.3554474E1,NaN,3.13E2,5.532523E0,3E0,3.659E3,8.3E2,-7.102822E0,NaN,1.32E2,1.77E2,7.9E1,1.85E2,-3.477236E1,-6.8805754E-1,NaN,NaN,-7.031338E-1,2.9180388E0,NaN,6E0,NaN,-9.318199E0,NaN,-1.5689133E0,NaN,2E1,-8.2108796E-1,1.9E1,2E0,7E0,-6.039557E-1,-1.3704899E-1,-7.14829E-1,-6.293186E-1,-6.5926224E-1,-4.158966E-1,-2.1652792E-1,1.7069901E-3,-5.534207E-1,-7.154848E-1,-5.148348E-1,-6.901172E-1,-2.86872E-1,2.3690784E-1,-7.326257E-2,-5.651616E-1,-2.890815E-1,-4.7732475E-1,-3.213446E-1,1.761299E-1,2.144248E-1,-2.0744684E-1,-3.0983813E-2,-3.6061E-1,-2.7525032E-1,1.5154815E-1,-6.3375875E-2,1.0414157E-1,-9.941131E-1,-4.966898E-2],"split_indices":[2,13,2,12,2,13,11,1,2,13,0,11,6,12,0,12,2,4,2,0,0,0,0,12,0,0,3,0,0,0,12,2,2,2,2,0,0,12,11,0,0,7,1,11,0,13,0,10,1,0,1,3,1,0,0,0,0,0,0,0,0,0,0,0,0,0,0,0,0,0,0,0,0,0,0,0,0,0,0,0,0,0,0],"split_type":[0,1,0,1,0,1,1,0,0,1,0,1,1,1,0,1,0,0,0,0,0,0,0,1,0,0,0,0,0,0,1,0,0,0,0,0,0,1,1,0,0,1,0,1,0,1,0,1,0,0,0,0,0,0,0,0,0,0,0,0,0,0,0,0,0,0,0,0,0,0,0,0,0,0,0,0,0,0,0,0,0,0,0],"sum_hessian":[9.094839E3,8.0990806E3,9.957577E2,7.8340483E3,2.6503247E2,6.0449536E2,3.9126236E2,1.8263102E3,6.0077383E3,2.6226648E2,2.7659936E0,5.758296E2,2.8665752E1,2.846459E2,1.0661648E2,1.6367139E3,1.8959628E2,1.9110502E1,5.9886274E3,2.3586382E2,2.6402666E1,1.7601777E0,1.0058159E0,4.1439615E2,1.6143344E2,1.5087237E0,2.7157028E1,2.78611E2,6.034895E0,1.0058159E0,1.05610664E2,1.3246595E3,3.1205438E2,5.1045155E1,1.3855113E2,1.0058159E0,1.8104685E1,5.328561E3,6.6006665E2,2.539685E1,1.0058159E0,4.0006326E2,1.4332876E1,1.6017618E2,1.2572699E0,2.6151213E1,1.0058159E0,1.1315429E1,2.6729556E2,1.0058159E0,5.0290794E0,5.330824E1,5.2302425E1,1.2763804E3,4.827916E1,1.7677214E2,1.3528223E2,2.589976E1,2.5145397E1,5.2302425E1,8.624871E1,2.851488E2,5.043412E3,4.184194E2,2.4164726E2,3.975487E2,2.5145397E0,1.0058159E0,1.332706E1,1.0183886E2,5.833732E1,1.7853231E1,8.297981E0,9.8067045E0,1.5087237E0,2.6478104E2,2.5145397E0,2.5145397E0,2.5145397E0,2.6151213E1,2.7157028E1,2.0116317E0,5.0290794E1],"tree_param":{"num_deleted":"0","num_feature":"14","num_nodes":"83","size_leaf_vector":"0"}},{"base_weights":[-1.7578237E0,-1.2954184E0,-8.781014E0,-1.4740939E0,2.9025884E0,-3.1401838E1,-1.0226291E0,-8.3510625E-1,-1.5269707E0,6.7304814E-1,5.9267006E0,-3.7383026E1,1.423472E0,-9.871914E0,3.7580252E2,-9.8972803E-1,-1.8530337E-2,-6.408355E0,-1.4996486E0,-6.9211775E-1,4.2210804E1,2.7992006E1,1.9523664E0,-3.435335E1,-4.910135E1,-1.0395875E0,3.7398536E0,-1.5988241E1,-1.2886949E0,-4.7051796E-1,-9.227448E-1,5.2409035E-1,-2.1232273E-1,1.2986118E-1,-6.758294E1,-1.1009005E0,-1.5421987E0,-4.8329893E-1,-1.0301725E0,1.52621565E1,1.3413846E0,3.7423008E1,1.1877803E1,2.2662014E1,4.0466044E-2,-2.8577882E-1,-3.4805874E1,2.0947343E-1,-2.7769284E0,4.59261E0,5.63464E-1,-9.837792E0,3.2988556E2,-1.0239366E-1,-2.9565427E-1,3.4135228E-1,8.341848E-2,-1.5633345E-1,4.455515E-2,-3.9706013E-1,8.4833217E-1,-2.980387E1,-2.5628543E-1,-4.4012293E-1,-2.5010282E-1,-3.2401311E0,-4.50709E-1,-3.7712875E-1,-1.3215956E-1,-1.4748377E-1,-3.8027205E0,3.8602795E1,-1.8878287E-1,5.899731E-1,8.796727E0,3.7846308E0,9.949372E0,1.49868E0,-2.0822901E-2,-1.0553795E1,-4.6964664E0,2.1587287E-1,-2.26441E0,-1.4726101E-1,3.3832043E-1,-1.4599336E1,-3.9182663E-1],"categories":[1,1,3,4,5,6,8,9,1,2,10,11,1,4,5,6,8,9,2,0,2,3,5,6,8,10,11,0,1,2,3,4,5,6,8,9,10,11,1,0,2,3,4,6,7,8,0,1,2,3,4,6,7,8,1],"categories_nodes":[2,3,13,16,18,19,21,25,41,42,43,51],"categories_segments":[0,1,8,9,12,18,19,27,38,39,46,54],"categories_sizes":[1,7,1,3,6,1,8,11,1,7,8,1],"default_left":[0,0,0,0,0,1,0,1,1,0,1,1,0,0,0,0,0,0,0,0,0,0,1,0,0,0,1,0,0,0,0,0,0,0,1,0,1,0,0,0,0,0,0,0,0,0,1,0,0,0,0,0,0,0,0,0,0,0,0,0,0,0,0,0,0,0,0,0,0,0,0,0,0,0,0,0,0,0,0,0,0,0,0,0,0,0,0],"id":1,"left_children":[1,3,5,7,9,11,13,15,17,19,21,23,25,27,-1,29,31,33,35,37,39,41,43,45,-1,47,49,-1,51,-1,53,55,57,59,61,63,65,67,69,-1,-1,71,73,75,77,-1,79,-1,81,-1,83,85,-1,-1,-1,-1,-1,-1,-1,-1,-1,-1,-1,-1,-1,-1,-1,-1,-1,-1,-1,-1,-1,-1,-1,-1,-1,-1,-1,-1,-1,-1,-1,-1,-1,-1,-1],