{"learner":{"attributes":{"best_ntree_limit":"2"},"feature_names":[],"feature_types":["q","q","q","q","q","q","c","c","c","c","c","c","c","c"],"gradient_booster":{"model":{"gbtree_model_param":{"num_parallel_tree":"1","num_trees":"2","size_leaf_vector":"0"},"tree_info":[0,0],"trees":[{"base_weights":[-1.9047906E0,-2.0494175E0,-7.3030776E-1,-2.1154017E0,-5.8084693E-2,-1.0240734E0,-2.0016582E-1,-1.7838266E0,-2.2174861E0,1.6931197E2,-1.9800954E0,-1.1063747E0,6.8447036E-1,-7.308234E-2,-5.405119E-1,-1.913071E0,-6.5882087E-1,-2.106124E1,-2.1817389E0,7.763209E1,-3.650887E-1,-1.2129126E1,-1.5712371E0,-9.1254276E-1,-1.585263E0,4.6009984E0,-7.259825E-1,-3.4927953E-2,-9.827858E-1,-1.7340927E-1,-4.4225645E0,-1.937655E0,-1.4464889E0,-1.614327E0,-1.7382488E-1,-3.340257E1,-6.3719916E-1,-2.2271464E0,-1.814241E0,-5.929632E-1,1.1273674E-1,-9.2570126E-1,4.8577857E-1,-3.2446E1,-1.0544131E0,-3.1584737E-1,6.661267E-1,-4.6006247E-2,9.180327E-1,-7.7626395E-1,-4.4635722E-1,2.0032285E-2,-6.9727206E-1,-5.6674844E-1,-6.551723E-1,7.792107E-3,-5.466267E-1,-6.383623E-1,-3.8551655E-1,-1.8225797E-1,3.170217E-2,-5.388143E-1,-6.754895E-1,-4.8302227E-1,-6.495011E-1,-5.4166013E-1,1.3066993E1,-2.6971963E-1,-5.0875694E-1,2.635589E-1,-7.869701E-3,-1.4729211E1,-7.7806294E-2,-2.3894767E-1,-4.916814E-1,1.2483201E0,-3.2652014E-1,-1.6910499E-2,2.132958E-1,6.583493E-2,3.5311738E-1,2.767015E-2,-2.5605375E-1,-6.830059E-2,-2.2324245E0],"categories":[2,1,4,5,6,8,9,1,2,2,2,2,0,1,4,8,9,10,2,2,2,2,3,3,10,1,4,5,6,8,9,2,4,5,9,2],"categories_nodes":[1,3,4,5,6,11,13,22,26,27,29,31,32,37,38,41,44],"categories_segments":[0,1,7,9,10,11,12,18,19,20,21,22,23,25,31,32,35],"categories_sizes":[1,6,2,1,1,1,6,1,1,1,1,1,2,6,1,3,1],"default_left":[1,0,0,0,0,0,0,1,1,1,1,0,1,0,0,1,0,1,0,0,0,0,0,1,1,0,0,0,1,0,0,0,0,0,0,0,0,0,0,0,0,0,0,1,0,0,1,1,0,0,0,0,0,0,0,0,0,0,0,0,0,0,0,0,0,0,0,0,0,0,0,0,0,0,0,0,0,0,0,0,0,0,0,0,0],"id":0,"left_children":[1,3,5,7,9,11,13,15,17,19,21,23,25,27,29,31,33,35,37,-1,-1,-1,39,41,43,-1,45,47,49,51,-1,53,55,57,59,-1,-1,61,63,-1,65,67,69,71,73,-1,75,77,79,-1,81,-1,83,-1,-1,-1,-1,-1,-1,-1,-1,-1,-1,-1,-1,-1,-1,-1,-1,-1,-1,-1,-1,-1,-1,-1,-1,-1,-1,-1,-1,-1,-1,-1,-1],"loss_changes":[1.6705977E3,1.1514336E3,1.681206E2,2.831797E2,9.217234E4,9.85152E1,1.668248E1,2.8983252E2,4.320326E3,4.8783727E4,4.3372983E3,6.015564E1,6.841829E2,9.776535E0,5.446133E2,1.7788574E1,9.602757E1,2.054879E4,1.039375E2,0E0,0E0,0E0,1.8998749E2,9.185638E0,3.0761743E3,0E0,1.4652805E1,2.917143E0,8.607899E0,1.3046928E1,0E0,1.6203613E1,5.1922836E1,9.076965E0,1.6910267E1,0E0,0E0,5.670117E1,4.786035E1,0E0,4.652402E3,8.131195E0,1.0450023E0,1.6900247E3,2.6990067E1,0E0,4.4035244E1,2.1590648E0,3.165884E-1,0E0,2.207656E0,0E0,1.014497E2,0E0,0E0,0E0,0E0,0E0,0E0,0E0,0E0,0E0,0E0,0E0,0E0,0E0,0E0,0E0,0E0,0E0,0E0,0E0,0E0,0E0,0E0,0E0,0E0,0E0,0E0,0E0,0E0,0E0,0E0,0E0,0E0],"parents":[2147483647,0,0,1,1,2,2,3,3,4,4,5,5,6,6,7,7,8,8,9,9,10,10,11,11,12,12,13,13,14,14,15,15,16,16,17,17,18,18,22,22,23,23,24,24,26,26,27,27,28,28,29,29,31,31,32,32,33,33,34,34,37,37,38,38,40,40,41,41,42,42,43,43,44,44,46,46,47,47,48,48,50,50,52,52],"right_children":[2,4,6,8,10,12,14,16,18,20,22,24,26,28,30,32,34,36,38,-1,-1,-1,40,42,44,-1,46,48,50,52,-1,54,56,58,60,-1,-1,62,64,-1,66,68,70,72,74,-1,76,78,80,-1,82,-1,84,-1,-1,-1,-1,-1,-1,-1,-1,-1,-1,-1,-1,-1,-1,-1,-1,-1,-1,-1,-1,-1,-1,-1,-1,-1,-1,-1,-1,-1,-1,-1,-1],"split_conditions":[5.23E2,NaN,8.29E2,NaN,NaN,NaN,NaN,1E1,3.5E1,1.2E1,1.39E2,NaN,2.98E2,NaN,2.73E2,2.84E2,1.3E2,7.929E3,3.64E2,7.763209E1,-3.650887E-1,-1.2129126E1,NaN,3.105E3,1.011E3,4.6009984E0,NaN,NaN,6.58E2,NaN,-4.4225645E0,NaN,NaN,7.9E1,2.09E2,-3.340257E1,-6.3719916E-1,NaN,NaN,-5.929632E-1,1.36E2,NaN,1.6E1,3.67E2,NaN,-3.1584737E-1,5E0,2E1,9E0,-7.7626395E-1,1.13E3,2.0032285E-2,1.1E1,-5.6674844E-1,-6.551723E-1,7.792107E-3,-5.466267E-1,-6.383623E-1,-3.8551655E-1,-1.8225797E-1,3.170217E-2,-5.388143E-1,-6.754895E-1,-4.8302227E-1,-6.495011E-1,-5.4166013E-1,1.3066993E1,-2.6971963E-1,-5.0875694E-1,2.635589E-1,-7.869701E-3,-1.4729211E1,-7.7806294E-2,-2.3894767E-1,-4.916814E-1,1.2483201E0,-3.2652014E-1,-1.6910499E-2,2.132958E-1,6.583493E-2,3.5311738E-1,2.767015E-2,-2.5605375E-1,-6.830059E-2,-2.2324245E0],"split_indices":[2,13,2,12,6,13,11,1,2,3,2,11,4,6,0,2,2,0,2,0,0,0,13,0,0,0,13,7,0,11,0,12,12,2,2,0,0,12,11,0,0,12,1,4,11,0,5,1,1,0,2,0,1,0,0,0,0,0,0,0,0,0,0,0,0,0,0,0,0,0,0,0,0,0,0,0,0,0,0,0,0,0,0,0,0],"split_type":[0,1,0,1,1,1,1,0,0,0,0,1,0,1,0,0,0,0,0,0,0,0,1,0,0,0,1,1,0,1,0,1,1,0,0,0,0,1,1,0,0,1,0,0,1,0,0,0,0,0,0,0,0,0,0,0,0,0,0,0,0,0,0,0,0,0,0,0,0,0,0,0,0,0,0,0,0,0,0,0,0,0,0,0,0],"sum_hessian":[9.842824E3,8.762996E3,1.0798289E3,8.481881E3,2.8111472E2,6.9421454E2,3.8561426E2,2.0010033E3,6.480878E3,2.1770742E0,2.7893762E2,6.62647E2,3.1567575E1,2.8165897E2,1.0395529E2,1.7941813E3,2.0682205E2,1.1157505E1,6.46972E3,1.0885371E0,1.0885371E0,1.9049399E0,2.7703268E2,4.7378577E2,1.8886119E2,1.9049399E0,2.9662636E1,2.7131787E2,1.0341103E1,1.0232249E2,1.6328056E0,1.7013834E3,9.279779E1,6.884997E1,1.3797208E2,1.0885371E0,1.0068968E1,5.753735E3,7.159853E2,2.231501E2,5.3882587E1,4.6970377E2,4.082014E0,2.1770742E0,1.8668411E2,2.421995E1,5.4426856E0,2.691408E2,2.1770742E0,1.6328056E0,8.708297E0,7.075491E1,3.1567575E1,1.428705E3,2.7267853E2,1.9049398E1,7.374839E1,2.476422E1,4.408575E1,5.361045E1,8.4361626E1,3.1322656E2,5.4405083E3,4.5609705E2,2.5988824E2,5.2521915E1,1.3606714E0,4.5609705E2,1.3606713E1,1.9049399E0,2.1770742E0,1.0885371E0,1.0885371E0,1.3116872E2,5.5515392E1,1.3606714E0,4.082014E0,2.6641946E2,2.7213428E0,1.0885371E0,1.0885371E0,4.082014E0,4.6262827E0,3.0479038E1,1.0885371E0],"tree_param":{"num_deleted":"0","num_feature":"14","num_nodes":"85","size_leaf_vector":"0"}},{"base_weights":[-1.5425732E0,-1.1658261E0,-8.170009E0,-1.3612947E0,3.3186214E0,-3.518868E1,-8.551468E-1,-7.748448E-1,-1.410915E0,9.245921E0,6.671244E-1,-3.995316E0,-3.94006E1,-8.065274E0,3.2566415E2,-9.3211406E-1,-3.479083E-2,-1.3893889E0,-2.054987E1,3.224383E1,4.5394077E0,-5.408217E-1,1.21453E1,1.6016735E-1,-7.801619E0,-4.5103546E1,-3.5742302E1,-1.3835574E1,-8.575187E-1,-4.5744547E-1,-8.851123E-1,4.8923874E-1,-2.2720486E-1,9.502698E-1,-1.4040502E0,1.3020849E1,4.235154E1,1.7470635E0,1.5682097E1,-3.0883554E-1,-1.0687798E0,8.039921E0,-2.3617895E-1,-5.796135E0,-1.3861611E0,-1.1369253E1,4.245646E0,2.3534827E2,-8.416429E0,-1.6213761E-1,-2.7771562E-1,2.6359388E-1,6.2256437E-2,-9.646915E-2,1.1989433E-1,2.617471E0,-4.5365027E-1,-4.3039718E-1,-3.1844965E-1,1.8771799E0,5.9961004E0,6.933165E0,2.4171103E1,-8.8550664E-2,9.8756605E-1,7.6025033E0,-1.7274586E-2,2.430029E-1,-9.773052E-2,-3.5399828E0,-9.566231E-2,3.3719132E0,-1.8699068E1,-9.0611273E-1,2.9867184E-1,-1.0952967E0,3.2811117E0,-1.2995517E1,-2.9374355E-1],"categories":[1,1,3,4,5,6,8,9,0,1,2,3,4,5,6,7,8,9,10,1,2,10,11,2,1,1,3,0,2,3,4,6,7,8,9,10,11,0,2,3,4,6,7,8,9,10,1,1],"categories_nodes":[2,3,11,13,16,21,22,32,33,35,36,38,48],"categories_segments":[0,1,8,19,20,23,24,25,26,27,37,46,47],"categories_sizes":[1,7,11,1,3,1,1,1,1,10,9,1,1],"default_left":[0,0,0,0,1,0,0,1,0,1,0,0,0,0,0,0,0,0,0,0,0,0,0,0,1,0,1,0,1,0,0,0,0,0,0,0,0,0,0,0,1,0,0,0,0,0,0,0,0,0,0,0,0,0,0,0,0,0,0,0,0,0,0,0,0,0,0,0,0,0,0,0,0,0,0,0,0,0,0],"id":1,"left_children":[1,3,5,7,9,11,13,15,17,19,21,23,25,27,-1,29,31,33,-1,35,37,39,41,-1,43,-1,45,-1,47,-1,49,51,53,55,57,59,61,63,65,67,69,-1,71,-1,73,-1,75,-1,77,-1,-1,-1,-1,-1,-1,-1,-1,-1,-1,-1,-1,-1,-1,-1,-1,-1,-1,-1,-1,-1,-1,-1,-1,-1,-1,-1,-1,-1,-1],