{"learner":{"attributes":{"best_ntree_limit":"2"},"feature_names":[],"feature_types":["q","q","q","q","q","q","c","c","c","c","c","c","c","c"],"gradient_booster":{"model":{"gbtree_model_param":{"num_parallel_tree":"1","num_trees":"2","size_leaf_vector":"0"},"tree_info":[0,0],"trees":[{"base_weights":[-1.9061474E0,-2.0534286E0,-7.094627E-1,-2.1199229E0,-6.0523026E-2,-1.0238924E0,-2.2068053E-1,-1.7958503E0,-2.2184503E0,6.542477E1,-1.8821653E0,-1.1026381E0,6.363169E-1,-9.117479E-2,-5.73661E-1,-1.9256284E0,-6.7496663E-1,-1.3148443E1,-2.1833735E0,-2.179236E0,-5.276477E-1,-9.281449E-1,-1.5424348E0,4.374875E0,-3.7946168E-1,-6.835385E-2,-1.2619773E0,-7.4037046E0,-1.2135313E-1,-1.8674946E0,-2.1687999E0,-1.7227346E0,-2.8549114E-1,-3.28282E1,-6.4954656E-1,-2.2403796E0,-1.9096756E0,-2.2111475E0,-5.838293E-1,-1.68861E0,2.2267285E-1,-8.992198E-1,-1.6129179E0,-8.927928E0,-1.0649333E0,-2.6777872E-1,7.033706E-1,-5.4845724E-2,-5.6092477E-1,-7.764975E-1,-1.4748466E-1,1.3568899E-1,-3.6194974E-1,-5.7297134E-1,-7.9141065E-2,-6.5574914E-1,-4.0403736E-1,-6.347601E-1,-3.782873E-1,-1.8323998E-1,6.580181E-4,-5.464117E-1,-6.7871904E-1,-5.172429E-1,-6.6724616E-1,-6.707821E-1,-1.8091705E-1,-3.056603E-1,2.0927988E-1,-5.542322E-1,-2.1584761E-1,2.3868018E-1,-5.2417856E-2,-2.7286723E-1,1.9814683E-1,-5.4435307E-1,-1.4974567E-1,-2.4218723E-1,-5.10712E-1,1.5025803E0,-2.797258E-1,1.888847E-1,-2.1675544E-2,4.4756405E-2,-5.628669E-1,1.3507764E-1,-2.0676303E-1,9.894746E-2,-8.354351E-2,-1.2271323E0,-6.594344E-2],"categories":[2,1,4,5,6,8,9,2,2,2,1,8,3,3,5,9,2,1,4,10,2,3,4,5,6,9,11,1,4,5,6,8,9,2,2,2,2,2,1,6,2],"categories_nodes":[1,3,5,6,11,13,15,21,24,25,28,35,36,38,39,41,44,46,51],"categories_segments":[0,1,7,8,9,10,12,13,16,17,20,27,33,34,35,36,37,38,40],"categories_sizes":[1,6,1,1,1,2,1,3,1,3,7,6,1,1,1,1,1,2,1],"default_left":[1,0,0,0,1,0,0,1,1,0,0,0,1,0,1,0,0,1,0,0,0,0,1,0,0,0,1,0,0,1,0,0,0,0,0,0,0,0,0,0,0,0,1,0,0,0,0,0,0,0,0,0,1,0,0,0,0,0,0,0,0,0,0,0,0,0,0,0,0,0,0,0,0,0,0,0,0,0,0,0,0,0,0,0,0,0,0,0,0,0,0],"id":0,"left_children":[1,3,5,7,9,11,13,15,17,-1,19,21,23,25,27,29,31,33,35,37,39,41,43,-1,45,47,49,-1,51,53,55,57,59,-1,-1,61,63,65,67,69,71,73,75,-1,77,-1,79,81,83,-1,85,87,89,-1,-1,-1,-1,-1,-1,-1,-1,-1,-1,-1,-1,-1,-1,-1,-1,-1,-1,-1,-1,-1,-1,-1,-1,-1,-1,-1,-1,-1,-1,-1,-1,-1,-1,-1,-1,-1,-1],"loss_changes":[1.7335078E3,1.1613164E3,1.6580042E2,2.6683203E2,1.1327381E5,8.6609314E1,1.9337725E1,2.8711377E2,2.4632695E3,0E0,1.1258862E2,4.6741028E1,4.360655E2,8.23679E0,1.236284E3,2.1062012E1,8.4094086E1,2.1540025E4,9.683008E1,1.0494995E1,4.5813347E1,7.5009766E0,2.350462E3,0E0,1.6909115E1,2.0093083E0,8.337329E0,0E0,7.0111437E0,9.749219E1,1.767334E0,7.492935E0,1.4255155E1,0E0,0E0,4.5302734E1,6.173584E1,7.685913E0,3.9989567E0,1.8406715E0,7.554028E0,7.628601E0,2.92379E0,0E0,2.73488E1,0E0,7.495682E1,3.6140451E0,7.822502E0,0E0,1.6915824E0,4.526549E0,3.0061386E1,0E0,0E0,0E0,0E0,0E0,0E0,0E0,0E0,0E0,0E0,0E0,0E0,0E0,0E0,0E0,0E0,0E0,0E0,0E0,0E0,0E0,0E0,0E0,0E0,0E0,0E0,0E0,0E0,0E0,0E0,0E0,0E0,0E0,0E0,0E0,0E0,0E0,0E0],"parents":[2147483647,0,0,1,1,2,2,3,3,4,4,5,5,6,6,7,7,8,8,10,10,11,11,12,12,13,13,14,14,15,15,16,16,17,17,18,18,19,19,20,20,21,21,22,22,24,24,25,25,26,26,28,28,29,29,30,30,31,31,32,32,35,35,36,36,37,37,38,38,39,39,40,40,41,41,42,42,44,44,46,46,47,47,48,48,50,50,51,51,52,52],"right_children":[2,4,6,8,10,12,14,16,18,-1,20,22,24,26,28,30,32,34,36,38,40,42,44,-1,46,48,50,-1,52,54,56,58,60,-1,-1,62,64,66,68,70,72,74,76,-1,78,-1,80,82,84,-1,86,88,90,-1,-1,-1,-1,-1,-1,-1,-1,-1,-1,-1,-1,-1,-1,-1,-1,-1,-1,-1,-1,-1,-1,-1,-1,-1,-1,-1,-1,-1,-1,-1,-1,-1,-1,-1,-1,-1,-1],"split_conditions":[5.23E2,NaN,8.01E2,NaN,3.37E2,NaN,NaN,1E1,3.5E1,6.542477E1,3.75E2,NaN,1.547E3,NaN,1.435E3,NaN,1.09E2,2.78E2,3.14E2,2.2E1,1.83E2,NaN,1.092E3,4.374875E0,NaN,NaN,8.28E2,-7.4037046E0,NaN,1.74E2,4.7E2,7.9E1,2.09E2,-3.28282E1,-6.4954656E-1,NaN,NaN,4.77E2,NaN,NaN,2E0,NaN,2.8E1,-8.927928E0,NaN,-2.6777872E-1,NaN,4.903E3,1.13E3,-7.764975E-1,2.147E3,NaN,5E0,-5.7297134E-1,-7.9141065E-2,-6.5574914E-1,-4.0403736E-1,-6.347601E-1,-3.782873E-1,-1.8323998E-1,6.580181E-4,-5.464117E-1,-6.7871904E-1,-5.172429E-1,-6.6724616E-1,-6.707821E-1,-1.8091705E-1,-3.056603E-1,2.0927988E-1,-5.542322E-1,-2.1584761E-1,2.3868018E-1,-5.2417856E-2,-2.7286723E-1,1.9814683E-1,-5.4435307E-1,-1.4974567E-1,-2.4218723E-1,-5.10712E-1,1.5025803E0,-2.797258E-1,1.888847E-1,-2.1675544E-2,4.4756405E-2,-5.628669E-1,1.3507764E-1,-2.0676303E-1,9.894746E-2,-8.354351E-2,-1.2271323E0,-6.594344E-2],"split_indices":[2,13,2,12,4,13,11,1,2,0,4,11,0,12,0,12,2,4,2,1,2,12,0,0,13,6,0,0,12,2,2,2,2,0,0,12,11,2,13,13,5,7,1,0,11,0,6,0,2,0,0,11,1,0,0,0,0,0,0,0,0,0,0,0,0,0,0,0,0,0,0,0,0,0,0,0,0,0,0,0,0,0,0,0,0,0,0,0,0,0,0],"split_type":[0,1,0,1,0,1,1,0,0,0,0,1,0,1,0,1,0,0,0,0,0,1,0,0,1,1,0,0,1,0,0,0,0,0,0,1,1,0,1,1,0,1,0,0,1,0,1,0,0,0,0,1,0,0,0,0,0,0,0,0,0,0,0,0,0,0,0,0,0,0,0,0,0,0,0,0,0,0,0,0,0,0,0,0,0,0,0,0,0,0,0],"sum_hessian":[9.842824E3,8.76354E3,1.0792845E3,8.4805205E3,2.8301965E2,6.561157E2,4.231688E2,1.9816818E3,6.4988384E3,1.3606714E0,2.8165897E2,6.267252E2,2.9390501E1,3.1050522E2,1.1266359E2,1.775404E3,2.0627779E2,1.9593668E1,6.479245E3,2.3049773E2,5.1161243E1,4.5092648E2,1.7579874E2,1.0885371E0,2.8301964E1,3.0560678E2,4.898417E0,1.0885371E0,1.1157505E2,1.4398624E3,3.3554156E2,5.4971123E1,1.5130666E2,1.0885371E0,1.850513E1,5.356419E3,1.122826E3,2.2559932E2,4.898417E0,1.9593668E1,3.1567575E1,4.3487057E2,1.6055922E1,1.9049399E0,1.738938E2,1.9321533E1,8.980431E0,2.985313E2,7.075491E0,1.6328056E0,3.2656112E0,5.415472E1,5.742033E1,1.4025801E3,3.7282394E1,3.271054E2,8.436163E0,2.7757696E1,2.7213427E1,7.048278E1,8.082388E1,2.7159E2,5.084829E3,7.1027045E2,4.1255557E2,2.2178943E2,3.8098798E0,3.8098798E0,1.0885371E0,1.6055922E1,3.5377455E0,1.2518177E1,1.9049398E1,4.3242136E2,2.4492085E0,1.3062445E1,2.993477E0,1.254539E2,4.84399E1,1.9049399E0,7.075491E0,6.5312223E0,2.9200006E2,5.1705513E0,1.9049399E0,1.6328056E0,1.6328056E0,3.701026E1,1.7144459E1,1.0885371E0,5.6331795E1],"tree_param":{"num_deleted":"0","num_feature":"14","num_nodes":"91","size_leaf_vector":"0"}},{"base_weights":[-1.5365756E0,-1.1761509E0,-5.422487E0,-1.3634562E0,3.105335E0,-1.0961396E1,-1.2154684E0,1.0657117E0,-1.3786266E0,3.8222725E1,-1.0001652E-1,-8.4133194E1,-8.5194993E-1,-1.3062208E0,4.3920417E0,1.3987227E1,-1.5120631E0,-7.726275E-1,-1.4275962E0,1.3485036E2,-7.327609E-1,-4.8685545E-1,5.9750915E-1,-4.1636948E1,1.192647E0,-1.1060833E1,3.5686755E2,-1.2613991E0,-5.367968E0,4.0779767E0,-1.7138511E-1,-1.6461693E0,-6.249737E-1,-9.0937954E-1,-1.0803842E-1,-1.4318657E1,-1.3956949E0,2.89392E1,-1.00880455E2,-2.5289005E-1,-1.0775987E0,6.5348186E0,1.7553017E-2,-2.8166175E0,3.5783873E0,-9.707672E1,-9.9200356E-1,-1.4305389E0,-4.1197944E-1,-2.7972786E0,6.665575E-1,-5.7757694E-1,2.1852827E-1,-4.5653597E-1,-8.9099294E-1,-3.4860864E-1,3.6267948E-1,-4.1938946E-1,-2.6071873E-1,1.1130572E-1,-8.570452E-2,-3.0082518E1,-4.3140796E-1,-2.6798344E-1,-4.264701E-1,3.8615158E0,1.0881059E1,-4.010846E-1,-6.7285866E-2,-4.9873123E0,-6.548311E-2,1.630503E-1,-5.197393E-2,-2.378628E0,-6.1210252E-2,4.301445E0,1.8828094E-1,3.6124796E2,-3.3522458E0,-4.3707952E-1,-1.5595111E-1,-4.0275213E-1,1.1216489E-1,7.01895E-2,-3.9509752E-1],"categories":[1,3,10,11,1,3,4,5,6,8,9,1,2,1,1,1,2,10,11,1,3,4,5,6,8,9,4,5,6,8,9,2,1],"categories_nodes":[5,7,8,9,21,25,28,32,34,36,42,47,51],"categories_segments":[0,1,4,11,12,13,14,15,16,19,26,31,32],"categories_sizes":[1,3,7,1,1,1,1,1,3,7,5,1,1],"default_left":[0,0,0,0,1,0,0,0,0,0,0,1,0,0,1,0,1,1,1,0,0,0,0,0,0,0,0,0,0,0,0,0,0,0,0,1,0,0,0,0,1,0,0,1,1,0,1,0,0,0,0,0,0,0,0,0,0,0,0,0,0,0,0,0,0,0,0,0,0,0,0,0,0,0,0,0,0,0,0,0,0,0,0,0,0],"id":1,"left_children":[1,3,5,7,9,11,13,15,17,19,21,23,25,27,29,-1,31,33,35,-1,37,39,41,-1,43,45,-1,47,49,-1,51,53,55,57,59,61,63,65,-1,67,69,-1,71,73,75,-1,77,79,81,-1,-1,83,-1,-1,-1,-1,-1,-1,-1,-1,-1,-1,-1,-1,-1,-1,-1,-1,-1,-1,-1,-1,-1,-1,-1,-1,-1,-1,-1,-1,-1,-1,-1,-1,-1],