{"learner":{"attributes":{"best_ntree_limit":"7"},"feature_names":[],"feature_types":["q","q","q","q","q","q","c","c","c","c","c","c","c","c"],"gradient_booster":{"model":{"gbtree_model_param":{"num_parallel_tree":"1","num_trees":"2","size_leaf_vector":"0"},"tree_info":[0,0],"trees":[{"base_weights":[-2.0100107E0,-2.1683478E0,-7.2127765E-1,-2.240493E0,-1.2250341E-2,-1.0510275E0,-2.104376E-1,-1.8873079E0,-2.3477087E0,7.919623E1,-2.0313196E0,-1.129996E0,6.726855E-1,-6.353037E-2,-6.2326676E-1,-2.033885E0,-6.485087E-1,-1.6250156E1,-2.3088307E0,-2.3145683E0,-5.224039E-1,-9.4930303E-1,-1.5949242E0,3.972193E0,-4.4888783E-1,-4.729117E-2,-1.2870581E0,-8.448907E0,-7.469285E-2,-2.0583386E0,-1.51686E0,-1.6667576E0,-1.2555511E-1,-3.507149E1,-6.757296E-1,-2.360865E0,-1.9387262E0,-7.107471E-1,-9.3595463E-1,-1.7561673E0,3.080521E-1,-9.64557E-1,2.5722218E-1,-1.1710469E1,-1.0547837E0,-9.627909E-1,4.5675555E-1,-3.5044577E-2,-1.1039042E0,-6.9095725E-1,2.258676E-1,2.2401877E-1,-2.0210727E-1,-6.018918E-1,-6.9500816E-1,9.235708E-2,-5.911982E-1,-6.668739E-1,-3.8484123E-1,-1.9085002E-1,4.8541717E-2,-5.65206E-1,-7.1611786E-1,-5.1477474E-1,-6.9491374E-1,1.5719534E0,-6.605419E-1,-7.326257E-2,-5.502893E-1,-1.2900087E-1,1.8785194E-1,-2.8065774E-1,-5.5673724E-1,3.3082482E-1,-2.3923376E-1,-2.4468651E-1,-4.866401E-1,-3.976464E-1,2.3690784E-1,2.955772E-1,-1.4701475E-1,-1.7738724E-2,1.5832984E-1,-8.2108796E-1,2.5088316E-1,-8.355544E-2,1.8613957E-1,-9.212989E-2,2.8317758E-1],"categories":[2,1,4,5,6,8,9,2,2,2,8,2,6,9,2,4,5,6,8,9,10,3,3,10,1,4,5,6,8,9,2,5,9,2,0,1,2,3,5,6,9],"categories_nodes":[1,3,5,6,11,13,19,25,28,29,30,35,36,41,44,46],"categories_segments":[0,1,7,8,9,10,11,12,14,21,22,24,30,31,33,34],"categories_sizes":[1,6,1,1,1,1,1,2,7,1,2,6,1,2,1,7],"default_left":[1,0,0,0,1,0,0,1,1,0,0,0,1,0,1,1,0,1,0,0,0,1,1,0,0,0,1,0,0,0,0,0,0,0,0,0,0,0,1,0,0,0,0,0,0,0,0,1,1,0,0,1,0,0,0,0,0,0,0,0,0,0,0,0,0,0,0,0,0,0,0,0,0,0,0,0,0,0,0,0,0,0,0,0,0,0,0,0,0],"id":0,"left_children":[1,3,5,7,9,11,13,15,17,-1,19,21,23,25,27,29,31,33,35,37,39,41,43,-1,45,47,49,-1,51,53,55,57,59,-1,-1,61,63,-1,65,67,69,71,73,-1,75,77,79,81,83,-1,-1,85,87,-1,-1,-1,-1,-1,-1,-1,-1,-1,-1,-1,-1,-1,-1,-1,-1,-1,-1,-1,-1,-1,-1,-1,-1,-1,-1,-1,-1,-1,-1,-1,-1,-1,-1,-1,-1],"loss_changes":[1.8544805E3,1.259957E3,1.6768219E2,2.9235938E2,1.4086614E5,8.317944E1,2.3750168E1,3.3103125E2,3.2100586E3,0E0,1.10880615E2,4.715619E1,3.8866397E2,5.7095914E0,1.5515437E3,1.7564453E1,1.0369284E2,2.3111174E4,1.1083594E2,1.4378052E1,4.43332E1,7.9718323E0,3.208098E3,0E0,1.2491136E1,3.6835775E0,9.54043E0,0E0,3.9210584E0,1.6316895E1,6.494133E1,1.1268967E1,1.91772E1,0E0,0E0,6.107422E1,5.8654053E1,0E0,9.0122765E1,1.6009445E0,6.4669924E0,8.992157E0,6.255818E0,0E0,2.0307877E1,1.1751597E1,5.5128956E0,3.8997316E0,1.2627696E1,0E0,0E0,6.3335724E0,8.942429E0,0E0,0E0,0E0,0E0,0E0,0E0,0E0,0E0,0E0,0E0,0E0,0E0,0E0,0E0,0E0,0E0,0E0,0E0,0E0,0E0,0E0,0E0,0E0,0E0,0E0,0E0,0E0,0E0,0E0,0E0,0E0,0E0,0E0,0E0,0E0,0E0],"parents":[2147483647,0,0,1,1,2,2,3,3,4,4,5,5,6,6,7,7,8,8,10,10,11,11,12,12,13,13,14,14,15,15,16,16,17,17,18,18,19,19,20,20,21,21,22,22,24,24,25,25,26,26,28,28,29,29,30,30,31,31,32,32,35,35,36,36,38,38,39,39,40,40,41,41,42,42,44,44,45,45,46,46,47,47,48,48,51,51,52,52],"right_children":[2,4,6,8,10,12,14,16,18,-1,20,22,24,26,28,30,32,34,36,38,40,42,44,-1,46,48,50,-1,52,54,56,58,60,-1,-1,62,64,-1,66,68,70,72,74,-1,76,78,80,82,84,-1,-1,86,88,-1,-1,-1,-1,-1,-1,-1,-1,-1,-1,-1,-1,-1,-1,-1,-1,-1,-1,-1,-1,-1,-1,-1,-1,-1,-1,-1,-1,-1,-1,-1,-1,-1,-1,-1,-1],"split_conditions":[5.23E2,NaN,7.96E2,NaN,3.34E2,NaN,NaN,1E1,3.5E1,7.919623E1,3.78E2,NaN,2.94E2,NaN,1.5E3,2.87E2,1.3E2,3.23E2,3.5E2,NaN,1.82E2,1.934E3,1.092E3,3.972193E0,6.47E2,NaN,2.1E1,-8.448907E0,NaN,NaN,NaN,7.9E1,2.01E2,-3.507149E1,-6.757296E-1,NaN,NaN,-7.107471E-1,4.44E3,6.5E1,2.52E2,NaN,1.6E1,-1.1710469E1,NaN,3.71E2,NaN,3.13E2,9E0,-6.9095725E-1,2.258676E-1,5E0,8.1E1,-6.018918E-1,-6.9500816E-1,9.235708E-2,-5.911982E-1,-6.668739E-1,-3.8484123E-1,-1.9085002E-1,4.8541717E-2,-5.65206E-1,-7.1611786E-1,-5.1477474E-1,-6.9491374E-1,1.5719534E0,-6.605419E-1,-7.326257E-2,-5.502893E-1,-1.2900087E-1,1.8785194E-1,-2.8065774E-1,-5.5673724E-1,3.3082482E-1,-2.3923376E-1,-2.4468651E-1,-4.866401E-1,-3.976464E-1,2.3690784E-1,2.955772E-1,-1.4701475E-1,-1.7738724E-2,1.5832984E-1,-8.2108796E-1,2.5088316E-1,-8.355544E-2,1.8613957E-1,-9.212989E-2,2.8317758E-1],"split_indices":[2,13,2,12,4,13,11,1,2,0,4,11,4,12,0,2,2,4,2,13,2,0,0,0,2,6,1,0,12,12,12,2,2,0,0,12,11,0,0,0,2,12,1,0,11,4,6,0,3,0,0,1,4,0,0,0,0,0,0,0,0,0,0,0,0,0,0,0,0,0,0,0,0,0,0,0,0,0,0,0,0,0,0,0,0,0,0,0,0],"split_type":[0,1,0,1,0,1,1,0,0,0,0,1,0,1,0,0,0,0,0,1,0,0,0,0,0,1,0,0,1,1,1,0,0,0,0,1,1,0,0,0,0,1,0,0,1,0,1,0,0,0,0,0,0,0,0,0,0,0,0,0,0,0,0,0,0,0,0,0,0,0,0,0,0,0,0,0,0,0,0,0,0,0,0,0,0,0,0,0,0],"sum_hessian":[9.094839E3,8.0990806E3,9.957577E2,7.8368145E3,2.6226648E2,6.0449536E2,3.9126236E2,1.8293276E3,6.007487E3,1.0058159E0,2.6126068E2,5.783441E2,2.6151213E1,2.8942352E2,1.0183886E2,1.6352052E3,1.9412247E2,1.5590146E1,5.9918965E3,2.1951932E2,4.174136E1,4.1867087E2,1.5967326E2,1.2572699E0,2.4893942E1,2.8665753E2,2.7659936E0,1.0058159E0,1.0083304E2,1.5585117E3,7.669346E1,6.512658E1,1.2899588E2,1.0058159E0,1.458433E1,5.2485986E3,7.432979E2,2.1046696E2,9.052342E0,1.6344507E1,2.539685E1,4.1364178E2,5.0290794E0,1.2572699E0,1.58416E2,1.5841599E1,9.052342E0,2.8439444E2,2.2630856E0,1.7601777E0,1.0058159E0,2.9923021E1,7.091002E1,1.3045432E3,2.539685E2,1.5338692E1,6.1354767E1,2.4642488E1,4.048409E1,4.6016075E1,8.2979805E1,2.7710226E2,4.9714966E3,4.7097327E2,2.7232465E2,1.0058159E0,8.046527E0,1.0058159E0,1.5338692E1,7.543619E0,1.7853231E1,4.025778E2,1.1063974E1,2.7659936E0,2.2630856E0,1.1315428E2,4.5261715E1,1.332706E1,2.5145397E0,5.783441E0,3.2689016E0,2.735819E2,1.0812521E1,1.0058159E0,1.2572699E0,1.332706E1,1.6595963E1,6.5629486E1,5.2805333E0],"tree_param":{"num_deleted":"0","num_feature":"14","num_nodes":"89","size_leaf_vector":"0"}},{"base_weights":[-1.7267609E0,-1.2891536E0,-7.495681E0,-1.4754105E0,3.0394082E0,-1.929932E1,-9.951971E-1,-8.139049E-1,-1.5309552E0,4.0225285E1,1.7873307E-1,-2.1682964E1,-1.246744E0,-8.733244E0,5.4273804E2,-9.8631334E-1,9.589857E-3,-1.5052454E0,-3.6925137E1,7.335053E1,2.5741922E1,1.5540085E1,-1.7812556E-1,-5.569386E1,-1.9485622E1,-3.960721E0,2.1434912E-1,-8.248088E0,-1.3483173E0,-3.449417E0,3.8235596E2,-4.5402354E-1,-9.277073E-1,4.6129245E-1,-1.6560362E-1,-1.5426601E0,-1.2030871E0,-2.1102274E1,-2.4000521E-1,5.5410385E1,-7.139808E-1,1.6123049E1,2.0146177E1,3.1799135E0,2.1316366E1,-5.728591E-1,5.154605E-1,-6.1170745E0,4.6643414E0,-8.895819E0,9.4776934E-1,-5.741041E-1,9.5839953E-1,-9.083275E0,1.781689E2,-1.6342646E0,3.9675053E-2,-2.9037917E-1,-8.3832644E-2,2.2331315E-1,-4.13011E-2,-9.056946E-2,1.5899184E-1,-3.1905822E-2,-4.6523008E-1,-3.0821872E-1,-4.5124206E-1,-2.6792662E1,1.8826824E1,2.9062538E0,6.9206395E0,1.6009403E0,-1.5596364E-1,8.07603E0,9.4915026E-1,-1.071089E-1,-3.2407817E-1,8.482124E0,-2.4912875E-2,4.292334E0,1.1976404E-1,-3.4879482E0,-1.2252767E0,4.5375174E-1,-1.0765774E-1,2.899587E-1,-3.1048366E-1,3.4994262E-1,2.9439805E-2,-8.326458E0,-4.3950063E-1],"categories":[1,1,3,4,5,6,8,9,0,2,3,4,5,6,7,9,10,11,1,0,1,2,3,4,5,6,8,9,10,11,1,0,1,2,4,6,7,8,9,0,1,2,3,4,6,7,8,9,10,11,1,2,2,0,1,2,3,4,5,6,7,9,1],"categories_nodes":[2,3,9,13,16,19,20,21,34,36,45,51,53],"categories_segments":[0,1,8,18,19,30,31,39,50,51,52,53,62],"categories_sizes":[1,7,10,1,11,1,8,11,1,1,1,9,1],"default_left":[0,0,0,0,0,1,0,1,0,0,1,0,0,0,0,0,0,0,1,0,0,0,0,0,1,0,0,0,0,0,0,0,1,0,0,0,0,0,0,0,1,0,0,1,1,0,0,0,1,0,0,0,1,0,0,0,0,0,0,0,0,0,0,0,0,0,0,0,0,0,0,0,0,0,0,0,0,0,0,0,0,0,0,0,0,0,0,0,0,0,0],"id":1,"left_children":[1,3,5,7,9,11,13,15,17,19,21,23,25,27,29,31,33,35,37,39,41,43,45,-1,47,49,51,-1,53,55,-1,-1,57,59,61,63,65,-1,-1,-1,67,69,-1,71,73,75,77,-1,79,81,83,85,87,89,-1,-1,-1,-1,-1,-1,-1,-1,-1,-1,-1,-1,-1,-1,-1,-1,-1,-1,-1,-1,-1,-1,-1,-1,-1,-1,-1,-1,-1,-1,-1,-1,-1,-1,-1,-1,-1],