{"learner":{"attributes":{"best_ntree_limit":"2"},"feature_names":[],"feature_types":["q","q","q","q","q","q","c","c","c","c","c","c","c","c"],"gradient_booster":{"model":{"gbtree_model_param":{"num_parallel_tree":"1","num_trees":"2","size_leaf_vector":"0"},"tree_info":[0,0],"trees":[{"base_weights":[-1.9063551E0,-2.073921E0,-8.1289136E-1,-2.1370983E0,-1.0026415E-1,-1.1113937E0,-1.882809E-1,-1.817255E0,-2.2340271E0,4.91111E1,-1.9031185E0,-1.1916908E0,6.0821426E-1,-6.172579E-2,-5.2958536E-1,-1.9420035E0,-7.120537E-1,-8.716196E0,-2.1979737E0,-2.1929467E0,-4.990967E-1,-1.0084622E0,-1.6373708E0,5.6044893E0,-6.417558E-1,-3.87955E-2,-1.0949116E0,-7.69102E0,-6.358925E-2,-1.8832333E0,-2.1826205E0,-1.5838614E0,-2.4906783E-1,-6.7975324E-1,-2.59588E1,-5.075419E-1,-2.227711E0,-2.2227268E0,-5.926348E-1,-1.869963E0,3.462263E-1,-1.021476E0,3.544612E-1,-1.9038677E1,-1.1015004E0,-2.783889E-1,5.533765E-1,-4.912513E-2,7.527338E-1,-7.7653617E-1,-1.05713695E-1,1.8281765E-2,-4.1534507E-1,-5.77496E-1,-7.96323E-2,-6.5632915E-1,-2.5309074E-1,-6.335451E-1,-3.545892E-1,-2.2100163E-1,-4.6182633E-3,-3.5329337E0,-6.568121E-1,-2.5528282E-1,-6.7198193E-1,5.17427E-2,-4.3469548E-1,-6.084112E-1,-3.057097E-1,1.6636643E-1,-1.7520055E-1,-3.0061162E-1,-5.0335085E-1,2.1297485E-1,-2.8873371E-2,-2.4381636E-1,-5.3068084E-1,-2.3911889E-1,1.2480671E0,-9.589805E-3,-1.8349278E-1,2.6327106E-1,6.560618E-2,2.3140712E-1,-1.9010551E-1,-5.669206E-1,8.443999E-2],"categories":[2,1,4,5,6,8,9,2,2,2,1,4,8,3,1,4,5,6,8,9,2,2,2,4,5,0,1,2,3,4,6,7,8,9,10,2,0,1,2,3,4,8],"categories_nodes":[1,3,5,6,11,13,15,18,24,28,39,41,42,44,50],"categories_segments":[0,1,7,8,9,10,13,14,20,21,22,23,25,35,36],"categories_sizes":[1,6,1,1,1,3,1,6,1,1,1,2,10,1,6],"default_left":[1,0,0,0,1,0,0,1,1,0,0,0,1,0,1,0,0,0,0,0,0,1,1,0,0,1,1,0,0,1,0,0,0,0,0,0,1,0,0,0,0,0,0,0,0,0,0,1,0,0,0,0,1,0,0,0,0,0,0,0,0,0,0,0,0,0,0,0,0,0,0,0,0,0,0,0,0,0,0,0,0,0,0,0,0,0,0],"id":0,"left_children":[1,3,5,7,9,11,13,15,17,-1,19,21,23,25,27,29,31,33,35,37,39,41,43,-1,45,47,49,-1,51,53,55,57,59,-1,-1,-1,61,63,65,67,69,71,73,-1,75,-1,77,79,81,-1,83,-1,85,-1,-1,-1,-1,-1,-1,-1,-1,-1,-1,-1,-1,-1,-1,-1,-1,-1,-1,-1,-1,-1,-1,-1,-1,-1,-1,-1,-1,-1,-1,-1,-1,-1,-1],"loss_changes":[1.8019727E3,1.0640352E3,2.4398004E2,2.5233594E2,7.8802234E4,1.2306067E2,1.831229E1,2.6454492E2,1.463125E3,0E0,1.0628552E2,6.7499146E1,9.198705E2,7.3245764E0,1.3409504E3,2.0390625E1,7.9205826E1,1.7243045E4,9.119141E1,9.0928955E0,5.4470703E1,1.1051758E1,8.0504385E3,0E0,1.3701297E1,2.5327334E0,9.646897E0,0E0,5.004186E0,9.404053E1,4.5324707E-1,1.19785E1,1.4799937E1,0E0,0E0,0E0,2.1543945E3,3.1489258E0,3.7579653E0,3.3737564E-1,6.0551147E0,5.9383545E0,1.1004797E0,0E0,4.559433E1,0E0,4.265029E1,2.8978825E0,7.432556E-2,0E0,2.8421166E0,0E0,3.1195091E1,0E0,0E0,0E0,0E0,0E0,0E0,0E0,0E0,0E0,0E0,0E0,0E0,0E0,0E0,0E0,0E0,0E0,0E0,0E0,0E0,0E0,0E0,0E0,0E0,0E0,0E0,0E0,0E0,0E0,0E0,0E0,0E0,0E0,0E0],"parents":[2147483647,0,0,1,1,2,2,3,3,4,4,5,5,6,6,7,7,8,8,10,10,11,11,12,12,13,13,14,14,15,15,16,16,17,17,18,18,19,19,20,20,21,21,22,22,24,24,25,25,26,26,28,28,29,29,30,30,31,31,32,32,36,36,37,37,38,38,39,39,40,40,41,41,42,42,44,44,46,46,47,47,48,48,50,50,52,52],"right_children":[2,4,6,8,10,12,14,16,18,-1,20,22,24,26,28,30,32,34,36,38,40,42,44,-1,46,48,50,-1,52,54,56,58,60,-1,-1,-1,62,64,66,68,70,72,74,-1,76,-1,78,80,82,-1,84,-1,86,-1,-1,-1,-1,-1,-1,-1,-1,-1,-1,-1,-1,-1,-1,-1,-1,-1,-1,-1,-1,-1,-1,-1,-1,-1,-1,-1,-1,-1,-1,-1,-1,-1,-1],"split_conditions":[4.72E2,NaN,8.01E2,NaN,3.38E2,NaN,NaN,1E1,3.6E1,4.91111E1,3.85E2,NaN,2.82E2,NaN,1.385E3,NaN,1.26E2,6E0,NaN,2.1E1,1.82E2,3.107E3,1.032E3,5.6044893E0,NaN,7E0,8.28E2,-7.69102E0,NaN,1.75E2,4.65E2,7.9E1,1.85E2,-6.7975324E-1,-2.59588E1,-5.075419E-1,5.8E1,4E0,4E0,NaN,4E0,NaN,NaN,-1.9038677E1,NaN,-2.783889E-1,5.07E2,1.133E3,2.294E3,-7.7653617E-1,NaN,1.8281765E-2,4E0,-5.77496E-1,-7.96323E-2,-6.5632915E-1,-2.5309074E-1,-6.335451E-1,-3.545892E-1,-2.2100163E-1,-4.6182633E-3,-3.5329337E0,-6.568121E-1,-2.5528282E-1,-6.7198193E-1,5.17427E-2,-4.3469548E-1,-6.084112E-1,-3.057097E-1,1.6636643E-1,-1.7520055E-1,-3.0061162E-1,-5.0335085E-1,2.1297485E-1,-2.8873371E-2,-2.4381636E-1,-5.3068084E-1,-2.3911889E-1,1.2480671E0,-9.589805E-3,-1.8349278E-1,2.6327106E-1,6.560618E-2,2.3140712E-1,-1.9010551E-1,-5.669206E-1,8.443999E-2],"split_indices":[2,13,2,12,4,13,11,1,2,0,4,11,4,12,0,12,2,1,12,1,2,0,0,0,13,3,0,0,11,2,2,2,2,0,0,0,2,1,5,13,5,12,6,0,11,0,2,2,0,0,12,0,3,0,0,0,0,0,0,0,0,0,0,0,0,0,0,0,0,0,0,0,0,0,0,0,0,0,0,0,0,0,0,0,0,0,0],"split_type":[0,1,0,1,0,1,1,0,0,0,0,1,0,1,0,1,0,0,1,0,0,0,0,0,1,0,0,0,1,0,0,0,0,0,0,0,0,0,0,1,0,1,1,0,1,0,0,0,0,0,1,0,0,0,0,0,0,0,0,0,0,0,0,0,0,0,0,0,0,0,0,0,0,0,0,0,0,0,0,0,0,0,0,0,0,0,0],"sum_hessian":[9.842824E3,8.534131E3,1.3086937E3,8.269344E3,2.6478665E2,8.8498065E2,4.2371307E2,1.9277992E3,6.341545E3,1.9049399E0,2.628817E2,8.4579333E2,3.9187336E1,3.0996094E2,1.1375213E2,1.7315903E3,1.9620882E2,3.374465E1,6.3078003E3,2.1743529E2,4.5446423E1,6.016889E2,2.4410445E2,1.6328056E0,3.755453E1,3.0424612E2,5.71482E0,1.0885371E0,1.1266359E2,1.3987701E3,3.3282022E2,6.721716E1,1.2899165E2,3.2111843E1,1.6328056E0,3.532303E2,5.95457E3,2.1308113E2,4.3541484E0,1.6872326E1,2.8574099E1,5.962462E2,5.4426856E0,1.0885371E0,2.430159E2,3.0479038E1,7.075491E0,3.0125266E2,2.993477E0,1.6328056E0,4.082014E0,8.381736E1,2.8846233E1,1.3633927E3,3.5377457E1,3.3091528E2,1.9049399E0,2.7213427E1,4.000374E1,4.1092274E1,8.789937E1,2.2587145E1,5.931983E3,3.2656112E0,2.0981552E2,2.7213428E0,1.6328056E0,1.3062445E1,3.8098798E0,2.3675682E1,4.898417E0,5.8155096E2,1.46952505E1,2.7213428E0,2.7213428E0,1.7117245E2,7.1843445E1,5.71482E0,1.3606714E0,2.9336075E2,7.891894E0,1.9049399E0,1.0885371E0,1.3606714E0,2.7213428E0,8.708297E0,2.0137936E1],"tree_param":{"num_deleted":"0","num_feature":"14","num_nodes":"87","size_leaf_vector":"0"}},{"base_weights":[-1.5172883E0,-1.1354408E0,-5.6824045E0,-1.3499572E0,3.022641E0,-1.1522005E1,-1.1379154E0,-9.255475E-2,-1.3837159E0,3.701675E1,4.222945E-3,-9.860303E1,-7.93451E-1,-1.2330451E0,5.225381E0,-1.1289427E0,1.5579058E0,-7.3508453E-1,-1.4377437E0,6.9751945E1,2.3824902E1,-4.6105614E-1,9.1530746E-1,-4.6954453E1,5.826918E-1,-1.1472242E1,4.05319E2,-1.4233495E0,-3.624679E-1,3.9246645E0,2.5194067E-1,-1.5179114E-1,-1.397217E0,1.0550575E1,3.3754948E-1,-8.8197917E-1,-4.5576483E-2,-9.160269E0,-1.4020555E0,6.402872E1,-3.7553683E-1,1.7453157E1,1.9914955E1,-2.073353E-1,-1.0719577E0,9.119984E0,3.110218E-1,-3.1231325E0,3.725318E0,-1.0360507E2,-9.2790604E-1,-1.4428942E0,-2.9221582E-1,-1.2627099E0,3.402423E-1,-2.405781E-1,2.6961252E-1,-3.249168E-1,4.9136883E-1,-2.9183105E-1,-4.6353784E-1,1.163578E1,-3.5959935E-1,1.842314E-1,-4.2004964E-1,2.7675682E-1,-2.6711562E-1,-3.7449338E-2,4.2332444E-1,-2.6705824E1,-4.3874E-1,-4.2526683E-1,1.9803539E-1,1.5020953E1,-3.869758E1,3.0690641E0,8.262639E0,-3.3997947E-1,-5.1204752E-2,-2.5026476E0,-6.663384E-2,1.7138055E-1,2.6281381E-2,4.394116E0,2.3798165E-1,-3.5022922E0,3.6838492E2,-4.3590572E-1,-1.3250352E-1,2.1027793E-1,-2.7011326E-1,-2.4324264E-1,-5.113335E-1,1.9035974E-1,-2.2047417E-2,1.4109466E-2,-1.2499165E-1],"categories":[1,1,3,4,5,6,8,9,0,2,3,4,5,6,7,9,10,11,2,3,6,7,10,11,1,0,1,2,6,7,8,10,2,1,2,3,7,10,11,10,11,0,2,3,7,10,11,0,3,4,6,9,10,11,6,7,10,11,0,2,4,7,8,9,10,11],"categories_nodes":[5,8,9,15,19,20,21,25,32,33,34,46,53,54],"categories_segments":[0,1,8,18,24,25,32,33,34,39,41,47,54,58],"categories_sizes":[1,7,10,6,1,7,1,1,5,2,6,7,4,8],"default_left":[0,0,0,0,1,0,0,0,0,0,0,1,0,0,1,0,0,1,1,0,0,0,0,0,0,0,0,0,0,0,0,0,0,0,0,0,0,1,0,0,0,0,0,0,1,0,0,0,1,0,0,0,0,0,0,0,0,0,0,0,0,0,0,0,0,0,0,0,0,0,0,0,0,0,0,0,0,0,0,0,0,0,0,0,0,0,0,0,0,0,0,0,0,0,0,0,0],"id":1,"left_children":[1,3,5,7,9,11,13,15,17,19,21,23,25,27,29,31,33,35,37,39,41,43,45,-1,47,49,-1,51,53,-1,55,57,59,61,63,65,67,69,71,-1,73,75,-1,77,79,-1,81,-1,83,-1,85,87,89,91,93,95,-1,-1,-1,-1,-1,-1,-1,-1,-1,-1,-1,-1,-1,-1,-1,-1,-1,-1,-1,-1,-1,-1,-1,-1,-1,-1,-1,-1,-1,-1,-1,-1,-1,-1,-1,-1,-1,-1,-1,-1,-1],