{"learner":{"attributes":{"best_ntree_limit":"2"},"feature_names":[],"feature_types":["q","q","q","q","q","q","c","c","c","c","c","c","c","c","c","c"],"gradient_booster":{"model":{"gbtree_model_param":{"num_parallel_tree":"1","num_trees":"2","size_leaf_vector":"0"},"tree_info":[0,0],"trees":[{"base_weights":[-2.1506948E0,-2.344728E0,-8.844293E-1,-2.4178848E0,-5.944889E-2,-1.2300031E0,-1.6126761E-1,-2.0474074E0,-2.5301137E0,5.3947617E1,-2.145906E0,-1.3229626E0,7.5675803E-1,-1.4818229E-2,-5.5615383E-1,-2.1918373E0,-7.6739603E-1,-9.992713E0,-2.4883645E0,-2.481062E0,-5.2057123E-1,-1.1107668E0,-1.8382866E0,6.132547E0,-6.8498474E-1,2.2999274E-2,-6.9615674E-1,-6.564432E0,-2.5078867E-2,-2.1237493E0,-2.4696403E0,-1.774E0,-2.317406E-1,-7.6695883E-1,-2.8348463E1,-5.7047653E-1,-2.522796E0,-2.5154908E0,-6.2170434E-1,-2.0932562E0,4.534213E-1,-1.1258309E0,4.475052E-1,-2.8772614E1,-1.2131743E0,-3.043378E-1,6.7735463E-1,6.115845E-1,7.2659943E-3,-1.5466555E0,5.7507974E-1,3.5086982E-2,-4.2379487E-1,-6.516267E-1,-7.5305186E-2,-7.489131E-1,-4.2521188E-1,-7.1320474E-1,-3.9246714E-1,-2.3837948E-1,1.1490475E-2,-4.047695E0,-7.4352074E-1,-2.7247164E-1,-7.606152E-1,6.943862E-2,-4.6490312E-1,-6.8104994E-1,-3.296765E-1,2.0768216E-1,-1.837989E-1,-3.3099708E-1,-5.612658E-1,-7.088228E-2,3.272388E-1,-1.849809E1,-2.382444E-1,-2.6041162E-1,-6.030797E-1,-2.563562E-1,1.3638095E0,3.6310506E-1,-7.088228E-2,-2.6735643E-1,5.0431425E-3,-1.5506166E-1,-6.9070673E-1,2.9968652E-1,-5.7989832E-2,-6.309313E-1,1.1317953E-1],"categories":[2,1,4,5,6,8,9,2,2,2,0,1,3,4,8,9,10,3,1,4,5,6,8,9,2,2,1,2,4,5,1,2,0,1,2,3,4,0,1,2,3,4,5,6,7,8],"categories_nodes":[1,3,5,6,11,13,15,18,24,28,30,39,41,42,44,47,50],"categories_segments":[0,1,7,8,9,10,17,18,24,25,26,27,28,30,31,32,37],"categories_sizes":[1,6,1,1,1,7,1,6,1,1,1,1,2,1,1,5,9],"default_left":[1,0,0,0,1,0,0,1,1,0,0,0,1,0,1,0,0,0,0,0,0,1,1,0,0,0,1,0,0,1,0,0,0,0,0,0,1,0,0,0,0,0,0,1,0,0,0,0,0,0,0,0,1,0,0,0,0,0,0,0,0,0,0,0,0,0,0,0,0,0,0,0,0,0,0,0,0,0,0,0,0,0,0,0,0,0,0,0,0,0,0],"id":0,"left_children":[1,3,5,7,9,11,13,15,17,-1,19,21,23,25,27,29,31,33,35,37,39,41,43,-1,45,47,49,-1,51,53,55,57,59,-1,-1,-1,61,63,65,67,69,71,73,75,77,-1,79,81,83,85,87,-1,89,-1,-1,-1,-1,-1,-1,-1,-1,-1,-1,-1,-1,-1,-1,-1,-1,-1,-1,-1,-1,-1,-1,-1,-1,-1,-1,-1,-1,-1,-1,-1,-1,-1,-1,-1,-1,-1,-1],"loss_changes":[2.0865625E3,1.2321211E3,2.8247827E2,2.9177344E2,8.658181E4,1.4233057E2,2.1209942E1,3.0627148E2,1.6816289E3,0E0,1.2291675E2,7.7935425E1,1.00280444E3,6.938682E0,1.1232809E3,2.3058105E1,9.1487686E1,1.869789E4,1.0527734E2,1.0520142E1,6.25967E1,1.2724243E1,3.5311382E3,0E0,1.5692637E1,2.3616657E0,1.6199257E1,0E0,5.589376E0,1.0889453E2,4.5759277E0,1.3483307E1,1.7113453E1,0E0,0E0,0E0,2.4711465E3,3.6125488E0,4.1273026E0,2.4419403E-1,6.962034E0,6.586975E0,2.765013E0,4.3309863E3,5.5487305E1,0E0,4.602146E1,3.65694E0,2.1576765E0,5.6232777E0,2.2792141E0,0E0,3.56488E1,0E0,0E0,0E0,0E0,0E0,0E0,0E0,0E0,0E0,0E0,0E0,0E0,0E0,0E0,0E0,0E0,0E0,0E0,0E0,0E0,0E0,0E0,0E0,0E0,0E0,0E0,0E0,0E0,0E0,0E0,0E0,0E0,0E0,0E0,0E0,0E0,0E0,0E0],"parents":[2147483647,0,0,1,1,2,2,3,3,4,4,5,5,6,6,7,7,8,8,10,10,11,11,12,12,13,13,14,14,15,15,16,16,17,17,18,18,19,19,20,20,21,21,22,22,24,24,25,25,26,26,28,28,29,29,30,30,31,31,32,32,36,36,37,37,38,38,39,39,40,40,41,41,42,42,43,43,44,44,46,46,47,47,48,48,49,49,50,50,52,52],"right_children":[2,4,6,8,10,12,14,16,18,-1,20,22,24,26,28,30,32,34,36,38,40,42,44,-1,46,48,50,-1,52,54,56,58,60,-1,-1,-1,62,64,66,68,70,72,74,76,78,-1,80,82,84,86,88,-1,90,-1,-1,-1,-1,-1,-1,-1,-1,-1,-1,-1,-1,-1,-1,-1,-1,-1,-1,-1,-1,-1,-1,-1,-1,-1,-1,-1,-1,-1,-1,-1,-1,-1,-1,-1,-1,-1,-1],"split_conditions":[4.72E2,NaN,8.01E2,NaN,3.38E2,NaN,NaN,1E1,3.6E1,5.3947617E1,3.85E2,NaN,2.82E2,NaN,1.406E3,NaN,1.26E2,6E0,NaN,2.1E1,1.82E2,3.107E3,1.052E3,6.132547E0,NaN,3.76E3,1.96E3,-6.564432E0,NaN,1.75E2,NaN,7.9E1,1.85E2,-7.6695883E-1,-2.8348463E1,-5.7047653E-1,5.8E1,4E0,4E0,NaN,4E0,NaN,NaN,3.45E2,NaN,-3.043378E-1,5.07E2,NaN,1.5341E4,1E1,NaN,3.5086982E-2,4E0,-6.516267E-1,-7.5305186E-2,-7.489131E-1,-4.2521188E-1,-7.1320474E-1,-3.9246714E-1,-2.3837948E-1,1.1490475E-2,-4.047695E0,-7.4352074E-1,-2.7247164E-1,-7.606152E-1,6.943862E-2,-4.6490312E-1,-6.8104994E-1,-3.296765E-1,2.0768216E-1,-1.837989E-1,-3.3099708E-1,-5.612658E-1,-7.088228E-2,3.272388E-1,-1.849809E1,-2.382444E-1,-2.6041162E-1,-6.030797E-1,-2.563562E-1,1.3638095E0,3.6310506E-1,-7.088228E-2,-2.6735643E-1,5.0431425E-3,-1.5506166E-1,-6.9070673E-1,2.9968652E-1,-5.7989832E-2,-6.309313E-1,1.1317953E-1],"split_indices":[2,15,2,14,4,15,13,1,2,0,4,13,4,14,0,14,2,1,14,1,2,0,0,0,15,0,0,0,13,2,6,2,2,0,0,0,2,1,5,15,5,14,6,4,13,0,2,7,0,1,14,0,3,0,0,0,0,0,0,0,0,0,0,0,0,0,0,0,0,0,0,0,0,0,0,0,0,0,0,0,0,0,0,0,0,0,0,0,0,0,0],"split_type":[0,1,0,1,0,1,1,0,0,0,0,1,0,1,0,1,0,0,1,0,0,0,0,0,1,0,0,0,1,0,1,0,0,0,0,0,0,0,0,1,0,1,1,0,1,0,0,1,0,0,1,0,0,0,0,0,0,0,0,0,0,0,0,0,0,0,0,0,0,0,0,0,0,0,0,0,0,0,0,0,0,0,0,0,0,0,0,0,0,0,0],"sum_hessian":[8.49985E3,7.3697163E3,1.1301328E3,7.1410576E3,2.2865862E2,7.6423206E2,3.659008E2,1.6647662E3,5.4762915E3,1.645026E0,2.2701358E2,7.3039154E2,3.3840534E1,2.6766922E2,9.823155E1,1.4953286E3,1.6943767E2,2.9140461E1,5.447151E3,1.8776796E2,3.924562E1,5.195932E2,2.1079832E2,1.4100223E0,3.243051E1,2.5450902E2,1.3160208E1,1.4100223E0,9.6821526E1,1.2079191E3,2.8740955E2,5.8045918E1,1.1139176E2,2.7730438E1,1.4100223E0,3.0503482E2,5.142116E3,1.840079E2,3.7600594E0,1.45702305E1,2.467539E1,5.148931E2,4.700074E0,3.7600594E0,2.0703827E2,2.6320415E1,6.1100965E0,5.640089E0,2.4886893E2,7.755122E0,5.4050856E0,7.191113E1,2.4910393E1,1.1773685E3,3.0550482E1,2.789494E2,8.460134E0,2.350037E1,3.4545544E1,3.548556E1,7.59062E1,1.9505308E1,5.122611E3,2.8200445E0,1.8118787E2,2.350037E0,1.4100223E0,1.1280178E1,3.290052E0,2.0445322E1,4.230067E0,5.0220294E2,1.2690201E1,2.5850408E0,2.1150334E0,1.1750185E0,2.5850408E0,1.459373E2,6.1100964E1,4.9350777E0,1.1750185E0,3.0550482E0,2.5850408E0,1.645026E0,2.472239E2,3.995063E0,3.7600594E0,3.290052E0,2.1150334E0,7.5201187E0,1.7390274E1],"tree_param":{"num_deleted":"0","num_feature":"16","num_nodes":"91","size_leaf_vector":"0"}},{"base_weights":[-1.7774715E0,-1.3729765E0,-6.16399E0,-1.5911614E0,3.0058563E0,-1.2430363E1,-1.3266174E0,-8.5225254E-1,-1.6540966E0,3.422441E1,3.8028218E-2,-1.0796078E2,-9.934812E-1,-1.4264203E0,5.1545963E0,-1.0280879E0,1.7005118E-3,-1.2779581E1,-1.6158618E0,9.0960144E1,-6.558931E-1,-4.745331E-1,9.7701263E-1,-5.176129E1,1.2068571E0,-1.2530012E1,3.225213E2,-1.6522028E0,-3.8507378E-1,3.6076767E0,3.0530435E-1,-5.092025E-1,-9.696443E-1,-1.0548181E-1,1.5563936E0,-4.931034E-1,-2.9403902E1,-1.6331532E0,2.8144607E-1,2.6780472E1,-9.064881E1,-1.7827666E-1,-1.1986789E0,7.6890073E0,3.8517016E-1,-2.7034562E0,3.949357E0,-1.1641886E2,-1.1362448E0,-1.6754615E0,-3.0191416E-1,-1.4439503E0,4.5340502E-1,1.9995442E-1,-2.9665817E-2,3.0669585E-1,-2.9389945E-1,1.3160753E-1,-9.697418E-2,6.991696E-1,-1.1517565E-2,-4.978641E-1,-2.4291258E-1,8.070135E0,-2.9476094E-1,8.4086174E1,-2.333036E-1,-4.1381937E-1,-3.9497603E-2,-4.743202E0,-5.1984426E-2,2.0346324E-1,4.239407E-2,4.251437E0,2.7265832E-1,-3.8239315E0,3.0511957E2,-1.5981793E-1,-5.0588316E-1,2.3897909E-1,-2.9493314E-1,-3.0388707E-1,-5.7097423E-1,2.3904201E-1,-1.0443542E-2],"categories":[1,3,4,5,6,8,9,1,1,2,1,2,10,11,1,1,1,0,3,4,6,8,9,10,11,6,10,11,0,2,4,7,8,9,10,11],"categories_nodes":[3,5,9,21,25,33,34,37,39,44,51,52],"categories_segments":[0,7,8,9,10,11,14,15,16,17,25,28],"categories_sizes":[7,1,1,1,1,3,1,1,1,8,3,8],"default_left":[0,0,0,0,1,0,0,1,1,0,0,1,0,0,1,0,0,0,0,0,0,0,0,0,0,0,0,0,0,0,0,0,0,0,0,0,0,0,0,0,0,0,1,0,0,0,1,0,0,0,0,0,0,0,0,0,0,0,0,0,0,0,0,0,0,0,0,0,0,0,0,0,0,0,0,0,0,0,0,0,0,0,0,0,0],"id":1,"left_children":[1,3,5,7,9,11,13,15,17,19,21,23,25,27,29,31,33,35,37,-1,39,41,43,-1,45,47,-1,49,51,-1,53,-1,55,57,59,-1,-1,61,63,65,-1,67,69,-1,71,-1,73,-1,75,77,79,81,83,-1,-1,-1,-1,-1,-1,-1,-1,-1,-1,-1,-1,-1,-1,-1,-1,-1,-1,-1,-1,-1,-1,-1,-1,-1,-1,-1,-1,-1,-1,-1,-1],