{"learner":{"attributes":{"best_ntree_limit":"2"},"feature_names":[],"feature_types":["q","q","q","q","q","q","c","c","c","c","c","c","c","c"],"gradient_booster":{"model":{"gbtree_model_param":{"num_parallel_tree":"1","num_trees":"2","size_leaf_vector":"0"},"tree_info":[0,0],"trees":[{"base_weights":[-1.9049801E0,-2.0485497E0,-7.364277E-1,-2.1174028E0,-1.3047759E-2,-1.0372262E0,-2.7034917E-1,-1.7856853E0,-2.2179525E0,-2.193422E0,1.5550612E2,-1.1201144E0,6.107941E-1,-1.5311135E-1,-5.793471E-1,-1.9116672E0,-6.941343E-1,-1.2788993E1,-2.182251E0,-6.8021524E-1,-1.4783671E0,-4.5936492E-1,8.984158E1,-9.504549E-1,-1.547739E0,5.2629046E0,-8.7618494E-1,-1.3244991E-1,-9.627388E-1,-6.828957E0,-1.7247291E-1,-1.8559183E0,-2.142141E0,-1.7423362E0,-2.9897028E-1,-3.340258E1,-6.519257E-1,-2.2250512E0,-1.834109E0,-6.653856E-1,2.7950041E0,-9.193993E-1,-1.7091066E0,-1.1573093E0,-8.918295E0,-5.489712E-1,-1.5142323E0,4.0805578E-1,-1.5665807E-1,-7.960261E-1,-2.6523623E-1,2.1917017E-2,-3.675421E-1,-5.723938E-1,-1.408727E-1,-6.750267E-1,-5.9603375E-1,-6.2470734E-1,-3.9921597E-1,-2.144222E-1,-1.25813335E-2,-5.257659E-1,-6.7543197E-1,-4.900773E-1,-6.5213E-1,-2.7940077E-1,2.132765E-1,-7.782003E-2,-5.3838164E-1,2.7539176E-1,-3.5666475E-1,-3.1173375E-1,1.5120864E-1,1.8645382E-1,-2.0654584E-1,-4.2899355E-2,-3.5103595E-1,-2.7041987E-1,1.3266043E-1,-7.254737E-2,8.264719E-2,-9.521528E-1,-6.0016047E-2],"categories":[2,1,4,5,6,8,9,2,2,2,2,1,6,7,1,8,9,3,3,4,5,9,2,3,4,5,6,9,1,4,5,6,8,9,2,2,2,1],"categories_nodes":[1,3,5,6,9,11,12,13,15,23,30,37,38,41,45,47],"categories_segments":[0,1,7,8,9,10,11,14,17,18,22,28,34,35,36,37],"categories_sizes":[1,6,1,1,1,1,3,3,1,4,6,6,1,1,1,1],"default_left":[1,0,0,0,0,0,0,1,1,0,0,0,0,0,1,0,0,1,0,0,0,0,0,0,0,0,0,0,1,0,0,1,0,0,0,0,0,0,0,0,0,0,0,0,0,0,0,0,1,0,0,1,1,0,0,0,0,0,0,0,0,0,0,0,0,0,0,0,0,0,0,0,0,0,0,0,0,0,0,0,0,0,0],"id":0,"left_children":[1,3,5,7,9,11,13,15,17,19,21,23,25,27,29,31,33,35,37,-1,39,-1,-1,41,43,-1,45,47,49,-1,51,53,55,57,59,-1,-1,61,63,-1,-1,65,67,69,-1,71,-1,73,75,-1,77,79,81,-1,-1,-1,-1,-1,-1,-1,-1,-1,-1,-1,-1,-1,-1,-1,-1,-1,-1,-1,-1,-1,-1,-1,-1,-1,-1,-1,-1,-1,-1],"loss_changes":[1.6499766E3,1.2285586E3,1.5094196E2,2.7885938E2,9.79412E4,9.018695E1,1.5287197E1,2.7061182E2,2.4262598E3,1.1712036E1,9.074311E4,4.3814148E1,8.2164923E2,5.0423937E0,1.046568E3,1.8796387E1,8.488506E1,2.2442594E4,9.250781E1,0E0,2.5677924E2,0E0,0E0,9.018494E0,1.8988079E3,0E0,3.8708862E1,4.0223546E0,8.177446E0,0E0,4.3800354E0,1.0264551E2,1.2102051E0,5.1006927E0,1.6101093E1,0E0,0E0,6.79707E1,4.5169678E1,0E0,0E0,9.107269E0,1.58107E0,1.2515259E1,0E0,1.5647037E1,0E0,3.5283308E0,3.8513255E0,0E0,3.2981045E0,3.9918492E0,2.6440256E1,0E0,0E0,0E0,0E0,0E0,0E0,0E0,0E0,0E0,0E0,0E0,0E0,0E0,0E0,0E0,0E0,0E0,0E0,0E0,0E0,0E0,0E0,0E0,0E0,0E0,0E0,0E0,0E0,0E0,0E0],"parents":[2147483647,0,0,1,1,2,2,3,3,4,4,5,5,6,6,7,7,8,8,9,9,10,10,11,11,12,12,13,13,14,14,15,15,16,16,17,17,18,18,20,20,23,23,24,24,26,26,27,27,28,28,30,30,31,31,32,32,33,33,34,34,37,37,38,38,41,41,42,42,43,43,45,45,47,47,48,48,50,50,51,51,52,52],"right_children":[2,4,6,8,10,12,14,16,18,20,22,24,26,28,30,32,34,36,38,-1,40,-1,-1,42,44,-1,46,48,50,-1,52,54,56,58,60,-1,-1,62,64,-1,-1,66,68,70,-1,72,-1,74,76,-1,78,80,82,-1,-1,-1,-1,-1,-1,-1,-1,-1,-1,-1,-1,-1,-1,-1,-1,-1,-1,-1,-1,-1,-1,-1,-1,-1,-1,-1,-1,-1,-1],"split_conditions":[5.23E2,NaN,8.01E2,NaN,1.03E2,NaN,NaN,1E1,3.6E1,NaN,-7.36E2,NaN,NaN,NaN,1.39E3,NaN,1.1E2,2.88E2,3.64E2,-6.8021524E-1,1.9E1,-4.5936492E-1,8.984158E1,NaN,3.13E2,5.2629046E0,3E0,3.659E3,8.3E2,-6.828957E0,NaN,1.32E2,1.77E2,7.9E1,1.85E2,-3.340258E1,-6.519257E-1,NaN,NaN,-6.653856E-1,2.7950041E0,NaN,6E0,2E0,-8.918295E0,NaN,-1.5142323E0,NaN,2E1,-7.960261E-1,1.9E1,2E0,7E0,-5.723938E-1,-1.408727E-1,-6.750267E-1,-5.9603375E-1,-6.2470734E-1,-3.9921597E-1,-2.144222E-1,-1.25813335E-2,-5.257659E-1,-6.7543197E-1,-4.900773E-1,-6.5213E-1,-2.7940077E-1,2.132765E-1,-7.782003E-2,-5.3838164E-1,2.7539176E-1,-3.5666475E-1,-3.1173375E-1,1.5120864E-1,1.8645382E-1,-2.0654584E-1,-4.2899355E-2,-3.5103595E-1,-2.7041987E-1,1.3266043E-1,-7.254737E-2,8.264719E-2,-9.521528E-1,-6.0016047E-2],"split_indices":[2,13,2,12,2,13,11,1,2,13,0,11,6,12,0,12,2,4,2,0,0,0,0,12,0,0,3,0,0,0,12,2,2,2,2,0,0,12,11,0,0,7,1,5,0,13,0,10,1,0,1,3,1,0,0,0,0,0,0,0,0,0,0,0,0,0,0,0,0,0,0,0,0,0,0,0,0,0,0,0,0,0,0],"split_type":[0,1,0,1,0,1,1,0,0,1,0,1,1,1,0,1,0,0,0,0,0,0,0,1,0,0,0,0,0,0,1,0,0,0,0,0,0,1,1,0,0,1,0,0,0,1,0,1,0,0,0,0,0,0,0,0,0,0,0,0,0,0,0,0,0,0,0,0,0,0,0,0,0,0,0,0,0,0,0,0,0,0,0],"sum_hessian":[9.842824E3,8.765173E3,1.0776517E3,8.478344E3,2.8682953E2,6.542108E2,4.2344092E2,1.9765112E3,6.501832E3,2.8383606E2,2.993477E0,6.231875E2,3.1023308E1,3.08056E2,1.1538493E2,1.771322E3,2.0518924E2,2.0682205E1,6.48115E3,2.5526195E2,2.8574099E1,1.9049399E0,1.0885371E0,4.484773E2,1.747102E2,1.6328056E0,2.9390501E1,3.0152478E2,6.5312223E0,1.0885371E0,1.14296394E2,1.4336034E3,3.3771863E2,5.524326E1,1.4994598E2,1.0885371E0,1.9593668E1,5.7667974E3,7.143525E2,2.7485561E1,1.0885371E0,4.3296564E2,1.5511654E1,1.7334953E2,1.3606714E0,2.8301964E1,1.0885371E0,1.2246042E1,2.8927875E2,1.0885371E0,5.4426856E0,5.7692467E1,5.6603928E1,1.3813535E3,5.224978E1,1.913104E2,1.4640823E2,2.802983E1,2.7213427E1,5.6603928E1,9.334206E1,3.0860028E2,5.4581973E3,4.5283142E2,2.6152103E2,4.302443E2,2.7213428E0,1.0885371E0,1.4423117E1,2.1770742E0,1.7117245E2,1.9321533E1,8.980431E0,1.0613236E1,1.6328056E0,2.865574E2,2.7213428E0,2.7213428E0,2.7213428E0,2.8301964E1,2.9390501E1,2.1770742E0,5.4426853E1],"tree_param":{"num_deleted":"0","num_feature":"14","num_nodes":"83","size_leaf_vector":"0"}},{"base_weights":[-1.6328347E0,-1.1852455E0,-8.376246E0,-1.3600763E0,2.9369438E0,-2.9300545E1,-9.4216657E-1,1.0432477E0,-1.3757312E0,6.1805195E-1,6.0548606E0,-3.4688545E1,1.2282637E0,-9.339504E0,3.4606796E2,1.4433682E1,-1.5038234E0,-7.669084E-1,-1.425136E0,-7.522435E-1,4.135258E1,2.832396E1,2.0107014E0,-3.1660696E1,-5.248371E1,-1.2395326E0,3.6003897E0,-1.4345002E1,-1.1943554E0,-1.6283985E0,-5.4857534E-1,-9.1055477E-1,-2.9199136E-2,-6.260407E1,-1.3926028E0,-5.5700463E-1,-1.0675668E0,1.4909327E1,1.3774842E0,7.901839E1,-5.599219E-1,2.356491E1,3.358196E-2,-9.744013E0,-1.1373375E1,6.369031E-1,-3.0892246E0,4.5776834E0,5.163136E-1,3.9969662E2,-1.0050515E1,-4.5312887E-1,-8.971526E-1,-3.377913E-1,3.6341622E-1,-4.3007508E-1,-2.5998607E-1,1.4163531E-1,-6.2307168E-2,-2.7798561E1,-2.4734189E-1,-3.077691E-1,-4.295174E-1,-3.5661346E-1,-1.563292E-1,-1.7004235E-1,-3.652019E0,6.4565954E0,-5.2055553E1,3.9777653E0,1.0421894E1,1.5459478E0,-2.275073E-2,-2.74361E-1,-4.38535E0,2.1253178E-1,4.3593396E-2,1.4133729E-1,-2.37512E0,-1.3951646E-1,3.1325126E-1,-1.9526878E1,-3.457724E-1],"categories":[1,3,10,11,1,3,4,5,6,8,9,1,2,1,0,1,2,3,4,5,6,8,9,10,11,1,2,10,11,1,4,5,6,8,9,0,1,2,3,4,6,7,8,1],"categories_nodes":[2,7,8,13,19,21,25,30,32,34,41,50],"categories_segments":[0,1,4,11,12,13,14,25,26,29,35,43],"categories_sizes":[1,3,7,1,1,1,11,1,3,6,8,1],"default_left":[0,0,0,0,0,1,0,0,0,0,1,1,0,0,0,0,1,1,1,0,0,0,1,1,0,0,1,0,1,0,0,0,0,1,0,0,0,0,0,0,0,0,0,0,0,1,0,0,0,0,0,0,0,0,0,0,0,0,0,0,0,0,0,0,0,0,0,0,0,0,0,0,0,0,0,0,0,0,0,0,0,0,0],"id":1,"left_children":[1,3,5,7,9,11,13,15,17,19,21,23,25,27,-1,-1,29,31,33,35,37,39,41,43,-1,45,47,-1,49,51,53,55,57,59,61,63,65,-1,-1,-1,67,69,71,-1,73,75,77,-1,79,-1,81,-1,-1,-1,-1,-1,-1,-1,-1,-1,-1,-1,-1,-1,-1,-1,-1,-1,-1,-1,-1,-1,-1,-1,-1,-1,-1,-1,-1,-1,-1,-1,-1],"loss_changes":[2.407335E4,5.397366E3,7.720142E4,2.715703E2,2.2000024E3,2.144561E4,3.572261E6,5.7112524E3,2.1348242E2,9.850211E3,1.1640834E4,4.1444312E4,1.24381775E2,1.1455472E5,0E0,0E0,4.531891E0,5.6943542E1,1.304356E4,9.943092E0,1.5335918E3,1.3517266E5,4.729608E3,1.4509922E3,0E0,3.9397095E1,3.7689197E2,0E0,3.589853E6,1.881958E0,8.241134E0,9.097168E0,8.030941E0,6.392492E3,9.3140625E1,1.8258934E0,3.5105032E2,0E0,0E0,0E0,7.518642E4,6.132881E2,5.790786E1,0E0,1.8311084E2,1.1446953E-1,1.00015594E2,0E0,5.4055557E0,0E0,1.4774262E5,0E0,0E0,0E0,0E0,0E0,0E0,0E0,0E0,0E0,0E0,0E0,0E0,0E0,0E0,0E0,0E0,0E0,0E0,0E0,0E0,0E0,0E0,0E0,0E0,0E0,0E0,0E0,0E0,0E0,0E0,0E0,0E0],