{"learner":{"attributes":{"best_ntree_limit":"2"},"feature_names":[],"feature_types":["q","q","q","q","q","q","c","c","c","c","c","c","c","c"],"gradient_booster":{"model":{"gbtree_model_param":{"num_parallel_tree":"1","num_trees":"2","size_leaf_vector":"0"},"tree_info":[0,0],"trees":[{"base_weights":[-1.9048489E0,-2.0496469E0,-7.273155E-1,-2.1170146E0,-5.808264E-2,-1.0086077E0,-2.1893343E-1,-1.7891988E0,-2.2175019E0,-1.7931732E0,7.145553E1,-1.0822564E0,5.9185416E-1,-8.308095E-2,-5.895391E-1,-1.9239709E0,-6.2476194E-1,-2.0180052E1,-2.1819143E0,-6.385865E-1,1.1986854E-1,-9.010925E-1,-1.5479888E0,4.6623607E0,-4.6444878E-1,-6.313156E-2,-1.2257445E0,-6.2543716E0,-1.6991442E-1,-1.9486489E0,-1.4143056E0,-1.5797675E0,-1.4773928E-1,-6.401531E-1,-3.325892E1,-2.2284956E0,-1.8007611E0,-6.6896284E-1,2.8203962E1,-9.149412E-1,3.1233618E-1,-1.0476759E1,-1.0091118E0,-1.0041562E0,1.9987382E-1,-7.247054E-2,5.568084E-1,-2.2294877E0,1.3531923E-1,4.559496E-1,-2.3106556E-1,-5.69459E-1,-6.6014546E-1,3.7730534E-2,-5.5596393E-1,-6.3310915E-1,-3.559772E-1,-1.696177E-1,1.3442627E-2,-5.413704E-1,-6.7565006E-1,-4.7465074E-1,-6.507935E-1,1.4429963E1,-4.037449E-1,-5.1510435E-1,-2.6860377E-1,3.012814E-1,-1.967138E-1,-2.324679E-1,-4.7423902E-1,-4.0046296E-1,1.9842346E-1,2.2257599E-1,-9.3637235E-2,-1.967138E-1,-1.9634692E-2,-2.2497397E-2,2.6356742E-1,-2.2144073E-1,-7.9600555E-1,2.639035E-1,-1.967138E-1,-8.436718E-2,1.2971613E-1],"categories":[2,1,4,5,6,8,9,2,2,2,2,8,3,3,10,1,4,5,6,8,9,2,2,0,1,2,3,5,6,8,9,10,0,2,3,5],"categories_nodes":[1,3,5,6,9,11,13,29,30,35,36,42,44,49],"categories_segments":[0,1,7,8,9,10,11,12,13,15,21,22,23,32],"categories_sizes":[1,6,1,1,1,1,1,1,2,6,1,1,9,4],"default_left":[1,0,0,0,0,0,0,1,1,0,0,0,1,0,1,1,0,0,0,0,0,1,1,0,0,1,1,0,0,0,0,0,0,0,0,0,0,0,1,0,0,0,0,0,0,0,0,0,0,0,0,0,0,0,0,0,0,0,0,0,0,0,0,0,0,0,0,0,0,0,0,0,0,0,0,0,0,0,0,0,0,0,0,0,0],"id":0,"left_children":[1,3,5,7,9,11,13,15,17,19,-1,21,23,25,27,29,31,33,35,-1,37,39,41,-1,43,45,47,-1,49,51,53,55,57,-1,-1,59,61,-1,63,65,67,-1,69,71,73,75,77,79,-1,81,83,-1,-1,-1,-1,-1,-1,-1,-1,-1,-1,-1,-1,-1,-1,-1,-1,-1,-1,-1,-1,-1,-1,-1,-1,-1,-1,-1,-1,-1,-1,-1,-1,-1,-1],"loss_changes":[1.6769258E3,1.1759062E3,1.541474E2,2.7532812E2,1.19408195E5,8.2522644E1,1.9375053E1,3.117837E2,4.101549E3,1.8426453E2,0E0,5.4668457E1,5.0000754E2,6.3845615E0,8.747928E2,1.9720215E1,9.468981E1,2.0549691E4,1.1091992E2,0E0,2.948329E3,8.364807E0,3.286378E3,0E0,1.099934E1,1.6595043E0,9.10108E0,0E0,4.0180817E0,1.744629E1,5.8485107E1,1.19543E1,1.1288767E1,0E0,0E0,5.3779297E1,5.378174E1,0E0,2.0925918E3,5.9376526E0,4.7917147E0,0E0,2.3249939E1,1.0128033E1,4.2097964E0,1.0890175E0,9.3300307E-1,4.979229E-2,0E0,5.021656E0,3.242972E0,0E0,0E0,0E0,0E0,0E0,0E0,0E0,0E0,0E0,0E0,0E0,0E0,0E0,0E0,0E0,0E0,0E0,0E0,0E0,0E0,0E0,0E0,0E0,0E0,0E0,0E0,0E0,0E0,0E0,0E0,0E0,0E0,0E0,0E0],"parents":[2147483647,0,0,1,1,2,2,3,3,4,4,5,5,6,6,7,7,8,8,9,9,11,11,12,12,13,13,14,14,15,15,16,16,17,17,18,18,20,20,21,21,22,22,24,24,25,25,26,26,28,28,29,29,30,30,31,31,32,32,35,35,36,36,38,38,39,39,40,40,42,42,43,43,44,44,45,45,46,46,47,47,49,49,50,50],"right_children":[2,4,6,8,10,12,14,16,18,20,-1,22,24,26,28,30,32,34,36,-1,38,40,42,-1,44,46,48,-1,50,52,54,56,58,-1,-1,60,62,-1,64,66,68,-1,70,72,74,76,78,80,-1,82,84,-1,-1,-1,-1,-1,-1,-1,-1,-1,-1,-1,-1,-1,-1,-1,-1,-1,-1,-1,-1,-1,-1,-1,-1,-1,-1,-1,-1,-1,-1,-1,-1,-1,-1],"split_conditions":[5.22E2,NaN,8.3E2,NaN,2.17E2,NaN,NaN,1E1,3.5E1,NaN,7.145553E1,NaN,2.84E2,NaN,1.408E3,2.87E2,1.25E2,4E0,3.64E2,-6.385865E-1,7.1E1,1.927E3,1.09E3,4.6623607E0,6.46E2,6E0,1.9E1,-6.2543716E0,8.61E2,NaN,NaN,7.9E1,1.85E2,-6.401531E-1,-3.325892E1,NaN,NaN,-6.6896284E-1,1.6E1,5.91E2,1.6E1,-1.0476759E1,NaN,3.71E2,NaN,2.43E2,2.8E1,4.11E2,1.3531923E-1,NaN,6E0,-5.69459E-1,-6.6014546E-1,3.7730534E-2,-5.5596393E-1,-6.3310915E-1,-3.559772E-1,-1.696177E-1,1.3442627E-2,-5.413704E-1,-6.7565006E-1,-4.7465074E-1,-6.507935E-1,1.4429963E1,-4.037449E-1,-5.1510435E-1,-2.6860377E-1,3.012814E-1,-1.967138E-1,-2.324679E-1,-4.7423902E-1,-4.0046296E-1,1.9842346E-1,2.2257599E-1,-9.3637235E-2,-1.967138E-1,-1.9634692E-2,-2.2497397E-2,2.6356742E-1,-2.2144073E-1,-7.9600555E-1,2.639035E-1,-1.967138E-1,-8.436718E-2,1.2971613E-1],"split_indices":[2,13,2,12,0,13,11,1,2,13,0,11,4,12,0,2,2,1,2,0,2,0,0,0,2,3,1,0,2,12,12,2,2,0,0,12,11,0,5,0,1,0,11,4,6,0,1,0,0,12,3,0,0,0,0,0,0,0,0,0,0,0,0,0,0,0,0,0,0,0,0,0,0,0,0,0,0,0,0,0,0,0,0,0,0],"split_type":[0,1,0,1,0,1,1,0,0,1,0,1,0,1,0,0,0,0,0,0,0,0,0,0,0,0,0,0,0,1,1,0,0,0,0,1,1,0,0,0,0,0,1,0,1,0,0,0,0,1,0,0,0,0,0,0,0,0,0,0,0,0,0,0,0,0,0,0,0,0,0,0,0,0,0,0,0,0,0,0,0,0,0,0,0],"sum_hessian":[9.842824E3,8.764356E3,1.0784681E3,8.477527E3,2.8682953E2,6.936703E2,3.8479785E2,1.9933835E3,6.4841436E3,2.85741E2,1.0885371E0,6.634634E2,3.0206905E1,2.8247537E2,1.0232249E2,1.7860172E3,2.0736632E2,1.1701774E1,6.4724414E3,2.430159E2,4.2725082E1,4.7977274E2,1.8369063E2,1.0885371E0,2.9118368E1,2.786655E2,3.8098798E0,1.0885371E0,1.0123395E2,1.7008392E3,8.5178024E1,6.83057E1,1.3906061E2,1.0613236E1,1.0885371E0,5.76326E3,7.0918195E2,4.027587E1,2.4492085E0,4.7460217E2,5.1705513E0,1.9049399E0,1.8178569E2,1.5783788E1,1.3334579E1,2.7539987E2,3.2656112E0,2.1770742E0,1.6328056E0,8.436163E0,9.279779E1,1.4240786E3,2.7676056E2,1.9049398E1,6.612863E1,2.7213427E1,4.1092274E1,4.326935E1,9.579127E1,3.088724E2,5.454387E3,4.484773E2,2.6070462E2,1.0885371E0,1.3606714E0,9.252565E0,4.653496E2,2.993477E0,2.1770742E0,1.3062445E2,5.1161243E1,1.3334579E1,2.4492085E0,6.2590885E0,7.075491E0,2.1770742E0,2.732228E2,1.3606714E0,1.9049399E0,1.0885371E0,1.0885371E0,6.2590885E0,2.1770742E0,8.681084E1,5.986954E0],"tree_param":{"num_deleted":"0","num_feature":"14","num_nodes":"85","size_leaf_vector":"0"}},{"base_weights":[-1.6463505E0,-1.1762432E0,-9.603809E0,-1.3605152E0,3.0298712E0,-4.2321754E1,-8.756785E-1,-7.5229484E-1,-1.4117656E0,3.5000465E1,-2.1108031E-1,-5.0050106E1,8.55154E-1,-1.0315132E1,1.0492225E3,-9.522853E-1,-1.3610522E-1,-1.3898623E0,-2.1122473E1,8.116789E1,-6.236307E-1,-5.2847177E-1,4.2283723E-1,-4.5023365E1,-6.110514E1,-2.0819046E0,3.3581233E0,-2.2484114E1,-1.1390595E0,-4.82357E-1,4.8966708E2,-4.2555207E-1,-8.9293915E-1,9.870415E-2,-4.844153E-1,7.33028E-1,-1.4043916E0,-2.1555832E1,-5.1331705E-1,2.8382326E1,-9.673336E1,-3.2104933E-1,-1.0321465E0,7.0600524E0,-8.2985826E-2,-1.506632E-1,-1.3756436E1,-2.7519894E0,4.7423795E-1,3.7797048E0,1.03892244E-1,-1.1076251E1,3.9899893E2,-2.7344856E-1,-6.4164855E-2,7.22159E-2,-7.7567875E-2,-1.7849495E0,-7.306643E-2,-3.3856604E-1,1.0233758E1,-4.3184486E-1,-3.3533528E-1,1.3500255E-1,-2.9636204E-1,7.830018E1,-2.1585475E-1,-8.510542E-2,-3.8066667E-1,-5.422756E0,-1.0059614E-1,1.0423052E-1,-6.675731E-2,2.9543296E-1,1.1953867E-2,-2.6668164E-1,2.1317397E-1,-2.4345127E1,-3.4338146E-1],"categories":[1,1,3,4,5,6,8,9,1,1,1,3,5,8,11,2,1,0,1,2,3,4,6,3,4,5,6,8,9,10,11,1],"categories_nodes":[2,3,9,13,16,21,39,41,44,51],"categories_segments":[0,1,8,9,10,15,16,17,23,31],"categories_sizes":[1,7,1,1,5,1,1,6,8,1],"default_left":[0,0,0,0,1,1,0,1,0,0,0,1,0,0,0,0,0,0,1,0,0,0,0,0,0,0,1,0,0,0,0,0,1,0,1,0,0,0,0,0,0,0,1,0,0,0,0,0,0,0,0,0,0,0,0,0,0,0,0,0,0,0,0,0,0,0,0,0,0,0,0,0,0,0,0,0,0,0,0],"id":1,"left_children":[1,3,5,7,9,11,13,15,17,19,21,23,25,27,29,31,33,35,37,-1,39,41,43,45,-1,47,49,-1,51,-1,-1,-1,53,55,57,59,61,-1,63,65,-1,67,69,-1,71,-1,-1,-1,73,-1,75,77,-1,-1,-1,-1,-1,-1,-1,-1,-1,-1,-1,-1,-1,-1,-1,-1,-1,-1,-1,-1,-1,-1,-1,-1,-1,-1,-1],"loss_changes":[2.9663951E4,5.810457E3,1.2628761E5,2.2267578E2,3.2618777E4,3.1121188E4,3.482412E6,6.887366E1,2.828129E3,2.4331478E5,5.7919724E1,5.1849734E4,1.1816626E2,2.0636047E5,1.9201308E6,1.0425354E1,1.1364735E1,2.0498438E2,7.570601E3,0E0,2.5340767E5,1.9678562E1,1.1268657E3,2.8565781E3,0E0,1.416674E2,2.5573419E2,0E0,4.0602685E6,0E0,0E0,0E0,4.5625E0,4.2979217E0,7.212262E1,2.8723738E3,6.444531E1,0E0,3.270434E0,1.6890078E5,0E0,4.496029E0,6.520983E2,0E0,5.7929387E0,0E0,0E0,0E0,1.406536E0,0E0,5.0466633E0,2.1186811E5,0E0,0E0,0E0,0E0,0E0,0E0,0E0,0E0,0E0,0E0,0E0,0E0,0E0,0E0,0E0,0E0,0E0,0E0,0E0,0E0,0E0,0E0,0E0,0E0,0E0,0E0,0E0],