{"learner":{"attributes":{"best_ntree_limit":"2"},"feature_names":[],"feature_types":["q","q","q","q","q","q","c","c","c","c","c","c","c","c"],"gradient_booster":{"model":{"gbtree_model_param":{"num_parallel_tree":"1","num_trees":"2","size_leaf_vector":"0"},"tree_info":[0,0],"trees":[{"base_weights":[-1.9055912E0,-2.0518987E0,-7.147884E-1,-2.1185625E0,-5.94698E-2,-1.0195217E0,-2.4268642E-1,-1.7922505E0,-2.217636E0,7.605193E1,-1.9256442E0,-1.0925008E0,5.766429E-1,-1.0688087E-1,-6.24211E-1,-1.9277008E0,-6.4754796E-1,-1.5129968E1,-2.1817122E0,-2.1875288E0,-5.30835E-1,-9.2553186E-1,-1.5224572E0,3.7898493E0,-4.625839E-1,-9.187044E-2,-1.2499604E0,-8.121824E0,-1.1694628E-1,-1.9503001E0,-1.4507031E0,-1.5895084E0,-1.6405478E-1,-3.368996E1,-6.4106977E-1,-2.2297957E0,-1.8398362E0,-6.7140317E-1,-9.15258E-1,-1.6755834E0,2.3884355E-1,-9.3962985E-1,1.998918E-1,-1.1205886E1,-1.0231289E0,-9.393118E-1,3.814185E-1,-8.055034E-2,-1.0786452E0,-6.6602993E-1,2.0936684E-1,1.6063538E-1,-2.3464134E-1,-5.706694E-1,-6.568263E-1,7.2065905E-2,-5.6121784E-1,-6.3199884E-1,-3.7042016E-1,-1.9084193E-1,3.0558113E-2,-5.368439E-1,-6.762003E-1,-4.901987E-1,-6.5672976E-1,1.5021378E0,-6.2851775E-1,-7.7915594E-2,-5.245186E-1,-1.3318074E-1,1.6049722E-1,-2.738404E-1,-5.310679E-1,3.0111444E-1,-2.3661709E-1,-2.4062029E-1,-4.6460375E-1,-3.8294253E-1,2.1314244E-1,2.6371148E-1,-1.496054E-1,-3.084148E-2,1.338913E-1,-7.961217E-1,2.3153923E-1,-9.11727E-2,1.5900974E-1,-9.951966E-2,2.5252646E-1],"categories":[2,1,4,5,6,8,9,2,2,2,8,2,6,9,2,4,5,6,8,9,10,3,3,10,1,4,5,6,8,9,2,5,9,2,0,1,2,3,5,6,9],"categories_nodes":[1,3,5,6,11,13,19,25,28,29,30,35,36,41,44,46],"categories_segments":[0,1,7,8,9,10,11,12,14,21,22,24,30,31,33,34],"categories_sizes":[1,6,1,1,1,1,1,2,7,1,2,6,1,2,1,7],"default_left":[1,0,0,0,1,0,0,1,1,0,0,0,1,0,1,1,0,1,0,0,0,1,1,0,0,0,1,0,0,0,0,0,0,0,0,0,0,0,1,0,0,0,0,0,0,0,0,1,1,0,0,1,0,0,0,0,0,0,0,0,0,0,0,0,0,0,0,0,0,0,0,0,0,0,0,0,0,0,0,0,0,0,0,0,0,0,0,0,0],"id":0,"left_children":[1,3,5,7,9,11,13,15,17,-1,19,21,23,25,27,29,31,33,35,37,39,41,43,-1,45,47,49,-1,51,53,55,57,59,-1,-1,61,63,-1,65,67,69,71,73,-1,75,77,79,81,83,-1,-1,85,87,-1,-1,-1,-1,-1,-1,-1,-1,-1,-1,-1,-1,-1,-1,-1,-1,-1,-1,-1,-1,-1,-1,-1,-1,-1,-1,-1,-1,-1,-1,-1,-1,-1,-1,-1,-1],"loss_changes":[1.7135547E3,1.1642227E3,1.5493304E2,2.7025E2,1.3527208E5,7.695331E1,2.1924908E1,3.0587158E2,2.9832715E3,0E0,1.0248584E2,4.3596313E1,3.7297134E2,5.2767015E0,1.4889315E3,1.62583E1,9.58752E1,2.2324465E4,1.0251367E2,1.327417E1,4.1083824E1,7.3927307E0,3.0713647E3,0E0,1.1600715E1,3.3897066E0,9.0958E0,0E0,3.6355023E0,1.5233887E1,6.0109055E1,1.0514008E1,1.7715569E1,0E0,0E0,5.651758E1,5.4327393E1,0E0,8.593025E1,1.4725647E0,5.9973736E0,8.381958E0,5.911474E0,0E0,1.8792267E1,1.0999716E1,5.1669087E0,3.666352E0,1.2101282E1,0E0,0E0,5.8898168E0,8.403899E0,0E0,0E0,0E0,0E0,0E0,0E0,0E0,0E0,0E0,0E0,0E0,0E0,0E0,0E0,0E0,0E0,0E0,0E0,0E0,0E0,0E0,0E0,0E0,0E0,0E0,0E0,0E0,0E0,0E0,0E0,0E0,0E0,0E0,0E0,0E0,0E0],"parents":[2147483647,0,0,1,1,2,2,3,3,4,4,5,5,6,6,7,7,8,8,10,10,11,11,12,12,13,13,14,14,15,15,16,16,17,17,18,18,19,19,20,20,21,21,22,22,24,24,25,25,26,26,28,28,29,29,30,30,31,31,32,32,35,35,36,36,38,38,39,39,40,40,41,41,42,42,44,44,45,45,46,46,47,47,48,48,51,51,52,52],"right_children":[2,4,6,8,10,12,14,16,18,-1,20,22,24,26,28,30,32,34,36,38,40,42,44,-1,46,48,50,-1,52,54,56,58,60,-1,-1,62,64,-1,66,68,70,72,74,-1,76,78,80,82,84,-1,-1,86,88,-1,-1,-1,-1,-1,-1,-1,-1,-1,-1,-1,-1,-1,-1,-1,-1,-1,-1,-1,-1,-1,-1,-1,-1,-1,-1,-1,-1,-1,-1,-1,-1,-1,-1,-1,-1],"split_conditions":[5.23E2,NaN,7.96E2,NaN,3.34E2,NaN,NaN,1E1,3.5E1,7.605193E1,3.78E2,NaN,2.94E2,NaN,1.5E3,2.87E2,1.3E2,3.23E2,3.5E2,NaN,1.82E2,1.937E3,1.092E3,3.7898493E0,6.47E2,NaN,2.1E1,-8.121824E0,NaN,NaN,NaN,7.9E1,2.01E2,-3.368996E1,-6.4106977E-1,NaN,NaN,-6.7140317E-1,4.44E3,6.5E1,2.52E2,NaN,1.6E1,-1.1205886E1,NaN,3.71E2,NaN,3.13E2,9E0,-6.6602993E-1,2.0936684E-1,5E0,8.1E1,-5.706694E-1,-6.568263E-1,7.2065905E-2,-5.6121784E-1,-6.3199884E-1,-3.7042016E-1,-1.9084193E-1,3.0558113E-2,-5.368439E-1,-6.762003E-1,-4.901987E-1,-6.5672976E-1,1.5021378E0,-6.2851775E-1,-7.7915594E-2,-5.245186E-1,-1.3318074E-1,1.6049722E-1,-2.738404E-1,-5.310679E-1,3.0111444E-1,-2.3661709E-1,-2.4062029E-1,-4.6460375E-1,-3.8294253E-1,2.1314244E-1,2.6371148E-1,-1.496054E-1,-3.084148E-2,1.338913E-1,-7.961217E-1,2.3153923E-1,-9.11727E-2,1.5900974E-1,-9.951966E-2,2.5252646E-1],"split_indices":[2,13,2,12,4,13,11,1,2,0,4,11,4,12,0,2,2,4,2,13,2,0,0,0,2,6,1,0,12,12,12,2,2,0,0,12,11,0,0,0,2,12,1,0,11,4,6,0,3,0,0,1,4,0,0,0,0,0,0,0,0,0,0,0,0,0,0,0,0,0,0,0,0,0,0,0,0,0,0,0,0,0,0,0,0,0,0,0,0],"split_type":[0,1,0,1,0,1,1,0,0,0,0,1,0,1,0,0,0,0,0,1,0,0,0,0,0,1,0,0,1,1,1,0,0,0,0,1,1,0,0,0,0,1,0,0,1,0,1,0,0,0,0,0,0,0,0,0,0,0,0,0,0,0,0,0,0,0,0,0,0,0,0,0,0,0,0,0,0,0,0,0,0,0,0,0,0,0,0,0,0],"sum_hessian":[9.842824E3,8.765173E3,1.0776517E3,8.481337E3,2.8383606E2,6.542108E2,4.2344092E2,1.9797769E3,6.50156E3,1.0885371E0,2.827475E2,6.259088E2,2.8301964E1,3.1322656E2,1.1021438E2,1.7696892E3,2.1008766E2,1.6872326E1,6.4846875E3,2.3757323E2,4.517429E1,4.5310358E2,1.7280527E2,1.3606714E0,2.6941294E1,3.1023306E2,2.993477E0,1.0885371E0,1.0912585E2,1.6866882E3,8.300095E1,7.048278E1,1.3960489E2,1.0885371E0,1.5783788E1,5.680259E3,8.044289E2,2.2777638E2,9.796834E0,1.7688728E1,2.7485561E1,4.476609E2,5.4426856E0,1.3606714E0,1.714446E2,1.7144459E1,9.796834E0,3.0778387E2,2.4492085E0,1.9049399E0,1.0885371E0,3.238398E1,7.674187E1,1.4118326E3,2.7485562E2,1.6600191E1,6.6400764E1,2.6669159E1,4.3813618E1,4.980057E1,8.980431E1,2.9989197E2,5.3803667E3,5.097075E2,2.947214E2,1.0885371E0,8.708297E0,1.0885371E0,1.6600191E1,8.164028E0,1.9321533E1,4.3568698E2,1.1973908E1,2.993477E0,2.4492085E0,1.2246043E2,4.898417E1,1.4423117E1,2.7213428E0,6.2590885E0,3.5377455E0,2.960821E2,1.1701774E1,1.0885371E0,1.3606714E0,1.4423117E1,1.7960861E1,7.102705E1,5.71482E0],"tree_param":{"num_deleted":"0","num_feature":"14","num_nodes":"89","size_leaf_vector":"0"}},{"base_weights":[-1.5999796E0,-1.1770557E0,-7.122635E0,-1.3619014E0,3.1280036E0,-1.8099957E1,-9.112058E-1,1.0572999E0,-1.3772873E0,3.711121E1,-1.2812907E-1,-2.0284622E1,-1.2247233E0,-8.223541E0,3.42951E2,1.6182991E1,-1.5137352E0,-7.497126E-1,-1.4291004E0,7.1750984E1,2.3836813E1,2.4053981E0,-2.7964374E-1,-6.072485E1,-1.811555E1,-3.8047013E0,1.7453031E-1,-7.590309E0,-1.2485712E0,-1.6313779E0,-5.1663953E-1,-9.0991294E-1,-4.8915213E-3,-1.404697E0,-3.5378498E1,6.161092E1,-5.156427E-1,1.6074959E1,2.230363E1,-4.023677E-1,5.4536724E0,-6.474624E-1,3.9078075E-2,-5.6823072E0,4.5081043E0,-8.4247675E0,9.0619E-1,-5.542206E-1,8.6221653E-1,-8.515318E0,2.8228864E2,-4.5727897E-1,-8.35687E-1,3.0402136E-1,-3.2047042E-1,-4.1069874E-1,-2.616261E-1,1.2373613E-1,-4.9876515E-2,-4.3200573E-1,-3.362977E-1,-2.0498741E1,-2.327769E-1,1.687929E1,-3.7809906E1,2.9711938E0,6.8675804E0,4.1408628E-1,-2.249371E-1,-1.2893158E-1,-3.598575E-1,1.130437E0,-3.5559725E-2,4.30622E0,1.060677E-1,-3.4955194E0,-1.1990969E0,4.328968E-1,-9.9349E-2,2.710525E-1,-2.950318E-1,3.1804252E-1,2.1542158E-2,-7.6531043E0,-4.077965E-1],"categories":[1,3,10,11,1,3,4,5,6,8,9,0,2,3,4,5,6,7,9,10,11,1,1,0,1,2,6,7,8,9,0,1,2,3,4,5,6,8,9,10,11,2,0,1,2,3,4,5,6,7,9,1],"categories_nodes":[2,7,8,9,13,19,20,32,41,47,49],"categories_segments":[0,1,4,11,21,22,23,30,41,42,51],"categories_sizes":[1,3,7,10,1,1,7,11,1,9,1],"default_left":[0,0,0,0,1,1,0,0,0,0,0,0,0,0,0,0,1,1,0,0,0,0,0,0,1,0,0,0,0,0,0,0,0,0,1,0,0,0,0,0,0,0,0,0,1,0,0,0,1,0,0,0,0,0,0,0,0,0,0,0,0,0,0,0,0,0,0,0,0,0,0,0,0,0,0,0,0,0,0,0,0,0,0,0,0],"id":1,"left_children":[1,3,5,7,9,11,13,15,17,19,21,23,25,27,-1,-1,29,31,33,35,37,39,41,-1,43,45,47,-1,49,51,53,55,57,59,61,-1,63,65,-1,67,-1,69,71,-1,73,75,77,79,81,83,-1,-1,-1,-1,-1,-1,-1,-1,-1,-1,-1,-1,-1,-1,-1,-1,-1,-1,-1,-1,-1,-1,-1,-1,-1,-1,-1,-1,-1,-1,-1,-1,-1,-1,-1],