{"learner":{"attributes":{"best_ntree_limit":"1"},"feature_names":[],"feature_types":[],"gradient_booster":{"model":{"gbtree_model_param":{"num_parallel_tree":"1","num_trees":"1","size_leaf_vector":"0"},"tree_info":[0],"trees":[{"base_weights":[-1.3654878E0,-2.624855E0,-7.128935E-1,-6.688804E-2,-1.3440478E0,-5.7522726E-1,1.0411506E-1,-5.298696E-1,-2.1169617E0,-1.3440754E0,-1.4412947E-1,5.022011E-1,-2.1085791E-2,-1.2523422E0,-1.1525771E-1,-1.5907992E0,-2.5565293E0,-4.2967635E-1,-2.1184535E0,-3.6030534E-1,7.123216E-2,3.2046244E-1,7.910462E-1,-3.2938933E-1,1.2956437E-1,-1.3674412E0,-7.0021564E-1,-3.874232E-1,1.7761603E-1,-6.2218106E-1,-2.4647212E0,-6.70421E-2,-6.640504E-1,-1.09787814E-1,-8.353471E-1,-7.880372E-2,2.1468566E-1,4.7111994E-1,1.1477437E-1,8.066805E-2,-1.0302253E0,-3.335714E-2,2.0424221E-1,-8.5560066E-1,1.6822842E-1,3.483878E-1,-3.1970693E-3,-1.2470022E0,-1.4889184E-1],"categories":[],"categories_nodes":[],"categories_segments":[],"categories_sizes":[],"default_left":[1,0,1,1,1,1,1,1,1,1,1,1,1,1,1,1,0,1,0,1,1,1,0,1,1,0,0,1,1,1,0,0,0,0,0,0,0,0,0,0,0,0,0,0,0,0,0,0,0],"id":0,"left_children":[1,-1,3,5,7,9,11,13,15,17,19,21,23,25,27,29,-1,31,-1,33,35,37,-1,39,41,-1,-1,43,45,47,-1,-1,-1,-1,-1,-1,-1,-1,-1,-1,-1,-1,-1,-1,-1,-1,-1,-1,-1],"loss_changes":[2.6625525E2,0E0,8.808698E1,9.441695E0,6.768274E1,8.861599E0,4.0779033E0,1.620512E1,8.828522E0,5.9547863E0,8.9278364E-1,7.7356625E-1,2.9706771E0,3.0078888E-1,2.9208846E0,2.2189926E1,0E0,4.3994176E-1,0E0,1.0341045E0,2.3570421E-1,3.701656E-1,0E0,6.1110544E0,5.3077686E-1,0E0,0E0,5.0503173E0,5.5445176E-1,4.1407957E0,0E0,0E0,0E0,0E0,0E0,0E0,0E0,0E0,0E0,0E0,0E0,0E0,0E0,0E0,0E0,0E0,0E0,0E0,0E0],"parents":[2147483647,0,0,2,2,3,3,4,4,5,5,6,6,7,7,8,8,9,9,10,10,11,11,12,12,13,13,14,14,15,15,17,17,19,19,20,20,21,21,23,23,24,24,27,27,28,28,29,29],"right_children":[2,-1,4,6,8,10,12,14,16,18,20,22,24,26,28,30,-1,32,-1,34,36,38,-1,40,42,-1,-1,44,46,48,-1,-1,-1,-1,-1,-1,-1,-1,-1,-1,-1,-1,-1,-1,-1,-1,-1,-1,-1],"split_conditions":[3E0,-7.874566E-1,2.5E0,2.5E0,2.5E0,1.5E0,1.5E0,1.5E0,3.5E0,4.5E0,2.5E0,4.5E0,1.5E0,4.5E0,3.5E0,3.5E0,-7.6695883E-1,1.5E0,-6.355361E-1,3.5E0,1.5E0,3.5E0,2.3731387E-1,3.5E0,3.5E0,-4.1023237E-1,-2.100647E-1,2.5E0,4.5E0,1.5E0,-7.3941636E-1,-2.011263E-2,-1.9921513E-1,-3.2936346E-2,-2.5060415E-1,-2.3641117E-2,6.44057E-2,1.41336E-1,3.443231E-2,2.4200415E-2,-3.090676E-1,-1.0007142E-2,6.1272666E-2,-2.5668022E-1,5.0468527E-2,1.0451635E-1,-9.591208E-4,-3.741007E-1,-4.4667553E-2],"split_indices":[3,0,0,2,1,4,1,4,1,3,4,2,4,2,2,0,0,0,0,1,0,2,0,1,2,0,0,4,2,4,0,0,0,0,0,0,0,0,0,0,0,0,0,0,0,0,0,0,0],"split_type":[0,0,0,0,0,0,0,0,0,0,0,0,0,0,0,0,0,0,0,0,0,0,0,0,0,0,0,0,0,0,0,0,0,0,0,0,0,0,0,0,0,0,0,0,0,0,0,0,0],"sum_hessian":[3.2524515E2,1.09981735E2,2.152634E2,1.0692669E2,1.0833671E2,2.6320415E1,8.060627E1,5.3580845E1,5.4755863E1,8.695137E0,1.7625278E1,1.8565292E1,6.2040977E1,1.8800297E1,3.478055E1,2.7025427E1,2.7730438E1,4.700074E0,3.995063E0,8.460134E0,9.165145E0,1.2690201E1,5.8750925E0,1.9975315E1,4.2065662E1,1.4335226E1,4.4650707E0,1.7860283E1,1.6920267E1,1.3630215E1,1.3395211E1,2.350037E0,2.350037E0,6.3451004E0,2.1150334E0,4.700074E0,4.4650707E0,6.580104E0,6.1100965E0,1.3160208E1,6.8151073E0,1.3395211E1,2.8670452E1,9.400148E0,8.460134E0,8.22513E0,8.695137E0,5.1700816E0,8.460134E0],"tree_param":{"num_deleted":"0","num_feature":"5","num_nodes":"49","size_leaf_vector":"0"}}]},"name":"gbtree"},"learner_model_param":{"base_score":"5E-1","num_class":"0","num_feature":"5","num_target":"1"},"objective":{"name":"reg:squarederror","reg_loss_param":{"scale_pos_weight":"1"}}},"version":[1,6,2]}