{"learner":{"attributes":{"best_ntree_limit":"7"},"feature_names":[],"feature_types":[],"gradient_booster":{"model":{"gbtree_model_param":{"num_parallel_tree":"1","num_trees":"2","size_leaf_vector":"0"},"tree_info":[0,0],"trees":[{"base_weights":[-7.9006946E-1,-1.5175498E0,-4.322747E-1,-1.0941424E-1,-7.521777E-1,-4.2466152E-1,5.70032E-2,-3.0736414E-1,-1.2024783E0,-1.3868488E-1,-6.878841E-1,-7.6420926E-2,1.07176796E-1,-8.2223547E-1,-1.9493898E-2,-8.71996E-1,-1.494452E0,-7.436143E-1,6.485751E-2,-4.7273698E-1,-8.879416E-1,5.997874E-3,-3.230043E-1,3.3414597E-3,2.0513909E-1,-8.9725995E-1,-5.3010243E-1,-1.8851818E-1,1.2437529E-1,-2.2336505E-1,-1.4628538E0,4.766994E-3,-1.2253946E0,1.757097E-1,-5.0893642E-2,-2.1653418E-1,-6.710707E-1,-1.0814549E0,-6.346252E-1,7.6933935E-2,-6.5364935E-2,-5.188128E-1,4.766994E-3,-1.5353915E-1,8.318188E-2,1.6112858E-2,2.6239341E-1,-4.8172188E-1,1.0145244E-1,1.9626786E-1,4.724161E-2,-4.4661725E-1,-3.9997743E-3],"categories":[],"categories_nodes":[],"categories_segments":[],"categories_sizes":[],"default_left":[1,0,1,1,1,1,1,1,1,1,1,1,1,1,1,1,0,1,1,1,1,1,1,1,1,0,0,1,1,1,0,0,0,0,0,0,0,0,0,0,0,0,0,0,0,0,0,0,0,0,0,0,0],"id":0,"left_children":[1,-1,3,5,7,9,11,13,15,17,19,21,23,25,27,29,-1,31,33,35,37,39,41,43,45,-1,-1,47,49,51,-1,-1,-1,-1,-1,-1,-1,-1,-1,-1,-1,-1,-1,-1,-1,-1,-1,-1,-1,-1,-1,-1,-1],"loss_changes":[1.4635751E2,0E0,3.9165718E1,1.000766E1,3.782846E1,4.862748E0,8.478637E-1,1.4402448E1,7.8080444E0,4.0894856E0,1.0456066E0,7.104255E-1,9.30745E-1,2.8841782E-1,1.5656282E0,1.756799E1,0E0,3.0140977E0,3.3585736E-1,7.9690504E-1,1.2264633E-1,1.4226417E-1,5.6413907E-1,5.8228153E-1,5.0551736E-1,0E0,0E0,2.5618768E0,1.840452E-1,1.1460687E0,0E0,0E0,0E0,0E0,0E0,0E0,0E0,0E0,0E0,0E0,0E0,0E0,0E0,0E0,0E0,0E0,0E0,0E0,0E0,0E0,0E0,0E0,0E0],"parents":[2147483647,0,0,2,2,3,3,4,4,5,5,6,6,7,7,8,8,9,9,10,10,11,11,12,12,13,13,14,14,15,15,17,17,18,18,19,19,20,20,21,21,22,22,23,23,24,24,27,27,28,28,29,29],"right_children":[2,-1,4,6,8,10,12,14,16,18,20,22,24,26,28,30,-1,32,34,36,38,40,42,44,46,-1,-1,48,50,52,-1,-1,-1,-1,-1,-1,-1,-1,-1,-1,-1,-1,-1,-1,-1,-1,-1,-1,-1,-1,-1,-1,-1],"split_conditions":[3E0,-4.5526496E-1,2.5E0,1.5E0,2.5E0,2.5E0,2.5E0,1.5E0,3.5E0,2.5E0,4.5E0,3.5E0,4.5E0,4.5E0,2.5E0,3.5E0,-4.4833562E-1,4.5E0,4.5E0,1.5E0,3.5E0,1.5E0,2.5E0,3.5E0,1.5E0,-2.69178E-1,-1.5903074E-1,3.5E0,3.5E0,3.5E0,-4.3885615E-1,1.4300983E-3,-3.6761838E-1,5.271291E-2,-1.5268093E-2,-6.4960256E-2,-2.0132121E-1,-3.244365E-1,-1.9038756E-1,2.3080181E-2,-1.9609481E-2,-1.5564384E-1,1.4300983E-3,-4.6061747E-2,2.4954565E-2,4.8338575E-3,7.871803E-2,-1.4451657E-1,3.0435733E-2,5.888036E-2,1.4172483E-2,-1.3398518E-1,-1.1999323E-3],"split_indices":[3,0,0,4,1,1,2,4,0,2,3,1,3,2,4,1,0,3,3,0,2,0,4,2,1,0,0,2,2,2,0,0,0,0,0,0,0,0,0,0,0,0,0,0,0,0,0,0,0,0,0,0,0],"split_type":[0,0,0,0,0,0,0,0,0,0,0,0,0,0,0,0,0,0,0,0,0,0,0,0,0,0,0,0,0,0,0,0,0,0,0,0,0,0,0,0,0,0,0,0,0,0,0,0,0,0,0,0,0],"sum_hessian":[5.6380963E2,1.8480879E2,3.7900082E2,1.8929643E2,1.8970439E2,6.486666E1,1.2442976E2,9.6280075E1,9.342432E1,3.1821383E1,3.304528E1,3.3861214E1,9.056855E1,3.3861214E1,6.2418865E1,4.569224E1,4.7732075E1,7.3433957E0,2.4477985E1,1.7542557E1,1.5502725E1,2.6109852E1,7.7513623E0,4.446834E1,4.610021E1,2.5293919E1,8.567295E0,2.855765E1,3.3861214E1,2.2438154E1,2.3254087E1,3.2637315E0,4.079664E0,1.2238993E1,1.2238993E1,8.567295E0,8.975262E0,6.9354296E0,8.567295E0,1.3054926E1,1.3054926E1,4.487631E0,3.2637315E0,1.4686791E1,2.978155E1,1.1015094E1,3.5085114E1,1.3870859E1,1.4686791E1,1.6726624E1,1.713459E1,1.0607127E1,1.1831027E1],"tree_param":{"num_deleted":"0","num_feature":"5","num_nodes":"53","size_leaf_vector":"0"}},{"base_weights":[-6.446428E-1,-1.0924782E0,-4.144483E-1,-1.98704E-1,-6.2147886E-1,-4.2219442E-1,-7.6780096E-2,-3.2686824E-1,-9.087003E-1,-7.6435983E-1,-3.0360752E-1,-1.3856825E-1,-1.4057452E-2,-6.65251E-1,-1.2746908E-1,-7.0245177E-1,-1.0843121E0,-3.585655E-1,-1.0877328E0,-6.855335E-2,-5.115661E-1,-2.6725286E-1,-8.5425794E-2,-8.672336E-2,6.076936E-2,-5.381478E-1,-7.645209E-1,-2.435658E-1,-2.3389956E-2,-2.72523E-1,-1.0721934E0,-1.0064864E-1,-5.6070745E-1,3.3719778E-2,-1.5981731E-1,-3.8635102E-1,-6.055729E-1,-8.253743E-3,-3.6425844E-1,-1.6217999E-1,-1.0443242E-2,1.3705749E-2,-1.7509392E-1,-5.7743873E-2,1.7639272E-1,-8.519611E-1,-3.8582027E-1,-5.8132994E-1,-1.0285792E-1,3.3881363E-2,-8.331946E-2,-5.6375855E-1,-1.2697749E-1],"categories":[],"categories_nodes":[],"categories_segments":[],"categories_sizes":[],"default_left":[1,0,1,1,1,1,1,1,1,1,1,1,1,1,1,1,0,1,0,1,1,1,1,1,1,0,1,1,1,1,0,0,0,0,0,0,0,0,0,0,0,0,0,0,0,0,0,0,0,0,0,0,0],"id":1,"left_children":[1,-1,3,5,7,9,11,13,15,17,19,21,23,25,27,29,-1,31,-1,33,35,37,39,41,43,-1,45,47,49,51,-1,-1,-1,-1,-1,-1,-1,-1,-1,-1,-1,-1,-1,-1,-1,-1,-1,-1,-1,-1,-1,-1,-1],"loss_changes":[5.9703964E1,0E0,1.716378E1,5.1721063E0,1.6375938E1,2.4945269E0,4.817292E-1,6.583522E0,2.831604E0,1.7929888E0,2.4852972E0,4.063413E-1,3.4807488E-1,4.79393E-2,7.606492E-1,7.411726E0,0E0,4.059831E-1,0E0,2.4207976E-1,8.623743E-2,4.4601965E-1,2.6238453E-1,2.8992206E-1,4.4387197E-1,0E0,2.6947308E-1,1.360001E0,1.2140073E-1,9.3508244E-1,0E0,0E0,0E0,0E0,0E0,0E0,0E0,0E0,0E0,0E0,0E0,0E0,0E0,0E0,0E0,0E0,0E0,0E0,0E0,0E0,0E0,0E0,0E0],"parents":[2147483647,0,0,2,2,3,3,4,4,5,5,6,6,7,7,8,8,9,9,10,10,11,11,12,12,13,13,14,14,15,15,17,17,19,19,20,20,21,21,22,22,23,23,24,24,26,26,27,27,28,28,29,29],"right_children":[2,-1,4,6,8,10,12,14,16,18,20,22,24,26,28,30,-1,32,-1,34,36,38,40,42,44,-1,46,48,50,52,-1,-1,-1,-1,-1,-1,-1,-1,-1,-1,-1,-1,-1,-1,-1,-1,-1,-1,-1,-1,-1,-1,-1],"split_conditions":[3E0,-3.2774347E-1,2.5E0,1.5E0,2.5E0,2.5E0,2.5E0,1.5E0,3.5E0,4.5E0,2.5E0,2.5E0,4.5E0,4.5E0,2.5E0,3.5E0,-3.2529363E-1,1.5E0,-3.2631984E-1,1.5E0,4.5E0,1.5E0,4.5E0,2.5E0,2.5E0,-1.6144435E-1,4.5E0,2.5E0,3.5E0,1.5E0,-3.2165802E-1,-3.0194594E-2,-1.6821223E-1,1.0115934E-2,-4.7945194E-2,-1.1590531E-1,-1.8167187E-1,-2.476123E-3,-1.0927754E-1,-4.8654E-2,-3.1329729E-3,4.111725E-3,-5.2528176E-2,-1.7323162E-2,5.291782E-2,-2.5558832E-1,-1.1574609E-1,-1.7439899E-1,-3.0857377E-2,1.0164409E-2,-2.499584E-2,-1.6912757E-1,-3.8093247E-2],"split_indices":[3,0,0,4,1,2,4,4,0,3,1,2,3,3,4,1,0,0,0,0,3,1,3,1,1,0,2,2,0,4,0,0,0,0,0,0,0,0,0,0,0,0,0,0,0,0,0,0,0,0,0,0,0],"split_type":[0,0,0,0,0,0,0,0,0,0,0,0,0,0,0,0,0,0,0,0,0,0,0,0,0,0,0,0,0,0,0,0,0,0,0,0,0,0,0,0,0,0,0,0,0,0,0,0,0,0,0,0,0],"sum_hessian":[5.825405E2,1.9650366E2,3.860369E2,1.899999E2,1.96037E2,6.619662E1,1.2380328E2,9.782912E1,9.8207886E1,1.5635901E1,5.056071E1,6.1757084E1,6.20462E1,3.54069E1,6.242222E1,4.7463753E1,5.074413E1,7.869478E0,7.7664237E0,2.4358318E1,2.6202393E1,1.6872143E1,4.488494E1,3.139696E1,3.064924E1,1.8342533E1,1.7064367E1,2.8874025E1,3.354819E1,2.2748861E1,2.4714893E1,4.11587E0,3.753608E0,1.1783689E1,1.257463E1,1.3427311E1,1.2775082E1,4.893057E0,1.1979086E1,2.1605776E1,2.3279165E1,1.5091296E1,1.6305662E1,1.5382677E1,1.5266563E1,1.28481045E1,4.216262E0,7.570308E0,2.1303717E1,1.7376795E1,1.6171396E1,6.6229544E0,1.6125906E1],"tree_param":{"num_deleted":"0","num_feature":"5","num_nodes":"53","size_leaf_vector":"0"}}]},"name":"gbtree"},"learner_model_param":{"base_score":"5E-1","num_class":"0","num_feature":"5","num_target":"1"},"objective":{"name":"reg:squarederror","reg_loss_param":{"scale_pos_weight":"1"}}},"version":[1,6,2]}