{"learner":{"attributes":{"best_ntree_limit":"5"},"feature_names":[],"feature_types":[],"gradient_booster":{"model":{"gbtree_model_param":{"num_parallel_tree":"1","num_trees":"5","size_leaf_vector":"0"},"tree_info":[0,0,0,0,0],"trees":[{"base_weights":[-1.3370382E0,-2.548819E0,-7.297318E-1,-1.9864693E-1,-1.262372E0,-7.4175686E-1,9.409073E-2,-4.720808E-1,-1.9946214E0,-4.372819E-1,-1.6165098E0,1.7621559E-1,-1.4177269E-1,-1.2823174E0,-7.239389E-2,-1.4514577E0,-2.4831407E0,-1.1803167E0,-1.2849239E-1,2.6888287E-1,8.137985E-2,-4.210757E-1,1.510388E-1,-1.4001049E0,-7.0852315E-1,-3.4149233E-1,2.1066843E-1,-4.5348218E-1,-2.4016488E0,-1.250479E-1,-2.0469608E0,1.3427363E-1,-5.731302E-1,1.5628238E-1,3.6829045E-1,1.2881345E-1,-4.853416E-2,-9.488252E-1,-1.4395668E-1,5.0867337E-1,-2.009109E-2,1.00492746E-1,-1.0571512E0,-8.7426066E-1,1.5236752E-1,2.0231478E-2,3.8468838E-1,-1.0051149E0,-9.7245194E-2],"categories":[],"categories_nodes":[],"categories_segments":[],"categories_sizes":[],"default_left":[1,0,1,1,1,1,1,1,1,1,0,1,1,1,1,1,0,1,1,1,1,1,1,0,1,1,1,1,0,0,0,0,0,0,0,0,0,0,0,0,0,0,0,0,0,0,0,0,0],"id":0,"left_children":[1,-1,3,5,7,9,11,13,15,17,-1,19,21,23,25,27,-1,29,31,33,35,37,39,-1,41,43,45,47,-1,-1,-1,-1,-1,-1,-1,-1,-1,-1,-1,-1,-1,-1,-1,-1,-1,-1,-1,-1,-1],"loss_changes":[2.464895E2,0E0,6.3737206E1,1.8266712E1,6.430563E1,9.999392E0,1.4827192E0,1.7891968E1,1.1842682E1,7.004503E0,0E0,4.7259605E-1,1.6984582E0,2.4386215E-1,2.9855042E0,2.7332558E1,0E0,8.0062895E0,2.7823117E0,2.5613022E-1,1.8644826E-1,1.3983114E0,6.525399E-1,0E0,1.5556362E0,5.3928833E0,6.304833E-1,3.0172267E0,0E0,0E0,0E0,0E0,0E0,0E0,0E0,0E0,0E0,0E0,0E0,0E0,0E0,0E0,0E0,0E0,0E0,0E0,0E0,0E0,0E0],"parents":[2147483647,0,0,2,2,3,3,4,4,5,5,6,6,7,7,8,8,9,9,11,11,12,12,13,13,14,14,15,15,17,17,18,18,19,19,20,20,21,21,22,22,24,24,25,25,26,26,27,27],"right_children":[2,-1,4,6,8,10,12,14,16,18,-1,20,22,24,26,28,-1,30,32,34,36,38,40,-1,42,44,46,48,-1,-1,-1,-1,-1,-1,-1,-1,-1,-1,-1,-1,-1,-1,-1,-1,-1,-1,-1,-1,-1],"split_conditions":[3E0,-7.6464576E-1,2.5E0,1.5E0,2.5E0,3.5E0,3.5E0,1.5E0,3.5E0,2.5E0,-4.8495296E-1,2.5E0,2.5E0,4.5E0,2.5E0,3.5E0,-7.4494225E-1,4.5E0,2.5E0,4.5E0,4.5E0,2.5E0,2.5E0,-4.200315E-1,4.5E0,3.5E0,3.5E0,1.5E0,-7.204946E-1,-3.7514374E-2,-6.140883E-1,4.0282093E-2,-1.7193906E-1,4.6884716E-2,1.1048714E-1,3.8644034E-2,-1.4560248E-2,-2.8464755E-1,-4.3187004E-2,1.5260202E-1,-6.0273274E-3,3.0147824E-2,-3.1714538E-1,-2.622782E-1,4.571026E-2,6.0694437E-3,1.1540652E-1,-3.0153447E-1,-2.9173559E-2],"split_indices":[3,0,0,4,1,1,1,4,1,2,0,4,4,2,4,0,0,3,1,3,2,2,2,0,3,2,0,4,0,0,0,0,0,0,0,0,0,0,0,0,0,0,0,0,0,0,0,0,0],"split_type":[0,0,0,0,0,0,0,0,0,0,0,0,0,0,0,0,0,0,0,0,0,0,0,0,0,0,0,0,0,0,0,0,0,0,0,0,0,0,0,0,0,0,0,0,0,0,0,0,0],"sum_hessian":[3.3646704E2,1.1126298E2,2.2520406E2,1.13454155E2,1.117499E2,3.9197678E1,7.425647E1,5.45359E1,5.7214005E1,3.0189516E1,9.0081625E0,5.5266293E1,1.899018E1,1.7285933E1,3.724997E1,2.8972197E1,2.8241806E1,8.034307E0,2.215521E1,2.7024487E1,2.8241806E1,9.49509E0,9.49509E0,1.3147048E1,4.1388855E0,1.899018E1,1.8259789E1,1.48512945E1,1.4120903E1,4.1388855E0,3.8954215E0,1.4364367E1,7.790843E0,1.38774395E1,1.3147048E1,2.0694427E1,7.547379E0,2.4346385E0,7.0604515E0,2.4346385E0,7.0604515E0,1.460783E0,2.6781023E0,8.764698E0,1.0225481E1,9.251626E0,9.0081625E0,5.1127405E0,9.738554E0],"tree_param":{"num_deleted":"0","num_feature":"5","num_nodes":"49","size_leaf_vector":"0"}},{"base_weights":[-9.074134E-1,-1.6793889E0,-5.096209E-1,-1.4637177E-1,-8.643283E-1,-5.299169E-1,6.719113E-2,-3.3334026E-1,-1.3449422E0,-1.6698568E-1,-8.56981E-1,1.2875311E-1,-1.06286176E-1,-8.775632E-1,-5.1029176E-2,-9.935609E-1,-1.6620239E0,-7.572804E-1,9.773481E-2,-5.6827646E-1,-1.0988349E0,1.9863184E-1,5.8278352E-2,-3.1794637E-1,1.2147171E-1,-1.2291272E0,-6.998515E-1,-2.7045518E-1,1.7938586E-1,-3.2823634E-1,-1.6027219E0,5.7860766E-2,-1.3459417E0,-1.0476955E-1,2.7141723E-1,4.440151E-2,-1.1146235E0,1.14075914E-1,2.7460346E-1,1.349769E-1,-1.9830853E-2,-7.150746E-1,-1.049951E-1,4.1500622E-1,-1.4788496E-2,-5.5393004E-1,6.257838E-2,-2.7451288E-2,3.6900035E-1,-5.721704E-1,1.6330937E-1],"categories":[],"categories_nodes":[],"categories_segments":[],"categories_sizes":[],"default_left":[1,0,1,1,1,1,1,1,1,1,1,1,1,1,1,1,0,1,1,1,0,1,1,1,1,0,0,1,1,1,0,0,0,0,0,0,0,0,0,0,0,0,0,0,0,0,0,0,0,0,0],"id":1,"left_children":[1,-1,3,5,7,9,11,13,15,17,19,21,23,25,27,29,-1,31,33,35,-1,37,39,41,43,-1,-1,45,47,49,-1,-1,-1,-1,-1,-1,-1,-1,-1,-1,-1,-1,-1,-1,-1,-1,-1,-1,-1,-1,-1],"loss_changes":[1.0547632E2,0E0,2.9501545E1,9.439781E0,2.9190033E1,4.7445116E0,8.107472E-1,8.636923E0,5.1039734E0,3.3179753E0,8.7091255E-1,2.6193112E-1,1.0074E0,3.4177017E-1,1.9833106E0,1.2137728E1,0E0,3.2168474E0,5.6367344E-1,4.01058E0,0E0,1.4514828E-1,1.7680877E-1,8.2918215E-1,4.222474E-1,0E0,0E0,1.9228163E0,7.658E-1,2.0349636E0,0E0,0E0,0E0,0E0,0E0,0E0,0E0,0E0,0E0,0E0,0E0,0E0,0E0,0E0,0E0,0E0,0E0,0E0,0E0,0E0,0E0],"parents":[2147483647,0,0,2,2,3,3,4,4,5,5,6,6,7,7,8,8,9,9,10,10,11,11,12,12,13,13,14,14,15,15,17,17,18,18,19,19,21,21,22,22,23,23,24,24,27,27,28,28,29,29],"right_children":[2,-1,4,6,8,10,12,14,16,18,20,22,24,26,28,30,-1,32,34,36,-1,38,40,42,44,-1,-1,46,48,50,-1,-1,-1,-1,-1,-1,-1,-1,-1,-1,-1,-1,-1,-1,-1,-1,-1,-1,-1,-1,-1],"split_conditions":[3E0,-5.0381666E-1,2.5E0,1.5E0,2.5E0,2.5E0,3.5E0,1.5E0,3.5E0,2.5E0,3.5E0,2.5E0,2.5E0,2.5E0,1.5E0,3.5E0,-4.986072E-1,4.5E0,1.5E0,1.5E0,-3.2965046E-1,4.5E0,4.5E0,2.5E0,2.5E0,-3.6873817E-1,-2.0995547E-1,2.5E0,3.5E0,2.5E0,-4.808166E-1,1.735823E-2,-4.0378252E-1,-3.1430867E-2,8.1425175E-2,1.3320454E-2,-3.3438706E-1,3.4222774E-2,8.238104E-2,4.049307E-2,-5.949256E-3,-2.1452239E-1,-3.1498533E-2,1.2450187E-1,-4.4365493E-3,-1.6617902E-1,1.8773515E-2,-8.235387E-3,1.1070011E-1,-1.7165112E-1,4.8992813E-2],"split_indices":[3,0,0,4,1,1,1,4,0,2,1,4,4,2,1,1,0,3,0,0,0,3,3,2,2,0,0,4,2,4,0,0,0,0,0,0,0,0,0,0,0,0,0,0,0,0,0,0,0,0,0],"split_type":[0,0,0,0,0,0,0,0,0,0,0,0,0,0,0,0,0,0,0,0,0,0,0,0,0,0,0,0,0,0,0,0,0,0,0,0,0,0,0,0,0,0,0,0,0,0,0,0,0,0,0],"sum_hessian":[3.4526184E2,1.1631451E2,2.2894731E2,1.1380966E2,1.1513766E2,4.017559E1,7.363407E1,5.5506725E1,5.963093E1,1.9759619E1,2.0415974E1,5.4537964E1,1.9096106E1,1.8238708E1,3.7268017E1,3.0246283E1,2.9384647E1,5.5416746E0,1.4217944E1,1.0833515E1,9.582458E0,2.6471682E1,2.8066282E1,9.692592E0,9.403514E0,4.1373816E0,1.4101326E1,1.9000204E1,1.8267815E1,1.5192211E1,1.5054071E1,2.7019253E0,2.839749E0,6.747499E0,7.470445E0,5.5398326E0,5.293683E0,1.3711939E1,1.2759743E1,1.3793673E1,1.4272609E1,2.5602016E0,7.1323905E0,2.3326921E0,7.070822E0,9.905476E0,9.094728E0,9.146149E0,9.121667E0,1.004384E1,5.1483707E0],"tree_param":{"num_deleted":"0","num_feature":"5","num_nodes":"51","size_leaf_vector":"0"}},{"base_weights":[-6.953762E-1,-1.3667907E0,-3.822627E-1,-1.11753054E-1,-6.552988E-1,-3.9964563E-1,4.8147395E-2,-2.43938E-1,-1.0587485E0,-8.441094E-1,-2.0895107E-1,9.416514E-2,-8.016577E-2,-6.4460224E-1,-3.5928372E-2,-7.5806206E-1,-1.3453846E0,-2.140742E-1,-1.3454593E0,7.2753966E-2,-4.6610093E-1,5.4647554E-2,1.7306638E-1,-2.4330981E-1,9.799129E-2,-9.4782776E-1,-5.0093436E-1,-3.322088E-1,6.572732E-2,-2.3392262E-1,-1.3063489E0,4.5349486E-2,-4.1118392E-1,-7.674327E-2,2.0450918E-1,-2.665997E-1,-6.459873E-1,1.4713673E-1,-2.9691018E-2,-1.2337619E-1,2.753474E-1,-5.5497E-1,-7.681211E-2,3.3957914E-1,-1.0889375E-2,-3.5051158E-1,-1.1641364E0,-6.034637E-1,-3.2321474E-1,-7.682064E-1,1.4970334E-1,-6.814829E-2,2.1069133E-1,-5.631568E-1,-1.8001983E-2],"categories":[],"categories_nodes":[],"categories_segments":[],"categories_sizes":[],"default_left":[1,0,1,1,1,1,1,1,1,1,1,1,1,1,1,1,0,1,0,1,1,1,1,1,1,1,1,1,1,1,0,0,0,0,0,0,0,0,0,0,0,0,0,0,0,0,0,0,0,0,0,0,0,0,0],"id":2,"left_children":[1,-1,3,5,7,9,11,13,15,17,19,21,23,25,27,29,-1,31,-1,33,35,37,39,41,43,45,47,49,51,53,-1,-1,-1,-1,-1,-1,-1,-1,-1,-1,-1,-1,-1,-1,-1,-1,-1,-1,-1,-1,-1,-1,-1,-1,-1],