{"learner":{"attributes":{"best_ntree_limit":"5"},"feature_names":[],"feature_types":[],"gradient_booster":{"model":{"gbtree_model_param":{"num_parallel_tree":"1","num_trees":"5","size_leaf_vector":"0"},"tree_info":[0,0,0,0,0],"trees":[{"base_weights":[-1.3697757E0,-2.624286E0,-7.4080074E-1,-1.9062282E-1,-1.2924874E0,-7.5229836E-1,1.1213995E-1,-4.7409585E-1,-2.050265E0,-4.374505E-1,-1.6535089E0,1.9691896E-1,-1.3201196E-1,-1.3115221E0,-6.051269E-2,-1.4870363E0,-2.554996E0,-1.203999E0,-1.1810414E-1,2.919288E-1,9.889146E-2,-4.2064476E-1,1.6960755E-1,-1.4326164E0,-7.170698E-1,-3.389411E-1,2.3170385E-1,-4.5451045E-1,-2.4676769E0,-1.16476804E-1,-2.0922742E0,1.5303497E-1,-5.7730407E-1,1.7504549E-1,3.935074E-1,1.4736156E-1,-3.575568E-2,-9.625546E-1,-1.3452421E-1,5.2996624E-1,-6.5669226E-3,1.1005869E-1,-1.0730848E0,-8.888391E-1,1.7080778E-1,3.489826E-2,4.0938088E-1,-1.0230104E0,-8.638089E-2],"categories":[],"categories_nodes":[],"categories_segments":[],"categories_sizes":[],"default_left":[1,0,1,1,1,1,1,1,1,1,0,1,1,1,1,1,0,1,1,1,1,1,1,0,1,1,1,1,0,0,0,0,0,0,0,0,0,0,0,0,0,0,0,0,0,0,0,0,0],"id":0,"left_children":[1,-1,3,5,7,9,11,13,15,17,-1,19,21,23,25,27,-1,29,31,33,35,37,39,-1,41,43,45,47,-1,-1,-1,-1,-1,-1,-1,-1,-1,-1,-1,-1,-1,-1,-1,-1,-1,-1,-1,-1,-1],"loss_changes":[2.5511053E2,0E0,6.603712E1,1.8877373E1,6.654263E1,1.0296047E1,1.530316E0,1.849889E1,1.21844635E1,7.2360206E0,0E0,4.772849E-1,1.754187E0,2.4578285E-1,3.0852902E0,2.8206985E1,0E0,8.213914E0,2.8754802E0,2.5269914E-1,1.8970674E-1,1.4466344E0,6.488246E-1,0E0,1.5889993E0,5.5702925E0,6.36999E-1,3.121013E0,0E0,0E0,0E0,0E0,0E0,0E0,0E0,0E0,0E0,0E0,0E0,0E0,0E0,0E0,0E0,0E0,0E0,0E0,0E0,0E0,0E0],"parents":[2147483647,0,0,2,2,3,3,4,4,5,5,6,6,7,7,8,8,9,9,11,11,12,12,13,13,14,14,15,15,17,17,18,18,19,19,20,20,21,21,22,22,24,24,25,25,26,26,27,27],"right_children":[2,-1,4,6,8,10,12,14,16,18,-1,20,22,24,26,28,-1,30,32,34,36,38,40,-1,42,44,46,48,-1,-1,-1,-1,-1,-1,-1,-1,-1,-1,-1,-1,-1,-1,-1,-1,-1,-1,-1,-1,-1],"split_conditions":[3E0,-7.872858E-1,2.5E0,1.5E0,2.5E0,3.5E0,3.5E0,1.5E0,3.5E0,2.5E0,-4.9605268E-1,2.5E0,2.5E0,4.5E0,2.5E0,3.5E0,-7.6649886E-1,4.5E0,2.5E0,4.5E0,4.5E0,2.5E0,2.5E0,-4.2978492E-1,4.5E0,3.5E0,3.5E0,1.5E0,-7.403031E-1,-3.4943044E-2,-6.2768227E-1,4.5910493E-2,-1.7319122E-1,5.2513648E-2,1.1805222E-1,4.420847E-2,-1.0726704E-2,-2.8876638E-1,-4.0357266E-2,1.5898988E-1,-1.970077E-3,3.301761E-2,-3.2192546E-1,-2.6665175E-1,5.1242337E-2,1.0469478E-2,1.2281427E-1,-3.0690312E-1,-2.5914269E-2],"split_indices":[3,0,0,4,1,1,1,4,1,2,0,4,4,2,4,0,0,3,1,3,2,2,2,0,3,2,0,4,0,0,0,0,0,0,0,0,0,0,0,0,0,0,0,0,0,0,0,0,0],"split_type":[0,0,0,0,0,0,0,0,0,0,0,0,0,0,0,0,0,0,0,0,0,0,0,0,0,0,0,0,0,0,0,0,0,0,0,0,0,0,0,0,0,0,0,0,0,0,0,0,0],"sum_hessian":[3.2477512E2,1.073967E2,2.1737843E2,1.0951173E2,1.078667E2,3.7835598E1,7.167613E1,5.264083E1,5.5225872E1,2.9140461E1,8.695137E0,5.334584E1,1.833029E1,1.6685263E1,3.5955566E1,2.796544E1,2.726043E1,7.755122E0,2.1385338E1,2.6085411E1,2.726043E1,9.165145E0,9.165145E0,1.2690201E1,3.995063E0,1.833029E1,1.7625278E1,1.4335226E1,1.3630215E1,3.995063E0,3.7600594E0,1.3865219E1,7.5201187E0,1.3395211E1,1.2690201E1,1.9975315E1,7.2851152E0,2.350037E0,6.8151073E0,2.350037E0,6.8151073E0,1.4100223E0,2.5850408E0,8.460134E0,9.870155E0,8.930141E0,8.695137E0,4.9350777E0,9.400148E0],"tree_param":{"num_deleted":"0","num_feature":"5","num_nodes":"49","size_leaf_vector":"0"}},{"base_weights":[-9.315756E-1,-1.7347976E0,-5.182854E-1,-1.4105017E-1,-8.8666356E-1,-5.3873134E-1,8.056217E-2,-3.3517662E-1,-1.3861872E0,-1.6278741E-1,-8.7671167E-1,1.4428766E-1,-9.935689E-2,-8.982834E-1,-4.2373165E-2,-1.0200932E0,-1.7156875E0,-7.7311873E-1,1.11675315E-1,-5.775912E-1,-1.1255174E0,2.1631224E-1,7.110215E-2,-3.1886876E-1,1.3628516E-1,-1.2573879E0,-7.1408564E-1,-2.6872936E-1,1.9484694E-1,-3.298005E-1,-1.6520529E0,6.756002E-2,-1.3772652E0,-9.718576E-2,2.8917015E-1,5.4260254E-2,-1.139506E0,1.2810263E-1,2.9439637E-1,1.4944609E-1,-9.60977E-3,-7.275051E-1,-9.834224E-2,4.3413273E-1,-4.8463293E-3,-5.613911E-1,7.520897E-2,-1.9659085E-2,3.9016357E-1,-5.8174556E-1,1.771194E-1],"categories":[],"categories_nodes":[],"categories_segments":[],"categories_sizes":[],"default_left":[1,0,1,1,1,1,1,1,1,1,1,1,1,1,1,1,0,1,1,1,0,1,1,1,1,0,0,1,1,1,0,0,0,0,0,0,0,0,0,0,0,0,0,0,0,0,0,0,0,0,0],"id":1,"left_children":[1,-1,3,5,7,9,11,13,15,17,19,21,23,25,27,29,-1,31,33,35,-1,37,39,41,43,-1,-1,45,47,49,-1,-1,-1,-1,-1,-1,-1,-1,-1,-1,-1,-1,-1,-1,-1,-1,-1,-1,-1,-1,-1],"loss_changes":[1.0985919E2,0E0,3.0686462E1,9.802403E0,3.038601E1,4.908683E0,8.395871E-1,8.955238E0,5.299782E0,3.4447694E0,8.9096737E-1,2.6693964E-1,1.0478746E0,3.3309937E-1,2.0356128E0,1.2608156E1,0E0,3.3157983E0,5.731851E-1,4.1295247E0,0E0,1.4484131E-1,1.7883755E-1,8.613709E-1,4.2521292E-1,0E0,0E0,1.9869686E0,7.8754306E-1,2.1030536E0,0E0,0E0,0E0,0E0,0E0,0E0,0E0,0E0,0E0,0E0,0E0,0E0,0E0,0E0,0E0,0E0,0E0,0E0,0E0,0E0,0E0],"parents":[2147483647,0,0,2,2,3,3,4,4,5,5,6,6,7,7,8,8,9,9,10,10,11,11,12,12,13,13,14,14,15,15,17,17,18,18,19,19,21,21,22,22,23,23,24,24,27,27,28,28,29,29],"right_children":[2,-1,4,6,8,10,12,14,16,18,20,22,24,26,28,30,-1,32,34,36,-1,38,40,42,44,-1,-1,46,48,50,-1,-1,-1,-1,-1,-1,-1,-1,-1,-1,-1,-1,-1,-1,-1,-1,-1,-1,-1,-1,-1],"split_conditions":[3E0,-5.204393E-1,2.5E0,1.5E0,2.5E0,2.5E0,3.5E0,1.5E0,3.5E0,2.5E0,3.5E0,2.5E0,2.5E0,2.5E0,1.5E0,3.5E0,-5.1470625E-1,4.5E0,1.5E0,1.5E0,-3.3765522E-1,4.5E0,4.5E0,2.5E0,2.5E0,-3.7721637E-1,-2.142257E-1,2.5E0,3.5E0,2.5E0,-4.9561587E-1,2.0268006E-2,-4.1317958E-1,-2.915573E-2,8.6751044E-2,1.6278077E-2,-3.418518E-1,3.843079E-2,8.8318914E-2,4.4833828E-2,-2.8829311E-3,-2.1825154E-1,-2.9502673E-2,1.3023983E-1,-1.4538988E-3,-1.6841733E-1,2.2562692E-2,-5.897726E-3,1.17049076E-1,-1.7452368E-1,5.3135823E-2],"split_indices":[3,0,0,4,1,1,1,4,0,2,1,4,4,2,1,1,0,3,0,0,0,3,3,2,2,0,0,4,2,4,0,0,0,0,0,0,0,0,0,0,0,0,0,0,0,0,0,0,0,0,0],"split_type":[0,0,0,0,0,0,0,0,0,0,0,0,0,0,0,0,0,0,0,0,0,0,0,0,0,0,0,0,0,0,0,0,0,0,0,0,0,0,0,0,0,0,0,0,0,0,0,0,0,0,0],"sum_hessian":[3.3264584E2,1.119247E2,2.2072116E2,1.0973284E2,1.1098831E2,3.875551E1,7.097733E1,5.3544643E1,5.744367E1,1.9048756E1,1.9706753E1,5.255938E1,1.8417953E1,1.7609997E1,3.5934647E1,2.9151045E1,2.8292622E1,5.345331E0,1.37034235E1,1.0456789E1,9.249964E0,2.5504137E1,2.7055243E1,9.35248E0,9.065474E0,3.9950738E0,1.3614923E1,1.8320417E1,1.761423E1,1.4659868E1,1.4491178E1,2.606509E0,2.7388225E0,6.5033197E0,7.2001038E0,5.3473444E0,5.1094446E0,1.3215503E1,1.2288635E1,1.329688E1,1.3758364E1,2.4723186E0,6.8801613E0,2.2470834E0,6.8183904E0,9.556457E0,8.763962E0,8.823351E0,8.790878E0,9.694154E0,4.965715E0],"tree_param":{"num_deleted":"0","num_feature":"5","num_nodes":"51","size_leaf_vector":"0"}},{"base_weights":[-7.193271E-1,-1.4311877E0,-3.9069483E-1,-1.0835869E-1,-6.7648286E-1,-4.0786937E-1,5.806052E-2,-2.4592315E-1,-1.1017777E0,-8.6958456E-1,-2.093136E-1,1.0579185E-1,-7.520089E-2,-6.6186035E-1,-2.957371E-2,-7.834876E-1,-1.4062836E0,-2.1422733E-1,-1.3894281E0,8.337198E-2,-4.7622538E-1,6.494533E-2,1.8655425E-1,-2.4497217E-1,1.0988135E-1,-9.743925E-1,-5.121236E-1,-3.3658496E-1,7.590101E-2,-2.352123E-1,-1.362038E0,5.312718E-2,-4.1762322E-1,-7.134922E-2,2.1862502E-1,-2.6895747E-1,-6.624663E-1,1.599749E-1,-2.2261664E-2,-1.2080812E-1,2.9211977E-1,-5.664207E-1,-7.209149E-2,3.5686377E-1,-3.577076E-3,-3.5687837E-1,-1.1928871E0,-6.1620486E-1,-3.2917815E-1,-7.849493E-1,1.6102853E-1,-6.2596396E-2,2.25279E-1,-5.7564265E-1,-1.1179633E-2],"categories":[],"categories_nodes":[],"categories_segments":[],"categories_sizes":[],"default_left":[1,0,1,1,1,1,1,1,1,1,1,1,1,1,1,1,0,1,0,1,1,1,1,1,1,1,1,1,1,1,0,0,0,0,0,0,0,0,0,0,0,0,0,0,0,0,0,0,0,0,0,0,0,0,0],"id":2,"left_children":[1,-1,3,5,7,9,11,13,15,17,19,21,23,25,27,29,-1,31,-1,33,35,37,39,41,43,45,47,49,51,53,-1,-1,-1,-1,-1,-1,-1,-1,-1,-1,-1,-1,-1,-1,-1,-1,-1,-1,-1,-1,-1,-1,-1,-1,-1],