{"learner":{"attributes":{"best_ntree_limit":"1"},"feature_names":[],"feature_types":[],"gradient_booster":{"model":{"gbtree_model_param":{"num_parallel_tree":"1","num_trees":"1","size_leaf_vector":"0"},"tree_info":[0],"trees":[{"base_weights":[-1.3697757E0,-2.624548E0,-7.3047936E-1,-1.6875006E-1,-1.3026094E0,-5.479253E-1,1.731098E-2,-5.653688E-1,-2.064556E0,-1.3440754E0,-2.5045916E-1,1.7468624E-1,-1.4645599E-1,-1.4184568E0,-8.757222E-2,-1.455021E0,-2.5534108E0,-1.16476804E-1,-2.1840394E0,1.5303497E-1,-6.6320497E-1,2.0424221E-1,7.123216E-2,-4.1525277E-1,1.2664945E-1,-1.8654593E0,-1.1488281E0,-3.9672157E-1,2.7171695E-1,-4.0998706E-1,-2.4447412E0,4.0813595E-1,-3.846846E-1,2.4428073E-1,2.6357366E-2,-2.2712186E-1,-9.532515E-1,1.459442E-1,2.98229E-1,1.564181E-1,-3.9056543E-2,-8.0119526E-1,6.252167E-2,2.1093607E-2,2.3998824E-1,-8.0119526E-1,4.505498E-2,4.5678735E-1,6.252167E-2,-8.440073E-1,3.9766592E-1],"categories":[],"categories_nodes":[],"categories_segments":[],"categories_sizes":[],"default_left":[1,0,1,1,1,1,1,1,1,1,1,1,1,1,1,1,0,1,0,1,1,1,1,1,1,0,0,1,1,1,0,0,0,0,0,0,0,0,0,0,0,0,0,0,0,0,0,0,0,0,0],"id":0,"left_children":[1,-1,3,5,7,9,11,13,15,17,19,21,23,25,27,29,-1,31,-1,33,35,37,39,41,43,-1,-1,45,47,49,-1,-1,-1,-1,-1,-1,-1,-1,-1,-1,-1,-1,-1,-1,-1,-1,-1,-1,-1,-1,-1],"loss_changes":[2.5941028E2,0E0,6.958551E1,7.8226385E0,5.9195236E1,8.304157E0,1.9652802E0,2.2697802E1,1.1918182E1,9.742641E0,4.7297244E0,1.04198456E-1,2.7999978E0,2.7165604E-1,4.2125993E0,2.5553516E1,0E0,8.59835E-1,0E0,1.653854E-1,1.5448165E0,1.1904681E-1,1.0161117E-1,3.5711377E0,2.2619703E-1,0E0,0E0,3.6581376E0,6.5614104E-1,5.1345654E0,0E0,0E0,0E0,0E0,0E0,0E0,0E0,0E0,0E0,0E0,0E0,0E0,0E0,0E0,0E0,0E0,0E0,0E0,0E0,0E0,0E0],"parents":[2147483647,0,0,2,2,3,3,4,4,5,5,6,6,7,7,8,8,9,9,10,10,11,11,12,12,13,13,14,14,15,15,17,17,19,19,20,20,21,21,22,22,23,23,24,24,27,27,28,28,29,29],"right_children":[2,-1,4,6,8,10,12,14,16,18,20,22,24,26,28,30,-1,32,-1,34,36,38,40,42,44,-1,-1,46,48,50,-1,-1,-1,-1,-1,-1,-1,-1,-1,-1,-1,-1,-1,-1,-1,-1,-1,-1,-1,-1,-1],"split_conditions":[3E0,-7.873644E-1,2.5E0,1.5E0,2.5E0,2.5E0,2.5E0,1.5E0,3.5E0,4.5E0,2.5E0,4.5E0,2.5E0,2.5E0,2.5E0,3.5E0,-7.660233E-1,1.5E0,-6.552118E-1,1.5E0,1.5E0,3.5E0,4.5E0,3.5E0,1.5E0,-5.5963784E-1,-3.4464845E-1,3.5E0,1.5E0,2.5E0,-7.334224E-1,1.2244079E-1,-1.1540538E-1,7.328422E-2,7.90721E-3,-6.813656E-2,-2.8597546E-1,4.378326E-2,8.94687E-2,4.6925433E-2,-1.1716964E-2,-2.4035859E-1,1.8756501E-2,6.328082E-3,7.199647E-2,-2.4035859E-1,1.3516494E-2,1.370362E-1,1.8756501E-2,-2.532022E-1,1.1929978E-1],"split_indices":[3,0,0,4,1,2,1,4,0,3,1,2,4,2,4,1,0,1,0,1,0,2,3,2,0,0,0,2,1,4,0,0,0,0,0,0,0,0,0,0,0,0,0,0,0,0,0,0,0,0,0],"split_type":[0,0,0,0,0,0,0,0,0,0,0,0,0,0,0,0,0,0,0,0,0,0,0,0,0,0,0,0,0,0,0,0,0,0,0,0,0,0,0,0,0,0,0,0,0,0,0,0,0,0,0],"sum_hessian":[3.2477512E2,1.0857172E2,2.1620341E2,1.09746735E2,1.0645668E2,3.548556E1,7.426117E1,5.4990868E1,5.1465813E1,8.695137E0,2.6790422E1,3.7835598E1,3.6425575E1,1.9035301E1,3.5955566E1,2.467539E1,2.6790422E1,3.995063E0,4.700074E0,1.3865219E1,1.2925204E1,2.8670452E1,9.165145E0,1.8095285E1,1.833029E1,4.9350777E0,1.4100223E1,1.9270304E1,1.6685263E1,1.2690201E1,1.1985189E1,1.1750185E0,2.8200445E0,7.5201187E0,6.3451004E0,5.8750925E0,7.0501113E0,1.9270304E1,9.400148E0,4.9350777E0,4.230067E0,9.635152E0,8.460134E0,1.010516E1,8.22513E0,9.635152E0,9.635152E0,8.22513E0,8.460134E0,8.22513E0,4.4650707E0],"tree_param":{"num_deleted":"0","num_feature":"5","num_nodes":"51","size_leaf_vector":"0"}}]},"name":"gbtree"},"learner_model_param":{"base_score":"5E-1","num_class":"0","num_feature":"5","num_target":"1"},"objective":{"name":"reg:squarederror","reg_loss_param":{"scale_pos_weight":"1"}}},"version":[1,6,2]}