{"learner":{"attributes":{"best_ntree_limit":"6"},"feature_names":[],"feature_types":[],"gradient_booster":{"model":{"gbtree_model_param":{"num_parallel_tree":"1","num_trees":"1","size_leaf_vector":"0"},"tree_info":[0],"trees":[{"base_weights":[-7.9006946E-1,-1.5177089E0,-4.2160597E-1,-9.7579814E-2,-7.5332326E-1,-3.1933588E-1,1.0028255E-2,-3.2815808E-1,-1.1989486E0,-8.0964226E-1,-1.4650881E-1,1.0173636E-1,-8.533069E-2,-8.347473E-1,-5.1030256E-2,-8.52218E-1,-1.4936454E0,-7.331789E-2,-1.3591812E0,-4.2189816E-3,-5.6648767E-1,1.1935654E-1,4.2818196E-2,-2.4463235E-1,7.459072E-2,-1.157239E0,-6.808843E-1,-2.334081E-1,1.6036333E-1,-2.4371512E-1,-1.4557923E0,2.9202378E-1,-2.4925587E-1,9.074178E-2,-1.9551237E-1,8.586515E-2,1.7909159E-1,9.7034074E-2,-2.4482638E-2,-4.8068E-1,3.7704542E-2,1.26329865E-2,1.4490137E-1,-8.062381E-1,-5.041003E-1,-4.8068E-1,2.7030898E-2,2.7580148E-1,3.7704542E-2,-7.436143E-1,3.7704542E-2],"categories":[],"categories_nodes":[],"categories_segments":[],"categories_sizes":[],"default_left":[1,0,1,1,1,1,1,1,1,1,1,1,1,1,1,1,0,1,0,1,0,1,1,1,1,0,1,1,1,1,0,0,0,0,0,0,0,0,0,0,0,0,0,0,0,0,0,0,0,0,0],"id":0,"left_children":[1,-1,3,5,7,9,11,13,15,17,19,21,23,25,27,29,-1,31,-1,33,-1,35,37,39,41,-1,43,45,47,49,-1,-1,-1,-1,-1,-1,-1,-1,-1,-1,-1,-1,-1,-1,-1,-1,-1,-1,-1,-1,-1],"loss_changes":[1.507904E2,0E0,4.037625E1,4.5734024E0,3.4810707E1,5.1862407E0,1.1448332E0,1.3500002E1,7.958542E0,6.4129133E0,2.8366375E0,6.411582E-2,1.6546767E0,9.013634E-1,2.4824495E0,1.5745316E1,0E0,5.8285797E-1,0E0,6.806513E-1,0E0,8.619708E-2,6.4078934E-2,2.1783144E0,1.4114887E-1,0E0,1.5818119E-1,2.2317564E0,4.138993E-1,3.2679577E0,0E0,0E0,0E0,0E0,0E0,0E0,0E0,0E0,0E0,0E0,0E0,0E0,0E0,0E0,0E0,0E0,0E0,0E0,0E0,0E0,0E0],"parents":[2147483647,0,0,2,2,3,3,4,4,5,5,6,6,7,7,8,8,9,9,10,10,11,11,12,12,13,13,14,14,15,15,17,17,19,19,21,21,22,22,23,23,24,24,26,26,27,27,28,28,29,29],"right_children":[2,-1,4,6,8,10,12,14,16,18,20,22,24,26,28,30,-1,32,-1,34,-1,36,38,40,42,-1,44,46,48,50,-1,-1,-1,-1,-1,-1,-1,-1,-1,-1,-1,-1,-1,-1,-1,-1,-1,-1,-1,-1,-1],"split_conditions":[3E0,-4.553127E-1,2.5E0,1.5E0,2.5E0,2.5E0,2.5E0,1.5E0,3.5E0,4.5E0,3.5E0,4.5E0,2.5E0,2.5E0,2.5E0,3.5E0,-4.4809365E-1,1.5E0,-4.0775436E-1,2.5E0,-1.6994631E-1,3.5E0,4.5E0,3.5E0,1.5E0,-3.471717E-1,1.5E0,3.5E0,1.5E0,1.5E0,-4.3673772E-1,8.760714E-2,-7.477676E-2,2.7222537E-2,-5.8653712E-2,2.5759546E-2,5.3727478E-2,2.9110223E-2,-7.3447917E-3,-1.44204E-1,1.1311363E-2,3.7898961E-3,4.3470412E-2,-2.4187145E-1,-1.512301E-1,-1.44204E-1,8.10927E-3,8.274045E-2,1.1311363E-2,-2.230843E-1,1.1311363E-2],"split_indices":[3,0,0,4,1,2,1,4,0,3,1,2,4,2,4,1,0,1,0,1,0,2,3,2,0,0,1,2,1,4,0,0,0,0,0,0,0,0,0,0,0,0,0,0,0,0,0,0,0,0,0],"split_type":[0,0,0,0,0,0,0,0,0,0,0,0,0,0,0,0,0,0,0,0,0,0,0,0,0,0,0,0,0,0,0,0,0,0,0,0,0,0,0,0,0,0,0,0,0,0,0,0,0,0,0],"sum_hessian":[5.6380963E2,1.884805E2,3.7532913E2,1.9052032E2,1.8480879E2,6.1602932E1,1.2891739E2,9.546415E1,8.934465E1,1.5094758E1,4.6508175E1,6.5682594E1,6.32348E1,3.304528E1,6.2418865E1,4.2836475E1,4.6508175E1,6.9354296E0,8.159328E0,3.549308E1,1.1015094E1,4.9771904E1,1.5910691E1,3.1413416E1,3.1821383E1,8.567295E0,2.4477985E1,3.3453247E1,2.8965616E1,2.2030188E1,2.0806288E1,2.039832E0,4.8955975E0,2.4070019E1,1.142306E1,3.3453247E1,1.6318657E1,8.567295E0,7.3433957E0,1.6726624E1,1.4686791E1,1.7542557E1,1.4278825E1,1.2238993E1,1.2238993E1,1.6726624E1,1.6726624E1,1.4278825E1,1.4686791E1,7.3433957E0,1.4686791E1],"tree_param":{"num_deleted":"0","num_feature":"5","num_nodes":"51","size_leaf_vector":"0"}}]},"name":"gbtree"},"learner_model_param":{"base_score":"5E-1","num_class":"0","num_feature":"5","num_target":"1"},"objective":{"name":"reg:squarederror","reg_loss_param":{"scale_pos_weight":"1"}}},"version":[1,6,2]}