{"learner":{"attributes":{"best_ntree_limit":"2"},"feature_names":[],"feature_types":[],"gradient_booster":{"model":{"gbtree_model_param":{"num_parallel_tree":"1","num_trees":"2","size_leaf_vector":"0"},"tree_info":[0,0],"trees":[{"base_weights":[-1.3697757E0,-2.6246512E0,-7.2631943E-1,-1.3385005E-1,-1.2945781E0,-5.760412E-1,8.856335E-2,-4.5713463E-1,-2.0881789E0,-3.3571532E-1,-1.1735438E0,2.1950157E-1,-4.3948714E-2,-1.2750142E0,-8.280948E-2,-1.5288261E0,-2.5580132E0,-9.800475E-1,-8.1155874E-2,2.8679177E-1,-1.8199742E-2,-2.5814593E-1,1.7801337E-1,-9.8153573E-1,-1.7598759E0,-6.0924405E-1,1.2355525E-1,-5.528105E-1,-2.4616675E0,4.705316E-1,-2.0633757E0,2.0923589E-1,-2.1207087E-1,3.390848E-1,1.7080778E-1,-3.996294E-1,2.7206892E-1,-6.22064E-1,1.05924055E-1,1.0943142E-1,3.6753353E-1,-5.178019E-1,-1.2438961E0,-9.861797E-1,-7.880372E-2,1.762113E-1,5.4917373E-2,-1.4321367E0,-4.8972823E-2],"categories":[],"categories_nodes":[],"categories_segments":[],"categories_sizes":[],"default_left":[1,0,1,1,1,1,1,1,1,1,0,1,1,1,1,1,0,1,1,1,1,1,1,1,0,1,1,1,0,0,0,0,0,0,0,0,0,0,0,0,0,0,0,0,0,0,0,0,0],"id":0,"left_children":[1,-1,3,5,7,9,11,13,15,17,-1,19,21,23,25,27,-1,29,31,33,35,37,39,41,-1,43,45,47,-1,-1,-1,-1,-1,-1,-1,-1,-1,-1,-1,-1,-1,-1,-1,-1,-1,-1,-1,-1,-1],"loss_changes":[2.611432E2,0E0,7.279561E1,1.0596187E1,7.249106E1,4.77769E0,1.2624876E0,1.6748394E1,1.0927338E1,4.363035E0,0E0,5.8880496E-1,1.7917835E0,7.2229004E-1,4.294278E0,2.4369377E1,0E0,1.2882662E1,8.239157E-1,1.1491084E-1,1.1040871E0,2.5958576E0,2.0186538E-1,9.357567E-1,0E0,2.1426716E0,9.416047E-2,6.619831E0,0E0,0E0,0E0,0E0,0E0,0E0,0E0,0E0,0E0,0E0,0E0,0E0,0E0,0E0,0E0,0E0,0E0,0E0,0E0,0E0,0E0],"parents":[2147483647,0,0,2,2,3,3,4,4,5,5,6,6,7,7,8,8,9,9,11,11,12,12,13,13,14,14,15,15,17,17,18,18,19,19,20,20,21,21,22,22,23,23,25,25,26,26,27,27],"right_children":[2,-1,4,6,8,10,12,14,16,18,-1,20,22,24,26,28,-1,30,32,34,36,38,40,42,-1,44,46,48,-1,-1,-1,-1,-1,-1,-1,-1,-1,-1,-1,-1,-1,-1,-1,-1,-1,-1,-1,-1,-1],"split_conditions":[3E0,-7.873954E-1,2.5E0,1.5E0,2.5E0,3.5E0,2.5E0,1.5E0,3.5E0,2.5E0,-3.5206315E-1,4.5E0,2.5E0,4.5E0,2.5E0,3.5E0,-7.67404E-1,4.5E0,3.5E0,3.5E0,4.5E0,3.5E0,4.5E0,4.5E0,-5.279628E-1,2.5E0,1.5E0,1.5E0,-7.385003E-1,1.4115949E-1,-6.190127E-1,6.277077E-2,-6.362126E-2,1.01725444E-1,5.1242337E-2,-1.1988883E-1,8.162068E-2,-1.866192E-1,3.1777218E-2,3.282943E-2,1.1026006E-1,-1.5534057E-1,-3.7316886E-1,-2.958539E-1,-2.3641117E-2,5.2863393E-2,1.6475212E-2,-4.29641E-1,-1.4691847E-2],"split_indices":[3,0,0,4,1,1,1,4,1,2,0,2,4,2,2,0,0,3,2,2,3,2,2,3,0,4,1,4,0,0,0,0,0,0,0,0,0,0,0,0,0,0,0,0,0,0,0,0,0],"split_type":[0,0,0,0,0,0,0,0,0,0,0,0,0,0,0,0,0,0,0,0,0,0,0,0,0,0,0,0,0,0,0,0,0,0,0,0,0,0,0,0,0,0,0,0,0,0,0,0,0],"sum_hessian":[3.2477512E2,1.0904172E2,2.157334E2,1.0622168E2,1.0951173E2,3.5015553E1,7.120612E1,5.4050854E1,5.5460876E1,2.6085411E1,8.930141E0,3.548556E1,3.5720566E1,1.6215256E1,3.7835598E1,2.726043E1,2.8200445E1,6.580104E0,1.9505308E1,2.7495434E1,7.990126E0,1.8095285E1,1.7625278E1,1.1985189E1,4.230067E0,1.010516E1,2.7730438E1,1.4100223E1,1.3160208E1,3.0550482E0,3.5250556E0,5.8750925E0,1.3630215E1,1.7625278E1,9.870155E0,3.290052E0,4.700074E0,8.695137E0,9.400148E0,1.4100223E1,3.5250556E0,5.4050856E0,6.580104E0,5.4050856E0,4.700074E0,1.4805234E1,1.2925204E1,4.4650707E0,9.635152E0],"tree_param":{"num_deleted":"0","num_feature":"5","num_nodes":"49","size_leaf_vector":"0"}},{"base_weights":[-9.320109E-1,-1.7349477E0,-5.093679E-1,-9.753639E-2,-8.9396983E-1,-4.118438E-1,6.5022774E-2,-3.337162E-1,-1.4128528E0,-1.15488194E-1,-6.8264896E-1,1.7671724E-1,-4.9073055E-2,-8.9861315E-1,-6.2930904E-2,-1.0631796E0,-1.716492E0,-5.6564903E-1,7.778405E-2,-2.539305E-1,-1.0618728E0,7.364415E-2,2.7075627E-1,1.0523589E-1,-2.0384978E-1,-6.897372E-1,-1.25005E0,-4.3859366E-1,8.9889966E-2,-4.0309334E-1,-1.6513916E0,4.4477832E-1,-1.3470616E0,-1.16213866E-1,2.7972344E-1,1.17023615E-2,-4.8662582E-1,1.5247233E-1,-1.4595221E-1,4.744543E-1,1.8015237E-1,-3.6161624E-2,2.2807144E-1,-4.3885794E-1,5.83734E-2,-1.1268387E0,-3.5494068E-1,-6.9797117E-1,-5.897831E-2,1.2865055E-1,3.980772E-2,-1.0156579E0,-3.5524067E-2],"categories":[],"categories_nodes":[],"categories_segments":[],"categories_sizes":[],"default_left":[1,0,1,1,1,1,1,1,1,1,1,1,1,1,1,1,0,1,1,1,0,1,1,1,1,1,0,1,1,1,0,0,0,0,0,0,0,0,0,0,0,0,0,0,0,0,0,0,0,0,0,0,0],"id":1,"left_children":[1,-1,3,5,7,9,11,13,15,17,19,21,23,25,27,29,-1,31,33,35,-1,37,39,41,43,45,-1,47,49,51,-1,-1,-1,-1,-1,-1,-1,-1,-1,-1,-1,-1,-1,-1,-1,-1,-1,-1,-1,-1,-1,-1,-1],"loss_changes":[1.123356E2,0E0,3.4757774E1,5.512096E0,3.256282E1,2.8692155E0,9.214461E-1,8.501643E0,4.4060593E0,1.6747136E0,2.8178673E0,3.3298337E-1,8.863682E-1,4.630499E-1,2.272342E0,1.0944778E1,0E0,5.139805E0,5.806639E-1,6.3789946E-1,0E0,3.467277E-1,2.5902283E-1,3.346729E-1,1.1607486E0,1.5836039E0,0E0,1.0830195E0,5.0159857E-2,3.4344263E0,0E0,0E0,0E0,0E0,0E0,0E0,0E0,0E0,0E0,0E0,0E0,0E0,0E0,0E0,0E0,0E0,0E0,0E0,0E0,0E0,0E0,0E0,0E0],"parents":[2147483647,0,0,2,2,3,3,4,4,5,5,6,6,7,7,8,8,9,9,10,10,11,11,12,12,13,13,14,14,15,15,17,17,18,18,19,19,21,21,22,22,23,23,24,24,25,25,27,27,28,28,29,29],"right_children":[2,-1,4,6,8,10,12,14,16,18,20,22,24,26,28,30,-1,32,34,36,-1,38,40,42,44,46,-1,48,50,52,-1,-1,-1,-1,-1,-1,-1,-1,-1,-1,-1,-1,-1,-1,-1,-1,-1,-1,-1,-1,-1,-1,-1],"split_conditions":[3E0,-5.204843E-1,2.5E0,1.5E0,2.5E0,2.5E0,1.5E0,1.5E0,3.5E0,2.5E0,1.5E0,4.5E0,2.5E0,4.5E0,2.5E0,3.5E0,-5.1494765E-1,4.5E0,1.5E0,3.5E0,-3.1856185E-1,3.5E0,1.5E0,4.5E0,2.5E0,2.5E0,-3.75015E-1,2.5E0,1.5E0,1.5E0,-4.954175E-1,1.334335E-1,-4.041185E-1,-3.486416E-2,8.391704E-2,3.5107087E-3,-1.4598775E-1,4.57417E-2,-4.3785665E-2,1.423363E-1,5.4045714E-2,-1.0848488E-2,6.842143E-2,-1.3165739E-1,1.751202E-2,-3.3805162E-1,-1.0648221E-1,-2.0939136E-1,-1.7693494E-2,3.8595166E-2,1.1942316E-2,-3.046974E-1,-1.065722E-2],"split_indices":[3,0,0,4,1,1,0,4,0,2,0,3,1,2,2,1,0,3,1,1,0,1,1,3,4,2,0,4,1,4,0,0,0,0,0,0,0,0,0,0,0,0,0,0,0,0,0,0,0,0,0,0,0],"split_type":[0,0,0,0,0,0,0,0,0,0,0,0,0,0,0,0,0,0,0,0,0,0,0,0,0,0,0,0,0,0,0,0,0,0,0,0,0,0,0,0,0,0,0,0,0,0,0,0,0,0,0,0,0],"sum_hessian":[3.3263037E2,1.136373E2,2.1899306E2,1.0635829E2,1.1263477E2,3.5733746E1,7.062454E1,5.4948425E1,5.7686344E1,1.7743074E1,1.7990671E1,3.541049E1,3.5214054E1,1.7053608E1,3.7894817E1,2.8902956E1,2.8783388E1,4.75087E0,1.2992205E1,9.227943E0,8.762729E0,1.7744474E1,1.7666014E1,1.7793957E1,1.7420097E1,1.2554488E1,4.4991207E0,1.0417251E1,2.7477566E1,1.441352E1,1.4489436E1,2.2597017E0,2.4911685E0,6.842911E0,6.1492944E0,4.7524753E0,4.4754686E0,1.3282239E1,4.4622364E0,4.134391E0,1.3531623E1,8.6E0,9.193956E0,8.831541E0,8.588557E0,4.41918E0,8.135308E0,5.690505E0,4.7267456E0,1.460523E1,1.2872335E1,4.7441263E0,9.669394E0],"tree_param":{"num_deleted":"0","num_feature":"5","num_nodes":"53","size_leaf_vector":"0"}}]},"name":"gbtree"},"learner_model_param":{"base_score":"5E-1","num_class":"0","num_feature":"5","num_target":"1"},"objective":{"name":"reg:squarederror","reg_loss_param":{"scale_pos_weight":"1"}}},"version":[1,6,2]}