{"learner":{"attributes":{"best_ntree_limit":"6"},"feature_names":[],"feature_types":[],"gradient_booster":{"model":{"gbtree_model_param":{"num_parallel_tree":"1","num_trees":"1","size_leaf_vector":"0"},"tree_info":[0],"trees":[{"base_weights":[-7.8883123E-1,-1.5175316E0,-4.3199164E-1,-7.477379E-2,-7.831622E-1,-3.5195825E-1,5.8463812E-2,-3.0748686E-1,-1.2428075E0,2.6877005E-2,-6.8710786E-1,-1.4742465E-2,1.3261971E-1,-8.053747E-1,-3.180941E-2,-9.257617E-1,-1.4966457E0,-5.2598727E-1,2.0328972E-1,-4.893895E-1,-8.4419465E-1,-1.16605856E-1,7.6934434E-2,2.1035142E-1,1.0619106E-1,-8.873547E-1,-4.857547E-1,-2.1155013E-1,1.4663407E-1,-3.090035E-1,-1.4628538E0,8.516514E-2,-1.1300521E0,3.0774456E-1,7.030653E-2,-2.1653418E-1,-7.436143E-1,-1.2253946E0,-6.274885E-1,4.2818196E-2,-2.8103495E-1,1.621302E-1,3.978913E-2,1.9799467E-2,4.0394092E-1,2.0999238E-2,1.4391482E-1,-5.884921E-1,-2.2976935E-1,-7.80076E-1,5.9664333E-3,2.0999238E-2,2.6338345E-1,-7.0340353E-1,-8.979125E-2],"categories":[],"categories_nodes":[],"categories_segments":[],"categories_sizes":[],"default_left":[1,0,1,1,1,1,1,1,1,1,1,1,1,1,1,1,0,1,1,1,1,1,1,1,1,0,1,1,1,1,0,0,0,0,0,0,0,0,0,0,0,0,0,0,0,0,0,0,0,0,0,0,0,0,0],"id":0,"left_children":[1,-1,3,5,7,9,11,13,15,17,19,21,23,25,27,29,-1,31,33,35,37,39,41,43,45,-1,47,49,51,53,-1,-1,-1,-1,-1,-1,-1,-1,-1,-1,-1,-1,-1,-1,-1,-1,-1,-1,-1,-1,-1,-1,-1,-1,-1],"loss_changes":[1.4631747E2,0E0,4.771277E1,7.0334215E0,4.1581413E1,7.863346E0,7.0280534E-1,1.3102716E1,6.443405E0,3.029543E0,6.0625744E-1,6.2406814E-1,1.09622955E-1,4.6103287E-1,2.0389192E0,1.4744774E1,0E0,2.8751976E0,3.0393684E-1,1.0120192E0,6.280441E-1,8.4032834E-1,1.05162635E-1,5.556206E-1,1.5752423E-1,0E0,1.0566616E-1,3.912119E0,4.6391827E-1,1.8926969E0,0E0,0E0,0E0,0E0,0E0,0E0,0E0,0E0,0E0,0E0,0E0,0E0,0E0,0E0,0E0,0E0,0E0,0E0,0E0,0E0,0E0,0E0,0E0,0E0,0E0],"parents":[2147483647,0,0,2,2,3,3,4,4,5,5,6,6,7,7,8,8,9,9,10,10,11,11,12,12,13,13,14,14,15,15,17,17,18,18,19,19,20,20,21,21,22,22,23,23,24,24,26,26,27,27,28,28,29,29],"right_children":[2,-1,4,6,8,10,12,14,16,18,20,22,24,26,28,30,-1,32,34,36,38,40,42,44,46,-1,48,50,52,54,-1,-1,-1,-1,-1,-1,-1,-1,-1,-1,-1,-1,-1,-1,-1,-1,-1,-1,-1,-1,-1,-1,-1,-1,-1],"split_conditions":[3E0,-4.552595E-1,2.5E0,1.5E0,2.5E0,2.5E0,3.5E0,1.5E0,3.5E0,2.5E0,4.5E0,2.5E0,1.5E0,4.5E0,2.5E0,3.5E0,-4.489937E-1,4.5E0,1.5E0,1.5E0,2.5E0,2.5E0,1.5E0,2.5E0,2.5E0,-2.662064E-1,4.5E0,2.5E0,4.5E0,1.5E0,-4.3885615E-1,2.5549544E-2,-3.3901563E-1,9.232337E-2,2.109196E-2,-6.4960256E-2,-2.230843E-1,-3.6761838E-1,-1.8824656E-1,1.2845459E-2,-8.431049E-2,4.8639063E-2,1.1936739E-2,5.9398403E-3,1.2118228E-1,6.299772E-3,4.3174446E-2,-1.7654763E-1,-6.8930805E-2,-2.3402281E-1,1.78993E-3,6.299772E-3,7.901504E-2,-2.1102107E-1,-2.6937377E-2],"split_indices":[3,0,0,4,1,1,2,4,0,2,3,4,1,2,4,1,0,3,0,0,2,1,1,4,1,0,3,2,3,4,0,0,0,0,0,0,0,0,0,0,0,0,0,0,0,0,0,0,0,0,0,0,0,0,0],"split_type":[0,0,0,0,0,0,0,0,0,0,0,0,0,0,0,0,0,0,0,0,0,0,0,0,0,0,0,0,0,0,0,0,0,0,0,0,0,0,0,0,0,0,0,0,0,0,0,0,0,0,0,0,0,0,0],"sum_hessian":[5.642176E2,1.8440083E2,3.7981674E2,1.8888846E2,1.909283E2,6.0787E1,1.2810146E2,9.464822E1,9.6280075E1,2.8965616E1,3.1821383E1,6.486666E1,6.32348E1,3.304528E1,6.1602932E1,4.487631E1,5.140377E1,6.527463E0,2.2438154E1,1.5910691E1,1.5910691E1,3.0597483E1,3.426918E1,1.4278825E1,4.895597E1,2.4885952E1,8.159328E0,3.0597483E1,3.100545E1,2.1622221E1,2.3254087E1,3.6716979E0,2.855765E0,1.1831027E1,1.0607127E1,8.567295E0,7.3433957E0,4.079664E0,1.1831027E1,1.5910691E1,1.4686791E1,9.383228E0,2.4885952E1,7.7513623E0,6.527463E0,1.5502725E1,3.3453247E1,4.8955975E0,3.2637315E0,7.7513623E0,2.284612E1,1.5502725E1,1.5502725E1,6.9354296E0,1.4686791E1],"tree_param":{"num_deleted":"0","num_feature":"5","num_nodes":"55","size_leaf_vector":"0"}}]},"name":"gbtree"},"learner_model_param":{"base_score":"5E-1","num_class":"0","num_feature":"5","num_target":"1"},"objective":{"name":"reg:squarederror","reg_loss_param":{"scale_pos_weight":"1"}}},"version":[1,6,2]}