{"learner":{"attributes":{"best_ntree_limit":"1"},"feature_names":[],"feature_types":[],"gradient_booster":{"model":{"gbtree_model_param":{"num_parallel_tree":"1","num_trees":"1","size_leaf_vector":"0"},"tree_info":[0],"trees":[{"base_weights":[-1.332841E0,-2.5491574E0,-7.027989E-1,-7.893354E-2,-1.3124099E0,-5.706731E-1,8.6487345E-2,-5.262735E-1,-2.059234E0,-1.3158106E0,-1.538394E-1,4.7294694E-1,-3.4631595E-2,-1.2242947E0,-1.2609345E-1,-1.5519038E0,-2.4848318E0,-4.3108726E-1,-2.07023E0,-3.6247012E-1,5.4930177E-2,2.9694542E-1,7.575624E-1,-3.3148327E-1,1.1060516E-1,-1.336591E0,-6.9026726E-1,-3.892044E-1,1.5765098E-1,-6.1615604E-1,-2.3986523E0,-7.6947525E-2,-6.597153E-1,-1.19436935E-1,-8.2566863E-1,-9.032976E-2,1.9671246E-1,4.4541875E-1,9.809856E-2,6.574215E-2,-1.0115325E0,-4.6204273E-2,1.8298724E-1,-8.4288263E-1,1.4957848E-1,3.2515007E-1,-1.7451026E-2,-1.2229332E0,-1.580819E-1],"categories":[],"categories_nodes":[],"categories_segments":[],"categories_sizes":[],"default_left":[1,0,1,1,1,1,1,1,1,1,1,1,1,1,1,1,0,1,0,1,1,1,0,1,1,0,0,1,1,1,0,0,0,0,0,0,0,0,0,0,0,0,0,0,0,0,0,0,0],"id":0,"left_children":[1,-1,3,5,7,9,11,13,15,17,19,21,23,25,27,29,-1,31,-1,33,35,37,-1,39,41,-1,-1,43,45,47,-1,-1,-1,-1,-1,-1,-1,-1,-1,-1,-1,-1,-1,-1,-1,-1,-1,-1,-1],"loss_changes":[2.5719293E2,0E0,8.50919E1,9.141666E0,6.539824E1,8.577557E0,3.9719977E0,1.5630727E1,8.608154E0,5.787525E0,8.5878503E-1,7.8860426E-1,2.850892E0,3.0539513E-1,2.8260777E0,2.1498688E1,0E0,4.2444992E-1,0E0,1.0006223E0,2.3391837E-1,3.739748E-1,0E0,5.926877E0,5.144468E-1,0E0,0E0,4.8933363E0,5.491307E-1,4.0095143E0,0E0,0E0,0E0,0E0,0E0,0E0,0E0,0E0,0E0,0E0,0E0,0E0,0E0,0E0,0E0,0E0,0E0,0E0,0E0],"parents":[2147483647,0,0,2,2,3,3,4,4,5,5,6,6,7,7,8,8,9,9,10,10,11,11,12,12,13,13,14,14,15,15,17,17,19,19,20,20,21,21,23,23,24,24,27,27,28,28,29,29],"right_children":[2,-1,4,6,8,10,12,14,16,18,20,22,24,26,28,30,-1,32,-1,34,36,38,-1,40,42,-1,-1,44,46,48,-1,-1,-1,-1,-1,-1,-1,-1,-1,-1,-1,-1,-1,-1,-1,-1,-1,-1,-1],"split_conditions":[3E0,-7.6474726E-1,2.5E0,2.5E0,2.5E0,1.5E0,1.5E0,1.5E0,3.5E0,4.5E0,2.5E0,4.5E0,1.5E0,4.5E0,3.5E0,3.5E0,-7.4544954E-1,1.5E0,-6.21069E-1,3.5E0,1.5E0,3.5E0,2.2726873E-1,3.5E0,3.5E0,-4.009773E-1,-2.0708019E-1,2.5E0,4.5E0,1.5E0,-7.1959573E-1,-2.3084259E-2,-1.979146E-1,-3.5831083E-2,-2.477006E-1,-2.709893E-2,5.9013743E-2,1.3362563E-1,2.942957E-2,1.9722646E-2,-3.0345976E-1,-1.3861283E-2,5.4896176E-2,-2.528648E-1,4.4873547E-2,9.754503E-2,-5.235308E-3,-3.6687997E-1,-4.7424573E-2],"split_indices":[3,0,0,2,1,4,1,4,1,3,4,2,4,2,2,0,0,0,0,1,0,2,0,1,2,0,0,4,2,4,0,0,0,0,0,0,0,0,0,0,0,0,0,0,0,0,0,0,0],"split_type":[0,0,0,0,0,0,0,0,0,0,0,0,0,0,0,0,0,0,0,0,0,0,0,0,0,0,0,0,0,0,0,0,0,0,0,0,0,0,0,0,0,0,0,0,0,0,0,0,0],"sum_hessian":[3.3695395E2,1.1394108E2,2.2301288E2,1.1077605E2,1.1223683E2,2.726795E1,8.3508095E1,5.5509758E1,5.6727077E1,9.0081625E0,1.8259789E1,1.9233644E1,6.427445E1,1.9477108E1,3.603265E1,2.7998343E1,2.8728733E1,4.869277E0,4.1388855E0,8.764698E0,9.49509E0,1.3147048E1,6.086596E0,2.0694427E1,4.358003E1,1.48512945E1,4.625813E0,1.8503252E1,1.7529396E1,1.4120903E1,1.38774395E1,2.4346385E0,2.4346385E0,6.573524E0,2.1911745E0,4.869277E0,4.625813E0,6.8169875E0,6.33006E0,1.3633975E1,7.0604515E0,1.38774395E1,2.9702589E1,9.738554E0,8.764698E0,8.5212345E0,9.0081625E0,5.3562045E0,8.764698E0],"tree_param":{"num_deleted":"0","num_feature":"5","num_nodes":"49","size_leaf_vector":"0"}}]},"name":"gbtree"},"learner_model_param":{"base_score":"5E-1","num_class":"0","num_feature":"5","num_target":"1"},"objective":{"name":"reg:squarederror","reg_loss_param":{"scale_pos_weight":"1"}}},"version":[1,6,2]}