{"learner":{"attributes":{"best_ntree_limit":"2"},"feature_names":[],"feature_types":[],"gradient_booster":{"model":{"gbtree_model_param":{"num_parallel_tree":"1","num_trees":"2","size_leaf_vector":"0"},"tree_info":[0,0],"trees":[{"base_weights":[-1.3697757E0,-2.6248045E0,-7.200457E-1,-1.8680929E-1,-1.2689093E0,-6.9312954E-1,7.309249E-2,-8.038801E-1,-2.5534108E0,-1.365362E0,-4.1329703E-1,2.3714206E-1,-8.7818675E-2,-1.5072594E0,-4.3681082E-1,-2.5424004E-1,-2.2024388E0,8.066805E-2,-8.560319E-1,3.062862E-1,5.3948827E-2,-2.4225637E-1,7.491717E-2,-1.1140934E0,-1.7700458E0,-5.9361417E-2,-1.1297239E0,4.266259E-2,-5.143233E-1,1.6474548E-1,-2.5870698E-2,-3.904388E-1,-1.2016952E0,4.2602357E-1,1.7504549E-1,1.0670192E-1,-1.2071685E-2,-8.545206E-1,1.8492714E-2,4.475052E-1,-7.536748E-2,-4.3621412E-1,3.01856E-1,1.6960755E-1,-2.3755205E0],"categories":[],"categories_nodes":[],"categories_segments":[],"categories_sizes":[],"default_left":[1,0,1,1,1,1,1,1,0,1,1,1,1,1,1,1,0,1,1,1,1,1,1,0,0,1,1,0,0,0,0,0,0,0,0,0,0,0,0,0,0,0,0,0,0],"id":0,"left_children":[1,-1,3,5,7,9,11,13,-1,15,17,19,21,23,25,27,-1,29,31,33,35,37,39,-1,-1,41,43,-1,-1,-1,-1,-1,-1,-1,-1,-1,-1,-1,-1,-1,-1,-1,-1,-1,-1],"loss_changes":[2.637567E2,0E0,6.298886E1,1.4624214E1,6.1432663E1,6.5201263E0,1.9765078E0,1.9865372E1,0E0,9.331749E0,6.1980906E0,4.5158267E-1,9.764681E-1,8.021507E-1,1.3962142E1,4.6209866E-1,0E0,1.311022E-1,1.9231968E0,3.436718E-1,4.078344E-2,3.1768672E0,1.1161127E0,0E0,0E0,5.002328E0,3.0932095E1,0E0,0E0,0E0,0E0,0E0,0E0,0E0,0E0,0E0,0E0,0E0,0E0,0E0,0E0,0E0,0E0,0E0,0E0],"parents":[2147483647,0,0,2,2,3,3,4,4,5,5,6,6,7,7,9,9,10,10,11,11,12,12,13,13,14,14,15,15,17,17,18,18,19,19,20,20,21,21,22,22,25,25,26,26],"right_children":[2,-1,4,6,8,10,12,14,-1,16,18,20,22,24,26,28,-1,30,32,34,36,38,40,-1,-1,42,44,-1,-1,-1,-1,-1,-1,-1,-1,-1,-1,-1,-1,-1,-1,-1,-1,-1,-1],"split_conditions":[3E0,-7.874414E-1,2.5E0,1.5E0,3.5E0,2.5E0,2.5E0,1.5E0,-7.660233E-1,4.5E0,2.5E0,4.5E0,2.5E0,3.5E0,2.5E0,2.5E0,-6.607317E-1,1.5E0,1.5E0,2.5E0,4.5E0,2.5E0,2.5E0,-3.3422804E-1,-5.310137E-1,3.5E0,3.5E0,1.2798778E-2,-1.54297E-1,4.9423646E-2,-7.7612097E-3,-1.1713164E-1,-3.6050856E-1,1.2780708E-1,5.2513648E-2,3.2010578E-2,-3.6215056E-3,-2.563562E-1,5.547814E-3,1.3425156E-1,-2.2610245E-2,-1.3086425E-1,9.055681E-2,5.088227E-2,-7.1265614E-1],"split_indices":[3,0,0,4,1,2,1,4,0,3,1,2,4,0,1,1,0,1,0,4,3,2,2,0,0,2,0,0,0,0,0,0,0,0,0,0,0,0,0,0,0,0,0,0,0],"split_type":[0,0,0,0,0,0,0,0,0,0,0,0,0,0,0,0,0,0,0,0,0,0,0,0,0,0,0,0,0,0,0,0,0,0,0,0,0,0,0,0,0,0,0,0,0],"sum_hessian":[3.2477512E2,1.09746735E2,2.150284E2,1.09746735E2,1.0528166E2,3.666058E1,7.308615E1,7.849124E1,2.6790422E1,9.635152E0,2.7025427E1,3.5955566E1,3.7130585E1,2.5850409E1,5.264083E1,4.700074E0,4.9350777E0,1.3160208E1,1.3865219E1,2.5615404E1,1.0340163E1,1.8800297E1,1.833029E1,1.2455196E1,1.3395211E1,3.478055E1,1.7860283E1,2.5850408E0,2.1150334E0,7.0501113E0,6.1100965E0,6.8151073E0,7.0501113E0,1.2220193E1,1.3395211E1,5.4050856E0,4.9350777E0,4.9350777E0,1.3865219E1,4.700074E0,1.3630215E1,1.6920267E1,1.7860283E1,9.165145E0,8.695137E0],"tree_param":{"num_deleted":"0","num_feature":"5","num_nodes":"45","size_leaf_vector":"0"}},{"base_weights":[-9.2980605E-1,-1.7350104E0,-5.023815E-1,-1.3786484E-1,-8.6779183E-1,-4.998552E-1,5.351964E-2,-3.4399816E-1,-1.3584892E0,-9.8460925E-1,-2.9587305E-1,1.7554049E-1,-6.372091E-2,-6.356083E-1,2.9288587E-1,-9.156153E-1,-1.7518333E0,-1.9966573E-1,-1.5536683E0,-5.1200062E-2,-9.0619147E-1,2.2747003E-1,4.0469036E-2,-1.39962E-1,1.4687182E-1,-1.3656459E0,-3.8014984E-1,4.8263788E-1,7.630352E-2,-6.6039436E-2,-1.6505636E0,3.352505E-2,-3.989134E-1,1.02903165E-1,-1.929965E-1,3.2006425E-1,1.2810263E-1,8.034259E-2,-9.052136E-3,-3.3275068E-1,7.687296E-2,2.6779902E-1,6.7500207E-3,-6.2386906E-1,-1.07814625E-1,3.6929762E-1,-2.3338845E-1,-2.7895087E-1,2.8595698E-1],"categories":[],"categories_nodes":[],"categories_segments":[],"categories_sizes":[],"default_left":[1,0,1,1,1,1,1,1,1,1,1,1,1,1,1,1,0,1,0,1,0,1,1,1,1,0,1,0,1,1,0,0,0,0,0,0,0,0,0,0,0,0,0,0,0,0,0,0,0],"id":1,"left_children":[1,-1,3,5,7,9,11,13,15,17,19,21,23,25,27,29,-1,31,-1,33,-1,35,37,39,41,-1,43,-1,45,47,-1,-1,-1,-1,-1,-1,-1,-1,-1,-1,-1,-1,-1,-1,-1,-1,-1,-1,-1],"loss_changes":[1.14040985E2,0E0,2.9119713E1,7.7224474E0,2.7660286E1,3.5170317E0,1.0636297E0,1.0265619E1,8.179832E0,4.5930634E0,4.215024E0,2.4551678E-1,6.347308E-1,6.482259E0,6.9180477E-1,1.7694696E1,0E0,2.8104275E-1,0E0,4.8814666E-1,0E0,1.9835174E-1,2.3042116E-2,1.221025E0,1.7874564E-1,0E0,1.8705959E0,0E0,9.4522697E-1,1.1490016E0,0E0,0E0,0E0,0E0,0E0,0E0,0E0,0E0,0E0,0E0,0E0,0E0,0E0,0E0,0E0,0E0,0E0,0E0,0E0],"parents":[2147483647,0,0,2,2,3,3,4,4,5,5,6,6,7,7,8,8,9,9,10,10,11,11,12,12,13,13,14,14,15,15,17,17,19,19,21,21,22,22,23,23,24,24,26,26,28,28,29,29],"right_children":[2,-1,4,6,8,10,12,14,16,18,20,22,24,26,28,30,-1,32,-1,34,-1,36,38,40,42,-1,44,-1,46,48,-1,-1,-1,-1,-1,-1,-1,-1,-1,-1,-1,-1,-1,-1,-1,-1,-1,-1,-1],"split_conditions":[3E0,-5.2050316E-1,2.5E0,1.5E0,2.5E0,2.5E0,2.5E0,2.5E0,3.5E0,4.5E0,3.5E0,4.5E0,4.5E0,2.5E0,1.5E0,3.5E0,-5.2555E-1,2.5E0,-4.6610048E-1,1.5E0,-2.7185744E-1,2.5E0,4.5E0,2.5E0,2.5E0,-4.0969378E-1,1.5E0,1.4479136E-1,4.5E0,2.5E0,-4.951691E-1,1.0057515E-2,-1.1967403E-1,3.087095E-2,-5.7898954E-2,9.6019275E-2,3.843079E-2,2.410278E-2,-2.715641E-3,-9.982521E-2,2.3061888E-2,8.033971E-2,2.0250063E-3,-1.8716073E-1,-3.234439E-2,1.1078929E-1,-7.001654E-2,-8.3685264E-2,8.5787095E-2],"split_indices":[3,0,0,4,1,2,1,4,0,3,1,2,2,2,1,1,0,1,0,0,0,4,3,4,4,0,4,0,3,4,0,0,0,0,0,0,0,0,0,0,0,0,0,0,0,0,0,0,0],"split_type":[0,0,0,0,0,0,0,0,0,0,0,0,0,0,0,0,0,0,0,0,0,0,0,0,0,0,0,0,0,0,0,0,0,0,0,0,0,0,0,0,0,0,0,0,0,0,0,0,0],"sum_hessian":[3.32889E2,1.1437128E2,2.1851773E2,1.10082115E2,1.08435616E2,3.7514423E1,7.2567696E1,5.3271797E1,5.516382E1,9.9771805E0,2.7537243E1,3.531525E1,3.725244E1,3.6542213E1,1.6729586E1,2.7513552E1,2.7650267E1,4.7609434E0,5.2162375E0,2.043062E1,7.1066227E0,2.501422E1,1.030103E1,2.7596899E1,9.655544E0,8.34588E0,2.8196333E1,8.262352E0,8.467235E0,1.3267091E1,1.424646E1,2.5768511E0,2.184092E0,9.9218855E0,1.0508735E1,1.1798717E1,1.3215503E1,5.3615875E0,4.939442E0,1.4325485E1,1.3271415E1,4.6936584E0,4.9618855E0,1.4198736E1,1.3997597E1,4.2520123E0,4.215222E0,8.396084E0,4.8710065E0],"tree_param":{"num_deleted":"0","num_feature":"5","num_nodes":"49","size_leaf_vector":"0"}}]},"name":"gbtree"},"learner_model_param":{"base_score":"5E-1","num_class":"0","num_feature":"5","num_target":"1"},"objective":{"name":"reg:squarederror","reg_loss_param":{"scale_pos_weight":"1"}}},"version":[1,6,2]}