{"learner":{"attributes":{"best_ntree_limit":"6"},"feature_names":[],"feature_types":[],"gradient_booster":{"model":{"gbtree_model_param":{"num_parallel_tree":"1","num_trees":"1","size_leaf_vector":"0"},"tree_info":[0],"trees":[{"base_weights":[-7.9006946E-1,-1.5176212E0,-4.275586E-1,-1.1022865E-1,-7.4743116E-1,-4.3813464E-1,6.497579E-2,-2.7527237E-1,-1.1900014E0,-2.5558272E-1,-9.960383E-1,1.1432446E-1,-7.774899E-2,-7.7404094E-1,-3.5262078E-2,-8.6931175E-1,-1.4941877E0,-7.2884166E-1,-6.93457E-2,1.7083582E-1,5.7832733E-2,-2.5285274E-1,1.0195238E-1,-1.0573748E0,-6.500198E-1,-1.9962077E-1,1.3657887E-1,-2.692588E-1,-1.4638945E0,-7.331789E-2,-1.3230686E0,9.074178E-2,-3.4996265E-1,1.0389247E-1,2.3391885E-1,8.6636834E-2,-2.1707393E-2,-6.348044E-1,-8.193586E-2,3.4951255E-1,-3.9997743E-3,-5.3602654E-1,1.0238484E-1,2.0999238E-2,2.4660228E-1,-6.346252E-1,-5.1873196E-2],"categories":[],"categories_nodes":[],"categories_segments":[],"categories_sizes":[],"default_left":[1,0,1,1,1,1,1,1,1,1,0,1,1,1,1,1,0,1,1,1,1,1,1,0,0,1,1,1,0,0,0,0,0,0,0,0,0,0,0,0,0,0,0,0,0,0,0],"id":0,"left_children":[1,-1,3,5,7,9,11,13,15,17,-1,19,21,23,25,27,-1,29,31,33,35,37,39,-1,-1,41,43,45,-1,-1,-1,-1,-1,-1,-1,-1,-1,-1,-1,-1,-1,-1,-1,-1,-1,-1,-1],"loss_changes":[1.4831708E2,0E0,3.8324005E1,1.1007985E1,3.9011177E1,6.536811E0,8.923253E-1,1.1032014E1,8.150894E0,4.496324E0,0E0,2.8895772E-1,1.0585492E0,3.656597E-1,1.8184382E0,1.7283623E1,0E0,5.536724E0,1.7444531E0,1.7115557E-1,1.1259514E-1,1.0519505E0,4.4495752E-1,0E0,0E0,3.3894162E0,3.9662987E-1,2.0230818E0,0E0,0E0,0E0,0E0,0E0,0E0,0E0,0E0,0E0,0E0,0E0,0E0,0E0,0E0,0E0,0E0,0E0,0E0,0E0],"parents":[2147483647,0,0,2,2,3,3,4,4,5,5,6,6,7,7,8,8,9,9,11,11,12,12,13,13,14,14,15,15,17,17,18,18,19,19,20,20,21,21,22,22,25,25,26,26,27,27],"right_children":[2,-1,4,6,8,10,12,14,16,18,-1,20,22,24,26,28,-1,30,32,34,36,38,40,-1,-1,42,44,46,-1,-1,-1,-1,-1,-1,-1,-1,-1,-1,-1,-1,-1,-1,-1,-1,-1,-1,-1],"split_conditions":[3E0,-4.5528635E-1,2.5E0,1.5E0,2.5E0,3.5E0,3.5E0,1.5E0,3.5E0,2.5E0,-2.988115E-1,2.5E0,2.5E0,2.5E0,2.5E0,3.5E0,-4.4825634E-1,4.5E0,2.5E0,4.5E0,4.5E0,2.5E0,2.5E0,-3.1721246E-1,-1.9500595E-1,3.5E0,3.5E0,1.5E0,-4.3916836E-1,-2.199537E-2,-3.969206E-1,2.7222537E-2,-1.049888E-1,3.1167742E-2,7.0175655E-2,2.599105E-2,-6.512218E-3,-1.9044134E-1,-2.458076E-2,1.0485377E-1,-1.1999323E-3,-1.6080797E-1,3.0715454E-2,6.299772E-3,7.398069E-2,-1.9038756E-1,-1.556196E-2],"split_indices":[3,0,0,4,1,1,1,4,1,2,0,4,4,2,4,0,0,3,1,3,2,2,2,0,0,2,0,4,0,0,0,0,0,0,0,0,0,0,0,0,0,0,0,0,0,0,0],"split_type":[0,0,0,0,0,0,0,0,0,0,0,0,0,0,0,0,0,0,0,0,0,0,0,0,0,0,0,0,0,0,0,0,0,0,0,0,0,0,0,0,0,0,0,0,0,0,0],"sum_hessian":[5.6380963E2,1.8644066E2,3.7736896E2,1.9011237E2,1.8725659E2,6.5682594E1,1.2442976E2,9.138448E1,9.587211E1,5.0587837E1,1.5094758E1,9.260838E1,3.1821383E1,2.8965616E1,6.2418865E1,4.8548004E1,4.732411E1,1.3462893E1,3.7124947E1,4.5284275E1,4.732411E1,1.5910691E1,1.5910691E1,6.527463E0,2.2438154E1,3.1821383E1,3.0597483E1,2.4885952E1,2.3662054E1,6.9354296E0,6.527463E0,2.4070019E1,1.3054926E1,2.3254087E1,2.2030188E1,3.4677147E1,1.2646959E1,4.079664E0,1.1831027E1,4.079664E0,1.1831027E1,1.4686791E1,1.713459E1,1.5502725E1,1.5094758E1,8.567295E0,1.6318657E1],"tree_param":{"num_deleted":"0","num_feature":"5","num_nodes":"47","size_leaf_vector":"0"}}]},"name":"gbtree"},"learner_model_param":{"base_score":"5E-1","num_class":"0","num_feature":"5","num_target":"1"},"objective":{"name":"reg:squarederror","reg_loss_param":{"scale_pos_weight":"1"}}},"version":[1,6,2]}