{"learner":{"attributes":{"best_ntree_limit":"1"},"feature_names":[],"feature_types":[],"gradient_booster":{"model":{"gbtree_model_param":{"num_parallel_tree":"1","num_trees":"1","size_leaf_vector":"0"},"tree_info":[0],"trees":[{"base_weights":[-1.3349321E0,-2.5483036E0,-7.3723525E-1,-1.3954899E-1,-1.3221774E0,-5.976601E-1,8.274507E-2,-5.259658E-1,-2.0825071E0,3.0986393E-2,-1.1428142E0,-3.923985E-2,2.0566064E-1,-1.3370528E0,-6.699454E-2,-1.543465E0,-2.4895172E0,-8.1952924E-1,3.1816494E-1,-8.02387E-1,-1.374351E0,-2.0566672E-1,1.1201612E-1,3.2493728E-1,1.6126904E-1,-1.4631099E0,-7.6880205E-1,-3.6112684E-1,2.2690108E-1,-5.1713544E-1,-2.3988671E0,1.1493115E-1,-1.6191963E0,4.785574E-1,9.8384954E-2,-3.517952E-1,-1.1650472E0,5.5022817E-2,-4.6479335E-1,2.4300072E-1,5.0414145E-2,1.7502692E-2,6.11865E-1,1.9896291E-2,2.2270909E-1,-8.957788E-1,-3.3906195E-1,-1.2257398E0,-4.061996E-3,1.9759033E-2,4.1190997E-1,-1.0983298E0,-1.5830955E-1],"categories":[],"categories_nodes":[],"categories_segments":[],"categories_sizes":[],"default_left":[1,0,1,1,1,1,1,1,1,1,1,1,1,1,1,1,0,1,1,1,0,1,1,1,1,0,1,1,1,1,0,0,0,0,0,0,0,0,0,0,0,0,0,0,0,0,0,0,0,0,0,0,0],"id":0,"left_children":[1,-1,3,5,7,9,11,13,15,17,19,21,23,25,27,29,-1,31,33,35,-1,37,39,41,43,-1,45,47,49,51,-1,-1,-1,-1,-1,-1,-1,-1,-1,-1,-1,-1,-1,-1,-1,-1,-1,-1,-1,-1,-1,-1,-1],"loss_changes":[2.4303857E2,0E0,7.940983E1,1.1630556E1,6.848808E1,1.2810279E1,1.1693082E0,2.1309599E1,8.982803E0,4.7270823E0,4.7289276E-1,1.022679E0,1.5270483E-1,3.5941315E-1,3.346336E0,2.3149109E1,0E0,3.8442352E0,4.601978E-1,1.3051624E0,0E0,1.3266039E0,1.608352E-1,8.291732E-1,2.5802064E-1,0E0,1.6544104E-2,5.940959E0,7.3928654E-1,2.7256823E0,0E0,0E0,0E0,0E0,0E0,0E0,0E0,0E0,0E0,0E0,0E0,0E0,0E0,0E0,0E0,0E0,0E0,0E0,0E0,0E0,0E0,0E0,0E0],"parents":[2147483647,0,0,2,2,3,3,4,4,5,5,6,6,7,7,8,8,9,9,10,10,11,11,12,12,13,13,14,14,15,15,17,17,18,18,19,19,21,21,22,22,23,23,24,24,26,26,27,27,28,28,29,29],"right_children":[2,-1,4,6,8,10,12,14,16,18,20,22,24,26,28,30,-1,32,34,36,-1,38,40,42,44,-1,46,48,50,52,-1,-1,-1,-1,-1,-1,-1,-1,-1,-1,-1,-1,-1,-1,-1,-1,-1,-1,-1,-1,-1,-1,-1],"split_conditions":[3E0,-7.6449114E-1,2.5E0,1.5E0,2.5E0,2.5E0,3.5E0,1.5E0,3.5E0,2.5E0,4.5E0,2.5E0,1.5E0,4.5E0,2.5E0,3.5E0,-7.468552E-1,4.5E0,1.5E0,1.5E0,-4.1230533E-1,2.5E0,1.5E0,2.5E0,2.5E0,-4.3893299E-1,4.5E0,2.5E0,4.5E0,1.5E0,-7.1966016E-1,3.4479346E-2,-4.857589E-1,1.4356723E-1,2.9515488E-2,-1.0553856E-1,-3.4951416E-1,1.6506845E-2,-1.3943802E-1,7.290022E-2,1.5124244E-2,5.250808E-3,1.835595E-1,5.968888E-3,6.681273E-2,-2.6873365E-1,-1.0171859E-1,-3.6772197E-1,-1.2185988E-3,5.9277103E-3,1.23573E-1,-3.2949895E-1,-4.7492865E-2],"split_indices":[3,0,0,4,1,1,2,4,0,2,3,4,1,2,4,1,0,3,0,0,0,1,1,4,1,0,3,2,3,4,0,0,0,0,0,0,0,0,0,0,0,0,0,0,0,0,0,0,0,0,0,0,0],"split_type":[0,0,0,0,0,0,0,0,0,0,0,0,0,0,0,0,0,0,0,0,0,0,0,0,0,0,0,0,0,0,0,0,0,0,0,0,0,0,0,0,0,0,0,0,0,0,0,0,0,0,0,0,0],"sum_hessian":[3.367105E2,1.10045654E2,2.2666484E2,1.1272376E2,1.1394108E2,3.627611E1,7.644765E1,5.6483612E1,5.7457466E1,1.7285933E1,1.899018E1,3.871075E1,3.7736897E1,1.9720572E1,3.676304E1,2.6781023E1,3.0676445E1,3.8954215E0,1.33905115E1,9.49509E0,9.49509E0,1.8259789E1,2.0450962E1,8.5212345E0,2.9215662E1,1.48512945E1,4.869277E0,1.8259789E1,1.8503252E1,1.2903584E1,1.38774395E1,2.1911745E0,1.7042469E0,7.0604515E0,6.33006E0,5.1127405E0,4.382349E0,9.49509E0,8.764698E0,5.5996685E0,1.48512945E1,4.625813E0,3.8954215E0,9.251626E0,1.9964035E1,2.921566E0,1.9477108E0,4.625813E0,1.3633975E1,9.251626E0,9.251626E0,4.1388855E0,8.764698E0],"tree_param":{"num_deleted":"0","num_feature":"5","num_nodes":"53","size_leaf_vector":"0"}}]},"name":"gbtree"},"learner_model_param":{"base_score":"5E-1","num_class":"0","num_feature":"5","num_target":"1"},"objective":{"name":"reg:squarederror","reg_loss_param":{"scale_pos_weight":"1"}}},"version":[1,6,2]}