{"learner":{"attributes":{"best_ntree_limit":"7"},"feature_names":[],"feature_types":[],"gradient_booster":{"model":{"gbtree_model_param":{"num_parallel_tree":"1","num_trees":"2","size_leaf_vector":"0"},"tree_info":[0,0],"trees":[{"base_weights":[-7.9006946E-1,-1.5177433E0,-4.192068E-1,-7.740865E-2,-7.485966E-1,-3.3577362E-1,5.1317066E-2,-2.653701E-1,-1.2119687E0,-1.9645956E-1,-7.061534E-1,1.2792753E-1,-2.5611784E-2,-7.529994E-1,-4.8227813E-2,-8.940731E-1,-1.4952191E0,-5.979897E-1,-4.773575E-2,1.6769768E-1,-1.1002591E-2,-1.5207808E-1,1.0493078E-1,-5.8448404E-1,-1.1031802E0,-3.64877E-1,7.223837E-2,-3.2763818E-1,-1.4617776E0,3.0269045E-1,-1.3114537E0,1.2844858E-1,-1.2580633E-1,1.9987506E-1,1.0238484E-1,-2.5544563E-1,1.6931513E-1,-3.7471804E-1,6.36092E-2,6.485751E-2,2.3359935E-1,-8.6346954E-1,-3.8312936E-1,-6.083431E-1,-4.904148E-2,1.0430203E-1,3.262781E-2,-8.943439E-1,-2.9381422E-2],"categories":[],"categories_nodes":[],"categories_segments":[],"categories_sizes":[],"default_left":[1,0,1,1,1,1,1,1,1,1,0,1,1,1,1,1,0,1,1,1,1,1,1,1,0,1,1,1,0,0,0,0,0,0,0,0,0,0,0,0,0,0,0,0,0,0,0,0,0],"id":0,"left_children":[1,-1,3,5,7,9,11,13,15,17,-1,19,21,23,25,27,-1,29,31,33,35,37,39,41,-1,43,45,47,-1,-1,-1,-1,-1,-1,-1,-1,-1,-1,-1,-1,-1,-1,-1,-1,-1,-1,-1,-1,-1],"loss_changes":[1.517873E2,0E0,4.221914E1,6.1833315E0,4.2471046E1,3.0494232E0,7.3769474E-1,1.0004995E1,7.422653E0,2.7354167E0,0E0,3.477434E-1,1.0562195E0,1.0753555E0,2.5700004E0,1.5060535E1,0E0,8.380059E0,4.9566907E-1,8.19509E-2,6.9871974E-1,1.5803474E0,1.4777133E-1,8.941488E-1,0E0,1.3960001E0,5.9007615E-2,4.2801094E0,0E0,0E0,0E0,0E0,0E0,0E0,0E0,0E0,0E0,0E0,0E0,0E0,0E0,0E0,0E0,0E0,0E0,0E0,0E0,0E0,0E0],"parents":[2147483647,0,0,2,2,3,3,4,4,5,5,6,6,7,7,8,8,9,9,11,11,12,12,13,13,14,14,15,15,17,17,18,18,19,19,20,20,21,21,22,22,23,23,25,25,26,26,27,27],"right_children":[2,-1,4,6,8,10,12,14,16,18,-1,20,22,24,26,28,-1,30,32,34,36,38,40,42,-1,44,46,48,-1,-1,-1,-1,-1,-1,-1,-1,-1,-1,-1,-1,-1,-1,-1,-1,-1,-1,-1,-1,-1],"split_conditions":[3E0,-4.55323E-1,2.5E0,1.5E0,2.5E0,3.5E0,2.5E0,1.5E0,3.5E0,2.5E0,-2.1184602E-1,4.5E0,2.5E0,4.5E0,2.5E0,3.5E0,-4.4856575E-1,4.5E0,3.5E0,3.5E0,4.5E0,3.5E0,4.5E0,2.5E0,-3.3095407E-1,2.5E0,1.5E0,1.5E0,-4.3853328E-1,9.080714E-2,-3.9343613E-1,3.8534574E-2,-3.77419E-2,5.996252E-2,3.0715454E-2,-7.663369E-2,5.079454E-2,-1.1241542E-1,1.908276E-2,1.9457255E-2,7.007981E-2,-2.5904086E-1,-1.1493881E-1,-1.8250294E-1,-1.47124445E-2,3.129061E-2,9.788344E-3,-2.683032E-1,-8.814427E-3],"split_indices":[3,0,0,4,1,1,1,4,1,2,0,2,4,2,2,0,0,3,2,2,3,2,2,2,0,4,1,4,0,0,0,0,0,0,0,0,0,0,0,0,0,0,0,0,0,0,0,0,0],"split_type":[0,0,0,0,0,0,0,0,0,0,0,0,0,0,0,0,0,0,0,0,0,0,0,0,0,0,0,0,0,0,0,0,0,0,0,0,0,0,0,0,0,0,0,0,0,0,0,0,0],"sum_hessian":[5.6380963E2,1.8929643E2,3.7451318E2,1.8440083E2,1.9011237E2,6.0787E1,1.2361383E2,9.383228E1,9.6280075E1,4.5284275E1,1.5502725E1,6.1602932E1,6.20109E1,2.8149685E1,6.5682594E1,4.732411E1,4.895597E1,1.142306E1,3.3861214E1,4.7732075E1,1.3870859E1,3.1413416E1,3.0597483E1,2.0806288E1,7.3433957E0,1.7542557E1,4.8140038E1,2.4477985E1,2.284612E1,5.3035636E0,6.1194963E0,1.0199161E1,2.3662054E1,3.0597483E1,1.713459E1,5.71153E0,8.159328E0,1.5094758E1,1.6318657E1,2.4477985E1,6.1194963E0,7.3433957E0,1.3462893E1,9.383228E0,8.159328E0,2.5701885E1,2.2438154E1,7.7513623E0,1.6726624E1],"tree_param":{"num_deleted":"0","num_feature":"5","num_nodes":"49","size_leaf_vector":"0"}},{"base_weights":[-6.443828E-1,-1.0934044E0,-4.0503228E-1,-1.7076716E-1,-6.236805E-1,-3.4770116E-1,-7.983975E-2,-3.054456E-1,-9.1664225E-1,-1.7628933E-1,-5.073934E-1,-1.1365166E-2,-1.4743626E-1,-6.350957E-1,-1.5155846E-1,-7.182871E-1,-1.0870012E0,-4.31636E-1,-6.7670375E-2,-2.5238603E-1,-7.4378073E-1,-7.198561E-2,4.9777374E-2,-5.3624507E-2,-2.3917343E-1,-5.1022124E-1,-8.8348806E-1,-3.7069592E-1,-6.36296E-2,-3.4484854E-1,-1.0724382E0,2.0285201E-1,-9.439681E-1,-1.8887442E-1,7.195357E-2,-8.774255E-2,-3.9912874E-1,-2.2727909E-2,-1.9969364E-1,2.0363604E-1,-3.8912413E-3,-1.3609572E-1,2.6667878E-2,-3.811993E-1,-7.979577E-2,-2.4377328E-1,-6.9358754E-1,-5.244443E-1,-1.5073033E-1,-3.801095E-2,-8.994083E-2,-7.287521E-1,-1.279692E-1],"categories":[],"categories_nodes":[],"categories_segments":[],"categories_sizes":[],"default_left":[1,0,1,1,1,1,1,1,1,1,1,1,1,1,1,1,0,1,1,1,0,1,1,1,1,1,0,1,1,1,0,0,0,0,0,0,0,0,0,0,0,0,0,0,0,0,0,0,0,0,0,0,0],"id":1,"left_children":[1,-1,3,5,7,9,11,13,15,17,19,21,23,25,27,29,-1,31,33,35,-1,37,39,41,43,45,-1,47,49,51,-1,-1,-1,-1,-1,-1,-1,-1,-1,-1,-1,-1,-1,-1,-1,-1,-1,-1,-1,-1,-1,-1,-1],"loss_changes":[6.2261154E1,0E0,1.9468422E1,2.9625282E0,1.8113693E1,1.6294885E0,5.726119E-1,4.777111E0,2.6735764E0,8.533149E-1,1.7398787E0,2.3605222E-1,5.2378654E-1,4.878292E-1,1.2636784E0,6.2666416E0,0E0,3.217865E0,4.1143826E-1,3.73199E-1,0E0,1.9615054E-1,2.635131E-1,2.1630186E-1,6.766349E-1,9.303961E-1,0E0,5.6091285E-1,2.9531747E-2,2.0630934E0,0E0,0E0,0E0,0E0,0E0,0E0,0E0,0E0,0E0,0E0,0E0,0E0,0E0,0E0,0E0,0E0,0E0,0E0,0E0,0E0,0E0,0E0,0E0],"parents":[2147483647,0,0,2,2,3,3,4,4,5,5,6,6,7,7,8,8,9,9,10,10,11,11,12,12,13,13,14,14,15,15,17,17,18,18,19,19,21,21,22,22,23,23,24,24,25,25,27,27,28,28,29,29],"right_children":[2,-1,4,6,8,10,12,14,16,18,20,22,24,26,28,30,-1,32,34,36,-1,38,40,42,44,46,-1,48,50,52,-1,-1,-1,-1,-1,-1,-1,-1,-1,-1,-1,-1,-1,-1,-1,-1,-1,-1,-1,-1,-1,-1,-1],"split_conditions":[3E0,-3.2802135E-1,2.5E0,1.5E0,2.5E0,2.5E0,1.5E0,1.5E0,3.5E0,2.5E0,1.5E0,4.5E0,2.5E0,4.5E0,2.5E0,3.5E0,-3.2610038E-1,4.5E0,1.5E0,3.5E0,-2.2313423E-1,3.5E0,1.5E0,4.5E0,2.5E0,4.5E0,-2.6504642E-1,2.5E0,1.5E0,1.5E0,-3.2173148E-1,6.0855605E-2,-2.8319046E-1,-5.666233E-2,2.1586072E-2,-2.6322767E-2,-1.1973862E-1,-6.8183728E-3,-5.9908092E-2,6.1090812E-2,-1.1673725E-3,-4.0828716E-2,8.000364E-3,-1.14359796E-1,-2.3938732E-2,-7.3131986E-2,-2.0807627E-1,-1.5733328E-1,-4.52191E-2,-1.1403286E-2,-2.698225E-2,-2.1862563E-1,-3.8390763E-2],"split_indices":[3,0,0,4,1,1,0,4,1,2,0,3,1,2,2,0,0,3,1,1,0,1,1,3,4,3,0,4,1,4,0,0,0,0,0,0,0,0,0,0,0,0,0,0,0,0,0,0,0,0,0,0,0],"split_type":[0,0,0,0,0,0,0,0,0,0,0,0,0,0,0,0,0,0,0,0,0,0,0,0,0,0,0,0,0,0,0,0,0,0,0,0,0,0,0,0,0,0,0,0,0,0,0,0,0,0,0,0,0],"sum_hessian":[5.8243677E2,2.0127553E2,3.8116122E2,1.84869E2,1.9629222E2,6.1796455E1,1.2307255E2,9.5066826E1,1.012254E2,3.08193E1,3.0977156E1,6.171947E1,6.135308E1,2.9260109E1,6.580672E1,4.9179836E1,5.2045567E1,8.30997E0,2.250933E1,1.5896346E1,1.508081E1,3.0903006E1,3.0816465E1,3.1116968E1,3.0236113E1,2.1503654E1,7.756455E0,1.7922976E1,4.788374E1,2.4898779E1,2.4281057E1,3.9822676E0,4.327702E0,1.1860656E1,1.0648675E1,8.24429E0,7.6520553E0,2.3151361E1,7.7516427E0,7.2468047E0,2.356966E1,1.5007362E1,1.6109606E1,1.52524395E1,1.4983673E1,9.715531E0,1.1788122E1,9.73461E0,8.188366E0,2.5499817E1,2.2383923E1,8.136313E0,1.6762466E1],"tree_param":{"num_deleted":"0","num_feature":"5","num_nodes":"53","size_leaf_vector":"0"}}]},"name":"gbtree"},"learner_model_param":{"base_score":"5E-1","num_class":"0","num_feature":"5","num_target":"1"},"objective":{"name":"reg:squarederror","reg_loss_param":{"scale_pos_weight":"1"}}},"version":[1,6,2]}