{"learner":{"attributes":{"best_ntree_limit":"1"},"feature_names":[],"feature_types":[],"gradient_booster":{"model":{"gbtree_model_param":{"num_parallel_tree":"1","num_trees":"1","size_leaf_vector":"0"},"tree_info":[0],"trees":[{"base_weights":[-1.3370354E0,-2.5486114E0,-7.278711E-1,-1.505897E-1,-1.2817507E0,-7.0058775E-1,1.337134E-1,-4.997777E-1,-2.0069194E0,-3.445964E-1,-1.6392262E0,2.29723E-1,-1.5371542E-1,-1.4162076E0,-7.9013154E-2,-1.4695344E0,-2.4860752E0,-9.829136E-1,-7.4187264E-2,2.7583817E-1,9.191974E-2,-3.6981276E-1,8.299784E-2,-3.1867117E-1,1.5882623E-1,-5.466396E-1,-2.399373E0,7.0273936E-2,-1.9876324E0,1.3079804E-1,-3.9894682E-1,2.1983466E-1,3.692076E-1,-2.4647858E-2,1.510548E-1,-5.7975E-1,2.1566062E-1,3.222299E-1,-1.6063419E-1,-1.0047951E0,-2.0225456E-2,-4.6613947E-3,3.0422705E-1,-1.2226619E0,-1.15159206E-1],"categories":[],"categories_nodes":[],"categories_segments":[],"categories_sizes":[],"default_left":[1,0,1,1,1,1,1,1,1,1,0,1,1,0,1,1,0,1,1,1,1,1,1,1,1,1,0,0,0,0,0,0,0,0,0,0,0,0,0,0,0,0,0,0,0],"id":0,"left_children":[1,-1,3,5,7,9,11,13,15,17,-1,19,21,-1,23,25,-1,27,29,31,33,35,37,39,41,43,-1,-1,-1,-1,-1,-1,-1,-1,-1,-1,-1,-1,-1,-1,-1,-1,-1,-1,-1],"loss_changes":[2.472121E2,0E0,7.20566E1,1.7571667E1,6.43138E1,1.2216249E1,2.0919285E0,2.1772207E1,1.1649658E1,4.932391E0,0E0,3.322072E-1,1.0158918E0,0E0,2.3280082E0,2.4826706E1,0E0,9.18415E0,1.4801922E0,1.366682E-1,1.1131157E-1,1.3850837E0,6.350827E-1,4.1229353E0,4.9397165E-1,4.695917E0,0E0,0E0,0E0,0E0,0E0,0E0,0E0,0E0,0E0,0E0,0E0,0E0,0E0,0E0,0E0,0E0,0E0,0E0,0E0],"parents":[2147483647,0,0,2,2,3,3,4,4,5,5,6,6,7,7,8,8,9,9,11,11,12,12,14,14,15,15,17,17,18,18,19,19,20,20,21,21,22,22,23,23,24,24,25,25],"right_children":[2,-1,4,6,8,10,12,14,16,18,-1,20,22,-1,24,26,-1,28,30,32,34,36,38,40,42,44,-1,-1,-1,-1,-1,-1,-1,-1,-1,-1,-1,-1,-1,-1,-1,-1,-1,-1,-1],"split_conditions":[3E0,-7.6458347E-1,2.5E0,1.5E0,2.5E0,3.5E0,3.5E0,1.5E0,3.5E0,2.5E0,-4.9176788E-1,4.5E0,2.5E0,-4.248623E-1,2.5E0,3.5E0,-7.4582255E-1,4.5E0,2.5E0,2.5E0,1.5E0,4.5E0,1.5E0,2.5E0,3.5E0,1.5E0,-7.198119E-1,2.1082181E-2,-5.9628975E-1,3.9239414E-2,-1.1968405E-1,6.59504E-2,1.1076228E-1,-7.3943576E-3,4.5316443E-2,-1.7392501E-1,6.469819E-2,9.666897E-2,-4.819026E-2,-3.0143854E-1,-6.067637E-3,-1.3984184E-3,9.126812E-2,-3.6679858E-1,-3.4547765E-2],"split_indices":[3,0,0,4,1,1,1,4,1,2,0,2,4,0,4,0,0,3,1,1,1,2,0,2,0,4,0,0,0,0,0,0,0,0,0,0,0,0,0,0,0,0,0,0,0],"split_type":[0,0,0,0,0,0,0,0,0,0,0,0,0,0,0,0,0,0,0,0,0,0,0,0,0,0,0,0,0,0,0,0,0,0,0,0,0,0,0,0,0,0,0,0,0],"sum_hessian":[3.3646704E2,1.1150644E2,2.2496059E2,1.1077605E2,1.1418454E2,3.724997E1,7.352608E1,5.575322E1,5.8431324E1,2.7998343E1,9.251626E0,5.5266293E1,1.8259789E1,1.6799006E1,3.8954216E1,2.9459126E1,2.8972197E1,7.547379E0,2.0450962E1,4.0658463E1,1.4607831E1,9.251626E0,9.0081625E0,1.9233644E1,1.9720572E1,1.5581686E1,1.38774395E1,4.1388855E0,3.4084938E0,1.2903584E1,7.547379E0,2.7511414E1,1.3147048E1,5.1127405E0,9.49509E0,6.8169875E0,2.4346385E0,4.382349E0,4.625813E0,5.1127405E0,1.4120903E1,9.738554E0,9.9820175E0,5.3562045E0,1.0225481E1],"tree_param":{"num_deleted":"0","num_feature":"5","num_nodes":"45","size_leaf_vector":"0"}}]},"name":"gbtree"},"learner_model_param":{"base_score":"5E-1","num_class":"0","num_feature":"5","num_target":"1"},"objective":{"name":"reg:squarederror","reg_loss_param":{"scale_pos_weight":"1"}}},"version":[1,6,2]}