{"learner":{"attributes":{"best_ntree_limit":"7"},"feature_names":[],"feature_types":[],"gradient_booster":{"model":{"gbtree_model_param":{"num_parallel_tree":"1","num_trees":"2","size_leaf_vector":"0"},"tree_info":[0,0],"trees":[{"base_weights":[-7.9006946E-1,-1.5176212E0,-4.275586E-1,-1.1624642E-1,-7.4404305E-1,-3.7108463E-1,1.8021742E-2,-3.0221575E-1,-1.2114367E0,-8.4419465E-1,-2.048605E-1,-3.789479E-2,1.9038475E-1,-7.648651E-1,-4.4789005E-2,-9.03964E-1,-1.492503E0,-2.0873637E-1,-1.3591812E0,6.485751E-2,-4.6241376E-1,5.3260695E-2,-1.3456218E-1,1.9799467E-2,2.459552E-1,-9.1799116E-1,-5.80597E-1,-1.7990203E-1,8.503661E-2,-3.295179E-1,-1.4595107E0,-1.459041E-2,-5.031489E-1,2.7030898E-2,1.3406739E-1,-2.3780803E-1,-6.345604E-1,-2.8923063E-2,1.2959346E-1,-3.4478286E-1,-2.867239E-2,-2.2976935E-1,2.1009925E-1,4.0394092E-1,1.6108657E-1,-6.346252E-1,-1.1228797E0,-4.3685007E-1,8.1595294E-2,2.4833532E-1,2.5607945E-2,-5.997744E-1,1.6931513E-1],"categories":[],"categories_nodes":[],"categories_segments":[],"categories_sizes":[],"default_left":[1,0,1,1,1,1,1,1,1,1,1,1,1,1,1,1,0,1,0,1,1,1,1,1,1,1,0,1,1,1,0,0,0,0,0,0,0,0,0,0,0,0,0,0,0,0,0,0,0,0,0,0,0],"id":0,"left_children":[1,-1,3,5,7,9,11,13,15,17,19,21,23,25,27,29,-1,31,-1,33,35,37,39,41,43,45,-1,47,49,51,-1,-1,-1,-1,-1,-1,-1,-1,-1,-1,-1,-1,-1,-1,-1,-1,-1,-1,-1,-1,-1,-1,-1],"loss_changes":[1.4831708E2,0E0,3.719249E1,6.573832E0,3.834175E1,5.0390472E0,1.2278951E0,1.1600225E1,6.493683E0,5.250353E0,3.52861E0,8.571861E-1,2.9079127E-1,4.5066833E-1,1.1348932E0,1.4159645E1,0E0,4.92878E-1,0E0,6.307677E-2,8.4998035E-1,3.1969705E-1,1.0385753E0,4.639019E-1,2.4918997E-1,2.928877E-1,0E0,2.158718E0,3.1611896E-1,3.3163152E0,0E0,0E0,0E0,0E0,0E0,0E0,0E0,0E0,0E0,0E0,0E0,0E0,0E0,0E0,0E0,0E0,0E0,0E0,0E0,0E0,0E0,0E0,0E0],"parents":[2147483647,0,0,2,2,3,3,4,4,5,5,6,6,7,7,8,8,9,9,10,10,11,11,12,12,13,13,14,14,15,15,17,17,19,19,20,20,21,21,22,22,23,23,24,24,25,25,27,27,28,28,29,29],"right_children":[2,-1,4,6,8,10,12,14,16,18,20,22,24,26,28,30,-1,32,-1,34,36,38,40,42,44,46,-1,48,50,52,-1,-1,-1,-1,-1,-1,-1,-1,-1,-1,-1,-1,-1,-1,-1,-1,-1,-1,-1,-1,-1,-1,-1],"split_conditions":[3E0,-4.5528635E-1,2.5E0,1.5E0,2.5E0,2.5E0,4.5E0,1.5E0,3.5E0,4.5E0,2.5E0,2.5E0,1.5E0,3.5E0,2.5E0,3.5E0,-4.4775093E-1,3.5E0,-4.0775436E-1,4.5E0,1.5E0,1.5E0,2.5E0,2.5E0,2.5E0,4.5E0,-1.741791E-1,3.5E0,2.5E0,2.5E0,-4.3785322E-1,-4.377123E-3,-1.5094468E-1,8.10927E-3,4.0220216E-2,-7.1342416E-2,-1.9036813E-1,-8.676919E-3,3.887804E-2,-1.0343486E-1,-8.601718E-3,-6.8930805E-2,6.302978E-2,1.2118228E-1,4.8325974E-2,-1.9038756E-1,-3.3686393E-1,-1.3105503E-1,2.447859E-2,7.45006E-2,7.682384E-3,-1.7993233E-1,5.079454E-2],"split_indices":[3,0,0,4,1,2,2,4,0,3,1,1,1,2,4,1,0,1,0,2,0,1,2,4,1,3,0,2,2,4,0,0,0,0,0,0,0,0,0,0,0,0,0,0,0,0,0,0,0,0,0,0,0],"split_type":[0,0,0,0,0,0,0,0,0,0,0,0,0,0,0,0,0,0,0,0,0,0,0,0,0,0,0,0,0,0,0,0,0,0,0,0,0,0,0,0,0,0,0,0,0,0,0,0,0,0,0,0,0],"sum_hessian":[5.6380963E2,1.8644066E2,3.7736896E2,1.909283E2,1.8644066E2,6.527463E1,1.2565366E2,9.668804E1,8.975262E1,1.5910691E1,4.9363937E1,9.546415E1,3.0189516E1,3.3861214E1,6.282683E1,4.487631E1,4.487631E1,7.7513623E0,8.159328E0,2.4477985E1,2.4885952E1,4.9363937E1,4.610021E1,7.7513623E0,2.2438154E1,1.6318657E1,1.7542557E1,3.0597483E1,3.2229347E1,2.284612E1,2.2030188E1,5.3035636E0,2.4477987E0,1.6726624E1,7.7513623E0,1.1831027E1,1.3054926E1,2.4070019E1,2.5293919E1,1.4686791E1,3.1413416E1,3.2637315E0,4.487631E0,6.527463E0,1.5910691E1,8.567295E0,7.7513623E0,1.5094758E1,1.5502725E1,7.7513623E0,2.4477985E1,1.4686791E1,8.159328E0],"tree_param":{"num_deleted":"0","num_feature":"5","num_nodes":"53","size_leaf_vector":"0"}},{"base_weights":[-6.4413166E-1,-1.0919371E0,-4.1102916E-1,-2.0015976E-1,-6.189524E-1,-3.785714E-1,-1.0339786E-1,-3.276029E-1,-9.154961E-1,-7.045042E-1,-2.5921318E-1,-1.8263035E-1,-2.3363793E-2,-6.3798654E-1,-1.4650425E-1,-7.2051245E-1,-1.0909905E0,-2.6814926E-1,-1.0306323E0,-6.8064645E-2,-4.3184108E-1,-8.969598E-2,-2.725421E-1,-7.248676E-2,1.2094023E-1,-7.458108E-1,-5.029918E-1,-2.3954047E-1,-5.213495E-2,-3.4162107E-1,-1.0617312E0,1.3533951E-1,-3.7846515E-1,-9.604319E-2,-3.1357536E-3,-2.70113E-1,-5.468575E-1,-1.2903598E-1,-4.299112E-2,-4.509999E-1,-6.943477E-2,-2.2641012E-1,-1.8684413E-2,1.2151231E-2,2.2086325E-1,-5.4581594E-1,-8.800609E-1,-4.0957218E-1,-5.3709514E-2,9.067453E-2,-9.838519E-2,-7.0407695E-1,-1.18940264E-1],"categories":[],"categories_nodes":[],"categories_segments":[],"categories_sizes":[],"default_left":[1,0,1,1,1,1,1,1,1,1,1,1,1,1,1,1,0,1,0,1,1,1,1,1,1,1,0,1,1,1,0,0,0,0,0,0,0,0,0,0,0,0,0,0,0,0,0,0,0,0,0,0,0],"id":1,"left_children":[1,-1,3,5,7,9,11,13,15,17,19,21,23,25,27,29,-1,31,-1,33,35,37,39,41,43,45,-1,47,49,51,-1,-1,-1,-1,-1,-1,-1,-1,-1,-1,-1,-1,-1,-1,-1,-1,-1,-1,-1,-1,-1,-1,-1],"loss_changes":[6.0486023E1,0E0,1.6778847E1,3.2906156E0,1.6429764E1,2.4413033E0,7.974695E-1,5.484275E0,2.4785538E0,2.2136002E0,1.6518698E0,5.052085E-1,4.6275163E-1,1.5273666E-1,5.491054E-1,5.8607903E0,0E0,4.444999E-1,0E0,4.577849E-2,3.4681368E-1,5.446127E-2,1.1186588E0,3.9662904E-1,1.7819577E-1,5.3634644E-3,0E0,9.8695004E-1,2.27103E-1,1.8762805E0,0E0,0E0,0E0,0E0,0E0,0E0,0E0,0E0,0E0,0E0,0E0,0E0,0E0,0E0,0E0,0E0,0E0,0E0,0E0,0E0,0E0,0E0,0E0],"parents":[2147483647,0,0,2,2,3,3,4,4,5,5,6,6,7,7,8,8,9,9,10,10,11,11,12,12,13,13,14,14,15,15,17,17,19,19,20,20,21,21,22,22,23,23,24,24,25,25,27,27,28,28,29,29],"right_children":[2,-1,4,6,8,10,12,14,16,18,20,22,24,26,28,30,-1,32,-1,34,36,38,40,42,44,46,-1,48,50,52,-1,-1,-1,-1,-1,-1,-1,-1,-1,-1,-1,-1,-1,-1,-1,-1,-1,-1,-1,-1,-1,-1,-1],"split_conditions":[3E0,-3.2758114E-1,2.5E0,1.5E0,2.5E0,2.5E0,2.5E0,1.5E0,3.5E0,4.5E0,2.5E0,2.5E0,4.5E0,3.5E0,2.5E0,3.5E0,-3.2729718E-1,1.5E0,-3.0918968E-1,4.5E0,1.5E0,4.5E0,3.5E0,1.5E0,1.5E0,4.5E0,-1.5089755E-1,3.5E0,2.5E0,1.5E0,-3.1851938E-1,4.0601857E-2,-1.1353955E-1,-2.8812958E-2,-9.407261E-4,-8.10339E-2,-1.6405725E-1,-3.8710795E-2,-1.2897337E-2,-1.3529997E-1,-2.0830432E-2,-6.792304E-2,-5.605324E-3,3.6453696E-3,6.625898E-2,-1.6374479E-1,-2.640183E-1,-1.2287166E-1,-1.6112855E-2,2.7202358E-2,-2.9515559E-2,-2.112231E-1,-3.5682082E-2],"split_indices":[3,0,0,4,1,2,4,4,1,3,1,1,2,2,4,0,0,1,0,2,0,3,2,1,0,3,0,2,2,4,0,0,0,0,0,0,0,0,0,0,0,0,0,0,0,0,0,0,0,0,0,0,0],"split_type":[0,0,0,0,0,0,0,0,0,0,0,0,0,0,0,0,0,0,0,0,0,0,0,0,0,0,0,0,0,0,0,0,0,0,0,0,0,0,0,0,0,0,0,0,0,0,0,0,0,0,0,0,0],"sum_hessian":[5.8275336E2,1.9823889E2,3.8451447E2,1.9187914E2,1.9263533E2,6.644818E1,1.25430954E2,9.823033E1,9.440499E1,1.6497055E1,4.9951126E1,6.2386944E1,6.3044014E1,3.526575E1,6.2964584E1,4.7137894E1,4.72671E1,7.835494E0,8.661561E0,2.4365652E1,2.5585474E1,3.16601E1,3.0726841E1,4.7404564E1,1.5639449E1,1.7090405E1,1.8175346E1,3.0931602E1,3.203298E1,2.3284176E1,2.3853716E1,1.6336087E0,6.201885E0,1.6693178E1,7.672473E0,1.2025093E1,1.356038E1,1.6228155E1,1.5431946E1,1.5706241E1,1.50206E1,1.1447158E1,3.5957405E1,8.024527E0,7.6149225E0,8.899026E0,8.191379E0,1.5523707E1,1.5407894E1,7.6013494E0,2.4431633E1,8.038366E0,1.52458105E1],"tree_param":{"num_deleted":"0","num_feature":"5","num_nodes":"53","size_leaf_vector":"0"}}]},"name":"gbtree"},"learner_model_param":{"base_score":"5E-1","num_class":"0","num_feature":"5","num_target":"1"},"objective":{"name":"reg:squarederror","reg_loss_param":{"scale_pos_weight":"1"}}},"version":[1,6,2]}