{"learner":{"attributes":{"best_ntree_limit":"2"},"feature_names":[],"feature_types":[],"gradient_booster":{"model":{"gbtree_model_param":{"num_parallel_tree":"1","num_trees":"2","size_leaf_vector":"0"},"tree_info":[0,0],"trees":[{"base_weights":[-1.3370317E0,-2.548235E0,-7.30012E-1,-2.0890981E-1,-1.2570428E0,-6.3016456E-1,1.5337016E-2,-5.175004E-1,-2.0296454E0,-1.3739489E0,-3.531951E-1,-7.80242E-2,2.991386E-1,-1.2713366E0,-8.8739455E-2,-1.506911E0,-2.479321E0,-3.3738628E-1,-2.1334221E0,9.165232E-2,-7.6892823E-1,7.3363855E-2,-2.370175E-1,1.8388776E-2,3.8810748E-1,-1.4942737E0,-9.5174676E-1,-3.0922955E-1,1.2552409E-1,-5.5101144E-1,-2.389194E0,-3.4059852E-2,-7.136801E-1,2.9523347E-2,1.9664143E-1,-3.908092E-1,-1.0281618E0,-6.193329E-2,1.9796288E-1,-5.67827E-1,-6.143022E-2,-3.4384692E-1,3.0369276E-1,6.120212E-1,2.4668328E-1,-7.1565264E-1,1.1770541E-1,3.7543586E-1,2.7401485E-2,-9.7746587E-1,2.523601E-1],"categories":[],"categories_nodes":[],"categories_segments":[],"categories_sizes":[],"default_left":[1,0,1,1,1,1,1,1,1,1,1,1,1,1,1,1,0,1,0,1,1,1,1,1,1,0,0,1,1,1,0,0,0,0,0,0,0,0,0,0,0,0,0,0,0,0,0,0,0,0,0],"id":0,"left_children":[1,-1,3,5,7,9,11,13,15,17,19,21,23,25,27,29,-1,31,-1,33,35,37,39,41,43,-1,-1,45,47,49,-1,-1,-1,-1,-1,-1,-1,-1,-1,-1,-1,-1,-1,-1,-1,-1,-1,-1,-1,-1,-1],"loss_changes":[2.4625372E2,0E0,6.186136E1,1.08675785E1,6.3093628E1,7.7455177E0,2.0366929E0,1.8860233E1,9.089279E0,7.5423813E0,5.703518E0,1.4127212E0,4.6785283E-1,8.882904E-2,1.8573607E0,2.211332E1,0E0,6.1782175E-1,0E0,9.600228E-2,1.151947E0,5.257371E-1,1.6212306E0,6.858363E-1,3.0472636E-1,0E0,0E0,3.4261217E0,4.858818E-1,5.260293E0,0E0,0E0,0E0,0E0,0E0,0E0,0E0,0E0,0E0,0E0,0E0,0E0,0E0,0E0,0E0,0E0,0E0,0E0,0E0,0E0,0E0],"parents":[2147483647,0,0,2,2,3,3,4,4,5,5,6,6,7,7,8,8,9,9,10,10,11,11,12,12,13,13,14,14,15,15,17,17,19,19,20,20,21,21,22,22,23,23,24,24,27,27,28,28,29,29],"right_children":[2,-1,4,6,8,10,12,14,16,18,20,22,24,26,28,30,-1,32,-1,34,36,38,40,42,44,-1,-1,46,48,50,-1,-1,-1,-1,-1,-1,-1,-1,-1,-1,-1,-1,-1,-1,-1,-1,-1,-1,-1,-1,-1],"split_conditions":[3E0,-7.644705E-1,2.5E0,1.5E0,2.5E0,2.5E0,4.5E0,1.5E0,3.5E0,4.5E0,2.5E0,2.5E0,1.5E0,3.5E0,2.5E0,3.5E0,-7.4379635E-1,3.5E0,-6.400267E-1,4.5E0,1.5E0,1.5E0,2.5E0,2.5E0,2.5E0,-4.4828212E-1,-2.8552404E-1,3.5E0,2.5E0,2.5E0,-7.1675825E-1,-1.0217956E-2,-2.1410404E-1,8.857004E-3,5.899243E-2,-1.1724277E-1,-3.0844855E-1,-1.8579988E-2,5.9388865E-2,-1.7034811E-1,-1.8429067E-2,-1.0315408E-1,9.110783E-2,1.8360637E-1,7.4004985E-2,-2.146958E-1,3.5311624E-2,1.1263076E-1,8.220445E-3,-2.9323977E-1,7.570803E-2],"split_indices":[3,0,0,4,1,2,2,4,0,3,1,1,1,2,4,1,0,1,0,2,0,1,2,4,1,0,0,2,2,4,0,0,0,0,0,0,0,0,0,0,0,0,0,0,0,0,0,0,0,0,0],"split_type":[0,0,0,0,0,0,0,0,0,0,0,0,0,0,0,0,0,0,0,0,0,0,0,0,0,0,0,0,0,0,0,0,0,0,0,0,0,0,0,0,0,0,0,0,0,0,0,0,0,0,0],"sum_hessian":[3.3646704E2,1.1126298E2,2.2520406E2,1.1394108E2,1.1126298E2,3.8954216E1,7.498686E1,5.770093E1,5.3562046E1,9.49509E0,2.9459126E1,5.697054E1,1.8016325E1,2.0207499E1,3.749343E1,2.6781023E1,2.6781023E1,4.625813E0,4.869277E0,1.4607831E1,1.48512945E1,2.9459126E1,2.7511414E1,4.625813E0,1.33905115E1,9.738554E0,1.04689455E1,1.8259789E1,1.9233644E1,1.3633975E1,1.3147048E1,3.16503E0,1.460783E0,9.9820175E0,4.625813E0,7.0604515E0,7.790843E0,1.4364367E1,1.5094758E1,8.764698E0,1.8746716E1,1.9477108E0,2.6781023E0,3.8954215E0,9.49509E0,9.0081625E0,9.251626E0,4.625813E0,1.4607831E1,8.764698E0,4.869277E0],"tree_param":{"num_deleted":"0","num_feature":"5","num_nodes":"51","size_leaf_vector":"0"}},{"base_weights":[-9.055284E-1,-1.6789654E0,-5.07969E-1,-1.5244757E-1,-8.583516E-1,-4.558222E-1,1.291432E-2,-3.6245826E-1,-1.3661388E0,-9.9591255E-1,-2.5189072E-1,-1.1989669E-1,1.4419606E-1,-8.651361E-1,-6.2033866E-2,-1.0256913E0,-1.6613171E0,-2.7139843E-1,-1.5045649E0,6.9046915E-2,-5.3920674E-1,3.4342207E-2,-2.7158448E-1,6.425915E-2,3.5900503E-1,-9.428965E-1,-5.0474894E-1,-2.1996593E-1,9.5014825E-2,-3.8552704E-1,-1.5960649E0,-2.6235979E-2,-5.693505E-1,2.1524515E-2,1.5036957E-1,-2.804042E-1,-7.122304E-1,-2.9852692E-2,9.810842E-2,-5.613948E-1,6.0081147E-2,-1.8039429E-1,1.4677984E-1,1.7797598E-1,4.8283783E-1,-6.333757E-1,-1.1565441E0,-4.9890542E-1,8.667491E-2,2.9138663E-1,1.9752987E-2,-9.376676E-1,-2.757799E-2],"categories":[],"categories_nodes":[],"categories_segments":[],"categories_sizes":[],"default_left":[1,0,1,1,1,1,1,1,1,1,1,1,1,1,1,1,0,1,0,1,1,1,1,1,1,1,0,1,1,1,0,0,0,0,0,0,0,0,0,0,0,0,0,0,0,0,0,0,0,0,0,0,0],"id":1,"left_children":[1,-1,3,5,7,9,11,13,15,17,19,21,23,25,27,29,-1,31,-1,33,35,37,39,41,43,45,-1,47,49,51,-1,-1,-1,-1,-1,-1,-1,-1,-1,-1,-1,-1,-1,-1,-1,-1,-1,-1,-1,-1,-1,-1,-1],"loss_changes":[1.0579324E2,0E0,2.8583927E1,5.8068447E0,2.8684387E1,4.2452354E0,1.339134E0,9.005486E0,4.0132675E0,3.5902596E0,2.8930712E0,9.038293E-1,6.393921E-1,1.5077019E-1,9.789117E-1,9.985899E0,0E0,4.0110388E-1,0E0,5.672705E-2,5.3712225E-1,8.416269E-2,1.8973166E0,6.187174E-1,1.4373398E-1,4.0766525E-1,0E0,1.7162825E0,2.9078954E-1,2.9384148E0,0E0,0E0,0E0,0E0,0E0,0E0,0E0,0E0,0E0,0E0,0E0,0E0,0E0,0E0,0E0,0E0,0E0,0E0,0E0,0E0,0E0,0E0,0E0],"parents":[2147483647,0,0,2,2,3,3,4,4,5,5,6,6,7,7,8,8,9,9,10,10,11,11,12,12,13,13,14,14,15,15,17,17,19,19,20,20,21,21,22,22,23,23,24,24,25,25,27,27,28,28,29,29],"right_children":[2,-1,4,6,8,10,12,14,16,18,20,22,24,26,28,30,-1,32,-1,34,36,38,40,42,44,46,-1,48,50,52,-1,-1,-1,-1,-1,-1,-1,-1,-1,-1,-1,-1,-1,-1,-1,-1,-1,-1,-1,-1,-1,-1,-1],"split_conditions":[3E0,-5.0368965E-1,2.5E0,1.5E0,2.5E0,2.5E0,2.5E0,1.5E0,3.5E0,4.5E0,2.5E0,2.5E0,4.5E0,4.5E0,2.5E0,3.5E0,-4.9839514E-1,3.5E0,-4.513695E-1,4.5E0,1.5E0,4.5E0,3.5E0,1.5E0,1.5E0,4.5E0,-1.5142469E-1,3.5E0,2.5E0,1.5E0,-4.788195E-1,-7.870794E-3,-1.7080516E-1,6.457355E-3,4.5110874E-2,-8.4121265E-2,-2.1366912E-1,-8.955808E-3,2.9432526E-2,-1.6841845E-1,1.8024344E-2,-5.411829E-2,4.4033952E-2,5.3392798E-2,1.4485136E-1,-1.9001272E-1,-3.4696323E-1,-1.4967163E-1,2.6002472E-2,8.741599E-2,5.925896E-3,-2.813003E-1,-8.273398E-3],"split_indices":[3,0,0,4,1,2,4,4,1,3,1,1,2,2,4,0,0,1,0,2,0,3,2,1,0,3,0,2,2,4,0,0,0,0,0,0,0,0,0,0,0,0,0,0,0,0,0,0,0,0,0,0,0],"split_type":[0,0,0,0,0,0,0,0,0,0,0,0,0,0,0,0,0,0,0,0,0,0,0,0,0,0,0,0,0,0,0,0,0,0,0,0,0,0,0,0,0,0,0,0,0,0,0,0,0,0,0,0,0],"sum_hessian":[3.4583112E2,1.1631718E2,2.2951395E2,1.1463387E2,1.14880066E2,3.982112E1,7.481275E1,5.8987766E1,5.5892303E1,9.850247E0,2.9970875E1,3.723288E1,3.7579876E1,2.1362974E1,3.762479E1,2.8033894E1,2.7858408E1,4.6955557E0,5.154691E0,1.4515954E1,1.5454921E1,1.8844772E1,1.8388105E1,2.833479E1,9.245085E0,1.6242092E1,5.1208835E0,1.8559885E1,1.9064905E1,1.3998484E1,1.403541E1,3.1728828E0,1.5226731E0,9.960205E0,4.5557494E0,7.242484E0,8.212437E0,9.655849E0,9.188923E0,9.443604E0,8.944501E0,6.8475237E0,2.1487267E1,4.745275E0,4.4998097E0,8.25185E0,7.990241E0,9.390606E0,9.169279E0,4.486686E0,1.4578219E1,4.868779E0,9.129704E0],"tree_param":{"num_deleted":"0","num_feature":"5","num_nodes":"53","size_leaf_vector":"0"}}]},"name":"gbtree"},"learner_model_param":{"base_score":"5E-1","num_class":"0","num_feature":"5","num_target":"1"},"objective":{"name":"reg:squarederror","reg_loss_param":{"scale_pos_weight":"1"}}},"version":[1,6,2]}