{"learner":{"attributes":{"best_ntree_limit":"7"},"feature_names":[],"feature_types":[],"gradient_booster":{"model":{"gbtree_model_param":{"num_parallel_tree":"1","num_trees":"2","size_leaf_vector":"0"},"tree_info":[0,0],"trees":[{"base_weights":[-7.8883123E-1,-1.5178452E0,-4.1048548E-1,-5.2592125E-2,-7.5773615E-1,-3.0448762E-1,3.1235162E-2,-2.8657693E-1,-1.224959E0,-8.1794995E-1,-5.9523813E-2,1.2528107E-1,-6.888429E-2,-7.074037E-1,-6.97628E-2,-9.201214E-1,-1.494452E0,-1.274466E-1,-1.3428906E0,-1.6735558E-1,6.0206186E-2,4.291504E-2,2.0696889E-1,-2.8665766E-1,3.528845E-2,-5.1380277E-1,-8.7177426E-1,-3.1144303E-1,2.1883264E-2,-3.879176E-1,-1.4595107E0,8.998033E-2,-5.660765E-1,3.0665286E-2,-3.8404846E-1,-9.264451E-2,1.0017525E-1,8.646644E-2,-7.901628E-3,1.4335665E-1,3.287684E-1,-1.5847431E-2,-5.327712E-1,-1.261899E-1,1.1538939E-1,-1.2253946E0,-6.497163E-1,-5.3010243E-1,-4.904148E-2,-8.979125E-2,7.459072E-2,-8.4367067E-1,-1.00192875E-1],"categories":[],"categories_nodes":[],"categories_segments":[],"categories_sizes":[],"default_left":[1,0,1,1,1,1,1,1,1,1,1,1,1,1,1,1,0,1,0,1,1,1,1,1,1,0,1,1,1,1,0,0,0,0,0,0,0,0,0,0,0,0,0,0,0,0,0,0,0,0,0,0,0],"id":0,"left_children":[1,-1,3,5,7,9,11,13,15,17,19,21,23,25,27,29,-1,31,-1,33,35,37,39,41,43,-1,45,47,49,51,-1,-1,-1,-1,-1,-1,-1,-1,-1,-1,-1,-1,-1,-1,-1,-1,-1,-1,-1,-1,-1,-1,-1],"loss_changes":[1.5527487E2,0E0,4.637494E1,3.9157672E0,4.1360504E1,5.7729335E0,1.3241014E0,8.677706E0,6.4155426E0,5.219143E0,4.2855564E-1,4.7820735E-1,1.5599009E0,5.835495E-1,1.4295547E0,1.2954651E1,0E0,7.688296E-1,0E0,7.5491554E-1,1.0760838E-1,8.325319E-2,2.3245418E-1,1.4721384E0,6.2378186E-1,0E0,4.676695E-1,9.9109566E-1,2.8633448E-1,3.202938E0,0E0,0E0,0E0,0E0,0E0,0E0,0E0,0E0,0E0,0E0,0E0,0E0,0E0,0E0,0E0,0E0,0E0,0E0,0E0,0E0,0E0,0E0,0E0],"parents":[2147483647,0,0,2,2,3,3,4,4,5,5,6,6,7,7,8,8,9,9,10,10,11,11,12,12,13,13,14,14,15,15,17,17,19,19,20,20,21,21,22,22,23,23,24,24,26,26,27,27,28,28,29,29],"right_children":[2,-1,4,6,8,10,12,14,16,18,20,22,24,26,28,30,-1,32,-1,34,36,38,40,42,44,-1,46,48,50,52,-1,-1,-1,-1,-1,-1,-1,-1,-1,-1,-1,-1,-1,-1,-1,-1,-1,-1,-1,-1,-1,-1,-1],"split_conditions":[3E0,-4.5535356E-1,2.5E0,2.5E0,2.5E0,1.5E0,2.5E0,1.5E0,3.5E0,4.5E0,2.5E0,4.5E0,1.5E0,4.5E0,2.5E0,3.5E0,-4.4833562E-1,3.5E0,-4.028672E-1,2.5E0,1.5E0,1.5E0,2.5E0,3.5E0,3.5E0,-1.5414083E-1,2.5E0,2.5E0,3.5E0,1.5E0,-4.3785322E-1,2.69941E-2,-1.6982296E-1,9.199586E-3,-1.1521454E-1,-2.7793355E-2,3.0052574E-2,2.5939932E-2,-2.3704884E-3,4.3006998E-2,9.8630525E-2,-4.7542294E-3,-1.5983137E-1,-3.7856974E-2,3.461682E-2,-3.6761838E-1,-1.949149E-1,-1.5903074E-1,-1.47124445E-2,-2.6937377E-2,2.2377217E-2,-2.531012E-1,-3.0057864E-2],"split_indices":[3,0,0,2,1,4,1,4,1,3,4,3,4,3,2,0,0,1,0,1,1,1,4,1,2,0,2,4,2,4,0,0,0,0,0,0,0,0,0,0,0,0,0,0,0,0,0,0,0,0,0,0,0],"split_type":[0,0,0,0,0,0,0,0,0,0,0,0,0,0,0,0,0,0,0,0,0,0,0,0,0,0,0,0,0,0,0,0,0,0,0,0,0,0,0,0,0,0,0,0,0,0,0,0,0,0,0,0,0],"sum_hessian":[5.642176E2,1.9174422E2,3.7247336E2,1.8399286E2,1.884805E2,4.5284275E1,1.3870859E2,9.464822E1,9.383228E1,1.3870859E1,3.1413416E1,7.139413E1,6.731446E1,3.1413416E1,6.32348E1,4.610021E1,4.7732075E1,6.527463E0,7.3433957E0,1.6318657E1,1.5094758E1,3.6309013E1,3.5085114E1,2.1214254E1,4.610021E1,1.6318657E1,1.5094758E1,1.6726624E1,4.6508175E1,2.4070019E1,2.2030188E1,4.8955975E0,1.6318657E0,8.975262E0,7.3433957E0,2.855765E0,1.2238993E1,1.9174423E1,1.713459E1,2.4477985E1,1.0607127E1,1.0607127E1,1.0607127E1,1.5094758E1,3.100545E1,4.079664E0,1.1015094E1,8.567295E0,8.159328E0,1.4686791E1,3.1821383E1,8.567295E0,1.5502725E1],"tree_param":{"num_deleted":"0","num_feature":"5","num_nodes":"53","size_leaf_vector":"0"}},{"base_weights":[-6.438251E-1,-1.0935755E0,-3.9962932E-1,-1.5423739E-1,-6.2957186E-1,-3.3686906E-1,-9.169738E-2,-3.1855592E-1,-9.259864E-1,-6.8944734E-1,-1.6005902E-1,-2.4182862E-2,-1.6101368E-1,-5.97238E-1,-1.6827476E-1,-7.3737097E-1,-1.0867176E0,-2.0048222E-1,-1.0309725E0,-2.3200208E-1,-7.15548E-2,-8.761187E-2,4.287651E-2,-6.0530066E-2,-2.6279706E-1,-4.5565525E-1,-7.123302E-1,-3.344545E-1,-1.015049E-1,-3.889055E-1,-1.0724337E0,1.2238625E-1,-4.2462862E-1,-8.525373E-2,-3.7606838E-1,-1.11215055E-1,3.66647E-2,-5.1297795E-2,-1.2291095E-1,-7.710921E-3,1.516521E-1,-1.3556479E-1,1.9425662E-2,-5.0873834E-1,-1.4449763E-1,-9.660784E-1,-5.466582E-1,-4.7388065E-1,-1.485258E-1,-1.7318493E-1,-6.3742004E-2,-6.9359946E-1,-1.8253155E-1],"categories":[],"categories_nodes":[],"categories_segments":[],"categories_sizes":[],"default_left":[1,0,1,1,1,1,1,1,1,1,1,1,1,1,1,1,0,1,0,1,1,1,1,1,1,0,1,1,1,1,0,0,0,0,0,0,0,0,0,0,0,0,0,0,0,0,0,0,0,0,0,0,0],"id":1,"left_children":[1,-1,3,5,7,9,11,13,15,17,19,21,23,25,27,29,-1,31,-1,33,35,37,39,41,43,-1,45,47,49,51,-1,-1,-1,-1,-1,-1,-1,-1,-1,-1,-1,-1,-1,-1,-1,-1,-1,-1,-1,-1,-1,-1,-1],"loss_changes":[6.3685776E1,0E0,2.1343296E1,2.0836973E0,1.7759193E1,2.810358E0,6.479378E-1,3.9656649E0,2.2226868E0,2.355937E0,1.9037426E-1,3.088864E-1,6.851765E-1,2.2328949E-1,6.813723E-1,5.3045063E0,0E0,5.9850824E-1,0E0,3.375917E-1,7.2841786E-2,4.1372836E-2,1.9674301E-1,2.1737641E-1,9.085727E-1,0E0,1.7690182E-1,3.973384E-1,1.1733359E-1,1.482547E0,0E0,0E0,0E0,0E0,0E0,0E0,0E0,0E0,0E0,0E0,0E0,0E0,0E0,0E0,0E0,0E0,0E0,0E0,0E0,0E0,0E0,0E0,0E0],"parents":[2147483647,0,0,2,2,3,3,4,4,5,5,6,6,7,7,8,8,9,9,10,10,11,11,12,12,13,13,14,14,15,15,17,17,19,19,20,20,21,21,22,22,23,23,24,24,26,26,27,27,28,28,29,29],"right_children":[2,-1,4,6,8,10,12,14,16,18,20,22,24,26,28,30,-1,32,-1,34,36,38,40,42,44,-1,46,48,50,52,-1,-1,-1,-1,-1,-1,-1,-1,-1,-1,-1,-1,-1,-1,-1,-1,-1,-1,-1,-1,-1,-1,-1],"split_conditions":[3E0,-3.2807267E-1,2.5E0,2.5E0,2.5E0,1.5E0,2.5E0,1.5E0,3.5E0,4.5E0,2.5E0,4.5E0,1.5E0,4.5E0,2.5E0,3.5E0,-3.260153E-1,1.5E0,-3.0929175E-1,2.5E0,3.5E0,1.5E0,2.5E0,4.5E0,1.5E0,-1.3669658E-1,2.5E0,2.5E0,3.5E0,1.5E0,-3.2173014E-1,3.6715876E-2,-1.273886E-1,-2.557612E-2,-1.1282052E-1,-3.336452E-2,1.09994095E-2,-1.5389339E-2,-3.6873285E-2,-2.3132765E-3,4.549563E-2,-4.0669437E-2,5.827699E-3,-1.5262151E-1,-4.3349292E-2,-2.8982353E-1,-1.6399747E-1,-1.421642E-1,-4.4557743E-2,-5.195548E-2,-1.9122602E-2,-2.0807984E-1,-5.475947E-2],"split_indices":[3,0,0,2,1,4,1,4,1,3,4,3,0,3,2,0,0,0,0,1,1,1,4,3,4,0,2,4,2,4,0,0,0,0,0,0,0,0,0,0,0,0,0,0,0,0,0,0,0,0,0,0,0],"split_type":[0,0,0,0,0,0,0,0,0,0,0,0,0,0,0,0,0,0,0,0,0,0,0,0,0,0,0,0,0,0,0,0,0,0,0,0,0,0,0,0,0,0,0,0,0,0,0,0,0,0,0,0,0],"sum_hessian":[5.828519E2,2.0387837E2,3.7897357E2,1.8413628E2,1.9483728E2,4.585177E1,1.3828452E2,9.608932E1,9.874797E1,1.4345642E1,3.1506126E1,7.073604E1,6.754847E1,3.262158E1,6.346774E1,4.8003838E1,5.074413E1,6.552039E0,7.793603E0,1.648471E1,1.5021415E1,3.6194504E1,3.454154E1,3.479374E1,3.275473E1,1.685103E1,1.5770546E1,1.7042517E1,4.642522E1,2.4590452E1,2.3413385E1,2.8708107E0,3.6812286E0,8.954884E0,7.5298276E0,1.0972526E1,4.048889E0,1.9049984E1,1.7144518E1,2.4211018E1,1.0330521E1,1.7590437E1,1.7203302E1,9.566277E0,2.3188452E1,4.3210406E0,1.1449506E1,8.854151E0,8.188366E0,1.4781481E1,3.164374E1,8.976503E0,1.5613949E1],"tree_param":{"num_deleted":"0","num_feature":"5","num_nodes":"53","size_leaf_vector":"0"}}]},"name":"gbtree"},"learner_model_param":{"base_score":"5E-1","num_class":"0","num_feature":"5","num_target":"1"},"objective":{"name":"reg:squarederror","reg_loss_param":{"scale_pos_weight":"1"}}},"version":[1,6,2]}