{"learner":{"attributes":{"best_ntree_limit":"2"},"feature_names":[],"feature_types":[],"gradient_booster":{"model":{"gbtree_model_param":{"num_parallel_tree":"1","num_trees":"2","size_leaf_vector":"0"},"tree_info":[0,0],"trees":[{"base_weights":[-1.3370274E0,-2.5481205E0,-7.37856E-1,-1.9756867E-1,-1.270531E0,-7.1942365E-1,8.0424994E-2,-5.2587646E-1,-2.01516E0,-2.4221036E-1,-1.1450951E0,-1.3998228E-1,1.6387545E-1,-1.3656082E0,-4.6543077E-2,-1.4547373E0,-2.4841006E0,-1.1652824E0,9.162888E-2,-7.776635E-1,-1.4444581E0,-4.591478E-3,-5.14155E-1,-9.366536E-3,3.2545236E-1,-1.4799781E0,-8.4107023E-1,-3.225972E-1,1.905071E-1,-3.7796313E-1,-2.398488E0,-2.7473096E-3,-1.8237315E0,2.677073E-1,-9.5483944E-2,-3.5123125E-1,-1.0654149E0,1.0967618E-1,-1.18336834E-1,-7.838626E-1,-3.1932762E-3,-2.6132926E-1,1.2219074E-1,1.2187992E-2,4.1876408E-1,-7.848271E-1,1.4962016E-1,3.0412367E-1,6.2383734E-2,-7.2086704E-1,-1.92401E-2],"categories":[],"categories_nodes":[],"categories_segments":[],"categories_sizes":[],"default_left":[1,0,1,1,1,1,1,1,1,1,1,1,1,1,1,1,0,1,1,1,0,1,1,1,1,0,0,1,1,1,0,0,0,0,0,0,0,0,0,0,0,0,0,0,0,0,0,0,0,0,0],"id":0,"left_children":[1,-1,3,5,7,9,11,13,15,17,19,21,23,25,27,29,-1,31,33,35,-1,37,39,41,43,-1,-1,45,47,49,-1,-1,-1,-1,-1,-1,-1,-1,-1,-1,-1,-1,-1,-1,-1,-1,-1,-1,-1,-1,-1],"loss_changes":[2.430036E2,0E0,6.513024E1,1.6591354E1,6.226912E1,7.7893333E0,1.4071386E0,2.3466242E1,1.13013E1,6.266901E0,1.1558647E0,1.0720013E0,1.5439739E0,2.7500153E-2,2.5644846E0,2.7819534E1,0E0,4.1150174E0,5.397856E-1,1.0331068E0,0E0,2.284978E-1,7.7279186E-1,9.447341E-1,8.2832026E-1,0E0,0E0,4.0556097E0,2.897439E-1,1.7562718E0,0E0,0E0,0E0,0E0,0E0,0E0,0E0,0E0,0E0,0E0,0E0,0E0,0E0,0E0,0E0,0E0,0E0,0E0,0E0,0E0,0E0],"parents":[2147483647,0,0,2,2,3,3,4,4,5,5,6,6,7,7,8,8,9,9,10,10,11,11,12,12,13,13,14,14,15,15,17,17,18,18,19,19,21,21,22,22,23,23,24,24,27,27,28,28,29,29],"right_children":[2,-1,4,6,8,10,12,14,16,18,20,22,24,26,28,30,-1,32,34,36,-1,38,40,42,44,-1,-1,46,48,50,-1,-1,-1,-1,-1,-1,-1,-1,-1,-1,-1,-1,-1,-1,-1,-1,-1,-1,-1,-1,-1],"split_conditions":[3E0,-7.644362E-1,2.5E0,1.5E0,2.5E0,2.5E0,2.5E0,1.5E0,3.5E0,2.5E0,4.5E0,3.5E0,4.5E0,4.5E0,2.5E0,3.5E0,-7.452302E-1,4.5E0,4.5E0,1.5E0,-4.3333745E-1,1.5E0,2.5E0,3.5E0,1.5E0,-4.4399345E-1,-2.523211E-1,3.5E0,3.5E0,3.5E0,-7.1954644E-1,-8.2419295E-4,-5.471195E-1,8.031219E-2,-2.8645184E-2,-1.0536938E-1,-3.1962448E-1,3.2902855E-2,-3.550105E-2,-2.3515879E-1,-9.579829E-4,-7.839878E-2,3.6657225E-2,3.6563978E-3,1.2562923E-1,-2.3544814E-1,4.488605E-2,9.1237105E-2,1.871512E-2,-2.1626012E-1,-5.77203E-3],"split_indices":[3,0,0,4,1,1,2,4,0,2,3,1,3,2,4,1,0,3,3,0,0,0,4,2,1,0,0,2,2,2,0,0,0,0,0,0,0,0,0,0,0,0,0,0,0,0,0,0,0,0,0],"split_type":[0,0,0,0,0,0,0,0,0,0,0,0,0,0,0,0,0,0,0,0,0,0,0,0,0,0,0,0,0,0,0,0,0,0,0,0,0,0,0,0,0,0,0,0,0,0,0,0,0,0,0],"sum_hessian":[3.3646704E2,1.1028912E2,2.2617792E2,1.12967224E2,1.13210686E2,3.871075E1,7.425647E1,5.7457466E1,5.575322E1,1.899018E1,1.9720572E1,2.0207499E1,5.4048973E1,2.0207499E1,3.724997E1,2.726795E1,2.848527E1,4.382349E0,1.4607831E1,1.04689455E1,9.251626E0,1.5581686E1,4.625813E0,2.653756E1,2.7511414E1,1.5094758E1,5.1127405E0,1.7042469E1,2.0207499E1,1.33905115E1,1.38774395E1,1.9477108E0,2.4346385E0,7.3039155E0,7.3039155E0,5.1127405E0,5.3562045E0,7.790843E0,7.790843E0,2.6781023E0,1.9477108E0,8.764698E0,1.7772861E1,6.573524E0,2.0937891E1,8.277771E0,8.764698E0,9.9820175E0,1.0225481E1,6.33006E0,7.0604515E0],"tree_param":{"num_deleted":"0","num_feature":"5","num_nodes":"51","size_leaf_vector":"0"}},{"base_weights":[-9.0727854E-1,-1.6789478E0,-5.1512426E-1,-1.4783743E-1,-8.6763304E-1,-5.1698273E-1,5.5666696E-2,-3.6779544E-1,-1.3572875E0,-1.0927901E0,-3.0987278E-1,-4.8983403E-2,1.5842429E-1,-9.227141E-1,-3.3083785E-2,-1.0058084E0,-1.6619637E0,-4.082274E-1,-1.5926173E0,6.833395E-2,-6.3917625E-1,-2.6974514E-1,4.149771E-2,4.1281674E-2,2.7086878E-1,-2.3005661E-1,1.4097263E-1,-2.724982E-1,-1.6037918E0,-2.9266074E-2,-6.8639255E-1,2.1299851E-1,-7.648699E-2,1.2536372E-1,-4.2607677E-1,-8.5074686E-2,1.5795596E-1,1.8705669E-1,-9.853957E-2,7.8884006E-2,4.3809217E-1,-7.545494E-1,-2.087859E-4,2.2712028E-1,4.5568652E-2,-7.180111E-1,-3.9393954E-2],"categories":[],"categories_nodes":[],"categories_segments":[],"categories_sizes":[],"default_left":[1,0,1,1,1,1,1,1,1,1,1,1,1,0,1,1,0,1,0,1,0,1,1,1,1,1,1,1,0,0,0,0,0,0,0,0,0,0,0,0,0,0,0,0,0,0,0],"id":1,"left_children":[1,-1,3,5,7,9,11,13,15,17,19,21,23,-1,25,27,-1,29,-1,31,-1,33,35,37,39,41,43,45,-1,-1,-1,-1,-1,-1,-1,-1,-1,-1,-1,-1,-1,-1,-1,-1,-1,-1,-1],"loss_changes":[1.039798E2,0E0,2.980101E1,8.623899E0,2.8319801E1,4.5218754E0,8.105967E-1,1.1047005E1,4.6582108E0,2.9035292E0,3.950789E0,7.652809E-1,4.8811144E-1,0E0,1.3434279E0,1.2709129E1,0E0,5.836867E-1,0E0,3.4112415E-1,0E0,7.395444E-1,4.2091885E-1,4.2087853E-1,5.8058643E-1,2.2082007E0,1.615915E-1,1.4952751E0,0E0,0E0,0E0,0E0,0E0,0E0,0E0,0E0,0E0,0E0,0E0,0E0,0E0,0E0,0E0,0E0,0E0,0E0,0E0],"parents":[2147483647,0,0,2,2,3,3,4,4,5,5,6,6,7,7,8,8,9,9,10,10,11,11,12,12,14,14,15,15,17,17,19,19,21,21,22,22,23,23,24,24,25,25,26,26,27,27],"right_children":[2,-1,4,6,8,10,12,14,16,18,20,22,24,-1,26,28,-1,30,-1,32,-1,34,36,38,40,42,44,46,-1,-1,-1,-1,-1,-1,-1,-1,-1,-1,-1,-1,-1,-1,-1,-1,-1,-1,-1],"split_conditions":[3E0,-5.0368434E-1,2.5E0,1.5E0,2.5E0,2.5E0,2.5E0,1.5E0,3.5E0,4.5E0,2.5E0,2.5E0,4.5E0,-2.7681425E-1,2.5E0,3.5E0,-4.9858913E-1,1.5E0,-4.777852E-1,1.5E0,-1.9175288E-1,1.5E0,4.5E0,2.5E0,2.5E0,2.5E0,3.5E0,1.5E0,-4.8113757E-1,-8.779823E-3,-2.0591778E-1,6.3899554E-2,-2.2946097E-2,3.760912E-2,-1.2782304E-1,-2.5522407E-2,4.738679E-2,5.611701E-2,-2.9561872E-2,2.3665203E-2,1.3142766E-1,-2.2636482E-1,-6.263577E-5,6.813609E-2,1.3670596E-2,-2.1540333E-1,-1.1818186E-2],"split_indices":[3,0,0,4,1,2,4,4,1,3,1,2,3,0,4,0,0,0,0,0,0,1,3,1,1,2,2,4,0,0,0,0,0,0,0,0,0,0,0,0,0,0,0,0,0,0,0],"split_type":[0,0,0,0,0,0,0,0,0,0,0,0,0,0,0,0,0,0,0,0,0,0,0,0,0,0,0,0,0,0,0,0,0,0,0,0,0,0,0,0,0,0,0,0,0,0,0],"sum_hessian":[3.4546402E2,1.15299614E2,2.3016441E2,1.1341458E2,1.16749825E2,3.9757057E1,7.3657524E1,5.864072E1,5.8109108E1,9.385924E0,3.0371134E1,3.6751984E1,3.690554E1,2.1401846E1,3.7238876E1,2.8979332E1,2.9129774E1,4.727661E0,4.6582627E0,1.4504794E1,1.586634E1,1.0108172E1,2.664381E1,1.874474E1,1.8160799E1,1.7318485E1,1.992039E1,1.3670647E1,1.5308686E1,2.469086E0,2.2585754E0,7.0208025E0,7.483992E0,2.9217932E0,7.186379E0,1.2896625E1,1.3747186E1,9.011594E0,9.733147E0,9.139597E0,9.021202E0,4.581372E0,1.2737114E1,9.742507E0,1.0177882E1,3.9813008E0,9.689345E0],"tree_param":{"num_deleted":"0","num_feature":"5","num_nodes":"47","size_leaf_vector":"0"}}]},"name":"gbtree"},"learner_model_param":{"base_score":"5E-1","num_class":"0","num_feature":"5","num_target":"1"},"objective":{"name":"reg:squarederror","reg_loss_param":{"scale_pos_weight":"1"}}},"version":[1,6,2]}