{"learner":{"attributes":{"best_ntree_limit":"2"},"feature_names":[],"feature_types":[],"gradient_booster":{"model":{"gbtree_model_param":{"num_parallel_tree":"1","num_trees":"2","size_leaf_vector":"0"},"tree_info":[0,0],"trees":[{"base_weights":[-1.3349365E0,-2.5491042E0,-7.0128226E-1,-1.0227854E-1,-1.2799699E0,-5.174471E-1,3.7820376E-2,-4.9129212E-1,-2.0529284E0,-1.3243649E0,-1.1212177E-1,1.9369604E-1,-1.2819144E-1,-1.174269E0,-1.3045162E-1,-1.534651E0,-2.4844625E0,-2.0673041E-1,-2.0948327E0,-2.8350726E-1,8.2974404E-2,5.5904325E-2,3.2724604E-1,-4.7824377E-1,4.4018466E-2,-8.411463E-1,-1.4143716E0,-5.166531E-1,2.1582514E-2,-6.4737195E-1,-2.3897996E0,2.3084095E-1,-5.127527E-1,3.5364136E-2,-6.074002E-1,-1.4329767E-1,1.466698E-1,1.2635802E-1,-2.7169667E-2,2.2051424E-1,5.098647E-1,-3.606036E-2,-8.5518295E-1,-2.166147E-1,1.7550631E-1,-8.418127E-1,-8.997884E-2,-1.5755527E-1,1.0800714E-1,-1.3338252E0,-1.74912E-1],"categories":[],"categories_nodes":[],"categories_segments":[],"categories_sizes":[],"default_left":[1,0,1,1,1,1,1,1,1,1,1,1,1,1,1,1,0,1,0,1,1,1,1,1,1,0,0,1,1,1,0,0,0,0,0,0,0,0,0,0,0,0,0,0,0,0,0,0,0,0,0],"id":0,"left_children":[1,-1,3,5,7,9,11,13,15,17,19,21,23,25,27,29,-1,31,-1,33,35,37,39,41,43,-1,-1,45,47,49,-1,-1,-1,-1,-1,-1,-1,-1,-1,-1,-1,-1,-1,-1,-1,-1,-1,-1,-1,-1,-1],"loss_changes":[2.5803412E2,0E0,7.7266846E1,6.464343E0,6.817073E1,9.017317E0,2.1927629E0,1.4013404E1,8.934769E0,7.556036E0,6.83788E-1,7.841501E-1,2.5029736E0,3.8972282E-1,2.2856188E0,2.0086105E1,0E0,7.738936E-1,0E0,1.1305599E0,1.6525997E-1,1.361076E-1,3.1516385E-1,2.2459793E0,1.0151061E0,0E0,0E0,1.4478693E0,4.6219766E-1,4.7496953E0,0E0,0E0,0E0,0E0,0E0,0E0,0E0,0E0,0E0,0E0,0E0,0E0,0E0,0E0,0E0,0E0,0E0,0E0,0E0,0E0,0E0],"parents":[2147483647,0,0,2,2,3,3,4,4,5,5,6,6,7,7,8,8,9,9,10,10,11,11,12,12,13,13,14,14,15,15,17,17,19,19,20,20,21,21,22,22,23,23,24,24,27,27,28,28,29,29],"right_children":[2,-1,4,6,8,10,12,14,16,18,20,22,24,26,28,30,-1,32,-1,34,36,38,40,42,44,-1,-1,46,48,50,-1,-1,-1,-1,-1,-1,-1,-1,-1,-1,-1,-1,-1,-1,-1,-1,-1,-1,-1,-1,-1],"split_conditions":[3E0,-7.647313E-1,2.5E0,2.5E0,2.5E0,1.5E0,2.5E0,1.5E0,3.5E0,4.5E0,2.5E0,4.5E0,1.5E0,4.5E0,2.5E0,3.5E0,-7.453388E-1,1.5E0,-6.284498E-1,2.5E0,1.5E0,1.5E0,2.5E0,3.5E0,3.5E0,-2.523439E-1,-4.243115E-1,2.5E0,3.5E0,1.5E0,-7.169399E-1,6.925229E-2,-1.5382582E-1,1.0609241E-2,-1.8222006E-1,-4.2989302E-2,4.4000942E-2,3.7907407E-2,-8.150901E-3,6.615427E-2,1.529594E-1,-1.0818108E-2,-2.565549E-1,-6.498441E-2,5.2651893E-2,-2.525438E-1,-2.6993653E-2,-4.7266584E-2,3.2402143E-2,-4.001476E-1,-5.2473605E-2],"split_indices":[3,0,0,2,1,4,1,4,1,3,4,3,4,3,2,0,0,0,0,1,1,1,4,1,2,0,0,4,2,4,0,0,0,0,0,0,0,0,0,0,0,0,0,0,0,0,0,0,0,0,0],"split_type":[0,0,0,0,0,0,0,0,0,0,0,0,0,0,0,0,0,0,0,0,0,0,0,0,0,0,0,0,0,0,0,0,0,0,0,0,0,0,0,0,0,0,0,0,0,0,0,0,0,0,0],"sum_hessian":[3.367105E2,1.1442801E2,2.2228249E2,1.0980219E2,1.1248029E2,2.7024487E1,8.277771E1,5.6483612E1,5.5996685E1,8.277771E0,1.8746716E1,4.2606174E1,4.0171535E1,1.8746716E1,3.7736897E1,2.7511414E1,2.848527E1,3.8954215E0,4.382349E0,9.738554E0,9.0081625E0,2.1668282E1,2.0937891E1,1.266012E1,2.7511414E1,9.738554E0,9.0081625E0,9.9820175E0,2.7754879E1,1.4364367E1,1.3147048E1,1.7042469E0,2.1911745E0,5.3562045E0,4.382349E0,1.7042469E0,7.3039155E0,1.14428005E1,1.0225481E1,1.4607831E1,6.33006E0,6.33006E0,6.33006E0,9.0081625E0,1.8503252E1,5.1127405E0,4.869277E0,8.764698E0,1.899018E1,5.1127405E0,9.251626E0],"tree_param":{"num_deleted":"0","num_feature":"5","num_nodes":"51","size_leaf_vector":"0"}},{"base_weights":[-9.058027E-1,-1.6793907E0,-4.9071988E-1,-7.771858E-2,-8.7698287E-1,-3.830135E-1,2.7239624E-2,-3.4889132E-1,-1.383772E0,-9.5830435E-1,-8.583354E-2,1.4397539E-1,-9.472995E-2,-8.0381054E-1,-9.735657E-2,-1.0560035E0,-1.6535338E0,-1.5926576E-1,-1.4874625E0,-2.1001528E-1,5.877556E-2,4.0700477E-2,2.46104E-1,-3.4308994E-1,3.0887496E-2,-1.1097547E0,-6.323124E-1,-3.7459105E-1,1.4788043E-2,-4.646025E-1,-1.6147815E0,1.5165892E-1,-4.6770814E-1,2.649432E-2,-4.4259876E-1,-1.1532884E-1,1.0925452E-1,9.247674E-2,-1.970183E-2,1.617029E-1,3.9476082E-1,-3.294627E-2,-6.696796E-1,-1.1565441E-1,1.9305664E-1,-4.5722044E-1,-1.4463671E0,-3.749418E-1,-7.144026E-1,-6.0105383E-1,-6.71514E-2,-1.1375556E-1,7.795375E-2,-9.387256E-1,-1.2586692E-1],"categories":[],"categories_nodes":[],"categories_segments":[],"categories_sizes":[],"default_left":[1,0,1,1,1,1,1,1,1,1,1,1,1,1,1,1,0,1,0,1,1,1,1,1,1,1,1,1,1,1,0,0,0,0,0,0,0,0,0,0,0,0,0,0,0,0,0,0,0,0,0,0,0,0,0],"id":1,"left_children":[1,-1,3,5,7,9,11,13,15,17,19,21,23,25,27,29,-1,31,-1,33,35,37,39,41,43,45,47,49,51,53,-1,-1,-1,-1,-1,-1,-1,-1,-1,-1,-1,-1,-1,-1,-1,-1,-1,-1,-1,-1,-1,-1,-1,-1,-1],"loss_changes":[1.1047232E2,0E0,3.6142048E1,3.56059E0,3.0881378E1,4.775093E0,1.2008415E0,6.641742E0,3.5117264E0,3.8132992E0,3.6848858E-1,4.4353604E-1,1.3015778E0,3.8817406E-1,1.216659E0,9.03587E0,0E0,5.443296E-1,0E0,6.106791E-1,9.999312E-2,7.243564E-2,2.04952E-1,1.3941573E0,6.9719166E-1,6.8668747E-1,6.247139E-2,7.4341357E-1,2.4187854E-1,2.4178648E0,0E0,0E0,0E0,0E0,0E0,0E0,0E0,0E0,0E0,0E0,0E0,0E0,0E0,0E0,0E0,0E0,0E0,0E0,0E0,0E0,0E0,0E0,0E0,0E0,0E0],"parents":[2147483647,0,0,2,2,3,3,4,4,5,5,6,6,7,7,8,8,9,9,10,10,11,11,12,12,13,13,14,14,15,15,17,17,19,19,20,20,21,21,22,22,23,23,24,24,25,25,26,26,27,27,28,28,29,29],"right_children":[2,-1,4,6,8,10,12,14,16,18,20,22,24,26,28,30,-1,32,-1,34,36,38,40,42,44,46,48,50,52,54,-1,-1,-1,-1,-1,-1,-1,-1,-1,-1,-1,-1,-1,-1,-1,-1,-1,-1,-1,-1,-1,-1,-1,-1,-1],"split_conditions":[3E0,-5.038172E-1,2.5E0,2.5E0,2.5E0,1.5E0,2.5E0,1.5E0,3.5E0,4.5E0,2.5E0,4.5E0,1.5E0,2.5E0,2.5E0,3.5E0,-4.9606016E-1,2.5E0,-4.462388E-1,2.5E0,1.5E0,1.5E0,2.5E0,1.5E0,3.5E0,4.5E0,3.5E0,2.5E0,3.5E0,1.5E0,-4.8443446E-1,4.549768E-2,-1.4031245E-1,7.948296E-3,-1.3277963E-1,-3.4598652E-2,3.2776356E-2,2.7743023E-2,-5.910549E-3,4.851087E-2,1.1842825E-1,-9.883882E-3,-2.0090388E-1,-3.4696326E-2,5.7916995E-2,-1.3716614E-1,-4.3391016E-1,-1.1248254E-1,-2.143208E-1,-1.8031615E-1,-2.014542E-2,-3.412667E-2,2.3386125E-2,-2.816177E-1,-3.776008E-2],"split_indices":[3,0,0,2,1,4,1,4,1,3,4,3,4,2,2,0,0,1,0,1,1,1,4,0,1,3,2,4,2,4,0,0,0,0,0,0,0,0,0,0,0,0,0,0,0,0,0,0,0,0,0,0,0,0,0],"split_type":[0,0,0,0,0,0,0,0,0,0,0,0,0,0,0,0,0,0,0,0,0,0,0,0,0,0,0,0,0,0,0,0,0,0,0,0,0,0,0,0,0,0,0,0,0,0,0,0,0,0,0,0,0,0,0],"sum_hessian":[3.456065E2,1.1962188E2,2.2598463E2,1.0979282E2,1.1619182E2,2.7411375E1,8.238145E1,5.7726875E1,5.8464943E1,8.579067E0,1.8832306E1,4.2001675E1,4.0379772E1,1.9772043E1,3.795483E1,2.8613398E1,2.9851545E1,3.936245E0,4.6428227E0,9.88842E0,8.943887E0,2.1578995E1,2.042268E1,1.2981883E1,2.739789E1,5.136983E0,1.4635061E1,1.0257314E1,2.7697517E1,1.4790672E1,1.3822726E1,2.2133694E0,1.7228754E0,5.342164E0,4.5462556E0,1.7215352E0,7.2223516E0,1.133324E1,1.0245755E1,1.4358364E1,6.064316E0,7.2232504E0,5.758632E0,1.4543072E1,1.2854817E1,2.550689E0,2.5862942E0,4.8854747E0,9.749586E0,5.356579E0,4.9007344E0,8.862081E0,1.8835436E1,5.4254656E0,9.365207E0],"tree_param":{"num_deleted":"0","num_feature":"5","num_nodes":"55","size_leaf_vector":"0"}}]},"name":"gbtree"},"learner_model_param":{"base_score":"5E-1","num_class":"0","num_feature":"5","num_target":"1"},"objective":{"name":"reg:squarederror","reg_loss_param":{"scale_pos_weight":"1"}}},"version":[1,6,2]}