{"learner":{"attributes":{"best_ntree_limit":"2"},"feature_names":[],"feature_types":[],"gradient_booster":{"model":{"gbtree_model_param":{"num_parallel_tree":"1","num_trees":"2","size_leaf_vector":"0"},"tree_info":[0,0],"trees":[{"base_weights":[-1.3370312E0,-2.549273E0,-7.096968E-1,-1.9504255E-1,-1.239532E0,-6.8412113E-1,5.600267E-2,-7.9053813E-1,-2.4817653E0,-1.3352133E0,-4.1395304E-1,2.1504182E-1,-9.955008E-2,-1.4712393E0,-4.3579262E-1,-2.5932044E-1,-2.1498232E0,6.3940294E-2,-8.4218585E-1,2.8257838E-1,3.78935E-2,-2.4847718E-1,5.7984587E-2,-1.0919204E0,-1.7268379E0,-7.1533315E-2,-1.1051012E0,3.057707E-2,-5.121904E-1,1.469041E-1,-3.8768917E-2,-3.9106905E-1,-1.178656E0,3.99967E-1,1.558011E-1,9.065666E-2,-2.5271758E-2,-8.4274155E-1,4.124255E-3,4.2392355E-1,-8.7891735E-2,-2.0223336E0,-1.1748346E0,-4.363095E-1,2.7869624E-1,1.5188329E-1,-2.3128219E0],"categories":[],"categories_nodes":[],"categories_segments":[],"categories_sizes":[],"default_left":[1,0,1,1,1,1,1,1,0,1,1,1,1,1,1,1,0,1,1,1,1,1,1,0,1,1,1,0,0,0,0,0,0,0,0,0,0,0,0,0,0,0,0,0,0,0,0],"id":0,"left_children":[1,-1,3,5,7,9,11,13,-1,15,17,19,21,23,25,27,-1,29,31,33,35,37,39,-1,41,43,45,-1,-1,-1,-1,-1,-1,-1,-1,-1,-1,-1,-1,-1,-1,-1,-1,-1,-1,-1,-1],"loss_changes":[2.54828E2,0E0,6.0776123E1,1.4120981E1,5.9431183E1,6.304098E0,1.9193139E0,1.9236382E1,0E0,9.067509E0,5.9883485E0,4.469142E-1,9.40357E-1,8.0789185E-1,1.3460706E1,4.4591674E-1,0E0,1.3039356E-1,1.8711805E0,3.4750462E-1,4.1326154E-2,3.0773358E0,1.1043717E0,0E0,5.082321E-2,4.852719E0,2.9958897E1,0E0,0E0,0E0,0E0,0E0,0E0,0E0,0E0,0E0,0E0,0E0,0E0,0E0,0E0,0E0,0E0,0E0,0E0,0E0,0E0],"parents":[2147483647,0,0,2,2,3,3,4,4,5,5,6,6,7,7,9,9,10,10,11,11,12,12,13,13,14,14,15,15,17,17,18,18,19,19,20,20,21,21,22,22,24,24,25,25,26,26],"right_children":[2,-1,4,6,8,10,12,14,-1,16,18,20,22,24,26,28,-1,30,32,34,36,38,40,-1,42,44,46,-1,-1,-1,-1,-1,-1,-1,-1,-1,-1,-1,-1,-1,-1,-1,-1,-1,-1,-1,-1],"split_conditions":[3E0,-7.6478195E-1,2.5E0,1.5E0,3.5E0,2.5E0,2.5E0,1.5E0,-7.445296E-1,4.5E0,2.5E0,4.5E0,2.5E0,3.5E0,2.5E0,2.5E0,-6.44947E-1,1.5E0,1.5E0,2.5E0,4.5E0,2.5E0,2.5E0,-3.2757613E-1,3.5E0,3.5E0,3.5E0,9.173121E-3,-1.5365712E-1,4.407123E-2,-1.1630676E-2,-1.17320724E-1,-3.535968E-1,1.1999011E-1,4.674033E-2,2.7197E-2,-7.581528E-3,-2.528225E-1,1.2372765E-3,1.2717707E-1,-2.636752E-2,-6.067001E-1,-3.524504E-1,-1.3089286E-1,8.360887E-2,4.5564987E-2,-6.938466E-1],"split_indices":[3,0,0,4,1,2,1,4,0,3,1,2,4,0,1,1,0,1,0,4,3,2,2,0,2,2,0,0,0,0,0,0,0,0,0,0,0,0,0,0,0,0,0,0,0,0,0],"split_type":[0,0,0,0,0,0,0,0,0,0,0,0,0,0,0,0,0,0,0,0,0,0,0,0,0,0,0,0,0,0,0,0,0,0,0,0,0,0,0,0,0,0,0,0,0,0,0],"sum_hessian":[3.3646704E2,1.1369762E2,2.2276942E2,1.1369762E2,1.090718E2,3.798036E1,7.5717255E1,8.1316925E1,2.7754879E1,9.9820175E0,2.7998343E1,3.724997E1,3.846729E1,2.6781023E1,5.45359E1,4.869277E0,5.1127405E0,1.3633975E1,1.4364367E1,2.653756E1,1.0712409E1,1.9477108E1,1.899018E1,1.2903584E1,1.38774395E1,3.603265E1,1.8503252E1,2.6781023E0,2.1911745E0,7.3039155E0,6.33006E0,7.0604515E0,7.3039155E0,1.266012E1,1.38774395E1,5.5996685E0,5.1127405E0,5.1127405E0,1.4364367E1,4.869277E0,1.4120903E1,7.3039155E0,6.573524E0,1.7529396E1,1.8503252E1,9.49509E0,9.0081625E0],"tree_param":{"num_deleted":"0","num_feature":"5","num_nodes":"47","size_leaf_vector":"0"}},{"base_weights":[-9.072469E-1,-1.6795594E0,-4.9652377E-1,-1.4342962E-1,-8.5066354E-1,-4.9226412E-1,4.0859554E-2,-3.4902027E-1,-1.3199763E0,-9.6026075E-1,-2.9587066E-1,1.5863074E-1,-7.2056904E-2,-6.342559E-1,2.736906E-1,-8.9183164E-1,-1.7017895E0,-2.028983E-1,-1.5115901E0,-5.9640743E-2,-8.871911E-1,2.092121E-1,2.8316803E-2,-1.456663E-1,1.3244024E-1,-1.3102086E0,-3.9747846E-1,4.5957276E-1,6.388739E-2,-7.244007E-2,-1.60063E0,2.3945E-2,-3.960277E-1,8.944404E-2,-1.9610985E-1,2.9943874E-1,1.1371961E-1,6.805203E-2,-1.8895283E-2,-3.3159912E-1,6.375017E-2,2.5158864E-1,-2.8854068E-3,-6.5259886E-1,-1.1422949E-1,3.5111713E-1,-2.371971E-1,-2.7771923E-1,2.685284E-1],"categories":[],"categories_nodes":[],"categories_segments":[],"categories_sizes":[],"default_left":[1,0,1,1,1,1,1,1,1,1,1,1,1,1,1,1,0,1,0,1,0,1,1,1,1,0,1,0,1,1,0,0,0,0,0,0,0,0,0,0,0,0,0,0,0,0,0,0,0],"id":1,"left_children":[1,-1,3,5,7,9,11,13,15,17,19,21,23,25,27,29,-1,31,-1,33,-1,35,37,39,41,-1,43,-1,45,47,-1,-1,-1,-1,-1,-1,-1,-1,-1,-1,-1,-1,-1,-1,-1,-1,-1,-1,-1],"loss_changes":[1.0906015E2,0E0,2.8336372E1,7.4235897E0,2.6241928E1,3.381894E0,1.0257937E0,1.0152605E1,8.002823E0,4.4304943E0,4.0736313E0,2.4223453E-1,6.158249E-1,5.6945553E0,6.8620265E-1,1.7049248E1,0E0,2.694745E-1,0E0,4.688146E-1,0E0,1.9827616E-1,2.320429E-2,1.1743191E0,1.7829488E-1,0E0,2.1074243E0,0E0,9.291524E-1,1.1073741E0,0E0,0E0,0E0,0E0,0E0,0E0,0E0,0E0,0E0,0E0,0E0,0E0,0E0,0E0,0E0,0E0,0E0,0E0,0E0],"parents":[2147483647,0,0,2,2,3,3,4,4,5,5,6,6,7,7,8,8,9,9,10,10,11,11,12,12,13,13,14,14,15,15,17,17,19,19,21,21,22,22,23,23,24,24,26,26,28,28,29,29],"right_children":[2,-1,4,6,8,10,12,14,16,18,20,22,24,26,28,30,-1,32,-1,34,-1,36,38,40,42,-1,44,-1,46,48,-1,-1,-1,-1,-1,-1,-1,-1,-1,-1,-1,-1,-1,-1,-1,-1,-1,-1,-1],"split_conditions":[3E0,-5.038678E-1,2.5E0,1.5E0,2.5E0,2.5E0,2.5E0,2.5E0,3.5E0,4.5E0,3.5E0,4.5E0,4.5E0,2.5E0,1.5E0,3.5E0,-5.1053685E-1,2.5E0,-4.5347705E-1,1.5E0,-2.6615736E-1,2.5E0,4.5E0,2.5E0,2.5E0,-3.930626E-1,1.5E0,1.3787183E-1,4.5E0,2.5E0,-4.8018903E-1,7.1835E-3,-1.1880832E-1,2.6833214E-2,-5.8832955E-2,8.983163E-2,3.4115884E-2,2.041561E-2,-5.668585E-3,-9.947974E-2,1.9125052E-2,7.5476594E-2,-8.656221E-4,-1.9577967E-1,-3.426885E-2,1.05335146E-1,-7.115913E-2,-8.3315775E-2,8.055852E-2],"split_indices":[3,0,0,4,1,2,1,4,0,3,1,2,2,2,1,1,0,1,0,0,0,4,3,4,4,0,4,0,3,4,0,0,0,0,0,0,0,0,0,0,0,0,0,0,0,0,0,0,0],"split_type":[0,0,0,0,0,0,0,0,0,0,0,0,0,0,0,0,0,0,0,0,0,0,0,0,0,0,0,0,0,0,0,0,0,0,0,0,0,0,0,0,0,0,0,0,0,0,0,0,0],"sum_hessian":[3.4544327E2,1.18857544E2,2.2658572E2,1.141639E2,1.1242182E2,3.888628E1,7.5277626E1,5.5182034E1,5.7239784E1,1.0345043E1,2.8541237E1,3.6648552E1,3.862907E1,3.7833626E1,1.7348408E1,2.855525E1,2.8684534E1,4.934511E0,5.410532E0,2.1180557E1,7.36068E0,2.5964851E1,1.0683702E1,2.861625E1,1.0012823E1,8.638608E0,2.9195017E1,8.5673685E0,8.781039E0,1.37555895E1,1.4799661E1,2.6720395E0,2.2624714E0,1.0287084E1,1.0893474E1,1.2252383E1,1.3712467E1,5.561528E0,5.1221743E0,1.4848972E1,1.3767276E1,4.8677998E0,5.145023E0,1.4674142E1,1.4520876E1,4.4088717E0,4.3721676E0,8.702045E0,5.053544E0],"tree_param":{"num_deleted":"0","num_feature":"5","num_nodes":"49","size_leaf_vector":"0"}}]},"name":"gbtree"},"learner_model_param":{"base_score":"5E-1","num_class":"0","num_feature":"5","num_target":"1"},"objective":{"name":"reg:squarederror","reg_loss_param":{"scale_pos_weight":"1"}}},"version":[1,6,2]}