{"learner":{"attributes":{"best_ntree_limit":"2"},"feature_names":[],"feature_types":[],"gradient_booster":{"model":{"gbtree_model_param":{"num_parallel_tree":"1","num_trees":"2","size_leaf_vector":"0"},"tree_info":[0,0],"trees":[{"base_weights":[-1.3697757E0,-2.624072E0,-7.489782E-1,-1.8921132E-1,-1.3007604E0,-7.290657E-1,9.8380275E-2,-5.2957743E-1,-2.071357E0,-2.3547652E-1,-1.1688973E0,-1.2992373E-1,1.8457536E-1,-1.3978881E0,-3.345317E-2,-1.4902939E0,-2.555769E0,-1.1862694E0,1.0943142E-1,-7.893405E-1,-1.4756544E0,1.0137099E-2,-5.1723534E-1,5.708372E-3,3.506422E-1,-1.5152301E0,-8.545206E-1,-3.1931642E-1,2.1145129E-1,-3.7595603E-1,-2.4647212E0,7.0572826E-3,-1.858067E0,2.8896737E-1,-8.3698295E-2,-3.4905127E-1,-1.0849298E0,1.2691146E-1,-1.0782705E-1,-7.9414797E-1,7.0572826E-3,-2.545986E-1,1.4103162E-1,2.6357366E-2,4.4640988E-1,-7.968317E-1,1.6822842E-1,3.271384E-1,7.881278E-2,-7.2909606E-1,-6.5669226E-3],"categories":[],"categories_nodes":[],"categories_segments":[],"categories_sizes":[],"default_left":[1,0,1,1,1,1,1,1,1,1,1,1,1,1,1,1,0,1,1,1,0,1,1,1,1,0,0,1,1,1,0,0,0,0,0,0,0,0,0,0,0,0,0,0,0,0,0,0,0,0,0],"id":0,"left_children":[1,-1,3,5,7,9,11,13,15,17,19,21,23,25,27,29,-1,31,33,35,-1,37,39,41,43,-1,-1,45,47,49,-1,-1,-1,-1,-1,-1,-1,-1,-1,-1,-1,-1,-1,-1,-1,-1,-1,-1,-1,-1,-1],"loss_changes":[2.5170398E2,0E0,6.749464E1,1.715654E1,6.44373E1,8.053772E0,1.4541514E0,2.4276018E1,1.1620392E1,6.4689136E0,1.1679497E0,1.1175985E0,1.5773782E0,1.2622833E-2,2.6547492E0,2.873901E1,0E0,4.205921E0,5.4776704E-1,1.0665827E0,0E0,2.3464179E-1,7.990414E-1,9.7344965E-1,8.4399486E-1,0E0,0E0,4.1966467E0,2.888623E-1,1.8117005E0,0E0,0E0,0E0,0E0,0E0,0E0,0E0,0E0,0E0,0E0,0E0,0E0,0E0,0E0,0E0,0E0,0E0,0E0,0E0,0E0,0E0],"parents":[2147483647,0,0,2,2,3,3,4,4,5,5,6,6,7,7,8,8,9,9,10,10,11,11,12,12,13,13,14,14,15,15,17,17,18,18,19,19,21,21,22,22,23,23,24,24,27,27,28,28,29,29],"right_children":[2,-1,4,6,8,10,12,14,16,18,20,22,24,26,28,30,-1,32,34,36,-1,38,40,42,44,-1,-1,46,48,50,-1,-1,-1,-1,-1,-1,-1,-1,-1,-1,-1,-1,-1,-1,-1,-1,-1,-1,-1,-1,-1],"split_conditions":[3E0,-7.8722167E-1,2.5E0,1.5E0,2.5E0,2.5E0,2.5E0,1.5E0,3.5E0,2.5E0,4.5E0,3.5E0,4.5E0,4.5E0,2.5E0,3.5E0,-7.667307E-1,4.5E0,4.5E0,1.5E0,-4.4269633E-1,1.5E0,2.5E0,3.5E0,1.5E0,-4.5456904E-1,-2.563562E-1,3.5E0,3.5E0,3.5E0,-7.3941636E-1,2.117185E-3,-5.5742013E-1,8.669022E-2,-2.510949E-2,-1.04715385E-1,-3.2547897E-1,3.807344E-2,-3.234812E-2,-2.382444E-1,2.117185E-3,-7.637958E-2,4.230949E-2,7.90721E-3,1.3392296E-1,-2.3904952E-1,5.0468527E-2,9.814152E-2,2.3643835E-2,-2.1872883E-1,-1.970077E-3],"split_indices":[3,0,0,4,1,1,2,4,0,2,3,1,3,2,4,1,0,3,3,0,0,0,4,2,1,0,0,2,2,2,0,0,0,0,0,0,0,0,0,0,0,0,0,0,0,0,0,0,0,0,0],"split_type":[0,0,0,0,0,0,0,0,0,0,0,0,0,0,0,0,0,0,0,0,0,0,0,0,0,0,0,0,0,0,0,0,0,0,0,0,0,0,0,0,0,0,0,0,0,0,0,0,0,0,0],"sum_hessian":[3.2477512E2,1.0645668E2,2.1831845E2,1.0904172E2,1.09276726E2,3.736559E1,7.167613E1,5.5460876E1,5.381585E1,1.833029E1,1.9035301E1,1.9505308E1,5.2170822E1,1.9505308E1,3.5955566E1,2.6320415E1,2.7495434E1,4.230067E0,1.4100223E1,1.010516E1,8.930141E0,1.5040237E1,4.4650707E0,2.5615404E1,2.655542E1,1.45702305E1,4.9350777E0,1.645026E1,1.9505308E1,1.2925204E1,1.3395211E1,1.8800297E0,2.350037E0,7.0501113E0,7.0501113E0,4.9350777E0,5.1700816E0,7.5201187E0,7.5201187E0,2.5850408E0,1.8800297E0,8.460134E0,1.7155272E1,6.3451004E0,2.021032E1,7.990126E0,8.460134E0,9.635152E0,9.870155E0,6.1100965E0,6.8151073E0],"tree_param":{"num_deleted":"0","num_feature":"5","num_nodes":"51","size_leaf_vector":"0"}},{"base_weights":[-9.3141E-1,-1.73471E0,-5.237984E-1,-1.4233333E-1,-8.8994056E-1,-5.250193E-1,6.885405E-2,-3.7077776E-1,-1.3989054E0,-1.1191856E0,-3.104544E-1,-3.97726E-2,1.7516446E-1,-9.451665E-1,-2.3541868E-2,-1.0328038E0,-1.7153424E0,-4.110716E-1,-1.632201E0,8.18037E-2,-6.515643E-1,-2.6900983E-1,5.4109074E-2,5.3880673E-2,2.907547E-1,-2.2805157E-1,1.5693106E-1,-2.7158454E-1,-1.6536626E0,-2.280974E-2,-6.9477576E-1,2.2932632E-1,-6.767109E-2,1.3696632E-1,-4.3044412E-1,-7.730354E-2,1.742826E-1,2.0292035E-1,-9.036478E-2,9.2098705E-2,4.6184015E-1,-7.6833767E-1,9.732648E-3,2.4511056E-1,5.7716537E-2,-7.300515E-1,-3.085736E-2],"categories":[],"categories_nodes":[],"categories_segments":[],"categories_sizes":[],"default_left":[1,0,1,1,1,1,1,1,1,1,1,1,1,0,1,1,0,1,0,1,0,1,1,1,1,1,1,1,0,0,0,0,0,0,0,0,0,0,0,0,0,0,0,0,0,0,0],"id":1,"left_children":[1,-1,3,5,7,9,11,13,15,17,19,21,23,-1,25,27,-1,29,-1,31,-1,33,35,37,39,41,43,45,-1,-1,-1,-1,-1,-1,-1,-1,-1,-1,-1,-1,-1,-1,-1,-1,-1,-1,-1],"loss_changes":[1.0840488E2,0E0,3.1006233E1,8.955062E0,2.9484001E1,4.6704597E0,8.3840114E-1,1.1460016E1,4.82885E0,2.9831352E0,4.1077166E0,7.984785E-1,4.9703944E-1,0E0,1.3979046E0,1.3222467E1,0E0,5.9686816E-1,0E0,3.4589568E-1,0E0,7.635519E-1,4.347291E-1,4.283898E-1,5.861542E-1,2.2824707E0,1.625512E-1,1.5437248E0,0E0,0E0,0E0,0E0,0E0,0E0,0E0,0E0,0E0,0E0,0E0,0E0,0E0,0E0,0E0,0E0,0E0,0E0,0E0],"parents":[2147483647,0,0,2,2,3,3,4,4,5,5,6,6,7,7,8,8,9,9,10,10,11,11,12,12,14,14,15,15,17,17,19,19,21,21,22,22,23,23,24,24,25,25,26,26,27,27],"right_children":[2,-1,4,6,8,10,12,14,16,18,20,22,24,-1,26,28,-1,30,-1,32,-1,34,36,38,40,42,44,46,-1,-1,-1,-1,-1,-1,-1,-1,-1,-1,-1,-1,-1,-1,-1,-1,-1,-1,-1],"split_conditions":[3E0,-5.2041304E-1,2.5E0,1.5E0,2.5E0,2.5E0,2.5E0,1.5E0,3.5E0,4.5E0,2.5E0,2.5E0,4.5E0,-2.8354996E-1,2.5E0,3.5E0,-5.146027E-1,1.5E0,-4.896603E-1,1.5E0,-1.954693E-1,1.5E0,4.5E0,2.5E0,2.5E0,2.5E0,3.5E0,1.5E0,-4.960988E-1,-6.8429224E-3,-2.0843273E-1,6.87979E-2,-2.0301327E-2,4.1089896E-2,-1.2913324E-1,-2.3191065E-2,5.228478E-2,6.0876105E-2,-2.7109435E-2,2.7629612E-2,1.3855205E-1,-2.3050131E-1,2.9197945E-3,7.353317E-2,1.7314961E-2,-2.1901546E-1,-9.257209E-3],"split_indices":[3,0,0,4,1,2,4,4,1,3,1,2,3,0,4,0,0,0,0,0,0,1,3,1,1,2,2,4,0,0,0,0,0,0,0,0,0,0,0,0,0,0,0,0,0,0,0],"split_type":[0,0,0,0,0,0,0,0,0,0,0,0,0,0,0,0,0,0,0,0,0,0,0,0,0,0,0,0,0,0,0,0,0,0,0,0,0,0,0,0,0,0,0,0,0,0,0],"sum_hessian":[3.3284863E2,1.1094606E2,2.2190257E2,1.0935737E2,1.12545204E2,3.8360138E1,7.099723E1,5.657011E1,5.5975098E1,9.058782E0,2.9301357E1,3.542564E1,3.557159E1,2.0664856E1,3.5905254E1,2.7927845E1,2.8047253E1,4.5624824E0,4.4962997E0,1.398246E1,1.5318896E1,9.75087E0,2.5674772E1,1.8073742E1,1.749785E1,1.6708149E1,1.9197104E1,1.3191507E1,1.4736337E1,2.3824255E0,2.1800566E0,6.768321E0,7.2141395E0,2.8173482E0,6.9335213E0,1.24343E1,1.3240471E1,8.689087E0,9.384654E0,8.808348E0,8.689503E0,4.424254E0,1.22838955E1,9.385226E0,9.811878E0,3.8418944E0,9.349613E0],"tree_param":{"num_deleted":"0","num_feature":"5","num_nodes":"47","size_leaf_vector":"0"}}]},"name":"gbtree"},"learner_model_param":{"base_score":"5E-1","num_class":"0","num_feature":"5","num_target":"1"},"objective":{"name":"reg:squarederror","reg_loss_param":{"scale_pos_weight":"1"}}},"version":[1,6,2]}