{"learner":{"attributes":{"best_ntree_limit":"6"},"feature_names":[],"feature_types":[],"gradient_booster":{"model":{"gbtree_model_param":{"num_parallel_tree":"1","num_trees":"1","size_leaf_vector":"0"},"tree_info":[0],"trees":[{"base_weights":[-7.875948E-1,-1.5178115E0,-4.1145957E-1,-3.868193E-2,-7.7723485E-1,-3.3657515E-1,6.0287323E-2,-3.0761388E-1,-1.2287916E0,-8.0964226E-1,-8.495776E-2,2.9569376E-1,-1.2228432E-2,-7.3717976E-1,-6.718881E-2,-9.304344E-1,-1.494712E0,-2.673981E-1,-1.3334892E0,-2.1728705E-1,4.2818196E-2,1.9049758E-1,4.8561817E-1,-1.9365464E-1,7.53759E-2,-8.100927E-1,-4.3727222E-1,-2.2830209E-1,1.04792595E-1,-3.690951E-1,-1.4628538E0,-4.4214245E-2,-4.3794104E-1,-6.711579E-2,-5.569997E-1,-4.904148E-2,1.3406739E-1,1.0145244E-1,3.350832E-1,4.7901977E-2,-6.274885E-1,-1.9798027E-2,1.1935654E-1,-5.188128E-1,-2.2976935E-1,-5.1380277E-1,1.0145244E-1,2.1035142E-1,-1.925846E-3,-7.713187E-1,-8.979125E-2],"categories":[],"categories_nodes":[],"categories_segments":[],"categories_sizes":[],"default_left":[1,0,1,1,1,1,1,1,1,1,1,1,1,1,1,1,0,1,0,1,1,1,0,1,1,0,1,1,1,1,0,0,0,0,0,0,0,0,0,0,0,0,0,0,0,0,0,0,0,0,0],"id":0,"left_children":[1,-1,3,5,7,9,11,13,15,17,19,21,23,25,27,29,-1,31,-1,33,35,37,-1,39,41,-1,43,45,47,49,-1,-1,-1,-1,-1,-1,-1,-1,-1,-1,-1,-1,-1,-1,-1,-1,-1,-1,-1,-1,-1],"loss_changes":[1.5473032E2,0E0,5.1060974E1,5.522412E0,3.9716827E1,5.4890804E0,2.4094286E0,9.660329E0,6.230301E0,4.215191E0,5.435699E-1,5.713911E-1,1.7422943E0,3.8131905E-1,1.7246447E0,1.3780666E1,0E0,3.2926315E-1,0E0,7.628794E-1,1.4832233E-1,2.6251048E-1,0E0,3.7688596E0,3.122218E-1,0E0,2.886486E-2,3.0652843E0,3.4256575E-1,2.7013414E0,0E0,0E0,0E0,0E0,0E0,0E0,0E0,0E0,0E0,0E0,0E0,0E0,0E0,0E0,0E0,0E0,0E0,0E0,0E0,0E0,0E0],"parents":[2147483647,0,0,2,2,3,3,4,4,5,5,6,6,7,7,8,8,9,9,10,10,11,11,12,12,13,13,14,14,15,15,17,17,19,19,20,20,21,21,23,23,24,24,26,26,27,27,28,28,29,29],"right_children":[2,-1,4,6,8,10,12,14,16,18,20,22,24,26,28,30,-1,32,-1,34,36,38,-1,40,42,-1,44,46,48,50,-1,-1,-1,-1,-1,-1,-1,-1,-1,-1,-1,-1,-1,-1,-1,-1,-1,-1,-1,-1,-1],"split_conditions":[3E0,-4.5534348E-1,2.5E0,2.5E0,2.5E0,1.5E0,1.5E0,1.5E0,3.5E0,4.5E0,2.5E0,4.5E0,1.5E0,4.5E0,3.5E0,3.5E0,-4.484136E-1,1.5E0,-4.0004677E-1,3.5E0,1.5E0,2.5E0,1.4568546E-1,3.5E0,3.5E0,-2.4302782E-1,4.5E0,2.5E0,4.5E0,1.5E0,-4.3885615E-1,-1.3264274E-2,-1.3138232E-1,-2.0134738E-2,-1.6709991E-1,-1.47124445E-2,4.0220216E-2,3.0435733E-2,1.0052496E-1,1.4370593E-2,-1.8824656E-1,-5.9394087E-3,3.5806965E-2,-1.5564384E-1,-6.8930805E-2,-1.5414083E-1,3.0435733E-2,6.310543E-2,-5.777538E-4,-2.3139562E-1,-2.6937377E-2],"split_indices":[3,0,0,2,1,4,1,4,1,3,4,2,4,2,2,0,0,0,0,1,0,4,0,1,2,0,3,4,2,4,0,0,0,0,0,0,0,0,0,0,0,0,0,0,0,0,0,0,0,0,0],"split_type":[0,0,0,0,0,0,0,0,0,0,0,0,0,0,0,0,0,0,0,0,0,0,0,0,0,0,0,0,0,0,0,0,0,0,0,0,0,0,0,0,0,0,0,0,0,0,0,0,0,0,0],"sum_hessian":[5.6462555E2,1.909283E2,3.7369727E2,1.8562473E2,1.8807253E2,4.569224E1,1.3993248E2,9.301635E1,9.505618E1,1.5094758E1,3.0597483E1,3.2229347E1,1.0770314E2,3.2637314E1,6.0379032E1,4.691614E1,4.8140038E1,8.159328E0,6.9354296E0,1.4686791E1,1.5910691E1,2.2030188E1,1.0199161E1,3.4677147E1,7.302599E1,2.4885952E1,7.7513623E0,3.100545E1,2.9373583E1,2.3662054E1,2.3254087E1,4.079664E0,4.079664E0,1.1015094E1,3.6716979E0,8.159328E0,7.7513623E0,1.4686791E1,7.3433957E0,2.284612E1,1.1831027E1,2.3254087E1,4.9771904E1,4.487631E0,3.2637315E0,1.6318657E1,1.4686791E1,1.4278825E1,1.5094758E1,8.975262E0,1.4686791E1],"tree_param":{"num_deleted":"0","num_feature":"5","num_nodes":"51","size_leaf_vector":"0"}}]},"name":"gbtree"},"learner_model_param":{"base_score":"5E-1","num_class":"0","num_feature":"5","num_target":"1"},"objective":{"name":"reg:squarederror","reg_loss_param":{"scale_pos_weight":"1"}}},"version":[1,6,2]}