{"learner":{"attributes":{"best_ntree_limit":"2"},"feature_names":[],"feature_types":[],"gradient_booster":{"model":{"gbtree_model_param":{"num_parallel_tree":"1","num_trees":"2","size_leaf_vector":"0"},"tree_info":[0,0],"trees":[{"base_weights":[-1.3676301E0,-2.6249557E0,-7.1120125E-1,-9.093813E-2,-1.3103402E0,-5.2031654E-1,5.3940076E-2,-4.9369857E-1,-2.1101518E0,-1.3529974E0,-1.0103908E-1,2.1529907E-1,-1.183085E-1,-1.200787E0,-1.1973629E-1,-1.5727544E0,-2.555769E0,-2.0154153E-1,-2.14228E0,-2.7868584E-1,9.994742E-2,7.305925E-2,3.5211614E-1,-4.8167878E-1,6.0318198E-2,-8.5560066E-1,-1.44722E0,-5.191119E-1,3.740979E-2,-6.5421855E-1,-2.4552457E0,2.4301635E-1,-5.143233E-1,4.957702E-2,-6.12663E-1,-1.3505179E-1,1.6474548E-1,1.4482234E-1,-1.318222E-2,2.418798E-1,5.3670955E-1,-2.5870698E-2,-8.697411E-1,-2.0948605E-1,1.9581304E-1,-8.545206E-1,-7.880372E-2,-1.4889184E-1,1.2664945E-1,-1.35999E0,-1.6650875E-1],"categories":[],"categories_nodes":[],"categories_segments":[],"categories_sizes":[],"default_left":[1,0,1,1,1,1,1,1,1,1,1,1,1,1,1,1,0,1,0,1,1,1,1,1,1,0,0,1,1,1,0,0,0,0,0,0,0,0,0,0,0,0,0,0,0,0,0,0,0,0,0],"id":0,"left_children":[1,-1,3,5,7,9,11,13,15,17,19,21,23,25,27,29,-1,31,-1,33,35,37,39,41,43,-1,-1,45,47,49,-1,-1,-1,-1,-1,-1,-1,-1,-1,-1,-1,-1,-1,-1,-1,-1,-1,-1,-1,-1,-1],"loss_changes":[2.6720398E2,0E0,7.9987465E1,6.683448E0,7.0526E1,9.319471E0,2.27403E0,1.4537292E1,9.16362E0,7.7386856E0,7.096435E-1,7.94075E-1,2.610795E0,3.8610268E-1,2.3682604E0,2.0730156E1,0E0,7.868732E-1,0E0,1.1705661E0,1.6988182E-1,1.3754207E-1,3.017876E-1,2.3159125E0,1.048366E0,0E0,0E0,1.503294E0,4.808866E-1,4.8903303E0,0E0,0E0,0E0,0E0,0E0,0E0,0E0,0E0,0E0,0E0,0E0,0E0,0E0,0E0,0E0,0E0,0E0,0E0,0E0,0E0,0E0],"parents":[2147483647,0,0,2,2,3,3,4,4,5,5,6,6,7,7,8,8,9,9,10,10,11,11,12,12,13,13,14,14,15,15,17,17,19,19,20,20,21,21,22,22,23,23,24,24,27,27,28,28,29,29],"right_children":[2,-1,4,6,8,10,12,14,16,18,20,22,24,26,28,30,-1,32,-1,34,36,38,40,42,44,-1,-1,46,48,50,-1,-1,-1,-1,-1,-1,-1,-1,-1,-1,-1,-1,-1,-1,-1,-1,-1,-1,-1,-1,-1],"split_conditions":[3E0,-7.8748673E-1,2.5E0,2.5E0,2.5E0,1.5E0,2.5E0,1.5E0,3.5E0,4.5E0,2.5E0,4.5E0,1.5E0,4.5E0,2.5E0,3.5E0,-7.667307E-1,1.5E0,-6.4268404E-1,2.5E0,1.5E0,1.5E0,2.5E0,3.5E0,3.5E0,-2.5668022E-1,-4.34166E-1,2.5E0,3.5E0,1.5E0,-7.3657376E-1,7.290491E-2,-1.54297E-1,1.4873107E-2,-1.837989E-1,-4.051554E-2,4.9423646E-2,4.3446705E-2,-3.954666E-3,7.2563946E-2,1.6101287E-1,-7.7612097E-3,-2.6092234E-1,-6.284582E-2,5.8743916E-2,-2.563562E-1,-2.3641117E-2,-4.4667553E-2,3.799484E-2,-4.07997E-1,-4.9952626E-2],"split_indices":[3,0,0,2,1,4,1,4,1,3,4,3,4,3,2,0,0,0,0,1,1,1,4,1,2,0,0,4,2,4,0,0,0,0,0,0,0,0,0,0,0,0,0,0,0,0,0,0,0,0,0],"split_type":[0,0,0,0,0,0,0,0,0,0,0,0,0,0,0,0,0,0,0,0,0,0,0,0,0,0,0,0,0,0,0,0,0,0,0,0,0,0,0,0,0,0,0,0,0,0,0,0,0,0,0],"sum_hessian":[3.2501013E2,1.10451744E2,2.1455838E2,1.0598667E2,1.0857172E2,2.6085411E1,7.990126E1,5.452086E1,5.4050854E1,7.990126E0,1.8095285E1,4.112565E1,3.877561E1,1.8095285E1,3.6425575E1,2.655542E1,2.7495434E1,3.7600594E0,4.230067E0,9.400148E0,8.695137E0,2.091533E1,2.021032E1,1.2220193E1,2.655542E1,9.400148E0,8.695137E0,9.635152E0,2.6790422E1,1.3865219E1,1.2690201E1,1.645026E0,2.1150334E0,5.1700816E0,4.230067E0,1.645026E0,7.0501113E0,1.1045175E1,9.870155E0,1.4100223E1,6.1100965E0,6.1100965E0,6.1100965E0,8.695137E0,1.7860283E1,4.9350777E0,4.700074E0,8.460134E0,1.833029E1,4.9350777E0,8.930141E0],"tree_param":{"num_deleted":"0","num_feature":"5","num_nodes":"51","size_leaf_vector":"0"}},{"base_weights":[-9.299106E-1,-1.7350727E0,-4.9855378E-1,-6.9761686E-2,-8.995549E-1,-3.8624096E-1,3.9083403E-2,-3.5124195E-1,-1.4261887E0,-9.816762E-1,-7.78775E-2,1.6045077E-1,-8.792432E-2,-8.2265776E-1,-8.999782E-2,-1.0847236E0,-1.7064937E0,-1.5552509E-1,-1.5261537E0,-2.0701595E-1,7.1678944E-2,5.333696E-2,2.6565635E-1,-3.4613815E-1,4.272526E-2,-1.1357552E0,-6.44969E-1,-3.7713265E-1,2.6220253E-2,-4.705747E-1,-1.6643124E0,1.6404775E-1,-4.7348586E-1,3.7252355E-2,-4.4739336E-1,-1.0908159E-1,1.2308842E-1,1.06273845E-1,-9.580913E-3,1.7787376E-1,4.1723335E-1,-2.552475E-2,-6.8303394E-1,-1.083004E-1,2.0890996E-1,-4.6351418E-1,-1.4767208E0,-3.786885E-1,-7.292264E-1,-6.111989E-1,-5.897831E-2,-1.0771915E-1,9.1625184E-2,-9.589303E-1,-1.2005468E-1],"categories":[],"categories_nodes":[],"categories_segments":[],"categories_sizes":[],"default_left":[1,0,1,1,1,1,1,1,1,1,1,1,1,1,1,1,0,1,0,1,1,1,1,1,1,1,1,1,1,1,0,0,0,0,0,0,0,0,0,0,0,0,0,0,0,0,0,0,0,0,0,0,0,0,0],"id":1,"left_children":[1,-1,3,5,7,9,11,13,15,17,19,21,23,25,27,29,-1,31,-1,33,35,37,39,41,43,45,47,49,51,53,-1,-1,-1,-1,-1,-1,-1,-1,-1,-1,-1,-1,-1,-1,-1,-1,-1,-1,-1,-1,-1,-1,-1,-1,-1],"loss_changes":[1.15130554E2,0E0,3.7572033E1,3.696008E0,3.2134422E1,4.9613895E0,1.253733E0,6.908405E0,3.635498E0,3.9348097E0,3.849329E-1,4.532293E-1,1.3622655E0,3.8534737E-1,1.2647147E0,9.392292E0,0E0,5.652069E-1,0E0,6.355617E-1,1.028429E-1,7.363735E-2,2.0086265E-1,1.4439458E0,7.1063405E-1,6.81767E-1,6.337118E-2,7.756367E-1,2.52561E-1,2.4993951E0,0E0,0E0,0E0,0E0,0E0,0E0,0E0,0E0,0E0,0E0,0E0,0E0,0E0,0E0,0E0,0E0,0E0,0E0,0E0,0E0,0E0,0E0,0E0,0E0,0E0],"parents":[2147483647,0,0,2,2,3,3,4,4,5,5,6,6,7,7,8,8,9,9,10,10,11,11,12,12,13,13,14,14,15,15,17,17,19,19,20,20,21,21,22,22,23,23,24,24,25,25,26,26,27,27,28,28,29,29],"right_children":[2,-1,4,6,8,10,12,14,16,18,20,22,24,26,28,30,-1,32,-1,34,36,38,40,42,44,46,48,50,52,54,-1,-1,-1,-1,-1,-1,-1,-1,-1,-1,-1,-1,-1,-1,-1,-1,-1,-1,-1,-1,-1,-1,-1,-1,-1],"split_conditions":[3E0,-5.205218E-1,2.5E0,2.5E0,2.5E0,1.5E0,2.5E0,1.5E0,3.5E0,4.5E0,2.5E0,4.5E0,1.5E0,2.5E0,2.5E0,3.5E0,-5.1194817E-1,2.5E0,-4.5784613E-1,2.5E0,1.5E0,1.5E0,2.5E0,1.5E0,3.5E0,4.5E0,3.5E0,2.5E0,3.5E0,1.5E0,-4.992937E-1,4.9214326E-2,-1.4204577E-1,1.1175707E-2,-1.34218E-1,-3.2724477E-2,3.6926527E-2,3.1882156E-2,-2.874274E-3,5.336213E-2,1.2517E-1,-7.6574255E-3,-2.0491019E-1,-3.2490123E-2,6.267299E-2,-1.3905425E-1,-4.4301626E-1,-1.1360656E-1,-2.1876793E-1,-1.8335968E-1,-1.7693494E-2,-3.2315746E-2,2.7487556E-2,-2.876791E-1,-3.6016405E-2],"split_indices":[3,0,0,2,1,4,1,4,1,3,4,3,4,2,2,0,0,1,0,1,1,1,4,0,1,3,2,4,2,4,0,0,0,0,0,0,0,0,0,0,0,0,0,0,0,0,0,0,0,0,0,0,0,0,0],"split_type":[0,0,0,0,0,0,0,0,0,0,0,0,0,0,0,0,0,0,0,0,0,0,0,0,0,0,0,0,0,0,0,0,0,0,0,0,0,0,0,0,0,0,0,0,0,0,0,0,0,0,0,0,0,0,0],"sum_hessian":[3.3298077E2,1.1510525E2,2.1787553E2,1.0585661E2,1.1201892E2,2.643765E1,7.941896E1,5.5696556E1,5.632237E1,8.275174E0,1.8162476E1,4.0476597E1,3.8942364E1,1.9093422E1,3.6603134E1,2.7586512E1,2.8735857E1,3.7980006E0,4.477174E0,9.540382E0,8.622093E0,2.0803123E1,1.9673471E1,1.2529631E1,2.6412733E1,4.9606524E0,1.413277E1,9.899597E0,2.6703537E1,1.4273652E1,1.3312859E1,2.135618E0,1.6623827E0,5.1510153E0,4.389367E0,1.6607879E0,6.961305E0,1.0923438E1,9.879685E0,1.3834818E1,5.838654E0,6.971158E0,5.558473E0,1.4019959E1,1.2392774E1,2.4633594E0,2.4972932E0,4.71771E0,9.415059E0,5.172851E0,4.7267456E0,8.549171E0,1.8154366E1,5.238906E0,9.034746E0],"tree_param":{"num_deleted":"0","num_feature":"5","num_nodes":"55","size_leaf_vector":"0"}}]},"name":"gbtree"},"learner_model_param":{"base_score":"5E-1","num_class":"0","num_feature":"5","num_target":"1"},"objective":{"name":"reg:squarederror","reg_loss_param":{"scale_pos_weight":"1"}}},"version":[1,6,2]}