{"learner":{"attributes":{"best_ntree_limit":"1"},"feature_names":[],"feature_types":[],"gradient_booster":{"model":{"gbtree_model_param":{"num_parallel_tree":"1","num_trees":"1","size_leaf_vector":"0"},"tree_info":[0],"trees":[{"base_weights":[-1.3676301E0,-2.6240182E0,-7.4849087E-1,-1.2930611E-1,-1.3543758E0,-6.0380703E-1,1.00917846E-1,-5.297211E-1,-2.141313E0,4.553995E-2,-1.1666576E0,-2.5310101E-2,2.2761977E-1,-1.3685448E0,-5.457946E-2,-1.5817461E0,-2.5621915E0,-8.317858E-1,3.421663E-1,-8.141463E-1,-1.4043986E0,-1.9781993E-1,1.3082805E-1,3.483878E-1,1.8167113E-1,-1.49786E0,-7.80549E-1,-3.5889137E-1,2.4883452E-1,-5.1952755E-1,-2.4647212E0,1.2772442E-1,-1.6473243E0,5.0526226E-1,1.1477437E-1,-3.4905127E-1,-1.1862694E0,7.123216E-2,-4.660121E-1,2.6282787E-1,6.716429E-2,3.1705413E-2,6.387841E-1,3.489826E-2,2.446107E-1,-9.082387E-1,-3.4016135E-1,-1.2491564E0,1.0047613E-2,3.489826E-2,4.3771228E-1,-1.1174651E0,-1.4889184E-1],"categories":[],"categories_nodes":[],"categories_segments":[],"categories_sizes":[],"default_left":[1,0,1,1,1,1,1,1,1,1,1,1,1,1,1,1,0,1,1,1,0,1,1,1,1,0,1,1,1,1,0,0,0,0,0,0,0,0,0,0,0,0,0,0,0,0,0,0,0,0,0,0,0],"id":0,"left_children":[1,-1,3,5,7,9,11,13,15,17,19,21,23,25,27,29,-1,31,33,35,-1,37,39,41,43,-1,45,47,49,51,-1,-1,-1,-1,-1,-1,-1,-1,-1,-1,-1,-1,-1,-1,-1,-1,-1,-1,-1,-1,-1,-1,-1],"loss_changes":[2.5163245E2,0E0,8.227955E1,1.2056383E1,7.088748E1,1.3216286E1,1.2019203E0,2.2053703E1,9.244324E0,4.8869853E0,4.766159E-1,1.0592717E0,1.4438725E-1,3.5426712E-1,3.458107E0,2.390284E1,0E0,3.935233E0,4.5844865E-1,1.3452396E0,0E0,1.3771515E0,1.5664071E-1,8.281213E-1,2.61212E-1,0E0,1.1584282E-2,6.130089E0,7.468271E-1,2.8155196E0,0E0,0E0,0E0,0E0,0E0,0E0,0E0,0E0,0E0,0E0,0E0,0E0,0E0,0E0,0E0,0E0,0E0,0E0,0E0,0E0,0E0,0E0,0E0],"parents":[2147483647,0,0,2,2,3,3,4,4,5,5,6,6,7,7,8,8,9,9,10,10,11,11,12,12,13,13,14,14,15,15,17,17,18,18,19,19,21,21,22,22,23,23,24,24,26,26,27,27,28,28,29,29],"right_children":[2,-1,4,6,8,10,12,14,16,18,20,22,24,26,28,30,-1,32,34,36,-1,38,40,42,44,-1,46,48,50,52,-1,-1,-1,-1,-1,-1,-1,-1,-1,-1,-1,-1,-1,-1,-1,-1,-1,-1,-1,-1,-1,-1,-1],"split_conditions":[3E0,-7.872055E-1,2.5E0,1.5E0,2.5E0,2.5E0,3.5E0,1.5E0,3.5E0,2.5E0,4.5E0,2.5E0,1.5E0,4.5E0,2.5E0,3.5E0,-7.686575E-1,4.5E0,1.5E0,1.5E0,-4.2131957E-1,2.5E0,1.5E0,2.5E0,2.5E0,-4.4935802E-1,4.5E0,2.5E0,4.5E0,1.5E0,-7.3941636E-1,3.831733E-2,-4.941973E-1,1.5157868E-1,3.443231E-2,-1.04715385E-1,-3.5588083E-1,2.136965E-2,-1.3980363E-1,7.884836E-2,2.0149287E-2,9.511624E-3,1.9163524E-1,1.0469478E-2,7.338321E-2,-2.7247164E-1,-1.0204841E-1,-3.7474692E-1,3.014284E-3,1.0469478E-2,1.313137E-1,-3.3523956E-1,-4.4667553E-2],"split_indices":[3,0,0,4,1,1,2,4,0,2,3,4,1,2,4,1,0,3,0,0,0,1,1,4,1,0,3,2,3,4,0,0,0,0,0,0,0,0,0,0,0,0,0,0,0,0,0,0,0,0,0,0,0],"split_type":[0,0,0,0,0,0,0,0,0,0,0,0,0,0,0,0,0,0,0,0,0,0,0,0,0,0,0,0,0,0,0,0,0,0,0,0,0,0,0,0,0,0,0,0,0,0,0,0,0,0,0,0,0],"sum_hessian":[3.2501013E2,1.0622168E2,2.1878845E2,1.0880672E2,1.09981735E2,3.5015553E1,7.379117E1,5.452086E1,5.5460876E1,1.6685263E1,1.833029E1,3.736559E1,3.6425575E1,1.9035301E1,3.548556E1,2.5850409E1,2.9610468E1,3.7600594E0,1.2925204E1,9.165145E0,9.165145E0,1.7625278E1,1.974031E1,8.22513E0,2.8200445E1,1.4335226E1,4.700074E0,1.7625278E1,1.7860283E1,1.2455196E1,1.3395211E1,2.1150334E0,1.645026E0,6.8151073E0,6.1100965E0,4.9350777E0,4.230067E0,9.165145E0,8.460134E0,5.4050856E0,1.4335226E1,4.4650707E0,3.7600594E0,8.930141E0,1.9270304E1,2.8200445E0,1.8800297E0,4.4650707E0,1.3160208E1,8.930141E0,8.930141E0,3.995063E0,8.460134E0],"tree_param":{"num_deleted":"0","num_feature":"5","num_nodes":"53","size_leaf_vector":"0"}}]},"name":"gbtree"},"learner_model_param":{"base_score":"5E-1","num_class":"0","num_feature":"5","num_target":"1"},"objective":{"name":"reg:squarederror","reg_loss_param":{"scale_pos_weight":"1"}}},"version":[1,6,2]}