{"learner":{"attributes":{"best_ntree_limit":"2"},"feature_names":[],"feature_types":[],"gradient_booster":{"model":{"gbtree_model_param":{"num_parallel_tree":"1","num_trees":"2","size_leaf_vector":"0"},"tree_info":[0,0],"trees":[{"base_weights":[-1.3370329E0,-2.5487912E0,-7.159288E-1,-1.438133E-1,-1.2647512E0,-5.706362E-1,7.090131E-2,-4.5617026E-1,-2.0314913E0,-3.3841702E-1,-1.1497822E0,1.9778743E-1,-5.703751E-2,-1.2471794E0,-9.4573624E-2,-1.4917941E0,-2.4865608E0,1.0309197E-1,-6.720768E-1,2.6327935E-1,-3.1667866E-2,-2.6407278E-1,1.5819351E-1,-9.625415E-1,-1.7249835E0,-6.038854E-1,1.05093226E-1,-5.486963E-1,-2.3957124E0,2.5348237E-1,-2.7424237E-1,-2.0178163E0,-1.1493545E-1,3.1461173E-1,1.5175356E-1,-4.0282637E-1,2.525099E-1,-6.1652505E-1,8.899829E-2,9.1739036E-2,3.4714982E-1,-1.3513396E0,-6.243652E-1,-9.691619E-1,-9.026352E-2,1.566612E-1,3.9242752E-2,-1.4043028E0,-6.042724E-2],"categories":[],"categories_nodes":[],"categories_segments":[],"categories_sizes":[],"default_left":[1,0,1,1,1,1,1,1,1,1,0,1,1,1,1,1,0,1,1,1,1,1,1,1,0,1,1,1,0,0,0,0,0,0,0,0,0,0,0,0,0,0,0,0,0,0,0,0,0],"id":0,"left_children":[1,-1,3,5,7,9,11,13,15,17,-1,19,21,23,25,27,-1,29,31,33,35,37,39,41,-1,43,45,47,-1,-1,-1,-1,-1,-1,-1,-1,-1,-1,-1,-1,-1,-1,-1,-1,-1,-1,-1,-1,-1],"loss_changes":[2.5216241E2,0E0,7.030877E1,1.0217251E1,7.00316E1,4.624114E0,1.2250648E0,1.6184597E1,1.0647705E1,4.1976795E0,0E0,5.758203E-1,1.7353601E0,7.6031685E-1,4.151274E0,2.3613632E1,0E0,8.032449E-1,1.1835402E1,1.2105608E-1,1.0802903E0,2.512165E0,2.0999786E-1,9.203224E-1,0E0,2.0642552E0,9.480429E-2,6.4355655E0,0E0,0E0,0E0,0E0,0E0,0E0,0E0,0E0,0E0,0E0,0E0,0E0,0E0,0E0,0E0,0E0,0E0,0E0,0E0,0E0,0E0],"parents":[2147483647,0,0,2,2,3,3,4,4,5,5,6,6,7,7,8,8,9,9,11,11,12,12,13,13,14,14,15,15,17,17,18,18,19,19,20,20,21,21,22,22,23,23,25,25,26,26,27,27],"right_children":[2,-1,4,6,8,10,12,14,16,18,-1,20,22,24,26,28,-1,30,32,34,36,38,40,42,-1,44,46,48,-1,-1,-1,-1,-1,-1,-1,-1,-1,-1,-1,-1,-1,-1,-1,-1,-1,-1,-1,-1,-1],"split_conditions":[3E0,-7.646374E-1,2.5E0,1.5E0,2.5E0,3.5E0,2.5E0,1.5E0,3.5E0,4.5E0,-3.4493467E-1,4.5E0,2.5E0,4.5E0,2.5E0,3.5E0,-7.459683E-1,4.5E0,2.5E0,3.5E0,4.5E0,3.5E0,4.5E0,2.5E0,-5.1749504E-1,2.5E0,1.5E0,1.5E0,-7.1871376E-1,7.6044716E-2,-8.2272716E-2,-6.053449E-1,-3.4480635E-2,9.438352E-2,4.552607E-2,-1.2084792E-1,7.575297E-2,-1.8495752E-1,2.6699487E-2,2.7521713E-2,1.0414495E-1,-4.054019E-1,-1.8730956E-1,-2.907486E-1,-2.7079059E-2,4.6998363E-2,1.1772826E-2,-4.2129087E-1,-1.8128173E-2],"split_indices":[3,0,0,4,1,1,1,4,1,3,0,2,4,2,2,0,0,2,2,2,3,2,2,2,0,4,1,4,0,0,0,0,0,0,0,0,0,0,0,0,0,0,0,0,0,0,0,0,0],"split_type":[0,0,0,0,0,0,0,0,0,0,0,0,0,0,0,0,0,0,0,0,0,0,0,0,0,0,0,0,0,0,0,0,0,0,0,0,0,0,0,0,0,0,0,0,0,0,0,0,0],"sum_hessian":[3.3646704E2,1.12967224E2,2.234998E2,1.10045654E2,1.13454155E2,3.627611E1,7.376955E1,5.5996685E1,5.7457466E1,2.7024487E1,9.251626E0,3.676304E1,3.7006504E1,1.6799006E1,3.9197678E1,2.8241806E1,2.9215662E1,1.19297285E1,1.5094758E1,2.848527E1,8.277771E0,1.8746716E1,1.8259789E1,1.24166565E1,4.382349E0,1.04689455E1,2.8728733E1,1.4607831E1,1.3633975E1,8.764698E0,3.16503E0,3.6519578E0,1.14428005E1,1.8259789E1,1.0225481E1,3.4084938E0,4.869277E0,9.0081625E0,9.738554E0,1.4607831E1,3.6519578E0,4.382349E0,8.034307E0,5.5996685E0,4.869277E0,1.53382225E1,1.33905115E1,4.625813E0,9.9820175E0],"tree_param":{"num_deleted":"0","num_feature":"5","num_nodes":"49","size_leaf_vector":"0"}},{"base_weights":[-9.086396E-1,-1.679257E0,-5.023254E-1,-1.06127135E-1,-8.7218946E-1,-4.120613E-1,5.1880997E-2,-3.3340502E-1,-1.370708E0,-1.2917723E-1,-6.701297E-1,1.6017559E-1,-5.838801E-2,-8.8207394E-1,-7.115235E-2,-1.0350707E0,-1.6630303E0,-5.2867544E-1,4.5370188E-2,-2.5731125E-1,-1.0358478E0,6.0666166E-2,2.518041E-1,9.10266E-2,-2.0788185E-1,-6.8144774E-1,-1.222133E0,-4.3395412E-1,7.6263584E-2,-3.9897266E-1,-1.6022038E0,4.6146157E-1,-1.3169949E0,-1.4329404E-1,2.4618222E-1,-1.8081164E-3,-4.8016882E-1,1.372085E-1,-1.511288E-1,4.529641E-1,1.6427213E-1,-4.5329824E-2,2.1073511E-1,-4.352944E-1,4.608788E-2,-2.564948E-1,-9.569786E-1,-6.8485004E-1,-6.736255E-2,1.1408049E-1,2.8380891E-2,-9.938441E-1,-4.373977E-2],"categories":[],"categories_nodes":[],"categories_segments":[],"categories_sizes":[],"default_left":[1,0,1,1,1,1,1,1,1,1,1,1,1,1,1,1,0,1,1,1,0,1,1,1,1,1,0,1,1,1,0,0,0,0,0,0,0,0,0,0,0,0,0,0,0,0,0,0,0,0,0,0,0],"id":1,"left_children":[1,-1,3,5,7,9,11,13,15,17,19,21,23,25,27,29,-1,31,33,35,-1,37,39,41,43,45,-1,47,49,51,-1,-1,-1,-1,-1,-1,-1,-1,-1,-1,-1,-1,-1,-1,-1,-1,-1,-1,-1,-1,-1,-1,-1],"loss_changes":[1.0755957E2,0E0,3.3335262E1,5.400425E0,3.1194046E1,2.6882644E0,8.961967E-1,8.276253E0,4.252388E0,1.3748056E0,2.698287E0,3.2879114E-1,8.572177E-1,4.398899E-1,2.1884212E0,1.054092E1,0E0,5.2670584E0,5.809279E-1,6.0016394E-1,0E0,3.3535045E-1,2.6592052E-1,3.2728893E-1,1.1211574E0,1.39295E0,0E0,1.0385525E0,5.01917E-2,3.324735E0,0E0,0E0,0E0,0E0,0E0,0E0,0E0,0E0,0E0,0E0,0E0,0E0,0E0,0E0,0E0,0E0,0E0,0E0,0E0,0E0,0E0,0E0,0E0],"parents":[2147483647,0,0,2,2,3,3,4,4,5,5,6,6,7,7,8,8,9,9,10,10,11,11,12,12,13,13,14,14,15,15,17,17,18,18,19,19,21,21,22,22,23,23,24,24,25,25,27,27,28,28,29,29],"right_children":[2,-1,4,6,8,10,12,14,16,18,20,22,24,26,28,30,-1,32,34,36,-1,38,40,42,44,46,-1,48,50,52,-1,-1,-1,-1,-1,-1,-1,-1,-1,-1,-1,-1,-1,-1,-1,-1,-1,-1,-1,-1,-1,-1,-1],"split_conditions":[3E0,-5.0377715E-1,2.5E0,1.5E0,2.5E0,2.5E0,1.5E0,1.5E0,3.5E0,2.5E0,1.5E0,4.5E0,2.5E0,4.5E0,2.5E0,3.5E0,-4.989091E-1,4.5E0,1.5E0,3.5E0,-3.1075436E-1,3.5E0,1.5E0,4.5E0,2.5E0,4.5E0,-3.666399E-1,2.5E0,1.5E0,1.5E0,-4.8066118E-1,1.3843848E-1,-3.9509848E-1,-4.298821E-2,7.385467E-2,-5.42435E-4,-1.4405066E-1,4.1162554E-2,-4.533864E-2,1.3588923E-1,4.928164E-2,-1.3598948E-2,6.322054E-2,-1.3058832E-1,1.3826365E-2,-7.694844E-2,-2.870936E-1,-2.0545502E-1,-2.0208765E-2,3.422415E-2,8.514267E-3,-2.9815325E-1,-1.3121932E-2],"split_indices":[3,0,0,4,1,1,0,4,0,2,0,3,1,2,2,1,0,3,1,1,0,1,1,3,4,3,0,4,1,4,0,0,0,0,0,0,0,0,0,0,0,0,0,0,0,0,0,0,0,0,0,0,0],"split_type":[0,0,0,0,0,0,0,0,0,0,0,0,0,0,0,0,0,0,0,0,0,0,0,0,0,0,0,0,0,0,0,0,0,0,0,0,0,0,0,0,0,0,0,0,0,0,0,0,0,0,0,0,0],"sum_hessian":[3.4521103E2,1.18096245E2,2.2711479E2,1.1027508E2,1.1683971E2,3.700957E1,7.32655E1,5.695413E1,5.9885582E1,1.8371758E1,1.8637815E1,3.6735336E1,3.6530167E1,1.7654667E1,3.929946E1,2.999123E1,2.989435E1,4.9693165E0,1.340244E1,9.555385E0,9.082432E0,1.8407122E1,1.8328217E1,1.8465528E1,1.806464E1,1.2993022E1,4.661644E0,1.0793097E1,2.8506365E1,1.4939047E1,1.5052184E1,2.386489E0,2.5828276E0,7.0579123E0,6.344528E0,4.9212976E0,4.6340866E0,1.3779425E1,4.627697E0,4.2913327E0,1.4036883E1,8.92297E0,9.542559E0,9.153945E0,8.910695E0,5.870235E0,7.1227875E0,5.8922644E0,4.9008317E0,1.5154842E1,1.3351523E1,4.9133863E0,1.002566E1],"tree_param":{"num_deleted":"0","num_feature":"5","num_nodes":"53","size_leaf_vector":"0"}}]},"name":"gbtree"},"learner_model_param":{"base_score":"5E-1","num_class":"0","num_feature":"5","num_target":"1"},"objective":{"name":"reg:squarederror","reg_loss_param":{"scale_pos_weight":"1"}}},"version":[1,6,2]}