{"learner":{"attributes":{"best_ntree_limit":"1"},"feature_names":[],"feature_types":[],"gradient_booster":{"model":{"gbtree_model_param":{"num_parallel_tree":"1","num_trees":"1","size_leaf_vector":"0"},"tree_info":[0],"trees":[{"base_weights":[-1.3697757E0,-2.6243389E0,-7.3874533E-1,-1.4101243E-1,-1.3121535E0,-7.099412E-1,1.5307912E-1,-5.0246763E-1,-2.0625157E0,-3.4193325E-1,-1.6770613E0,2.5212097E-1,-1.4412947E-1,-1.4492782E0,-6.718799E-2,-1.5055854E0,-2.5572772E0,-1.0013428E0,-6.2033087E-2,2.9939377E-1,1.0943142E-1,-3.6791575E-1,9.994742E-2,-3.1557354E-1,1.7872417E-1,-5.5095184E-1,-2.4647212E0,8.372087E-2,-2.0313113E0,1.4935897E-1,-3.9785084E-1,2.4177071E-1,3.935074E-1,-1.2071685E-2,1.6960755E-1,-5.8427453E-1,2.3146206E-1,3.4334776E-1,-1.5127485E-1,-1.0230104E0,-7.0157833E-3,9.771584E-3,3.271384E-1,-1.2470022E0,-1.0517722E-1],"categories":[],"categories_nodes":[],"categories_segments":[],"categories_sizes":[],"default_left":[1,0,1,1,1,1,1,1,1,1,0,1,1,0,1,1,0,1,1,1,1,1,1,1,1,1,0,0,0,0,0,0,0,0,0,0,0,0,0,0,0,0,0,0,0],"id":0,"left_children":[1,-1,3,5,7,9,11,13,15,17,-1,19,21,-1,23,25,-1,27,29,31,33,35,37,39,41,43,-1,-1,-1,-1,-1,-1,-1,-1,-1,-1,-1,-1,-1,-1,-1,-1,-1,-1,-1],"loss_changes":[2.559668E2,0E0,7.4582535E1,1.8166664E1,6.6534225E1,1.2579334E1,2.1548865E0,2.2493738E1,1.1966476E1,5.110504E0,0E0,3.3381796E-1,1.0541047E0,0E0,2.4141645E0,2.5593842E1,0E0,9.429353E0,1.5317608E0,1.23117924E-1,1.1245404E-1,1.4229847E0,6.447741E-1,4.2636356E0,4.9918777E-1,4.845835E0,0E0,0E0,0E0,0E0,0E0,0E0,0E0,0E0,0E0,0E0,0E0,0E0,0E0,0E0,0E0,0E0,0E0,0E0,0E0],"parents":[2147483647,0,0,2,2,3,3,4,4,5,5,6,6,7,7,8,8,9,9,11,11,12,12,14,14,15,15,17,17,18,18,19,19,20,20,21,21,22,22,23,23,24,24,25,25],"right_children":[2,-1,4,6,8,10,12,14,16,18,-1,20,22,-1,24,26,-1,28,30,32,34,36,38,40,42,44,-1,-1,-1,-1,-1,-1,-1,-1,-1,-1,-1,-1,-1,-1,-1,-1,-1,-1,-1],"split_conditions":[3E0,-7.873017E-1,2.5E0,1.5E0,2.5E0,3.5E0,3.5E0,1.5E0,3.5E0,2.5E0,-5.031184E-1,4.5E0,2.5E0,-4.347835E-1,2.5E0,3.5E0,-7.671832E-1,4.5E0,2.5E0,2.5E0,1.5E0,4.5E0,1.5E0,2.5E0,3.5E0,1.5E0,-7.3941636E-1,2.5116263E-2,-6.093934E-1,4.4807695E-2,-1.19355254E-1,7.2531216E-2,1.1805222E-1,-3.6215056E-3,5.088227E-2,-1.7528236E-1,6.943862E-2,1.0300433E-1,-4.5382455E-2,-3.0690312E-1,-2.104735E-3,2.9314752E-3,9.814152E-2,-3.741007E-1,-3.1553168E-2],"split_indices":[3,0,0,4,1,1,1,4,1,2,0,2,4,0,4,0,0,3,1,1,1,2,0,2,0,4,0,0,0,0,0,0,0,0,0,0,0,0,0,0,0,0,0,0,0],"split_type":[0,0,0,0,0,0,0,0,0,0,0,0,0,0,0,0,0,0,0,0,0,0,0,0,0,0,0,0,0,0,0,0,0,0,0,0,0,0,0,0,0,0,0,0,0],"sum_hessian":[3.2477512E2,1.076317E2,2.1714343E2,1.0692669E2,1.1021674E2,3.5955566E1,7.097112E1,5.381585E1,5.640089E1,2.7025427E1,8.930141E0,5.334584E1,1.7625278E1,1.6215256E1,3.7600594E1,2.843545E1,2.796544E1,7.2851152E0,1.974031E1,3.924562E1,1.4100223E1,8.930141E0,8.695137E0,1.8565292E1,1.9035301E1,1.5040237E1,1.3395211E1,3.995063E0,3.290052E0,1.2455196E1,7.2851152E0,2.655542E1,1.2690201E1,4.9350777E0,9.165145E0,6.580104E0,2.350037E0,4.230067E0,4.4650707E0,4.9350777E0,1.3630215E1,9.400148E0,9.635152E0,5.1700816E0,9.870155E0],"tree_param":{"num_deleted":"0","num_feature":"5","num_nodes":"45","size_leaf_vector":"0"}}]},"name":"gbtree"},"learner_model_param":{"base_score":"5E-1","num_class":"0","num_feature":"5","num_target":"1"},"objective":{"name":"reg:squarederror","reg_loss_param":{"scale_pos_weight":"1"}}},"version":[1,6,2]}