{"learner":{"attributes":{"best_ntree_limit":"2"},"feature_names":[],"feature_types":[],"gradient_booster":{"model":{"gbtree_model_param":{"num_parallel_tree":"1","num_trees":"2","size_leaf_vector":"0"},"tree_info":[0,0],"trees":[{"base_weights":[-1.3697757E0,-2.624286E0,-7.4080074E-1,-2.0103286E-1,-1.2866068E0,-6.371274E-1,3.1104987E-2,-5.2072334E-1,-2.0861359E0,-1.4043986E0,-3.505155E-1,-6.5287225E-2,3.228885E-1,-1.3003523E0,-7.6867335E-2,-1.5445027E0,-2.550074E0,-3.342551E-1,-2.1840394E0,1.0943142E-1,-7.8055716E-1,9.112884E-2,-2.3000582E-1,3.1705413E-2,4.1397855E-1,-1.528668E0,-9.6943694E-1,-3.0520087E-1,1.4442468E-1,-5.5491585E-1,-2.4552457E0,-2.268076E-2,-7.198092E-1,4.505498E-2,2.1468566E-1,-3.904388E-1,-1.0467811E0,-4.877841E-2,2.1884842E-1,-5.717189E-1,-4.8670135E-2,-3.4016135E-1,3.2159945E-1,6.387841E-1,2.6798293E-1,-7.252085E-1,1.3560176E-1,3.9766592E-1,4.3207236E-2,-9.945459E-1,2.7206892E-1],"categories":[],"categories_nodes":[],"categories_segments":[],"categories_sizes":[],"default_left":[1,0,1,1,1,1,1,1,1,1,1,1,1,1,1,1,0,1,0,1,1,1,1,1,1,0,0,1,1,1,0,0,0,0,0,0,0,0,0,0,0,0,0,0,0,0,0,0,0,0,0],"id":0,"left_children":[1,-1,3,5,7,9,11,13,15,17,19,21,23,25,27,29,-1,31,-1,33,35,37,39,41,43,-1,-1,45,47,49,-1,-1,-1,-1,-1,-1,-1,-1,-1,-1,-1,-1,-1,-1,-1,-1,-1,-1,-1,-1,-1],"loss_changes":[2.5511053E2,0E0,6.407751E1,1.125495E1,6.528999E1,7.996356E0,2.0849733E0,1.951926E1,9.304291E0,7.7510357E0,5.9076414E0,1.4635445E0,4.74656E-1,6.729126E-2,1.9232583E0,2.2836723E1,0E0,6.4018637E-1,0E0,9.2644855E-2,1.1839952E0,5.3665406E-1,1.6796395E0,6.9854105E-1,2.8585076E-1,0E0,0E0,3.5466323E0,4.84324E-1,5.4187746E0,0E0,0E0,0E0,0E0,0E0,0E0,0E0,0E0,0E0,0E0,0E0,0E0,0E0,0E0,0E0,0E0,0E0,0E0,0E0,0E0,0E0],"parents":[2147483647,0,0,2,2,3,3,4,4,5,5,6,6,7,7,8,8,9,9,10,10,11,11,12,12,13,13,14,14,15,15,17,17,19,19,20,20,21,21,22,22,23,23,24,24,27,27,28,28,29,29],"right_children":[2,-1,4,6,8,10,12,14,16,18,20,22,24,26,28,30,-1,32,-1,34,36,38,40,42,44,-1,-1,46,48,50,-1,-1,-1,-1,-1,-1,-1,-1,-1,-1,-1,-1,-1,-1,-1,-1,-1,-1,-1,-1,-1],"split_conditions":[3E0,-7.872858E-1,2.5E0,1.5E0,2.5E0,2.5E0,4.5E0,1.5E0,3.5E0,4.5E0,2.5E0,2.5E0,1.5E0,3.5E0,2.5E0,3.5E0,-7.650223E-1,3.5E0,-6.552118E-1,4.5E0,1.5E0,1.5E0,2.5E0,2.5E0,2.5E0,-4.5860043E-1,-2.908311E-1,3.5E0,2.5E0,2.5E0,-7.3657376E-1,-6.8042283E-3,-2.1594276E-1,1.3516494E-2,6.44057E-2,-1.1713164E-1,-3.1403434E-1,-1.4633524E-2,6.565453E-2,-1.7151567E-1,-1.4601042E-2,-1.0204841E-1,9.647984E-2,1.9163524E-1,8.039488E-2,-2.1756257E-1,4.0680528E-2,1.1929978E-1,1.2962171E-2,-2.9836378E-1,8.162068E-2],"split_indices":[3,0,0,4,1,2,2,4,0,3,1,1,1,2,4,1,0,1,0,2,0,1,2,4,1,0,0,2,2,4,0,0,0,0,0,0,0,0,0,0,0,0,0,0,0,0,0,0,0,0,0],"split_type":[0,0,0,0,0,0,0,0,0,0,0,0,0,0,0,0,0,0,0,0,0,0,0,0,0,0,0,0,0,0,0,0,0,0,0,0,0,0,0,0,0,0,0,0,0,0,0,0,0,0,0],"sum_hessian":[3.2477512E2,1.073967E2,2.1737843E2,1.09981735E2,1.073967E2,3.7600594E1,7.238114E1,5.569588E1,5.1700817E1,9.165145E0,2.843545E1,5.4990868E1,1.7390274E1,1.9505308E1,3.619057E1,2.5850409E1,2.5850409E1,4.4650707E0,4.700074E0,1.4100223E1,1.4335226E1,2.843545E1,2.655542E1,4.4650707E0,1.2925204E1,9.400148E0,1.010516E1,1.7625278E1,1.8565292E1,1.3160208E1,1.2690201E1,3.0550482E0,1.4100223E0,9.635152E0,4.4650707E0,6.8151073E0,7.5201187E0,1.3865219E1,1.45702305E1,8.460134E0,1.8095285E1,1.8800297E0,2.5850408E0,3.7600594E0,9.165145E0,8.695137E0,8.930141E0,4.4650707E0,1.4100223E1,8.460134E0,4.700074E0],"tree_param":{"num_deleted":"0","num_feature":"5","num_nodes":"51","size_leaf_vector":"0"}},{"base_weights":[-9.2951906E-1,-1.7347976E0,-5.1627624E-1,-1.4712782E-1,-8.801108E-1,-4.619582E-1,2.4571292E-2,-3.651335E-1,-1.4078453E0,-1.020918E0,-2.5032428E-1,-1.13204144E-1,1.6046396E-1,-8.855865E-1,-5.3411845E-2,-1.0533233E0,-1.7142688E0,-2.7022472E-1,-1.5453073E0,8.251375E-2,-5.480395E-1,4.6710264E-2,-2.7075276E-1,7.753845E-2,3.8134328E-1,-9.657748E-1,-5.116377E-1,-2.1740037E-1,1.0934706E-1,-3.885448E-1,-1.645409E0,-1.7528428E-2,-5.7617855E-1,3.292987E-2,1.6472942E-1,-2.806245E-1,-7.259304E-1,-1.9675994E-2,1.113875E-1,-5.706003E-1,7.251318E-2,-1.7523737E-1,1.6245607E-1,1.9367872E-1,5.058586E-1,-6.4568615E-1,-1.1843244E0,-5.0609255E-1,1.0013186E-1,3.0981275E-1,3.121621E-2,-9.5659375E-1,-1.8646697E-2],"categories":[],"categories_nodes":[],"categories_segments":[],"categories_sizes":[],"default_left":[1,0,1,1,1,1,1,1,1,1,1,1,1,1,1,1,0,1,0,1,1,1,1,1,1,1,0,1,1,1,0,0,0,0,0,0,0,0,0,0,0,0,0,0,0,0,0,0,0,0,0,0,0],"id":1,"left_children":[1,-1,3,5,7,9,11,13,15,17,19,21,23,25,27,29,-1,31,-1,33,35,37,39,41,43,45,-1,47,49,51,-1,-1,-1,-1,-1,-1,-1,-1,-1,-1,-1,-1,-1,-1,-1,-1,-1,-1,-1,-1,-1,-1,-1],"loss_changes":[1.1032736E2,0E0,2.9727867E1,6.04113E0,2.9858253E1,4.4071484E0,1.3873675E0,9.348181E0,4.1523056E0,3.7159042E0,3.009598E0,9.4231975E-1,6.523661E-1,1.5444565E-1,1.0188848E0,1.0389671E1,0E0,4.1746327E-1,0E0,5.5698887E-2,5.5370235E-1,8.4481925E-2,1.9696909E0,6.3643503E-1,1.3352633E-1,4.0238094E-1,0E0,1.783784E0,2.9382432E-1,3.0308034E0,0E0,0E0,0E0,0E0,0E0,0E0,0E0,0E0,0E0,0E0,0E0,0E0,0E0,0E0,0E0,0E0,0E0,0E0,0E0,0E0,0E0,0E0,0E0],"parents":[2147483647,0,0,2,2,3,3,4,4,5,5,6,6,7,7,8,8,9,9,10,10,11,11,12,12,13,13,14,14,15,15,17,17,19,19,20,20,21,21,22,22,23,23,24,24,25,25,27,27,28,28,29,29],"right_children":[2,-1,4,6,8,10,12,14,16,18,20,22,24,26,28,30,-1,32,-1,34,36,38,40,42,44,46,-1,48,50,52,-1,-1,-1,-1,-1,-1,-1,-1,-1,-1,-1,-1,-1,-1,-1,-1,-1,-1,-1,-1,-1,-1,-1],"split_conditions":[3E0,-5.204393E-1,2.5E0,1.5E0,2.5E0,2.5E0,2.5E0,1.5E0,3.5E0,4.5E0,2.5E0,2.5E0,4.5E0,4.5E0,2.5E0,3.5E0,-5.142807E-1,3.5E0,-4.635922E-1,4.5E0,1.5E0,4.5E0,3.5E0,1.5E0,1.5E0,4.5E0,-1.5349132E-1,3.5E0,2.5E0,1.5E0,-4.9362272E-1,-5.2585285E-3,-1.7285357E-1,9.878961E-3,4.9418826E-2,-8.418736E-2,-2.1777913E-1,-5.9027984E-3,3.3416253E-2,-1.7118008E-1,2.1753954E-2,-5.2571215E-2,4.873682E-2,5.8103617E-2,1.5175758E-1,-1.9370586E-1,-3.5529733E-1,-1.5182777E-1,3.003956E-2,9.294383E-2,9.364863E-3,-2.8697813E-1,-5.594009E-3],"split_indices":[3,0,0,4,1,2,4,4,1,3,1,1,2,2,4,0,0,1,0,2,0,3,2,1,0,3,0,2,2,4,0,0,0,0,0,0,0,0,0,0,0,0,0,0,0,0,0,0,0,0,0,0,0],"split_type":[0,0,0,0,0,0,0,0,0,0,0,0,0,0,0,0,0,0,0,0,0,0,0,0,0,0,0,0,0,0,0,0,0,0,0,0,0,0,0,0,0,0,0,0,0,0,0,0,0,0,0,0,0],"sum_hessian":[3.3322827E2,1.119247E2,2.2130356E2,1.105467E2,1.1075687E2,3.841599E1,7.213071E1,5.691226E1,5.384461E1,9.500261E0,2.8915726E1,3.590014E1,3.623057E1,2.0628986E1,3.6283276E1,2.7020391E1,2.6824219E1,4.5302544E0,4.970007E0,1.3993828E1,1.4921899E1,1.816544E1,1.77347E1,2.732347E1,8.907102E0,1.5683279E1,4.945707E0,1.7906137E1,1.8377136E1,1.350903E1,1.351136E1,3.06011E0,1.470144E0,9.602897E0,4.390931E0,6.990668E0,7.9312305E0,9.307638E0,8.8578005E0,9.112519E0,8.62218E0,6.6033974E0,2.0720072E1,4.5719304E0,4.3351717E0,7.96789E0,7.7153893E0,9.067955E0,8.838182E0,4.322162E0,1.4054975E1,4.702045E0,8.806986E0],"tree_param":{"num_deleted":"0","num_feature":"5","num_nodes":"53","size_leaf_vector":"0"}}]},"name":"gbtree"},"learner_model_param":{"base_score":"5E-1","num_class":"0","num_feature":"5","num_target":"1"},"objective":{"name":"reg:squarederror","reg_loss_param":{"scale_pos_weight":"1"}}},"version":[1,6,2]}