{"learner":{"attributes":{"best_ntree_limit":"2"},"feature_names":[],"feature_types":["q","q","q","q","q","q","q","q","q","q","q","q","q","q","q","q","q","q","q","q"],"gradient_booster":{"model":{"gbtree_model_param":{"num_parallel_tree":"1","num_trees":"2","size_leaf_vector":"0"},"tree_info":[0,0],"trees":[{"base_weights":[-1.9811506E0,-9.152524E-1,-2.1228127E0,-1.2472281E0,3.3185713E-2,-6.3880056E-1,-1.173578E-1,-4.400824E-1,-1.5360655E0,2.2434609E-1,-1.8719053E-1,-1.0252551E0,3.5924566E-1,-1.6357428E0,-4.5387173E-1,4.3430242E-1,-5.326511E-1,-4.5480227E-1,-2.1353333E-1,2.1851091E-1,-1.447514E-1,-1.6954253E0,-7.11542E-1,-4.0043032E-1,1.808749E-1,2.2434609E-1,-1.00081414E-1,1.6489881E-1,-7.738017E-1,1.6489881E-1,-2.209318E-1,3.24087E-2,-1.00081414E-1,-5.2466327E-1,-1.00081414E-1,3.24087E-2,-3.6506164E-1,6.461386E-2,-3.158647E-1],"categories":[],"categories_nodes":[],"categories_segments":[],"categories_sizes":[],"default_left":[1,1,1,1,1,0,0,0,1,0,0,1,0,0,0,0,0,0,0,0,1,0,0,0,0,0,0,0,0,0,0,0,0,0,0,0,0,0,0],"id":0,"left_children":[1,3,5,7,9,-1,-1,11,13,-1,15,17,19,21,23,25,27,-1,29,-1,31,33,35,-1,-1,-1,-1,-1,37,-1,-1,-1,-1,-1,-1,-1,-1,-1,-1],"loss_changes":[7.438074E1,1.926514E1,4.197754E0,9.873589E0,2.7864213E0,0E0,0E0,6.6020117E0,2.8091125E0,0E0,3.1605446E0,2.844698E0,1.291116E0,4.3533325E-1,4.678127E0,1.555588E0,2.831254E0,0E0,2.0652843E0,0E0,2.0449063E-1,1.3990402E0,1.5928572E0,0E0,0E0,0E0,0E0,0E0,2.422495E0,0E0,0E0,0E0,0E0,0E0,0E0,0E0,0E0,0E0,0E0],"parents":[2147483647,0,0,1,1,2,2,3,3,4,4,7,7,8,8,10,10,11,11,12,12,13,13,14,14,15,15,16,16,18,18,20,20,21,21,22,22,28,28],"right_children":[2,4,6,8,10,-1,-1,12,14,-1,16,18,20,22,24,26,28,-1,30,-1,32,34,36,-1,-1,-1,-1,-1,38,-1,-1,-1,-1,-1,-1,-1,-1,-1,-1],"split_conditions":[3.9E-1,5E-2,7E-1,1.9E-1,1E-1,-6.3880056E-1,-1.173578E-1,5E-2,8.8E-1,2.2434609E-1,6.5E-1,1E-1,1.3E-1,7.6E-1,2.6E-1,3.8E-1,2.2E-1,-4.5480227E-1,2.4E-1,2.1851091E-1,3.4E-1,4.4E-1,4.9E-1,-4.0043032E-1,1.808749E-1,2.2434609E-1,-1.00081414E-1,1.6489881E-1,4.3E-1,1.6489881E-1,-2.209318E-1,3.24087E-2,-1.00081414E-1,-5.2466327E-1,-1.00081414E-1,3.24087E-2,-3.6506164E-1,6.461386E-2,-3.158647E-1],"split_indices":[9,19,18,11,9,0,0,12,17,0,13,11,2,7,11,0,0,0,0,0,0,11,1,0,0,0,0,0,4,0,0,0,0,0,0,0,0,0,0],"split_type":[0,0,0,0,0,0,0,0,0,0,0,0,0,0,0,0,0,0,0,0,0,0,0,0,0,0,0,0,0,0,0,0,0,0,0,0,0,0,0],"sum_hessian":[5.0446368E2,6.0055202E1,4.4440848E2,4.42512E1,1.5804E1,4.42512E2,1.8964801E0,1.232712E1,3.192408E1,3.1608E0,1.26432E1,6.95376E0,5.37336E0,2.876328E1,3.1608E0,4.42512E0,8.2180805E0,3.7929602E0,3.1608E0,2.8447201E0,2.52864E0,2.623464E1,2.52864E0,1.5804E0,1.5804E0,3.1608E0,1.26432E0,1.26432E0,6.95376E0,1.26432E0,1.8964801E0,1.26432E0,1.26432E0,2.497032E1,1.26432E0,1.26432E0,1.26432E0,1.5804E0,5.37336E0],"tree_param":{"num_deleted":"0","num_feature":"20","num_nodes":"39","size_leaf_vector":"0"}},{"base_weights":[-1.2924457E0,-3.9856955E-1,-1.3589443E0,1.213618E-1,-8.2046056E-1,-1.0546538E0,-1.3980064E0,-3.1110248E-1,7.3186296E-1,5.311739E-2,-9.734894E-1,-1.1556541E0,-2.319671E-1,-1.4007837E0,-7.9020776E-2,2.0619744E-1,-5.8632535E-1,2.5043243E-1,3.0213136E-2,-1.788438E-1,1.6962208E-1,8.902985E-2,-1.0915531E0,-1.3006046E0,-7.615021E-1,5.2373415E-1,-2.910439E-1,-6.47675E-2,-4.209081E-1,-8.170286E-1,1.5617916E-1,-1.1721305E0,-2.629617E-2,-4.0421584E-1,-3.1281325E-1,4.0621337E-1,-1.1090643E0,2.535906E-1,-4.844688E-2,-3.2300282E-1,5.4729562E-2,-3.7315648E-2,-3.7802565E-1,-2.2559196E-1,8.494005E-2,2.77623E-1,-1.5328795E-1,-3.5321707E-1,-7.681988E-2],"categories":[],"categories_nodes":[],"categories_segments":[],"categories_sizes":[],"default_left":[1,0,0,0,1,0,1,0,1,0,0,1,0,0,0,0,0,0,0,0,0,0,0,1,0,0,0,0,0,0,0,0,0,0,0,0,1,0,0,0,0,0,0,0,0,0,0,0,0],"id":1,"left_children":[1,3,5,7,9,11,13,15,17,19,21,23,25,27,-1,-1,29,-1,-1,-1,-1,-1,31,33,35,37,-1,-1,-1,39,-1,41,-1,-1,43,45,47,-1,-1,-1,-1,-1,-1,-1,-1,-1,-1,-1,-1],"loss_changes":[3.1148193E1,8.507404E0,4.418762E0,4.990893E0,2.8976545E0,4.757042E0,1.0058594E0,3.4977055E0,4.2119884E-1,1.7079636E0,3.0484886E0,2.0726318E0,4.8949523E0,8.5339355E-1,0E0,0E0,2.8176842E0,0E0,0E0,0E0,0E0,0E0,1.2591496E0,1.324585E0,7.2800817E0,1.1358367E0,0E0,0E0,0E0,2.309218E0,0E0,1.272047E0,0E0,0E0,1.0009198E0,2.6593897E0,4.6992683E-1,0E0,0E0,0E0,0E0,0E0,0E0,0E0,0E0,0E0,0E0,0E0,0E0],"parents":[2147483647,0,0,1,1,2,2,3,3,4,4,5,5,6,6,7,7,8,8,9,9,10,10,11,11,12,12,13,13,16,16,22,22,23,23,24,24,25,25,29,29,31,31,34,34,35,35,36,36],"right_children":[2,4,6,8,10,12,14,16,18,20,22,24,26,28,-1,-1,30,-1,-1,-1,-1,-1,32,34,36,38,-1,-1,-1,40,-1,42,-1,-1,44,46,48,-1,-1,-1,-1,-1,-1,-1,-1,-1,-1,-1,-1],"split_conditions":[2.9E-1,8E-1,4.5E-1,2.6E-1,9E-2,1.9E-1,9.1E-1,1.6E-1,2.6E-1,4E-2,3.5E-1,5E-1,4.7E-1,9E-2,-7.9020776E-2,2.0619744E-1,2.5E-1,2.5043243E-1,3.0213136E-2,-1.788438E-1,1.6962208E-1,8.902985E-2,3.4E-1,7.5E-1,4.6E-1,6.5E-1,-2.910439E-1,-6.47675E-2,-4.209081E-1,3.9E-1,1.5617916E-1,1E-1,-2.629617E-2,-4.0421584E-1,6.1E-1,3.5E-1,1E-1,2.535906E-1,-4.844688E-2,-3.2300282E-1,5.4729562E-2,-3.7315648E-2,-3.7802565E-1,-2.2559196E-1,8.494005E-2,2.77623E-1,-1.5328795E-1,-3.5321707E-1,-7.681988E-2],"split_indices":[9,19,9,11,9,2,18,16,9,2,4,8,8,8,0,0,19,0,0,0,0,0,11,17,1,15,0,0,0,10,0,17,0,0,3,0,19,0,0,0,0,0,0,0,0,0,0,0,0],"split_type":[0,0,0,0,0,0,0,0,0,0,0,0,0,0,0,0,0,0,0,0,0,0,0,0,0,0,0,0,0,0,0,0,0,0,0,0,0,0,0,0,0,0,0,0,0,0,0,0,0],"sum_hessian":[5.3212616E2,3.732991E1,4.9479626E2,1.7041092E1,2.0288818E1,5.947689E1,4.3531937E2,1.026209E1,6.779002E0,3.1216295E0,1.7167189E1,5.261293E1,6.863958E0,4.3402243E2,1.2969449E0,1.8939736E0,8.368116E0,5.551234E0,1.2277687E0,1.3045653E0,1.8170642E0,1.3311915E0,1.5835997E1,3.678528E1,1.5827652E1,3.5352736E0,3.328684E0,1.003907E0,4.3301852E2,7.141572E0,1.2265446E0,1.4504244E1,1.3317525E0,3.4774338E1,2.0109403E0,3.591713E0,1.2235939E1,2.2471135E0,1.2881601E0,5.607544E0,1.534028E0,1.3102595E0,1.3193984E1,1.0070333E0,1.003907E0,2.287702E0,1.304011E0,1.0976421E1,1.2595173E0],"tree_param":{"num_deleted":"0","num_feature":"20","num_nodes":"49","size_leaf_vector":"0"}}]},"name":"gbtree"},"learner_model_param":{"base_score":"5E-1","num_class":"0","num_feature":"20","num_target":"1"},"objective":{"name":"reg:squarederror","reg_loss_param":{"scale_pos_weight":"1"}}},"version":[1,6,2]}