{"learner":{"attributes":{"best_ntree_limit":"2"},"feature_names":[],"feature_types":["q","q","q","q","q","q","q","q","q","q","q","q","q","q","q","q","q","q","q","q"],"gradient_booster":{"model":{"gbtree_model_param":{"num_parallel_tree":"1","num_trees":"2","size_leaf_vector":"0"},"tree_info":[0,0],"trees":[{"base_weights":[-2.3810856E0,-9.477899E-1,-2.5713298E0,-1.3906662E0,3.0407655E-1,-7.7402705E-1,-9.146257E-2,-3.2226938E-1,-1.7735084E0,-5.1589316E-1,6.156699E-1,-1.0849298E0,6.843139E-1,-1.904988E0,-3.6554626E-1,-2.6735643E-1,3.301761E-2,2.0923589E-1,3.5579333E-1,-5.08071E-1,-6.70421E-2,3.272388E-1,2.117185E-3,-1.9831024E0,-2.0621401E-1,-4.2927867E-1,2.6037067E-1,2.6384196E-1,-3.996294E-1,1.2244079E-1,-1.5341894E-1,-6.287383E-1,-3.027317E-1,1.2244079E-1,-2.5060415E-1],"categories":[],"categories_nodes":[],"categories_segments":[],"categories_sizes":[],"default_left":[1,1,1,1,0,0,0,0,1,0,0,1,0,0,0,0,0,0,0,0,0,0,0,0,0,0,0,0,0,0,0,0,0,0,0],"id":0,"left_children":[1,3,5,7,9,-1,-1,11,13,15,17,19,21,23,25,-1,-1,27,-1,-1,29,-1,-1,31,-1,-1,-1,-1,33,-1,-1,-1,-1,-1,-1],"loss_changes":[1.0010742E2,2.5732632E1,5.793457E0,1.3294685E1,3.5752554E0,0E0,0E0,8.546024E0,3.8826141E0,1.0506808E0,1.9991109E0,3.708993E0,1.3674061E0,7.659836E-1,5.644171E0,0E0,0E0,3.1570802E0,0E0,0E0,9.1607094E-1,0E0,0E0,1.3581848E-1,0E0,0E0,0E0,0E0,1.8508518E0,0E0,0E0,0E0,0E0,0E0,0E0],"parents":[2147483647,0,0,1,1,2,2,3,3,4,4,7,7,8,8,9,9,10,10,11,11,12,12,13,13,14,14,17,17,20,20,23,23,28,28],"right_children":[2,4,6,8,10,-1,-1,12,14,16,18,20,22,24,26,-1,-1,28,-1,-1,30,-1,-1,32,-1,-1,-1,-1,34,-1,-1,-1,-1,-1,-1],"split_conditions":[3.9E-1,5E-2,7E-1,1.9E-1,6.2E-1,-7.7402705E-1,-9.146257E-2,5E-2,8.8E-1,3.7E-1,1E0,1E-1,1.3E-1,7.6E-1,2.6E-1,-2.6735643E-1,3.301761E-2,6.3E-1,3.5579333E-1,-5.08071E-1,2.5E-1,3.272388E-1,2.117185E-3,4.1E-1,-2.0621401E-1,-4.2927867E-1,2.6037067E-1,2.6384196E-1,3.2E-1,1.2244079E-1,-1.5341894E-1,-6.287383E-1,-3.027317E-1,1.2244079E-1,-2.5060415E-1],"split_indices":[9,19,18,11,6,0,0,12,17,0,13,11,2,7,11,0,0,13,0,0,0,0,0,11,0,0,0,0,14,0,0,0,0,0,0],"split_type":[0,0,0,0,0,0,0,0,0,0,0,0,0,0,0,0,0,0,0,0,0,0,0,0,0,0,0,0,0,0,0,0,0,0,0],"sum_hessian":[3.7506592E2,4.4650703E1,3.3041522E2,3.290052E1,1.1750185E1,3.290052E2,1.4100223E0,9.165145E0,2.3735374E1,3.0550482E0,8.695137E0,5.1700816E0,3.995063E0,2.1385338E1,2.350037E0,1.645026E0,1.4100223E0,5.8750925E0,2.8200445E0,2.8200445E0,2.350037E0,2.1150334E0,1.8800297E0,1.9505308E1,1.8800297E0,1.1750185E0,1.1750185E0,2.5850408E0,3.290052E0,1.1750185E0,1.1750185E0,1.645026E1,3.0550482E0,1.1750185E0,2.1150334E0],"tree_param":{"num_deleted":"0","num_feature":"20","num_nodes":"35","size_leaf_vector":"0"}},{"base_weights":[-1.5740836E0,-3.4943214E-1,-1.6653483E0,3.4440765E-1,-9.085298E-1,-1.2405229E0,-1.7195673E0,-2.8680444E-1,1.1850312E0,2.4922273E-1,-1.1201015E0,-1.3784273E0,-1.2722348E-1,-1.7234446E0,-1.1359909E-1,-6.318555E-1,2.6533696E-1,3.9022785E-1,1.04263626E-1,-1.151921E-1,2.3698169E-1,4.6318594E-2,-1.2584581E0,-1.5870017E0,-8.096382E-1,8.2511735E-1,-3.2425153E-1,-1.5622158E-1,-5.179348E-1,-1.1496682E0,1.8246695E-1,-1.3737364E0,-6.307416E-2,-4.941806E-1,-9.01561E-2,6.597769E-1,-1.261655E0,3.479271E-1,1.9690588E-2,-2.8423136E-3,-4.4159204E-1,-8.3282635E-2,-4.444231E-1,-7.5088516E-2,3.6220706E-1,-4.073873E-1,-9.021467E-2],"categories":[],"categories_nodes":[],"categories_segments":[],"categories_sizes":[],"default_left":[1,0,0,0,1,0,1,0,0,0,0,1,0,0,0,0,0,0,0,0,0,0,0,1,0,0,0,0,0,0,0,0,0,0,0,0,1,0,0,0,0,0,0,0,0,0,0],"id":1,"left_children":[1,3,5,7,9,11,13,15,17,19,21,23,25,27,-1,29,-1,-1,-1,-1,-1,-1,31,33,35,37,-1,-1,-1,39,-1,41,-1,-1,-1,43,45,-1,-1,-1,-1,-1,-1,-1,-1,-1,-1],"loss_changes":[4.3163147E1,1.1334014E1,6.2507324E0,7.4515066E0,4.200218E0,6.7005463E0,1.012146E0,3.977896E0,1.2390423E-1,1.430198E0,2.6129894E0,3.430603E0,6.375201E0,2.536621E-1,0E0,5.2699957E0,0E0,0E0,0E0,0E0,0E0,0E0,1.219511E0,1.6791E0,9.271942E0,8.357873E-1,0E0,0E0,0E0,1.9585075E0,0E0,8.9469147E-1,0E0,0E0,0E0,2.1190228E0,5.226517E-1,0E0,0E0,0E0,0E0,0E0,0E0,0E0,0E0,0E0,0E0],"parents":[2147483647,0,0,1,1,2,2,3,3,4,4,5,5,6,6,7,7,8,8,9,9,10,10,11,11,12,12,13,13,15,15,22,22,23,23,24,24,25,25,29,29,31,31,35,35,36,36],"right_children":[2,4,6,8,10,12,14,16,18,20,22,24,26,28,-1,30,-1,-1,-1,-1,-1,-1,32,34,36,38,-1,-1,-1,40,-1,42,-1,-1,-1,44,46,-1,-1,-1,-1,-1,-1,-1,-1,-1,-1],"split_conditions":[2.9E-1,8E-1,4.5E-1,2.6E-1,9E-2,1.9E-1,5.9E-1,2.5E-1,4.2E-1,6E-2,3.6E-1,5E-1,4.7E-1,1.2E-1,-1.1359909E-1,3.9E-1,2.6533696E-1,3.9022785E-1,1.04263626E-1,-1.151921E-1,2.3698169E-1,4.6318594E-2,9.2E-1,7.5E-1,4.6E-1,2.7E-1,-3.2425153E-1,-1.5622158E-1,-5.179348E-1,1.4E-1,1.8246695E-1,4.2E-1,-6.307416E-2,-4.941806E-1,-9.01561E-2,4E-1,8E-2,3.479271E-1,1.9690588E-2,-2.8423136E-3,-4.4159204E-1,-8.3282635E-2,-4.444231E-1,-7.5088516E-2,3.6220706E-1,-4.073873E-1,-9.021467E-2],"split_indices":[9,19,9,11,9,2,18,19,10,12,4,8,8,8,0,10,0,0,0,0,0,0,1,17,1,2,0,0,0,11,0,1,0,0,0,3,19,0,0,0,0,0,0,0,0,0,0],"split_type":[0,0,0,0,0,0,0,0,0,0,0,0,0,0,0,0,0,0,0,0,0,0,0,0,0,0,0,0,0,0,0,0,0,0,0,0,0,0,0,0,0,0,0,0,0,0,0],"sum_hessian":[3.9039404E2,2.7410471E1,3.6298358E2,1.2402711E1,1.500776E1,4.378586E1,3.1919772E2,7.459956E0,4.9427543E0,2.2913241E0,1.2716436E1,3.8747997E1,5.037861E0,3.1799295E2,1.2047731E0,6.1181083E0,1.3418479E0,3.8566494E0,1.0861046E0,1.188929E0,1.1023953E0,1.2339314E0,1.1482505E1,2.7041693E1,1.1706305E1,2.5880332E0,2.4498277E0,1.2268246E0,3.167661E2,4.3673606E0,1.7507477E0,1.0065037E1,1.4174681E0,2.5563683E1,1.4780102E0,2.6457798E0,9.060525E0,1.4306363E0,1.1573969E0,1.1893357E0,3.1780248E0,1.2203209E0,8.844716E0,1.1978587E0,1.4479212E0,7.8596926E0,1.2008328E0],"tree_param":{"num_deleted":"0","num_feature":"20","num_nodes":"47","size_leaf_vector":"0"}}]},"name":"gbtree"},"learner_model_param":{"base_score":"5E-1","num_class":"0","num_feature":"20","num_target":"1"},"objective":{"name":"reg:squarederror","reg_loss_param":{"scale_pos_weight":"1"}}},"version":[1,6,2]}