{"learner":{"attributes":{"best_ntree_limit":"5"},"feature_names":[],"feature_types":["q","q","q","q","q","q","q","q","q","q","q","q","q","q","q","q","q","q","q","q"],"gradient_booster":{"model":{"gbtree_model_param":{"num_parallel_tree":"1","num_trees":"5","size_leaf_vector":"0"},"tree_info":[0,0,0,0,0],"trees":[{"base_weights":[-2.3810856E0,-9.433584E-1,-2.568483E0,-1.3668474E0,1.4935897E-1,-2.5772634E0,-1.5489077E-2,-4.2064476E-1,-1.7206016E0,3.272388E-1,-1.22415476E-1,-7.7573764E-1,-1.1700157E0,-1.0230104E0,3.4334776E-1,-1.9026672E0,-6.70421E-2,-9.625546E-1,2.0426655E-1,-9.146257E-2,-4.6490312E-1,-5.187108E-1,-2.6928696E-1,-2.1594276E-1,2.772602E-1,-1.9594023E0,-1.5341894E-1,-2.913488E-1,2.6037067E-1,-4.2927867E-1,-1.5489077E-2,-4.1162294E-1,7.2575206E-1,-2.6735643E-1,1.574978E-1,-6.139793E-1,-2.5060415E-1,1.3462448E-1,-3.8077685E-1,3.380924E-1,2.117185E-3],"categories":[],"categories_nodes":[],"categories_segments":[],"categories_sizes":[],"default_left":[1,1,1,1,0,1,0,0,1,0,0,0,0,0,0,0,0,0,0,0,0,0,1,0,0,0,0,0,0,0,0,0,0,0,0,0,0,0,0,0,0],"id":0,"left_children":[1,3,5,7,9,11,-1,13,15,-1,17,-1,19,21,23,25,27,29,31,-1,-1,-1,33,-1,-1,35,-1,-1,-1,-1,-1,37,39,-1,-1,-1,-1,-1,-1,-1,-1],"loss_changes":[9.889917E1,2.1002941E1,7.206299E0,1.0151554E1,3.5761569E0,9.4677734E-1,0E0,5.029277E0,6.8946915E0,0E0,3.30902E0,0E0,7.822752E-1,2.6927333E0,3.895012E0,6.536331E-1,3.674668E0,1.3554256E0,3.186162E0,0E0,0E0,0E0,2.470912E0,0E0,0E0,2.3104858E-1,0E0,0E0,0E0,0E0,0E0,4.081943E0,1.5001705E0,0E0,0E0,0E0,0E0,0E0,0E0,0E0,0E0],"parents":[2147483647,0,0,1,1,2,2,3,3,4,4,5,5,7,7,8,8,10,10,12,12,13,13,14,14,15,15,16,16,17,17,18,18,22,22,25,25,31,31,32,32],"right_children":[2,4,6,8,10,12,-1,14,16,-1,18,-1,20,22,24,26,28,30,32,-1,-1,-1,34,-1,-1,36,-1,-1,-1,-1,-1,38,40,-1,-1,-1,-1,-1,-1,-1,-1],"split_conditions":[3.9E-1,5E-2,7.5E-1,1.9E-1,1.4E-1,7.4E-1,-1.5489077E-2,5E-2,8.8E-1,3.272388E-1,5.8E-1,-7.7573764E-1,4.5E-1,6.7E-1,6.2E-1,4.5E-1,2.6E-1,2.9E-1,1.5E-1,-9.146257E-2,-4.6490312E-1,-5.187108E-1,1E-1,-2.1594276E-1,2.772602E-1,7.6E-1,-1.5341894E-1,-2.913488E-1,2.6037067E-1,-4.2927867E-1,-1.5489077E-2,7E-2,4.9E-1,-2.6735643E-1,1.574978E-1,-6.139793E-1,-2.5060415E-1,1.3462448E-1,-3.8077685E-1,3.380924E-1,2.117185E-3],"split_indices":[9,19,18,11,14,13,0,12,17,0,5,0,9,6,4,11,11,11,18,0,0,0,11,0,0,7,0,0,0,0,0,18,2,0,0,0,0,0,0,0,0],"split_type":[0,0,0,0,0,0,0,0,0,0,0,0,0,0,0,0,0,0,0,0,0,0,0,0,0,0,0,0,0,0,0,0,0,0,0,0,0,0,0,0,0],"sum_hessian":[3.7506592E2,4.3945694E1,3.3112024E2,3.1490498E1,1.2455196E1,3.2994522E2,1.1750185E0,9.165145E0,2.2325352E1,2.1150334E0,1.0340163E1,3.2712515E2,2.8200445E0,4.9350777E0,4.230067E0,1.9975315E1,2.350037E0,2.350037E0,7.990126E0,1.4100223E0,1.4100223E0,1.8800297E0,3.0550482E0,1.4100223E0,2.8200445E0,1.8800297E1,1.1750185E0,1.1750185E0,1.1750185E0,1.1750185E0,1.1750185E0,3.7600594E0,4.230067E0,1.645026E0,1.4100223E0,1.6685263E1,2.1150334E0,2.1150334E0,1.645026E0,2.350037E0,1.8800297E0],"tree_param":{"num_deleted":"0","num_feature":"20","num_nodes":"41","size_leaf_vector":"0"}},{"base_weights":[-1.5769228E0,-3.6269957E-1,-1.6655115E0,3.332446E-1,-9.424749E-1,-1.2021775E0,-1.7225883E0,-1.2405075E-1,8.823264E-1,-1.1698883E0,9.845177E-2,-1.3531352E0,-3.663896E-2,-1.7267785E0,-9.818225E-2,-7.90733E-1,7.173309E-1,1.1163188E0,-3.0865986E-2,5.8231488E-2,-1.3309976E0,-2.5526688E-1,2.6480034E-1,7.882256E-2,-1.4234425E0,7.561201E-1,-7.543951E-1,-1.55959E-1,-5.1893497E-1,9.200892E-2,-4.2327842E-1,3.030237E-1,-5.755625E-3,1.0562963E-1,3.7315536E-1,1.3844629E-2,-1.4939919E0,-1.4982349E0,-4.6813643E-1,3.0210184E-2,3.2112363E-1,-3.5796505E-1,2.7536603E-2,-4.841477E-1,-1.0003792E-1,-4.5894268E-1,-1.0336588E-1,-3.0451843E-1,9.8079E-2],"categories":[],"categories_nodes":[],"categories_segments":[],"categories_sizes":[],"default_left":[1,0,0,0,0,0,1,0,0,0,0,0,0,0,0,0,1,0,0,0,0,0,0,0,1,0,0,0,0,0,0,0,0,0,0,0,0,1,0,0,0,0,0,0,0,0,0,0,0],"id":1,"left_children":[1,3,5,7,9,11,13,15,17,19,21,23,25,27,-1,29,31,33,-1,-1,35,-1,-1,-1,37,39,41,-1,-1,-1,-1,-1,-1,-1,-1,-1,43,45,47,-1,-1,-1,-1,-1,-1,-1,-1,-1,-1],"loss_changes":[4.148291E1,1.1564888E1,7.5654297E0,3.4768672E0,3.7778625E0,7.564369E0,1.3181763E0,5.1634192E0,1.5481224E0,3.0659046E0,3.5031414E0,4.723381E0,3.9787173E0,2.6434326E-1,0E0,3.8679404E0,9.1345406E-1,5.991888E-2,0E0,0E0,2.6623535E0,0E0,0E0,0E0,1.9310913E0,5.813941E-1,1.4627154E0,0E0,0E0,0E0,0E0,0E0,0E0,0E0,0E0,0E0,9.0275E-1,7.0098114E-1,2.1275623E0,0E0,0E0,0E0,0E0,0E0,0E0,0E0,0E0,0E0,0E0],"parents":[2147483647,0,0,1,1,2,2,3,3,4,4,5,5,6,6,7,7,8,8,9,9,10,10,11,11,12,12,13,13,15,15,16,16,17,17,20,20,24,24,25,25,26,26,36,36,37,37,38,38],"right_children":[2,4,6,8,10,12,14,16,18,20,22,24,26,28,-1,30,32,34,-1,-1,36,-1,-1,-1,38,40,42,-1,-1,-1,-1,-1,-1,-1,-1,-1,44,46,48,-1,-1,-1,-1,-1,-1,-1,-1,-1,-1],"split_conditions":[2.9E-1,8E-1,4.5E-1,2.6E-1,6E-1,1.9E-1,5.4E-1,5.6E-1,4.2E-1,1.2E-1,6.4E-1,1.7E-1,3.4E-1,1.2E-1,-9.818225E-2,5.9E-1,2.5E-1,5.5E-1,-3.0865986E-2,5.8231488E-2,3.6E-1,-2.5526688E-1,2.6480034E-1,7.882256E-2,7.4E-1,3.7E-1,1E0,-1.55959E-1,-5.1893497E-1,9.200892E-2,-4.2327842E-1,3.030237E-1,-5.755625E-3,1.0562963E-1,3.7315536E-1,1.3844629E-2,4.2E-1,1.1E-1,5.2E-1,3.0210184E-2,3.2112363E-1,-3.5796505E-1,2.7536603E-2,-4.841477E-1,-1.0003792E-1,-4.5894268E-1,-1.0336588E-1,-3.0451843E-1,9.8079E-2],"split_indices":[9,19,9,11,8,2,18,8,10,17,6,0,2,8,0,17,10,5,0,0,4,0,0,0,17,11,15,0,0,0,0,0,0,0,0,0,11,19,1,0,0,0,0,0,0,0,0,0,0],"split_type":[0,0,0,0,0,0,0,0,0,0,0,0,0,0,0,0,0,0,0,0,0,0,0,0,0,0,0,0,0,0,0,0,0,0,0,0,0,0,0,0,0,0,0,0,0,0,0,0,0],"sum_hessian":[3.9026483E2,2.6883661E1,3.6338116E2,1.2411046E1,1.4472614E1,4.2274082E1,3.211071E2,7.193835E0,5.2172117E0,1.1775998E1,2.6966166E0,3.7284172E1,4.989908E0,3.199088E2,1.198266E0,4.047182E0,3.1466527E0,4.10838E0,1.1088318E0,1.2223624E0,1.0553636E1,1.1814182E0,1.5151983E0,1.4404798E0,3.5843693E1,2.3456721E0,2.644236E0,1.2265381E0,3.1868228E2,1.6438642E0,2.4033182E0,1.9858828E0,1.1607698E0,1.125405E0,2.9829748E0,1.1927658E0,9.360869E0,3.2714123E1,3.1295688E0,1.1882074E0,1.1574647E0,1.4711818E0,1.1730542E0,8.13072E0,1.2301494E0,3.1525314E1,1.1888087E0,1.6901898E0,1.439379E0],"tree_param":{"num_deleted":"0","num_feature":"20","num_nodes":"49","size_leaf_vector":"0"}},{"base_weights":[-1.2753191E0,-4.9242935E-1,-1.3839866E0,-8.661389E-1,-1.915388E-2,-1.3896796E0,7.7412003E-3,-6.45765E-2,-9.485727E-1,2.6913914E-1,-7.6320416E-1,-9.986758E-1,-1.4166392E0,-1.6115208E-1,1.365496E-1,-1.0186515E0,-3.4031034E-2,-6.0335055E-2,9.025914E-1,-3.7434813E-1,8.926865E-2,-1.1716406E0,9.025169E-2,-1.0920928E-1,-4.2588624E-1,-2.813158E-1,-1.1315227E0,-5.578859E-1,6.722195E-1,-2.1823111E-3,3.4809217E-1,-1.264794E0,5.0571512E-2,2.3591195E-1,-1.4420435E-1,2.0523752E-1,-2.7163082E-1,-3.5426956E-1,-7.1762584E-2,1.0609155E-1,-3.0014873E-1,-3.4666434E-2,3.206821E-1,-1.4405584E-1,-4.057761E-1],"categories":[],"categories_nodes":[],"categories_segments":[],"categories_sizes":[],"default_left":[1,0,1,0,1,0,0,0,0,0,0,1,0,0,0,0,0,0,0,0,0,1,0,0,0,0,0,0,0,0,0,0,0,0,0,0,0,0,0,0,0,0,0,0,0],"id":2,"left_children":[1,3,5,7,9,11,-1,13,15,17,19,21,23,-1,-1,25,-1,27,29,-1,-1,31,33,-1,-1,35,37,39,41,-1,-1,43,-1,-1,-1,-1,-1,-1,-1,-1,-1,-1,-1,-1,-1],"loss_changes":[2.8862E1,7.744153E0,2.4788208E0,1.5573273E0,4.5776496E0,1.781189E0,0E0,1.0691565E0,1.1801128E0,3.274816E0,3.4315095E0,4.4274025E0,3.6584473E-1,0E0,0E0,1.3710766E0,0E0,4.4163723E0,1.2611179E0,0E0,0E0,2.6941051E0,1.9969776E0,0E0,0E0,3.04516E0,4.7857094E-1,3.2382991E0,1.6668825E0,0E0,0E0,6.384773E-1,0E0,0E0,0E0,0E0,0E0,0E0,0E0,0E0,0E0,0E0,0E0,0E0,0E0],"parents":[2147483647,0,0,1,1,2,2,3,3,4,4,5,5,7,7,8,8,9,9,10,10,11,11,12,12,15,15,17,17,18,18,21,21,22,22,25,25,26,26,27,27,28,28,31,31],"right_children":[2,4,6,8,10,12,-1,14,16,18,20,22,24,-1,-1,26,-1,28,30,-1,-1,32,34,-1,-1,36,38,40,42,-1,-1,44,-1,-1,-1,-1,-1,-1,-1,-1,-1,-1,-1,-1,-1],