{"learner":{"attributes":{"best_ntree_limit":"10"},"feature_names":[],"feature_types":["q","q","q","q","q","q","q","q","q","q","q","q","q","q","q","q","q","q","q","q"],"gradient_booster":{"model":{"gbtree_model_param":{"num_parallel_tree":"1","num_trees":"5","size_leaf_vector":"0"},"tree_info":[0,0,0,0,0],"trees":[{"base_weights":[-1.9590548E0,-5.265559E-1,-2.0781922E0,-9.20071E-1,3.6651704E-1,-2.0941672E0,3.691335E-2,2.1140294E-1,-1.0249246E0,-1.8073082E-1,6.6084427E-1,-1.664472E0,-2.1453545E0,-1.9171493E-1,2.3316278E-1,3.1049576E-1,-1.1767956E0,-5.8220368E-2,9.75507E-1,-1.7304239E0,2.9313175E-2,-1.9171493E-1,-6.451875E-1,-6.857081E-2,2.1140294E-1,-1.2885303E0,2.9313175E-2,2.3316278E-1,-2.609038E-1,3.252189E-1,7.141607E-2,-6.857081E-2,-1.7626691E0,-4.8784298E-1,-1.8448465E-1,-5.5186623E-1,-2.4611275E-1],"categories":[],"categories_nodes":[],"categories_segments":[],"categories_sizes":[],"default_left":[1,0,1,0,0,0,0,0,0,0,0,1,1,0,0,0,0,0,0,0,0,0,0,0,0,0,0,0,0,0,0,0,0,0,0,0,0],"id":0,"left_children":[1,3,5,7,9,11,13,-1,15,-1,17,19,21,-1,-1,23,25,27,29,31,-1,-1,-1,-1,-1,33,-1,-1,-1,-1,-1,-1,35,-1,-1,-1,-1],"loss_changes":[7.6912964E1,1.3141782E1,1.4324219E1,5.079344E0,3.7801907E0,5.634033E0,2.5700898E0,0E0,5.3206253E0,0E0,2.222794E0,5.8648224E0,1.5670166E0,0E0,0E0,8.5933125E-1,3.2797203E0,3.2910852E0,2.795272E-1,1.8874359E0,0E0,0E0,0E0,0E0,0E0,3.6464386E0,0E0,0E0,0E0,0E0,0E0,0E0,1.8344116E0,0E0,0E0,0E0,0E0],"parents":[2147483647,0,0,1,1,2,2,3,3,4,4,5,5,6,6,8,8,10,10,11,11,12,12,15,15,16,16,17,17,18,18,19,19,25,25,32,32],"right_children":[2,4,6,8,10,12,14,-1,16,-1,18,20,22,-1,-1,24,26,28,30,32,-1,-1,-1,-1,-1,34,-1,-1,-1,-1,-1,-1,36,-1,-1,-1,-1],"split_conditions":[2.9E-1,7.2E-1,4.8E-1,3.6E-1,1.1E-1,4.5E-1,4.7E-1,2.1140294E-1,2E-2,-1.8073082E-1,4.6E-1,2.2E-1,7E-2,-1.9171493E-1,2.3316278E-1,2.6E-1,7.4E-1,7E-1,6E-1,1.7E-1,2.9313175E-2,-1.9171493E-1,-6.451875E-1,-6.857081E-2,2.1140294E-1,7E-2,2.9313175E-2,2.3316278E-1,-2.609038E-1,3.252189E-1,7.141607E-2,-6.857081E-2,1.9E-1,-4.8784298E-1,-1.8448465E-1,-5.5186623E-1,-2.4611275E-1],"split_indices":[9,5,18,1,10,9,3,0,19,0,8,19,14,0,0,0,6,13,2,0,0,0,0,0,0,15,0,0,0,0,0,0,2,0,0,0,0],"split_type":[0,0,0,0,0,0,0,0,0,0,0,0,0,0,0,0,0,0,0,0,0,0,0,0,0,0,0,0,0,0,0,0,0,0,0,0,0],"sum_hessian":[4.5608017E2,3.54348E1,4.2064536E2,2.4575748E1,1.0859052E1,4.1750195E2,3.1434097E0,1.1430581E0,2.343269E1,2.2861161E0,8.572935E0,4.800844E1,3.6949353E2,1.7145871E0,1.4288225E0,2.2861161E0,2.1146574E1,2.857645E0,5.71529E0,4.629385E1,1.7145871E0,1.7145871E0,3.6777893E2,1.1430581E0,1.1430581E0,1.9431988E1,1.7145871E0,1.4288225E0,1.4288225E0,4.5722322E0,1.1430581E0,1.1430581E0,4.5150795E1,1.200211E1,7.4298773E0,4.0864326E1,4.2864676E0],"tree_param":{"num_deleted":"0","num_feature":"20","num_nodes":"37","size_leaf_vector":"0"}},{"base_weights":[-1.3981981E0,-4.7712743E-1,-1.4713608E0,-6.94879E-1,3.7887013E-1,-1.4811871E0,-5.6192424E-2,-1.7572813E-2,-9.4545656E-1,2.7148548E-1,-2.4360727E-1,-1.5071353E0,-1.0900735E0,-1.742886E-1,1.7807487E-1,-5.933737E-1,7.3578846E-1,-1.2173696E0,-3.9205688E-1,-1.3603367E-1,-4.5273513E-1,-1.2801492E0,1.9201553E-1,-3.7695572E-1,1.3287918E-1,2.6140246E-1,5.4242283E-2,-4.481781E-2,-1.3045883E0,2.8483474E-1,-8.3754486E-1,-1.3274925E0,-3.6603995E-2,2.3779152E-1,-2.6755086E-1,-4.216281E-1,-1.3201073E-1,-7.160167E-2,2.2708409E-1,-3.8548025E-1,-1.8977765E-2,-4.128572E-1,-1.2853244E-1],"categories":[],"categories_nodes":[],"categories_segments":[],"categories_sizes":[],"default_left":[1,0,1,1,0,1,0,1,1,0,0,0,0,0,0,0,0,0,0,0,0,1,0,0,0,0,0,0,0,0,0,0,0,0,0,0,0,0,0,0,0,0,0],"id":1,"left_children":[1,3,5,7,9,11,13,15,17,-1,-1,19,21,-1,-1,23,25,27,29,-1,-1,31,33,-1,-1,-1,-1,-1,35,37,39,41,-1,-1,-1,-1,-1,-1,-1,-1,-1,-1,-1],"loss_changes":[3.1766724E1,7.1478386E0,6.1171265E0,5.04062E0,5.8330393E0,2.850586E0,1.7476761E0,4.36928E0,2.7928753E0,0E0,0E0,1.7730713E-1,7.8396072E0,0E0,0E0,4.468276E0,1.7149687E-1,1.1182041E0,2.8424206E0,0E0,0E0,1.3331451E0,3.8921049E0,0E0,0E0,0E0,0E0,0E0,5.0647354E-1,1.2121775E0,1.8105927E0,5.529289E-1,0E0,0E0,0E0,0E0,0E0,0E0,0E0,0E0,0E0,0E0,0E0],"parents":[2147483647,0,0,1,1,2,2,3,3,4,4,5,5,6,6,7,7,8,8,11,11,12,12,15,15,16,16,17,17,18,18,21,21,22,22,28,28,29,29,30,30,31,31],"right_children":[2,4,6,8,10,12,14,16,18,-1,-1,20,22,-1,-1,24,26,28,30,-1,-1,32,34,-1,-1,-1,-1,-1,36,38,40,42,-1,-1,-1,-1,-1,-1,-1,-1,-1,-1,-1],"split_conditions":[2.9E-1,7.7E-1,4.8E-1,1.4E-1,8.4E-1,5E-1,4.7E-1,8E-2,3.1E-1,2.7148548E-1,-2.4360727E-1,1E-1,7E-1,-1.742886E-1,1.7807487E-1,6E-2,2E-1,4.9E-1,4.6E-1,-1.3603367E-1,-4.5273513E-1,2.4E-1,7.9E-1,-3.7695572E-1,1.3287918E-1,2.6140246E-1,5.4242283E-2,-4.481781E-2,9.2E-1,5E-1,6.2E-1,7.7E-1,-3.6603995E-2,2.3779152E-1,-2.6755086E-1,-4.216281E-1,-1.3201073E-1,-7.160167E-2,2.2708409E-1,-3.8548025E-1,-1.8977765E-2,-4.128572E-1,-1.2853244E-1],"split_indices":[9,6,18,11,6,13,3,11,10,0,0,8,6,0,0,15,10,3,8,0,0,19,5,0,0,0,0,0,1,3,4,1,0,0,0,0,0,0,0,0,0,0,0],"split_type":[0,0,0,0,0,0,0,0,0,0,0,0,0,0,0,0,0,0,0,0,0,0,0,0,0,0,0,0,0,0,0,0,0,0,0,0,0,0,0,0,0,0,0],"sum_hessian":[4.8081738E2,3.593541E1,4.44882E2,2.8797918E1,7.1374893E0,4.417679E2,3.114076E0,8.0659485E0,2.073197E1,5.117101E0,2.0203884E0,4.1160672E2,3.0161192E1,1.7813392E0,1.3327366E0,4.692099E0,3.3738492E0,1.3096971E1,7.6349993E0,1.2041006E0,4.1040262E2,2.6268303E1,3.8928878E0,2.7316067E0,1.9604924E0,2.253417E0,1.120432E0,1.1936628E0,1.1903308E1,3.173573E0,4.4614263E0,2.509617E1,1.1721333E0,2.6777053E0,1.2151825E0,1.0099701E1,1.803607E0,1.7393422E0,1.4342307E0,2.409618E0,2.0518084E0,2.330321E1,1.7929615E0],"tree_param":{"num_deleted":"0","num_feature":"20","num_nodes":"43","size_leaf_vector":"0"}},{"base_weights":[-1.155636E0,-6.087669E-1,-1.2378943E0,-7.611463E-1,3.7005983E-2,-1.242329E0,-1.1023929E-2,-2.6271307E-1,-9.689479E-1,3.7182754E-1,-6.557714E-1,-1.2543957E0,-8.821099E-1,-8.594935E-1,4.450633E-2,-1.0358869E0,-1.3055934E-1,-2.7657092E-1,7.093572E-1,-3.3322406E-1,6.545215E-2,-8.007721E-1,-1.2610767E0,2.815071E-1,-3.5900372E-1,-2.6706876E-2,-3.1347746E-1,2.4355997E-1,-2.3751388E-1,-3.3147234E-1,-1.1256365E0,-1.7324954E-1,1.308628E-1,-2.2110103E-1,9.3030706E-2,2.5795445E-1,1.7134797E-2,5.821907E-2,-3.6290225E-1,-7.816211E-2,-3.7932572E-1,3.5423967E-1,-1.8869705E-1,-1.3351217E-1,2.0565219E-1,-2.3515962E-1,9.801402E-2,-3.7164742E-1,-9.779409E-2,2.0401943E-1,-2.0660695E-1],"categories":[],"categories_nodes":[],"categories_segments":[],"categories_sizes":[],"default_left":[1,1,1,1,0,1,0,0,1,0,0,0,0,0,0,0,0,0,0,0,0,0,1,0,0,0,0,0,0,0,0,0,0,0,0,0,0,0,0,0,0,0,0,0,0,0,0,0,0,0,0],"id":2,"left_children":[1,3,5,7,9,11,-1,13,15,17,19,21,23,25,27,29,31,33,35,-1,-1,37,39,41,-1,-1,-1,43,-1,45,47,-1,-1,-1,-1,-1,-1,49,-1,-1,-1,-1,-1,-1,-1,-1,-1,-1,-1,-1,-1],"loss_changes":[1.9397156E1,5.9851284E0,2.0233154E0,4.823288E0,3.1458473E0,5.7543945E-1,0E0,2.9345589E0,1.7856903E0,2.1817856E0,2.0071054E0,1.1767578E-1,6.1610603E0,6.8102074E-1,2.086959E0,1.6217155E0,1.1828362E0,1.2619038E0,5.640929E-1,0E0,0E0,2.929377E0,8.9086914E-1,4.178105E0,0E0,0E0,0E0,3.3350015E0,0E0,1.7399137E0,2.091587E0,0E0,0E0,0E0,0E0,0E0,0E0,2.1307185E0,0E0,0E0,0E0,0E0,0E0,0E0,0E0,0E0,0E0,0E0,0E0,0E0,0E0],"parents":[2147483647,0,0,1,1,2,2,3,3,4,4,5,5,7,7,8,8,9,9,10,10,11,11,12,12,13,13,14,14,15,15,16,16,17,17,18,18,21,21,22,22,23,23,27,27,29,29,30,30,37,37],"right_children":[2,4,6,8,10,12,-1,14,16,18,20,22,24,26,28,30,32,34,36,-1,-1,38,40,42,-1,-1,-1,44,-1,46,48,-1,-1,-1,-1,-1,-1,50,-1,-1,-1,-1,-1,-1,-1,-1,-1,-1,-1,-1,-1],"split_conditions":[4E-1,6E-2,9.1E-1,1.9E-1,4.5E-1,5.7E-1,-1.1023929E-2,4E-2,8.8E-1,6.5E-1,7.4E-1,1.9E-1,4.5E-1,3.6E-1,3.4E-1,3.7E-1,2.6E-1,2.9E-1,7.9E-1,-3.3322406E-1,6.545215E-2,5.9E-1,9E-2,4.1E-1,-3.5900372E-1,-2.6706876E-2,-3.1347746E-1,6.4E-1,-2.3751388E-1,4E-1,4.1E-1,-1.7324954E-1,1.308628E-1,-2.2110103E-1,9.3030706E-2,2.5795445E-1,1.7134797E-2,5.6E-1,-3.6290225E-1,-7.816211E-2,-3.7932572E-1,3.5423967E-1,-1.8869705E-1,-1.3351217E-1,2.0565219E-1,-2.3515962E-1,9.801402E-2,-3.7164742E-1,-9.779409E-2,2.0401943E-1,-2.0660695E-1],