{"learner":{"attributes":{"best_ntree_limit":"3"},"feature_names":[],"feature_types":["q","q","q","q","q","q","q","q","q","q","q","q","q","q","q","q","q","q","q","q","c"],"gradient_booster":{"model":{"gbtree_model_param":{"num_parallel_tree":"1","num_trees":"3","size_leaf_vector":"0"},"tree_info":[0,0,0],"trees":[{"base_weights":[-2.3809183E0,-9.479241E-1,-2.5485406E0,-1.5147275E0,4.9670942E-2,-2.5600152E0,-4.051554E-2,-1.7262996E0,-2.0154153E-1,9.9886703E-1,-4.7315723E-1,-2.5713847E0,-7.9414797E-1,-1.8676639E0,-3.6554626E-1,-3.4042293E-1,5.2996624E-1,1.0628278E-1,3.6310506E-1,-9.266589E-1,3.6753353E-1,-1.5341894E-1,-2.5771616E0,3.301761E-2,-4.2927867E-1,-6.640504E-1,-1.9900532E0,-2.913488E-1,1.2244079E-1,2.6037067E-1,-1.5489077E-2,3.831733E-2,-1.3774716E0,3.272388E-1,-2.1594276E-1,-2.0709667E0,-7.8412133E-1,-4.2927867E-1,1.2244079E-1,-6.19294E-1,-1.5341894E-1,-5.866041E-1,3.301761E-2,-6.7175686E-1,-2.2122759E-1],"categories":[1],"categories_nodes":[12],"categories_segments":[0],"categories_sizes":[1],"default_left":[1,0,1,1,1,1,0,1,0,0,0,1,0,0,0,0,0,0,0,0,0,0,0,0,0,0,1,0,0,0,0,0,0,0,0,1,0,0,0,0,0,0,0,0,0],"id":0,"left_children":[1,3,5,7,9,11,-1,13,15,17,19,21,23,25,27,-1,29,-1,-1,31,33,-1,35,-1,-1,37,39,-1,-1,-1,-1,-1,41,-1,-1,43,-1,-1,-1,-1,-1,-1,-1,-1,-1],"loss_changes":[8.785962E1,2.323037E1,8.956055E0,6.916157E0,8.316228E0,4.668457E0,0E0,3.6233673E0,3.850802E0,3.802724E-1,4.4848757E0,2.6289062E0,2.2216861E0,1.6298904E0,1.9660417E0,0E0,7.032341E-1,0E0,0E0,3.6672788E0,4.343823E0,0E0,7.055664E-1,0E0,0E0,3.3385365E0,8.8625336E-1,0E0,0E0,0E0,0E0,0E0,4.711005E0,0E0,0E0,4.424881E0,0E0,0E0,0E0,0E0,0E0,0E0,0E0,0E0,0E0],"parents":[2147483647,0,0,1,1,2,2,3,3,4,4,5,5,7,7,8,8,9,9,10,10,11,11,12,12,13,13,14,14,16,16,19,19,20,20,22,22,25,25,26,26,32,32,35,35],"right_children":[2,4,6,8,10,12,-1,14,16,18,20,22,24,26,28,-1,30,-1,-1,32,34,-1,36,-1,-1,38,40,-1,-1,-1,-1,-1,42,-1,-1,44,-1,-1,-1,-1,-1,-1,-1,-1,-1],"split_conditions":[3.7E-1,6.9E-1,7E-1,6E-2,3.2E-1,7.3E-1,-4.051554E-2,8.4E-1,5.8E-1,4.9E-1,6.1E-1,9E-2,NaN,1.4E-1,7E-2,-3.4042293E-1,5.7E-1,1.0628278E-1,3.6310506E-1,1.9E-1,8.4E-1,-1.5341894E-1,4.5E-1,3.301761E-2,-4.2927867E-1,3.2E-1,4.1E-1,-2.913488E-1,1.2244079E-1,2.6037067E-1,-1.5489077E-2,3.831733E-2,1.9E-1,3.272388E-1,-2.1594276E-1,5.7E-1,-7.8412133E-1,-4.2927867E-1,1.2244079E-1,-6.19294E-1,-1.5341894E-1,-5.866041E-1,3.301761E-2,-6.7175686E-1,-2.2122759E-1],"split_indices":[9,5,18,19,14,13,0,17,5,8,4,14,20,11,2,0,1,0,0,9,7,0,9,0,0,17,11,0,0,0,0,0,15,0,0,17,0,0,0,0,0,0,0,0,0],"split_type":[0,0,0,0,0,0,0,0,0,0,0,0,1,0,0,0,0,0,0,0,0,0,0,0,0,0,0,0,0,0,0,0,0,0,0,0,0,0,0,0,0,0,0,0,0],"sum_hessian":[3.748309E2,3.995063E1,3.3488028E2,2.5145397E1,1.4805234E1,3.3323526E2,1.645026E0,2.1385338E1,3.7600594E0,4.9350777E0,9.870155E0,3.306502E2,2.5850408E0,1.9035301E1,2.350037E0,1.4100223E0,2.350037E0,1.8800297E0,3.0550482E0,6.3451004E0,3.5250556E0,1.1750185E0,3.294752E2,1.4100223E0,1.1750185E0,2.350037E0,1.6685263E1,1.1750185E0,1.1750185E0,1.1750185E0,1.1750185E0,2.1150334E0,4.230067E0,2.1150334E0,1.4100223E0,2.6085411E1,3.033898E2,1.1750185E0,1.1750185E0,1.5510244E1,1.1750185E0,2.8200445E0,1.4100223E0,2.2560356E1,3.5250556E0],"tree_param":{"num_deleted":"0","num_feature":"21","num_nodes":"45","size_leaf_vector":"0"}},{"base_weights":[-1.5767164E0,-4.4992006E-1,-1.6613559E0,-8.116785E-1,3.5996482E-1,-1.7026936E0,-1.0193911E0,-1.0634656E0,5.0544135E-2,-1.6187638E-1,9.675539E-1,-9.446045E-1,-1.7132645E0,-1.3250983E0,4.3103102E-1,-1.509032E0,-2.4916512E-1,2.3716787E-1,-5.557547E-1,-9.1462475E-1,2.8491744E-1,3.318867E-1,7.945803E-2,1.5267634E-1,-4.3119207E-1,-1.1364625E-1,-1.7169436E0,-1.4813476E0,1.2292839E-1,3.3766443E-1,-2.4475628E-1,-7.226795E-1,-5.1083773E-1,7.203779E-1,-9.519465E-1,4.3401066E-2,-3.1409392E-1,-1.4772552E-2,-4.443638E-1,-5.159629E-1,-1.4606464E-1,-1.6468204E0,-8.0702096E-1,-2.491747E-1,1.3757081E-1,-3.4019804E-1,2.1620212E-2,3.1356883E-1,1.9082636E-2,-4.3586904E-1,2.1938842E-2,-5.2457416E-1,-1.3344088E-1,-3.875081E-1,1.0624884E-1],"categories":[],"categories_nodes":[],"categories_segments":[],"categories_sizes":[],"default_left":[1,0,1,1,0,0,0,0,0,0,0,0,0,1,0,0,0,0,0,0,0,0,0,0,0,0,1,0,0,0,0,0,0,0,0,0,0,0,0,0,0,0,1,0,0,0,0,0,0,0,0,0,0,0,0],"id":1,"left_children":[1,3,5,7,9,11,13,15,17,19,21,23,25,27,29,31,33,-1,35,37,-1,-1,-1,-1,-1,-1,39,41,-1,-1,43,45,-1,47,49,-1,-1,-1,-1,-1,-1,51,53,-1,-1,-1,-1,-1,-1,-1,-1,-1,-1,-1,-1],"loss_changes":[3.654419E1,8.69798E0,7.905945E0,4.4258966E0,3.185E0,1.1050415E0,1.1422125E1,5.2959385E0,2.909943E0,5.8848977E0,1.5118313E-1,5.6748433E0,9.891968E-1,6.1523666E0,2.6290822E0,2.787838E-1,5.269014E0,0E0,1.3948822E0,1.9294174E0,0E0,0E0,0E0,0E0,0E0,0E0,3.6291504E-1,7.892418E-1,0E0,0E0,1.7665135E0,1.2898223E0,0E0,6.580541E-1,2.3300028E0,0E0,0E0,0E0,0E0,0E0,0E0,9.691887E-1,3.6662369E0,0E0,0E0,0E0,0E0,0E0,0E0,0E0,0E0,0E0,0E0,0E0,0E0],"parents":[2147483647,0,0,1,1,2,2,3,3,4,4,5,5,6,6,7,7,8,8,9,9,10,10,11,11,12,12,13,13,14,14,15,15,16,16,18,18,19,19,26,26,27,27,30,30,31,31,33,33,34,34,41,41,42,42],"right_children":[2,4,6,8,10,12,14,16,18,20,22,24,26,28,30,32,34,-1,36,38,-1,-1,-1,-1,-1,-1,40,42,-1,-1,44,46,-1,48,50,-1,-1,-1,-1,-1,-1,52,54,-1,-1,-1,-1,-1,-1,-1,-1,-1,-1,-1,-1],"split_conditions":[2.9E-1,7.2E-1,5.1E-1,3.2E-1,2.6E-1,1.9E-1,6.9E-1,7E-2,5E-2,5.6E-1,4.2E-1,3E-2,1.2E-1,2.4E-1,3.7E-1,5.2E-1,8E-2,2.3716787E-1,1E-1,5.9E-1,2.8491744E-1,3.318867E-1,7.945803E-2,1.5267634E-1,-4.3119207E-1,-1.1364625E-1,7.5E-1,7.1E-1,1.2292839E-1,3.3766443E-1,1.1E-1,4.3E-1,-5.1083773E-1,1.3E-1,6.6E-1,4.3401066E-2,-3.1409392E-1,-1.4772552E-2,-4.443638E-1,-5.159629E-1,-1.4606464E-1,6.6E-1,3.5E-1,-2.491747E-1,1.3757081E-1,-3.4019804E-1,2.1620212E-2,3.1356883E-1,1.9082636E-2,-4.3586904E-1,2.1938842E-2,-5.2457416E-1,-1.3344088E-1,-3.875081E-1,1.0624884E-1],"split_indices":[9,5,13,10,11,0,6,12,12,8,10,2,16,19,16,4,18,0,19,17,0,0,0,0,0,0,18,13,0,0,2,4,0,15,4,0,0,0,0,0,0,6,16,0,0,0,0,0,0,0,0,0,0,0,0],"split_type":[0,0,0,0,0,0,0,0,0,0,0,0,0,0,0,0,0,0,0,0,0,0,0,0,0,0,0,0,0,0,0,0,0,0,0,0,0,0,0,0,0,0,0,0,0,0,0,0,0,0,0,0,0,0,0],"sum_hessian":[3.9001523E2,2.7690449E1,3.6232477E2,1.913917E1,8.551277E0,3.3885284E2,2.3471931E1,1.463271E1,4.5064597E0,4.994886E0,3.5563915E0,5.9026456E0,3.329502E2,1.9457298E1,4.014634E0,8.906253E0,5.726458E0,1.892575E0,2.6138847E0,3.0838087E0,1.9110773E0,2.4903574E0,1.0660341E0,1.485966E0,4.4166794E0,1.2013068E0,3.317489E2,1.798373E1,1.4735671E0,1.651661E0,2.3629732E0,2.6957288E0,6.2105236E0,2.3959775E0,3.3304808E0,1.3683214E0,1.2455633E0,1.6502281E0,1.4335806E0,3.3056262E2,1.1862772E0,1.3282235E1,4.701496E0,1.1904596E0,1.1725136E0,1.4950951E0,1.2006338E0,1.2073339E0,1.1886437E0,1.956831E0,1.3736498E0,1.182634E1,1.4558952E0,3.2377014E0,1.463795E0],"tree_param":{"num_deleted":"0","num_feature":"21","num_nodes":"55","size_leaf_vector":"0"}},{"base_weights":[-1.2777027E0,-7.061181E-1,-1.4111089E0,-8.80069E-1,7.2973095E-2,-1.4148989E0,-8.5063025E-2,1.9305196E-1,-9.3969256E-1,3.58708E-1,-2.6996058E-1,-1.1387821E-1,-1.4176378E0,-1.0857172E0,-4.7568902E-1,6.4859885E-1,-4.2390883E-1,-4.2842332E-1,-8.920204E-1,-1.1393044E0,1.0351741E-1,-7.0667696E-1,2.6349267E-1,-1.9692509E-1,9.510807E-1,8.673269E-2,-3.012437E-1,-1.1615816E0,8.2195334E-2,-3.1928E-2,-3.5116765E-1,-9.648617E-2,-3.4006807E-1,-1.0508869E-2,3.3862057E-1,-3.7837768E-1,-1.0365224E-1],"categories":[],"categories_nodes":[],"categories_segments":[],"categories_sizes":[],"default_left":[1,1,1,0,0,0,0,0,1,0,0,0,1,1,0,0,0,0,0,0,0,0,0,0,0,0,0,0,0,0,0,0,0,0,0,0,0],"id":2,"left_children":[1,3,5,7,9,11,-1,-1,13,15,-1,-1,17,19,21,23,25,-1,27,29,-1,31,-1,-1,33,-1,-1,35,-1,-1,-1,-1,-1,-1,-1,-1,-1],"loss_changes":[2.546344E1,9.234421E0,7.9681396E-1,5.636486E0,4.0125604E0,2.5341797E-1,0E0,0E0,3.122818E0,2.764929E0,0E0,0E0,2.518921E-1,3.465702E0,5.198485E0,3.9417062E0,1.7678084E0,0E0,2.8575692E0,1.1299133E0,0E0,1.7818136E0,0E0,0E0,1.3063016E0,0E0,0E0,1.13529205E-1,0E0,0E0,0E0,0E0,0E0,0E0,0E0,0E0,0E0],