{"learner":{"attributes":{"best_ntree_limit":"3"},"feature_names":[],"feature_types":["q","q","q","q","q","q","q","q","q","q","q","q","q","q","q","q","q","q","q","q"],"gradient_booster":{"model":{"gbtree_model_param":{"num_parallel_tree":"1","num_trees":"3","size_leaf_vector":"0"},"tree_info":[0,0,0],"trees":[{"base_weights":[-2.3809183E0,-9.479241E-1,-2.5485406E0,-1.5147275E0,4.9670942E-2,-2.5600152E0,-4.051554E-2,-1.7262996E0,-2.0154153E-1,9.9886703E-1,-4.7315723E-1,-2.5713847E0,-7.9414797E-1,-1.8676639E0,-3.6554626E-1,-3.4042293E-1,5.2996624E-1,1.0628278E-1,3.6310506E-1,-9.266589E-1,3.6753353E-1,-1.5341894E-1,-2.5771616E0,-3.4042293E-1,-1.5489077E-2,-6.640504E-1,-1.9900532E0,-2.913488E-1,1.2244079E-1,2.6037067E-1,-1.5489077E-2,3.831733E-2,-1.3774716E0,3.272388E-1,-2.1594276E-1,-2.0709667E0,-7.8412133E-1,-4.2927867E-1,1.2244079E-1,-6.19294E-1,-1.5341894E-1,-5.866041E-1,3.301761E-2,-6.7175686E-1,-2.2122759E-1],"categories":[],"categories_nodes":[],"categories_segments":[],"categories_sizes":[],"default_left":[1,0,1,1,1,1,0,1,0,0,0,1,0,0,0,0,0,0,0,0,0,0,0,0,0,0,1,0,0,0,0,0,0,0,0,1,0,0,0,0,0,0,0,0,0],"id":0,"left_children":[1,3,5,7,9,11,-1,13,15,17,19,21,23,25,27,-1,29,-1,-1,31,33,-1,35,-1,-1,37,39,-1,-1,-1,-1,-1,41,-1,-1,43,-1,-1,-1,-1,-1,-1,-1,-1,-1],"loss_changes":[8.785962E1,2.323037E1,8.956055E0,6.916157E0,8.316228E0,4.668457E0,0E0,3.6233673E0,3.850802E0,3.802724E-1,4.4848757E0,2.6289062E0,8.4806204E-1,1.6298904E0,1.9660417E0,0E0,7.032341E-1,0E0,0E0,3.6672788E0,4.343823E0,0E0,7.055664E-1,0E0,0E0,3.3385365E0,8.8625336E-1,0E0,0E0,0E0,0E0,0E0,4.711005E0,0E0,0E0,4.424881E0,0E0,0E0,0E0,0E0,0E0,0E0,0E0,0E0,0E0],"parents":[2147483647,0,0,1,1,2,2,3,3,4,4,5,5,7,7,8,8,9,9,10,10,11,11,12,12,13,13,14,14,16,16,19,19,20,20,22,22,25,25,26,26,32,32,35,35],"right_children":[2,4,6,8,10,12,-1,14,16,18,20,22,24,26,28,-1,30,-1,-1,32,34,-1,36,-1,-1,38,40,-1,-1,-1,-1,-1,42,-1,-1,44,-1,-1,-1,-1,-1,-1,-1,-1,-1],"split_conditions":[3.7E-1,6.9E-1,7E-1,6E-2,3.2E-1,7.3E-1,-4.051554E-2,8.4E-1,5.8E-1,4.9E-1,6.1E-1,9E-2,1.6E-1,1.4E-1,7E-2,-3.4042293E-1,5.7E-1,1.0628278E-1,3.6310506E-1,1.9E-1,8.4E-1,-1.5341894E-1,4.5E-1,-3.4042293E-1,-1.5489077E-2,3.2E-1,4.1E-1,-2.913488E-1,1.2244079E-1,2.6037067E-1,-1.5489077E-2,3.831733E-2,1.9E-1,3.272388E-1,-2.1594276E-1,5.7E-1,-7.8412133E-1,-4.2927867E-1,1.2244079E-1,-6.19294E-1,-1.5341894E-1,-5.866041E-1,3.301761E-2,-6.7175686E-1,-2.2122759E-1],"split_indices":[9,5,18,19,14,13,0,17,5,8,4,14,0,11,2,0,1,0,0,9,7,0,9,0,0,17,11,0,0,0,0,0,15,0,0,17,0,0,0,0,0,0,0,0,0],"split_type":[0,0,0,0,0,0,0,0,0,0,0,0,0,0,0,0,0,0,0,0,0,0,0,0,0,0,0,0,0,0,0,0,0,0,0,0,0,0,0,0,0,0,0,0,0],"sum_hessian":[3.748309E2,3.995063E1,3.3488028E2,2.5145397E1,1.4805234E1,3.3323526E2,1.645026E0,2.1385338E1,3.7600594E0,4.9350777E0,9.870155E0,3.306502E2,2.5850408E0,1.9035301E1,2.350037E0,1.4100223E0,2.350037E0,1.8800297E0,3.0550482E0,6.3451004E0,3.5250556E0,1.1750185E0,3.294752E2,1.4100223E0,1.1750185E0,2.350037E0,1.6685263E1,1.1750185E0,1.1750185E0,1.1750185E0,1.1750185E0,2.1150334E0,4.230067E0,2.1150334E0,1.4100223E0,2.6085411E1,3.033898E2,1.1750185E0,1.1750185E0,1.5510244E1,1.1750185E0,2.8200445E0,1.4100223E0,2.2560356E1,3.5250556E0],"tree_param":{"num_deleted":"0","num_feature":"20","num_nodes":"45","size_leaf_vector":"0"}},{"base_weights":[-1.5786589E0,-4.4992006E-1,-1.6634642E0,-8.116785E-1,3.5996482E-1,-1.676333E0,-1.727928E-2,-1.0634656E0,5.0544135E-2,-1.6187638E-1,9.675539E-1,-1.7094078E0,-1.2126354E0,-2.1559599E-1,2.589419E-1,-1.509032E0,-2.4916512E-1,2.3716787E-1,-5.557547E-1,-9.1462475E-1,2.8491744E-1,3.318867E-1,7.945803E-2,-1.1364625E-1,-5.1392186E-1,-1.4683228E0,-2.4615927E-3,-7.226795E-1,-5.1083773E-1,7.203779E-1,-9.519465E-1,4.3401066E-2,-3.1409392E-1,-1.4772552E-2,-4.443638E-1,-1.5383681E0,-4.2021304E-2,3.2872126E-1,-6.079857E-1,-3.4019804E-1,2.1620212E-2,3.1356883E-1,1.9082636E-2,-4.3586904E-1,2.1938842E-2,-4.7978374E-1,-1.24774136E-1,-3.822571E-1,5.0747383E-2],"categories":[],"categories_nodes":[],"categories_segments":[],"categories_sizes":[],"default_left":[1,0,1,1,0,1,0,0,0,0,0,0,0,0,0,0,0,0,0,0,0,0,0,0,0,0,0,0,0,0,0,0,0,0,0,0,0,0,0,0,0,0,0,0,0,0,0,0,0],"id":1,"left_children":[1,3,5,7,9,11,13,15,17,19,21,23,25,-1,-1,27,29,-1,31,33,-1,-1,-1,-1,-1,35,37,39,-1,41,43,-1,-1,-1,-1,45,-1,-1,47,-1,-1,-1,-1,-1,-1,-1,-1,-1,-1],"loss_changes":[3.66734E1,8.69798E0,7.6661987E0,4.4258966E0,3.185E0,3.454773E0,2.9841003E0,5.2959385E0,2.909943E0,5.8848977E0,1.5118313E-1,9.797363E-1,8.486301E0,0E0,0E0,2.787838E-1,5.269014E0,0E0,1.3948822E0,1.9294174E0,0E0,0E0,0E0,0E0,0E0,1.8918304E0,4.514846E0,1.2898223E0,0E0,6.580541E-1,2.3300028E0,0E0,0E0,0E0,0E0,7.9899216E-1,0E0,0E0,2.479985E0,0E0,0E0,0E0,0E0,0E0,0E0,0E0,0E0,0E0,0E0],"parents":[2147483647,0,0,1,1,2,2,3,3,4,4,5,5,6,6,7,7,8,8,9,9,10,10,11,11,12,12,15,15,16,16,18,18,19,19,25,25,26,26,27,27,29,29,30,30,35,35,38,38],"right_children":[2,4,6,8,10,12,14,16,18,20,22,24,26,-1,-1,28,30,-1,32,34,-1,-1,-1,-1,-1,36,38,40,-1,42,44,-1,-1,-1,-1,46,-1,-1,48,-1,-1,-1,-1,-1,-1,-1,-1,-1,-1],"split_conditions":[2.9E-1,7.2E-1,4.8E-1,3.2E-1,2.6E-1,4.9E-1,4.7E-1,7E-2,5E-2,5.6E-1,4.2E-1,1.2E-1,7E-1,-2.1559599E-1,2.589419E-1,5.2E-1,8E-2,2.3716787E-1,1E-1,5.9E-1,2.8491744E-1,3.318867E-1,7.945803E-2,-1.1364625E-1,-5.1392186E-1,6.1E-1,3E-2,4.3E-1,-5.1083773E-1,1.3E-1,6.6E-1,4.3401066E-2,-3.1409392E-1,-1.4772552E-2,-4.443638E-1,6.5E-1,-4.2021304E-2,3.2872126E-1,1.1E-1,-3.4019804E-1,2.1620212E-2,3.1356883E-1,1.9082636E-2,-4.3586904E-1,2.1938842E-2,-4.7978374E-1,-1.24774136E-1,-3.822571E-1,5.0747383E-2],"split_indices":[9,5,18,10,11,13,3,12,12,8,10,16,7,0,0,4,18,0,19,17,0,0,0,0,0,15,18,4,0,15,4,0,0,0,0,6,0,0,15,0,0,0,0,0,0,0,0,0,0],"split_type":[0,0,0,0,0,0,0,0,0,0,0,0,0,0,0,0,0,0,0,0,0,0,0,0,0,0,0,0,0,0,0,0,0,0,0,0,0,0,0,0,0,0,0,0,0,0,0,0,0],"sum_hessian":[3.8993857E2,2.7690449E1,3.622481E2,1.913917E1,8.551277E0,3.594201E2,2.8280022E0,1.463271E1,4.5064597E0,4.994886E0,3.5563915E0,3.3298248E2,2.6437624E1,1.6763208E0,1.1516814E0,8.906253E0,5.726458E0,1.892575E0,2.6138847E0,3.0838087E0,1.9110773E0,2.4903574E0,1.0660341E0,1.2013068E0,3.317812E2,2.1650053E1,4.787571E0,2.6957288E0,6.2105236E0,2.3959775E0,3.3304808E0,1.3683214E0,1.2455633E0,1.6502281E0,1.4335806E0,2.0415264E1,1.2347893E0,1.4138306E0,3.3737404E0,1.4950951E0,1.2006338E0,1.2073339E0,1.1886437E0,1.956831E0,1.3736498E0,1.8961498E1,1.4537657E0,1.4721562E0,1.9015843E0],"tree_param":{"num_deleted":"0","num_feature":"20","num_nodes":"49","size_leaf_vector":"0"}},{"base_weights":[-1.2769562E0,-6.996438E-1,-1.4114691E0,-8.274209E-1,3.281957E-1,-1.4154146E0,-8.3812326E-2,1.9300233E-1,-8.801209E-1,7.0359373E-1,-2.6399714E-1,-1.1409154E-1,-1.4181508E0,-9.1537577E-1,1.3572182E-1,-3.452639E-2,9.6661377E-1,-4.284667E-1,-9.114517E-1,-6.330619E-1,-1.1299777E0,-9.398379E-4,3.673778E-1,-1.1542524E0,4.4818692E-2,-5.626798E-2,-2.8687304E-1,-3.755573E-1,-1.15700915E-1,-9.812609E-2,-3.7760293E-1],"categories":[],"categories_nodes":[],"categories_segments":[],"categories_sizes":[],"default_left":[1,1,1,0,0,0,0,0,1,0,0,0,1,1,0,0,0,0,0,0,1,0,0,0,0,0,0,0,0,0,0],"id":2,"left_children":[1,3,5,7,9,11,-1,-1,13,15,-1,-1,17,19,-1,-1,21,-1,23,25,27,-1,-1,29,-1,-1,-1,-1,-1,-1,-1],"loss_changes":[2.5970337E1,9.147465E0,8.5772705E-1,5.247299E0,4.333116E0,2.5183105E-1,0E0,0E0,3.1730042E0,1.5761695E0,0E0,0E0,1.1816406E-1,2.7709656E0,0E0,0E0,1.3185863E0,0E0,2.281053E0,3.7261114E0,2.3673782E0,0E0,0E0,1.736145E-1,0E0,0E0,0E0,0E0,0E0,0E0,0E0],"parents":[2147483647,0,0,1,1,2,2,3,3,4,4,5,5,8,8,9,9,12,12,13,13,16,16,18,18,19,19,20,20,23,23],"right_children":[2,4,6,8,10,12,-1,-1,14,16,-1,-1,18,20,-1,-1,22,-1,24,26,28,-1,-1,30,-1,-1,-1,-1,-1,-1,-1],"split_conditions":[4.5E-1,1.3E-1,5.9E-1,1.3E-1,4.1E-1,1E-1,-8.3812326E-2,1.9300233E-1,9.2E-1,2.2E-1,-2.6399714E-1,-1.1409154E-1,4.9E-1,3.3E-1,1.3572182E-1,-3.452639E-2,3.5E-1,-4.284667E-1,6.2E-1,1.3E-1,5.7E-1,-9.398379E-4,3.673778E-1,5.2E-1,4.4818692E-2,-5.626798E-2,-2.8687304E-1,-3.755573E-1,-1.15700915E-1,-9.812609E-2,-3.7760293E-1],