{"learner":{"attributes":{"best_ntree_limit":"2"},"feature_names":[],"feature_types":["q","q","q","q","q","q","q","q","q","q","q","q","q","q","q","q","q","q","q","q","c"],"gradient_booster":{"model":{"gbtree_model_param":{"num_parallel_tree":"1","num_trees":"2","size_leaf_vector":"0"},"tree_info":[0,0],"trees":[{"base_weights":[-2.3810856E0,-6.562693E-1,-2.5202842E0,1.9909798E-1,-1.2750142E0,-1.944905E0,-2.5911407E0,-4.6313232E-1,3.8980755E-1,2.3146206E-1,-1.5287431E0,-2.177227E0,-6.4635336E-1,-2.5974696E0,-1.5341894E-1,-8.481232E-1,2.8197798E-1,-1.5341894E-1,2.6037067E-1,3.301761E-2,-1.7086592E0,-2.0621401E-1,-6.72135E-1,1.3462448E-1,-1.1314216E0,-2.6735643E-1,-7.8113335E-1,-1.2470022E0,1.574978E-1,-1.5489077E-2,-1.8630062E0,-5.08071E-1,2.117185E-3,2.117185E-3,-5.394642E-1,-6.0282916E-1,-2.0621401E-1],"categories":[],"categories_nodes":[],"categories_segments":[],"categories_sizes":[],"default_left":[1,0,0,0,1,1,1,0,0,0,0,0,0,1,0,0,0,0,0,0,0,0,0,0,0,0,0,0,0,0,0,0,0,0,0,0,0],"id":0,"left_children":[1,3,5,7,9,11,13,15,-1,17,19,21,23,25,-1,27,-1,-1,-1,-1,29,-1,-1,-1,31,-1,-1,33,-1,-1,35,-1,-1,-1,-1,-1,-1],"loss_changes":[8.8636475E1,1.5832684E1,9.133301E0,1.0234349E1,6.9341507E0,1.13013E1,2.7058105E0,5.6533237E0,0E0,2.027689E0,4.5710144E0,1.7859497E0,4.6591005E0,9.6606445E-1,0E0,4.806344E0,0E0,0E0,0E0,0E0,3.3450813E0,0E0,0E0,0E0,3.659964E0,0E0,0E0,4.277773E0,0E0,0E0,7.3266983E-1,0E0,0E0,0E0,0E0,0E0,0E0],"parents":[2147483647,0,0,1,1,2,2,3,3,4,4,5,5,6,6,7,7,9,9,10,10,11,11,12,12,13,13,15,15,20,20,24,24,27,27,30,30],"right_children":[2,4,6,8,10,12,14,16,-1,18,20,22,24,26,-1,28,-1,-1,-1,-1,30,-1,-1,-1,32,-1,-1,34,-1,-1,36,-1,-1,-1,-1,-1,-1],"split_conditions":[2.9E-1,1E0,4.5E-1,2.6E-1,9E-2,5.4E-1,9.1E-1,3E-1,3.8980755E-1,6E-2,3.6E-1,1.7E-1,4.1E-1,7E-2,-1.5341894E-1,3.9E-1,2.8197798E-1,-1.5341894E-1,2.6037067E-1,3.301761E-2,3.6E-1,-2.0621401E-1,-6.72135E-1,1.3462448E-1,6.9E-1,-2.6735643E-1,-7.8113335E-1,1.4E-1,1.574978E-1,-1.5489077E-2,9.2E-1,-5.08071E-1,2.117185E-3,2.117185E-3,-5.394642E-1,-6.0282916E-1,-2.0621401E-1],"split_indices":[9,19,9,11,9,17,18,19,0,12,8,14,13,14,0,10,0,0,0,0,4,0,0,0,6,0,0,11,0,0,1,0,0,0,0,0,0],"split_type":[0,0,0,0,0,0,0,0,0,0,0,0,0,0,0,0,0,0,0,0,0,0,0,0,0,0,0,0,0,0,0,0,0,0,0,0,0],"sum_hessian":[3.7506592E2,2.843545E1,3.4663046E2,1.2220193E1,1.6215256E1,4.112565E1,3.0550482E2,7.990126E0,4.230067E0,2.350037E0,1.3865219E1,3.4310543E1,6.8151073E0,3.043298E2,1.1750185E0,6.580104E0,1.4100223E0,1.1750185E0,1.1750185E0,1.4100223E0,1.2455196E1,1.8800297E0,3.243051E1,2.1150334E0,4.700074E0,1.645026E0,3.0268478E2,5.1700816E0,1.4100223E0,1.1750185E0,1.1280178E1,2.8200445E0,1.8800297E0,1.8800297E0,3.290052E0,9.400148E0,1.8800297E0],"tree_param":{"num_deleted":"0","num_feature":"21","num_nodes":"37","size_leaf_vector":"0"}},{"base_weights":[-1.5763069E0,-4.5499316E-1,-1.66327E0,1.8269086E-1,-8.854343E-1,-1.7028213E0,-1.1271358E0,-3.2314548E-1,3.334575E-1,2.0126286E-1,-1.0594746E0,-9.66531E-2,-1.7069362E0,-1.4153844E0,-3.757663E-2,-6.2093914E-1,2.4649334E-1,2.3995759E-1,-1.4050563E-1,6.356028E-2,-1.1838685E0,-5.1310825E-1,-1.259182E-1,-4.696499E-1,-1.6350642E-2,7.899723E-1,-6.720114E-1,-9.165618E-1,1.3382642E-1,-5.0455725E-1,-1.5112457E0,2.9576002E-2,3.3517653E-1,-3.025095E-1,3.62345E-2,1.8924477E-2,-3.8619152E-1,-4.0693578E-1,6.746767E-2,-1.3336354E-1,-4.844003E-1],"categories":[],"categories_nodes":[],"categories_segments":[],"categories_sizes":[],"default_left":[1,0,1,0,1,0,0,0,0,0,0,0,1,1,0,0,0,0,0,0,0,0,0,0,0,0,0,0,0,0,0,0,0,0,0,0,0,0,0,0,0],"id":1,"left_children":[1,3,5,7,9,11,13,15,-1,17,19,-1,21,23,25,27,-1,-1,-1,-1,29,-1,-1,-1,-1,31,33,35,-1,37,39,-1,-1,-1,-1,-1,-1,-1,-1,-1,-1],"loss_changes":[3.740204E1,8.270348E0,5.7733765E0,6.3419294E0,3.581131E0,1.3583984E0,8.703522E0,3.5847898E0,0E0,1.6967927E0,2.703497E0,0E0,7.573242E-1,4.413437E0,4.1327577E0,2.8461199E0,0E0,0E0,0E0,0E0,2.4128742E0,0E0,0E0,0E0,0E0,6.675191E-1,1.3013946E0,2.3975573E0,0E0,4.1233788E0,2.8985214E-1,0E0,0E0,0E0,0E0,0E0,0E0,0E0,0E0,0E0,0E0],"parents":[2147483647,0,0,1,1,2,2,3,3,4,4,5,5,6,6,7,7,9,9,10,10,12,12,13,13,14,14,15,15,20,20,25,25,26,26,27,27,29,29,30,30],"right_children":[2,4,6,8,10,12,14,16,-1,18,20,-1,22,24,26,28,-1,-1,-1,-1,30,-1,-1,-1,-1,32,34,36,-1,38,40,-1,-1,-1,-1,-1,-1,-1,-1,-1,-1],"split_conditions":[2.9E-1,1E0,5E-1,2.6E-1,9E-2,1.1E-1,6.9E-1,3E-1,3.334575E-1,2.00001E0,5.7E-1,-9.66531E-2,9.1E-1,6E-2,1E-1,3.9E-1,2.4649334E-1,2.3995759E-1,-1.4050563E-1,6.356028E-2,1.9E-1,-5.1310825E-1,-1.259182E-1,-4.696499E-1,-1.6350642E-2,5.4E-1,8E-2,1E-1,1.3382642E-1,7E-2,4.1E-1,2.9576002E-2,3.3517653E-1,-3.025095E-1,3.62345E-2,1.8924477E-2,-3.8619152E-1,-4.0693578E-1,6.746767E-2,-1.3336354E-1,-4.844003E-1],"split_indices":[9,19,13,11,9,16,7,19,0,18,6,0,18,19,18,10,0,0,0,0,11,0,0,0,0,13,2,2,0,11,1,0,0,0,0,0,0,0,0,0,0],"split_type":[0,0,0,0,0,0,0,0,0,0,0,0,0,0,0,0,0,0,0,0,0,0,0,0,0,0,0,0,0,0,0,0,0,0,0,0,0,0,0,0,0],"sum_hessian":[3.9032126E2,2.854104E1,3.617802E2,1.1733634E1,1.6807407E1,3.348983E2,2.688193E1,8.018767E0,3.7148666E0,2.29861E0,1.4508797E1,1.2308168E0,3.3366748E2,2.102153E1,5.8604007E0,6.72658E0,1.2921867E0,1.1109669E0,1.1876432E0,1.2304127E0,1.3278384E1,3.3245428E2,1.2132019E0,1.8797655E1,2.2238746E0,2.4367607E0,3.42364E0,5.377691E0,1.3488896E0,5.1445665E0,8.133818E0,1.2009593E0,1.2358015E0,2.2128801E0,1.2107599E0,1.7042556E0,3.673435E0,1.9766077E0,3.1679587E0,1.1872103E0,6.9466076E0],"tree_param":{"num_deleted":"0","num_feature":"21","num_nodes":"41","size_leaf_vector":"0"}}]},"name":"gbtree"},"learner_model_param":{"base_score":"5E-1","num_class":"0","num_feature":"21","num_target":"1"},"objective":{"name":"reg:squarederror","reg_loss_param":{"scale_pos_weight":"1"}}},"version":[1,6,2]}