{"learner":{"attributes":{"best_ntree_limit":"8"},"feature_names":[],"feature_types":["q","q","q","q","q","q","q","q","q","q","q","q","q","q","q","q","q","q","q","q"],"gradient_booster":{"model":{"gbtree_model_param":{"num_parallel_tree":"1","num_trees":"3","size_leaf_vector":"0"},"tree_info":[0,0,0],"trees":[{"base_weights":[-1.9589177E0,-7.82939E-1,-2.0969484E0,-1.254185E0,4.131211E-2,-2.106395E0,-3.571736E-2,-1.4310097E0,-1.7216612E-1,8.4678006E-1,-3.955737E-1,-1.6303691E0,-2.145506E0,-1.5496469E0,-3.1744587E-1,-3.0222896E-1,4.6023065E-1,3.1049576E-1,3.1228584E-1,-7.8094107E-1,3.1459755E-1,-1.7742765E0,-6.114392E-1,-2.3569392E-1,-6.452195E-1,-5.7667136E-1,-1.6531613E0,-3.0222896E-1,2.1140294E-1,2.5034127E-1,-6.857081E-2,2.1140294E-1,-6.857081E-2,1.1138833E-1,-1.1726153E0,2.8538463E-1,-1.9171493E-1,-5.737229E-1,-4.457809E-1,-1.2348831E0,2.3316278E-1,-3.8442042E-1,1.0964613E-1,-6.857081E-2,-5.167933E-1,2.3316278E-1,-2.085577E-1,-5.0593036E-1,2.9313175E-2,-3.0222896E-1,1.0964613E-1,-1.3738716E-1,-4.3567052E-1],"categories":[],"categories_nodes":[],"categories_segments":[],"categories_sizes":[],"default_left":[1,0,1,1,1,0,0,1,0,0,0,1,1,0,0,0,0,0,0,0,0,0,0,0,0,0,0,0,0,0,0,0,0,0,0,0,0,0,1,0,0,0,0,0,0,0,0,0,0,0,0,0,0],"id":0,"left_children":[1,3,5,7,9,11,-1,13,15,17,19,21,23,25,27,-1,29,31,-1,33,35,37,39,-1,-1,41,43,-1,-1,-1,-1,-1,-1,45,47,-1,-1,-1,49,51,-1,-1,-1,-1,-1,-1,-1,-1,-1,-1,-1,-1,-1],"loss_changes":[7.250549E1,1.930991E1,7.376587E0,5.795147E0,7.02213E0,4.0649414E0,0E0,3.0756454E0,3.4070039E0,4.0582085E-1,3.8040578E0,4.048111E0,9.552002E-1,1.4786758E0,3.4305089E0,0E0,1.1851454E0,8.5933125E-1,0E0,3.176753E0,3.817714E0,4.6799164E0,6.03129E0,0E0,0E0,3.0296865E0,1.7135773E0,0E0,0E0,0E0,0E0,0E0,0E0,2.4585462E0,4.174925E0,0E0,0E0,0E0,2.256138E0,8.287668E-2,0E0,0E0,0E0,0E0,0E0,0E0,0E0,0E0,0E0,0E0,0E0,0E0,0E0],"parents":[2147483647,0,0,1,1,2,2,3,3,4,4,5,5,7,7,8,8,9,9,10,10,11,11,12,12,13,13,14,14,16,16,17,17,19,19,20,20,21,21,22,22,25,25,26,26,33,33,34,34,38,38,39,39],"right_children":[2,4,6,8,10,12,-1,14,16,18,20,22,24,26,28,-1,30,32,-1,34,36,38,40,-1,-1,42,44,-1,-1,-1,-1,-1,-1,46,48,-1,-1,-1,50,52,-1,-1,-1,-1,-1,-1,-1,-1,-1,-1,-1,-1,-1],"split_conditions":[3.7E-1,6.9E-1,7E-1,6E-2,3.2E-1,4.5E-1,-3.571736E-2,8.4E-1,5.8E-1,4.9E-1,6.1E-1,5.7E-1,7E-2,1.4E-1,7E-2,-3.0222896E-1,3E-1,4.6E-1,3.1228584E-1,1.9E-1,8.4E-1,6E-1,4.3E-1,-2.3569392E-1,-6.452195E-1,3.2E-1,4E-1,-3.0222896E-1,2.1140294E-1,2.5034127E-1,-6.857081E-2,2.1140294E-1,-6.857081E-2,5.9E-1,1.9E-1,2.8538463E-1,-1.9171493E-1,-5.737229E-1,2.8E-1,4.4E-1,2.3316278E-1,-3.8442042E-1,1.0964613E-1,-6.857081E-2,-5.167933E-1,2.3316278E-1,-2.085577E-1,-5.0593036E-1,2.9313175E-2,-3.0222896E-1,1.0964613E-1,-1.3738716E-1,-4.3567052E-1],"split_indices":[9,5,18,19,14,9,0,17,5,8,4,17,14,11,15,0,14,1,0,9,7,13,9,0,0,17,13,0,0,0,0,0,0,3,15,0,0,0,16,8,0,0,0,0,0,0,0,0,0,0,0,0,0],"split_type":[0,0,0,0,0,0,0,0,0,0,0,0,0,0,0,0,0,0,0,0,0,0,0,0,0,0,0,0,0,0,0,0,0,0,0,0,0,0,0,0,0,0,0,0,0,0,0,0,0,0,0,0,0],"sum_hessian":[4.557944E2,4.8579967E1,4.0721445E2,3.0576803E1,1.8003164E1,4.0521408E2,2.0003517E0,2.600457E1,4.5722322E0,6.001055E0,1.200211E1,3.4005978E1,3.712081E2,2.3146925E1,2.857645E0,1.7145871E0,2.857645E0,2.2861161E0,3.7149386E0,7.715642E0,4.2864676E0,2.914798E1,4.857997E0,2.0003517E0,3.6920776E2,2.857645E0,2.028928E1,1.7145871E0,1.1430581E0,1.7145871E0,1.1430581E0,1.1430581E0,1.1430581E0,2.5718806E0,5.143761E0,2.5718806E0,1.7145871E0,2.600457E1,3.1434097E0,3.4291742E0,1.4288225E0,1.4288225E0,1.4288225E0,1.1430581E0,1.9146223E1,1.4288225E0,1.1430581E0,3.4291742E0,1.7145871E0,1.7145871E0,1.4288225E0,1.4288225E0,2.0003517E0],"tree_param":{"num_deleted":"0","num_feature":"20","num_nodes":"53","size_leaf_vector":"0"}},{"base_weights":[-1.4018074E0,-4.923727E-1,-1.4692546E0,-7.8953487E-1,1.7922473E-1,-1.4784442E0,7.036838E-2,-9.913355E-1,-7.871167E-2,-2.4276708E-1,7.0748055E-1,-1.5061562E0,-1.0941585E0,-1.5255721E-1,2.069303E-1,-1.3502277E0,-3.2940328E-1,2.3573478E-1,-4.8242983E-1,-8.540733E-1,2.1050991E-1,2.5019222E-1,3.4541838E-2,-3.8796607E-2,-4.5294872E-1,-1.315377E0,-8.175459E-2,-7.063045E-1,-4.5435348E-1,4.9835595E-1,-8.983196E-1,-2.8846145E-1,9.637744E-2,-3.5661256E-1,3.9314043E-2,-1.376394E0,1.6606882E-3,2.3001736E-1,-4.875904E-1,-3.3902347E-1,7.04534E-2,2.6174158E-1,-6.3563816E-2,-3.9752868E-1,-5.0430414E-3,-4.2988178E-1,-2.906494E-2,-3.3956093E-1,4.5390867E-2],"categories":[],"categories_nodes":[],"categories_segments":[],"categories_sizes":[],"default_left":[1,0,1,1,0,1,0,0,0,0,0,0,0,0,0,0,0,0,0,0,0,0,0,0,0,1,0,0,0,0,0,0,0,0,0,0,0,0,0,0,0,0,0,0,0,0,0,0,0],"id":1,"left_children":[1,3,5,7,9,11,13,15,17,19,21,23,25,-1,-1,27,29,-1,31,33,-1,-1,-1,-1,-1,35,37,39,-1,41,43,-1,-1,-1,-1,45,-1,-1,47,-1,-1,-1,-1,-1,-1,-1,-1,-1,-1],"loss_changes":[2.8782959E1,7.070015E0,6.4329834E0,3.400856E0,2.7273357E0,3.0879517E0,1.6447003E0,4.02223E0,2.6298594E0,4.7087083E0,3.0457878E-1,1.888855E0,7.410507E0,0E0,0E0,1.8597984E-1,4.1837444E0,0E0,2.240192E0,1.7288706E0,0E0,0E0,0E0,0E0,0E0,2.2226562E0,2.813826E0,1.9750884E0,0E0,1.2144231E0,1.880836E0,0E0,0E0,0E0,0E0,1.7620277E0,0E0,0E0,2.3958898E0,0E0,0E0,0E0,0E0,0E0,0E0,0E0,0E0,0E0,0E0],"parents":[2147483647,0,0,1,1,2,2,3,3,4,4,5,5,6,6,7,7,8,8,9,9,10,10,11,11,12,12,15,15,16,16,18,18,19,19,25,25,26,26,27,27,29,29,30,30,35,35,38,38],"right_children":[2,4,6,8,10,12,14,16,18,20,22,24,26,-1,-1,28,30,-1,32,34,-1,-1,-1,-1,-1,36,38,40,-1,42,44,-1,-1,-1,-1,46,-1,-1,48,-1,-1,-1,-1,-1,-1,-1,-1,-1,-1],"split_conditions":[2.9E-1,7.2E-1,6.2E-1,3.2E-1,2.6E-1,4.9E-1,4.6E-1,7E-2,4E-2,5.6E-1,6.8E-1,1.1E-1,7E-1,-1.5255721E-1,2.069303E-1,5.2E-1,8E-2,2.3573478E-1,6.2E-1,3.1E-1,2.1050991E-1,2.5019222E-1,3.4541838E-2,-3.8796607E-2,-4.5294872E-1,2.4E-1,3E-2,4.5E-1,-4.5435348E-1,6.7E-1,6.6E-1,-2.8846145E-1,9.637744E-2,-3.5661256E-1,3.9314043E-2,7.7E-1,1.6606882E-3,2.3001736E-1,1.1E-1,-3.3902347E-1,7.04534E-2,2.6174158E-1,-6.3563816E-2,-3.9752868E-1,-5.0430414E-3,-4.2988178E-1,-2.906494E-2,-3.3956093E-1,4.5390867E-2],"split_indices":[9,5,18,10,11,13,3,12,12,8,3,16,7,0,0,4,18,0,4,10,0,0,0,0,0,19,18,4,0,6,4,0,0,0,0,1,0,0,15,0,0,0,0,0,0,0,0,0,0],"split_type":[0,0,0,0,0,0,0,0,0,0,0,0,0,0,0,0,0,0,0,0,0,0,0,0,0,0,0,0,0,0,0,0,0,0,0,0,0,0,0,0,0,0,0,0,0,0,0,0,0],"sum_hessian":[4.8003925E2,3.3716614E1,4.4632263E2,2.3252472E1,1.0464144E1,4.43714E2,2.6086488E0,1.7803484E1,5.448988E0,6.1175985E0,4.346545E0,4.1114566E2,3.2568336E1,1.4409432E0,1.1677055E0,1.0870042E1,6.9334416E0,1.4333489E0,4.015639E0,3.7719269E0,2.3456717E0,3.245537E0,1.1010082E0,1.1901884E0,4.0995544E2,2.6482443E1,6.0858912E0,3.2867324E0,7.583309E0,2.874761E0,4.0586805E0,2.3927965E0,1.6228424E0,2.6612604E0,1.1106666E0,2.5273005E1,1.2094396E0,1.6813831E0,4.404508E0,2.1278687E0,1.1588638E0,1.7333131E0,1.141448E0,2.3956387E0,1.6630416E0,2.4088552E1,1.1844518E0,1.8088248E0,2.5956836E0],"tree_param":{"num_deleted":"0","num_feature":"20","num_nodes":"49","size_leaf_vector":"0"}},{"base_weights":[-1.1584353E0,-5.90734E-1,-1.2300829E0,-7.761203E-1,8.1696674E-2,-1.2367438E0,-3.8346496E-1,9.211191E-2,-8.3282155E-1,6.235332E-1,-2.636135E-1,-1.2452905E0,-6.839108E-1,-2.8400955E-1,2.0034434E-1,-8.8802063E-1,-1.2134776E-1,1.7028848E-2,2.2879861E-1,-5.102925E-1,1.4996229E-1,-7.661784E-1,-1.2521391E0,-9.1000175E-1,1.0703363E-1,-9.2444026E-1,3.420686E-2,-2.2554523E-1,1.6049531E-1,-3.174379E-1,1.20615266E-1,7.9401545E-2,-3.2574898E-1,-3.7821332E-1,-8.786272E-1,-8.8453945E-3,-1.0824885E0,-1.5300682E-1,-3.107598E-1,-1.4793107E-1,1.8674639E-1,-5.037748E-2,-3.395513E-1,-1.00863464E-1,-3.5747048E-1],"categories":[],"categories_nodes":[],"categories_segments":[],"categories_sizes":[],"default_left":[1,1,1,0,0,1,0,0,1,1,0,0,0,0,0,1,0,0,0,0,0,0,1,1,0,0,0,0,0,0,0,0,0,0,0,0,0,0,0,0,0,0,0,0,0],"id":2,"left_children":[1,3,5,7,9,11,13,-1,15,17,19,21,23,-1,-1,25,27,-1,-1,29,-1,31,33,35,-1,37,-1,-1,-1,-1,39,-1,-1,-1,41,-1,43,-1,-1,-1,-1,-1,-1,-1,-1],