{"learner":{"attributes":{"best_ntree_limit":"3"},"feature_names":[],"feature_types":["q","q","q","q","q","q","q","q","q","q","q","q","q","q","q","q","q","q","q","q"],"gradient_booster":{"model":{"gbtree_model_param":{"num_parallel_tree":"1","num_trees":"3","size_leaf_vector":"0"},"tree_info":[0,0,0],"trees":[{"base_weights":[-2.383579E0,-7.617257E-1,-2.5224779E0,6.716429E-2,-1.4753306E0,-1.9241822E0,-2.591273E0,-4.2914757E-1,3.324469E-1,7.290491E-2,-1.6786216E0,-2.0678124E0,-5.1687217E-1,-1.5341894E-1,-2.5975876E0,-1.0103862E0,4.8411623E-1,3.301761E-2,-1.8708861E0,-4.051554E-2,-2.1576161E0,2.1044838E-1,-4.4321847E-1,-7.811853E-1,-1.5341894E-1,2.117185E-3,-1.3774716E0,3.272388E-1,-1.0204841E-1,-1.5489077E-2,-2.037566E0,-2.2010972E0,-1.5341894E-1,-5.246773E-1,-1.5489077E-2,-1.5341894E-1,-6.4518154E-1,-6.734426E-1,-2.1594276E-1],"categories":[],"categories_nodes":[],"categories_segments":[],"categories_sizes":[],"default_left":[1,0,0,0,0,0,1,0,0,0,1,0,0,0,1,0,0,0,0,0,1,0,0,0,0,0,0,0,0,0,0,1,0,0,0,0,0,0,0],"id":0,"left_children":[1,3,5,7,9,11,13,15,-1,-1,17,19,21,-1,23,25,27,-1,29,-1,31,-1,-1,-1,-1,-1,33,-1,-1,-1,35,37,-1,-1,-1,-1,-1,-1,-1],"loss_changes":[8.274341E1,1.848319E1,9.244873E0,8.39861E0,6.2574615E0,6.9236603E0,2.7062988E0,6.3840313E0,0E0,0E0,5.3988686E0,5.8782196E0,6.8819513E0,0E0,2.730957E0,2.6652608E0,2.86894E0,0E0,4.0461273E0,0E0,1.3009338E0,0E0,0E0,0E0,0E0,0E0,2.485444E0,0E0,0E0,0E0,1.0592651E0,5.031128E-1,0E0,0E0,0E0,0E0,0E0,0E0,0E0],"parents":[2147483647,0,0,1,1,2,2,3,3,4,4,5,5,6,6,7,7,10,10,11,11,12,12,14,14,15,15,16,16,18,18,20,20,26,26,30,30,31,31],"right_children":[2,4,6,8,10,12,14,16,-1,-1,18,20,22,-1,24,26,28,-1,30,-1,32,-1,-1,-1,-1,-1,34,-1,-1,-1,36,38,-1,-1,-1,-1,-1,-1,-1],"split_conditions":[3E-1,2.00001E0,4.5E-1,5.9E-1,3.6E-1,1.9E-1,7E-2,2.6E-1,3.324469E-1,7.290491E-2,9E-2,1.7E-1,3.4E-1,-1.5341894E-1,5.9E-1,1.4E-1,2.5E-1,3.301761E-2,3.5E-1,-4.051554E-2,8.5E-1,2.1044838E-1,-4.4321847E-1,-7.811853E-1,-1.5341894E-1,2.117185E-3,3.1E-1,3.272388E-1,-1.0204841E-1,-1.5489077E-2,1.3E-1,1.1E-1,-1.5341894E-1,-5.246773E-1,-1.5489077E-2,-1.5341894E-1,-6.4518154E-1,-6.734426E-1,-2.1594276E-1],"split_indices":[9,19,9,8,8,2,14,11,0,0,9,0,2,0,18,11,10,0,4,0,17,0,0,0,0,0,10,0,0,0,17,19,0,0,0,0,0,0,0],"split_type":[0,0,0,0,0,0,0,0,0,0,0,0,0,0,0,0,0,0,0,0,0,0,0,0,0,0,0,0,0,0,0,0,0,0,0,0,0,0,0],"sum_hessian":[3.748309E2,3.0080475E1,3.4475043E2,1.4335226E1,1.5745249E1,3.8540607E1,3.0620984E2,1.010516E1,4.230067E0,1.645026E0,1.4100223E1,3.4545544E1,3.995063E0,1.1750185E0,3.0503482E2,6.1100965E0,3.995063E0,1.4100223E0,1.2690201E1,1.645026E0,3.290052E1,1.8800297E0,2.1150334E0,3.038598E2,1.1750185E0,1.8800297E0,4.230067E0,2.1150334E0,1.8800297E0,1.1750185E0,1.1515182E1,3.17255E1,1.1750185E0,3.0550482E0,1.1750185E0,1.1750185E0,1.0340163E1,3.031548E1,1.4100223E0],"tree_param":{"num_deleted":"0","num_feature":"20","num_nodes":"39","size_leaf_vector":"0"}},{"base_weights":[-1.5789013E0,-4.801544E-1,-1.6635834E0,1.5509298E-1,-9.799953E-1,-1.6714109E0,5.4998737E-2,-1.5236893E-1,9.1526526E-1,1.3208117E-1,-1.1183028E0,-1.7067919E0,-1.1978565E0,5.4249287E-1,-6.698699E-1,3.120116E-1,8.851722E-2,-4.581898E-1,-4.8383105E-1,-7.811677E-2,-5.1337105E-1,-1.4275291E0,-6.172353E-2,3.13536E-1,-6.065842E-2,-1.2809585E0,2.568166E-1,-7.513815E-1,1.6338994E-1,-1.4828972E0,-6.9360286E-2,7.2811466E-1,-8.27144E-1,-7.5091064E-2,-4.8099914E-1,-3.1078797E-2,-3.6960602E-1,-4.69676E-1,-1.9179787E-1,3.1298035E-1,2.1971602E-2,-2.9945442E-1,-8.287038E-2],"categories":[],"categories_nodes":[],"categories_segments":[],"categories_sizes":[],"default_left":[1,0,1,0,0,1,0,0,0,0,1,1,0,0,0,0,0,0,0,0,0,1,0,0,0,0,0,0,0,0,0,0,0,0,0,0,0,0,0,0,0,0,0],"id":1,"left_children":[1,3,5,7,9,11,-1,13,15,-1,17,19,21,23,25,-1,-1,27,-1,-1,-1,29,31,-1,-1,33,-1,35,-1,37,-1,39,41,-1,-1,-1,-1,-1,-1,-1,-1,-1,-1],"loss_changes":[3.558374E1,9.482729E0,5.549011E0,3.3657002E0,3.7496977E0,4.0074463E0,0E0,4.205885E0,1.1797905E-2,0E0,4.285509E0,1.7000732E0,7.3393784E0,2.1253965E0,7.2247415E0,0E0,0E0,2.758237E0,0E0,0E0,0E0,1.2225494E0,4.1278934E0,0E0,0E0,1.2909327E0,0E0,1.927953E0,0E0,5.6175995E-1,0E0,6.257055E-1,4.744625E-2,0E0,0E0,0E0,0E0,0E0,0E0,0E0,0E0,0E0,0E0],"parents":[2147483647,0,0,1,1,2,2,3,3,4,4,5,5,7,7,8,8,10,10,11,11,12,12,13,13,14,14,17,17,21,21,22,22,25,25,27,27,29,29,31,31,32,32],"right_children":[2,4,6,8,10,12,-1,14,16,-1,18,20,22,24,26,-1,-1,28,-1,-1,-1,30,32,-1,-1,34,-1,36,-1,38,-1,40,42,-1,-1,-1,-1,-1,-1,-1,-1,-1,-1],"split_conditions":[2.9E-1,1E0,9.1E-1,2.7E-1,1.1E-1,4.9E-1,5.4998737E-2,5.6E-1,7.3E-1,1.3208117E-1,1.9E-1,1.1E-1,7E-1,1.9E-1,5.9E-1,3.120116E-1,8.851722E-2,8E-2,-4.8383105E-1,-7.811677E-2,-5.1337105E-1,2.4E-1,1E-1,3.13536E-1,-6.065842E-2,6E-1,2.568166E-1,6.8E-1,1.6338994E-1,7.2E-1,-6.9360286E-2,4.1E-1,7E-1,-7.5091064E-2,-4.8099914E-1,-3.1078797E-2,-3.6960602E-1,-4.69676E-1,-1.9179787E-1,3.1298035E-1,2.1971602E-2,-2.9945442E-1,-8.287038E-2],"split_indices":[9,19,18,9,17,13,0,17,3,0,11,14,7,9,8,0,0,15,0,0,0,19,18,0,0,6,0,3,0,1,0,14,6,0,0,0,0,0,0,0,0,0,0],"split_type":[0,0,0,0,0,0,0,0,0,0,0,0,0,0,0,0,0,0,0,0,0,0,0,0,0,0,0,0,0,0,0,0,0,0,0,0,0,0,0,0,0,0,0],"sum_hessian":[3.9002396E2,2.8386057E1,3.616379E2,1.2803639E1,1.5582418E1,3.602063E2,1.4316015E0,9.685691E0,3.1179483E0,1.1890379E0,1.439338E1,3.327418E2,2.7464514E1,4.1137543E0,5.5719366E0,2.0321925E0,1.0857556E0,6.989303E0,7.4040775E0,1.201945E0,3.3153986E2,2.2632755E1,4.831758E0,2.2151825E0,1.8985718E0,4.093247E0,1.4786898E0,5.602155E0,1.3871483E0,2.1402664E1,1.2300923E0,2.4019365E0,2.4298215E0,1.3985108E0,2.6947362E0,2.903914E0,2.6982412E0,1.8712503E1,2.6901596E0,1.2211783E0,1.1807582E0,1.2346334E0,1.1951882E0],"tree_param":{"num_deleted":"0","num_feature":"20","num_nodes":"43","size_leaf_vector":"0"}},{"base_weights":[-1.2750659E0,-5.4703367E-1,-1.3796452E0,-8.334743E-1,2.883381E-1,-1.3854251E0,1.0291851E-2,-2.4742606E-1,-1.0744052E0,2.9832646E-1,5.05616E-2,-1.3998914E0,-8.7955445E-1,-5.3443974E-1,3.728866E-1,-1.2130904E0,-1.8794368E-1,-5.3439385E-1,3.6867973E-1,-1.4058292E0,-5.494163E-1,-3.6029872E-1,9.010252E-2,-3.7452036E-1,-6.632167E-2,2.45929E-1,-1.20223306E-1,-1.2869796E0,-3.0913202E-2,2.6498556E-1,-2.3998998E-1,-3.3815742E-1,3.2196727E-2,8.2566816E-1,-4.3082002E-1,-6.95662E-1,-4.23478E-1,-3.0341998E-1,2.8383037E-2,2.2320117E-1,-2.3027664E-1,-2.8695595E-1,1.09580494E-1,-2.0453541E-1,-4.2312998E-1,-1.3481031E-1,2.5627908E-1,-1.8880926E-2,3.2301715E-1,-2.069199E-1,9.944003E-3,-3.1131893E-1,4.4669062E-2],"categories":[],"categories_nodes":[],"categories_segments":[],"categories_sizes":[],"default_left":[1,1,1,1,1,1,0,1,1,0,0,1,0,0,0,1,0,0,0,0,0,0,0,0,0,0,0,0,0,0,0,0,0,0,0,0,0,0,0,0,0,0,0,0,0,0,0,0,0,0,0,0,0],"id":2,"left_children":[1,3,5,7,9,11,-1,13,15,-1,17,19,21,23,25,27,29,31,33,35,37,-1,39,-1,41,-1,-1,43,-1,45,-1,-1,-1,47,49,51,-1,-1,-1,-1,-1,-1,-1,-1,-1,-1,-1,-1,-1,-1,-1,-1,-1],"loss_changes":[2.5698547E1,1.1079212E1,2.5250244E0,4.533186E0,2.0162816E0,9.782715E-1,0E0,2.1935334E0,2.6963444E0,0E0,2.106569E0,7.0147705E-1,3.563177E0,2.6139882E0,1.7571257E0,1.5394135E0,1.4320333E0,1.6513742E0,3.0004437E0,2.0178223E-1,1.1861373E0,0E0,2.6405754E0,0E0,2.6275578E0,0E0,0E0,4.5990753E-1,0E0,1.7648481E0,0E0,0E0,0E0,1.1717908E0,4.1806114E-1,1.3967731E0,0E0,0E0,0E0,0E0,0E0,0E0,0E0,0E0,0E0,0E0,0E0,0E0,0E0,0E0,0E0,0E0,0E0],"parents":[2147483647,0,0,1,1,2,2,3,3,4,4,5,5,7,7,8,8,10,10,11,11,12,12,13,13,14,14,15,15,16,16,17,17,18,18,19,19,20,20,22,22,24,24,27,27,29,29,33,33,34,34,35,35],"right_children":[2,4,6,8,10,12,-1,14,16,-1,18,20,22,24,26,28,30,32,34,36,38,-1,40,-1,42,-1,-1,44,-1,46,-1,-1,-1,48,50,52,-1,-1,-1,-1,-1,-1,-1,-1,-1,-1,-1,-1,-1,-1,-1,-1,-1],