{"learner":{"attributes":{"best_ntree_limit":"6"},"feature_names":[],"feature_types":["q","q","q","q","q","q","q","q","q","q","q","q","q","q","q","q","q","q","q","q"],"gradient_booster":{"model":{"gbtree_model_param":{"num_parallel_tree":"1","num_trees":"6","size_leaf_vector":"0"},"tree_info":[0,0,0,0,0,0],"trees":[{"base_weights":[-2.3807507E0,-5.7342666E-1,-2.520544E0,1.9803931E-1,-1.305698E0,-2.5501952E0,-9.02268E-1,-6.634796E-1,8.519403E-1,-1.6690923E0,-2.0154153E-1,-2.0629172E0,-7.802345E-1,-1.6213923E0,6.656541E-2,-1.1314216E0,2.6037067E-1,9.988172E-1,-1.5489077E-2,-1.8401998E0,-9.146257E-2,2.6037067E-1,-7.9414797E-1,-6.8385375E-1,-6.739278E-1,-5.5742013E-1,-1.5341894E-1,-2.913488E-1,2.3093164E-1,-5.7989832E-2,-4.8928759E-1,7.290491E-2,3.5020706E-1,-2.035442E0,-2.0621401E-1,3.301761E-2,-4.2927867E-1,-1.1174651E0,1.574978E-1,-2.1594276E-1,-6.65831E-1,1.574978E-1,-5.7296866E-1],"categories":[],"categories_nodes":[],"categories_segments":[],"categories_sizes":[],"default_left":[1,0,1,0,0,0,0,0,0,1,1,1,0,1,0,0,0,0,0,0,0,0,0,0,0,0,0,0,0,0,0,0,0,0,0,0,0,0,0,0,0,0,0],"id":0,"left_children":[1,3,5,7,9,11,13,15,17,19,21,23,-1,25,27,29,-1,31,-1,33,-1,-1,35,-1,37,-1,-1,-1,-1,-1,-1,-1,-1,39,-1,-1,-1,41,-1,-1,-1,-1,-1],"loss_changes":[9.344971E1,1.622353E1,1.441333E1,8.807148E0,5.5338955E0,3.0529785E0,5.5528045E0,5.90864E0,1.2134933E0,1.976368E0,3.705974E0,9.581787E0,0E0,2.3855972E-1,3.8781848E0,2.3559432E0,0E0,6.8188524E-1,0E0,7.3015594E-1,0E0,0E0,2.2216861E0,0E0,3.9926677E0,0E0,0E0,0E0,0E0,0E0,0E0,0E0,0E0,2.3734093E-1,0E0,0E0,0E0,7.5039215E0,0E0,0E0,0E0,0E0,0E0],"parents":[2147483647,0,0,1,1,2,2,3,3,4,4,5,5,6,6,7,7,8,8,9,9,10,10,11,11,13,13,14,14,15,15,17,17,19,19,22,22,24,24,33,33,37,37],"right_children":[2,4,6,8,10,12,14,16,18,20,22,24,-1,26,28,30,-1,32,-1,34,-1,-1,36,-1,38,-1,-1,-1,-1,-1,-1,-1,-1,40,-1,-1,-1,42,-1,-1,-1,-1,-1],"split_conditions":[2.9E-1,1E0,7E-1,6E-1,8E-2,4.5E-1,5.5E-1,8.2E-1,8.6E-1,2E-2,2E-1,5.7E-1,-7.802345E-1,3E-1,5E-1,5.1E-1,2.6037067E-1,1.5E-1,-1.5489077E-2,3.4E-1,-9.146257E-2,2.6037067E-1,1.3E-1,-6.8385375E-1,6.9E-1,-5.5742013E-1,-1.5341894E-1,-2.913488E-1,2.3093164E-1,-5.7989832E-2,-4.8928759E-1,7.290491E-2,3.5020706E-1,1.4E-1,-2.0621401E-1,3.301761E-2,-4.2927867E-1,4.1E-1,1.574978E-1,-2.1594276E-1,-6.65831E-1,1.574978E-1,-5.7296866E-1],"split_indices":[9,19,13,4,15,9,7,5,5,18,11,17,0,14,8,4,0,9,0,11,0,0,2,0,6,0,0,0,0,0,0,0,0,9,0,0,0,13,0,0,0,0,0],"split_type":[0,0,0,0,0,0,0,0,0,0,0,0,0,0,0,0,0,0,0,0,0,0,0,0,0,0,0,0,0,0,0,0,0,0,0,0,0,0,0,0,0,0,0],"sum_hessian":[3.7459592E2,2.726043E1,3.4733548E2,1.3630215E1,1.3630215E1,3.405204E2,6.8151073E0,5.8750925E0,7.755122E0,9.870155E0,3.7600594E0,3.5955566E1,3.0456482E2,3.5250556E0,3.290052E0,4.700074E0,1.1750185E0,6.580104E0,1.1750185E0,8.460134E0,1.4100223E0,1.1750185E0,2.5850408E0,3.0550482E1,5.4050856E0,2.350037E0,1.1750185E0,1.1750185E0,2.1150334E0,2.1150334E0,2.5850408E0,1.645026E0,4.9350777E0,6.580104E0,1.8800297E0,1.4100223E0,1.1750185E0,3.995063E0,1.4100223E0,1.4100223E0,5.1700816E0,1.4100223E0,2.5850408E0],"tree_param":{"num_deleted":"0","num_feature":"20","num_nodes":"43","size_leaf_vector":"0"}},{"base_weights":[-1.5793909E0,-4.3118358E-1,-1.6642872E0,1.6236126E-1,-9.612574E-1,-1.7004392E0,-1.0592524E0,-4.6227902E-1,7.6879025E-1,4.349421E-2,-1.1328622E0,-1.8626247E-1,-1.704847E0,-1.3666292E0,4.1683546E-1,-8.5685194E-1,2.4733119E-1,1.0373199E0,-1.42835295E-2,-1.3046727E0,-2.4541888E-1,-1.7075651E0,-1.5827778E-1,-1.5161364E0,9.0376645E-2,2.8008285E-1,-1.0227948E-1,-5.1147705E-3,-1.299055E0,8.090403E-2,3.466171E-1,-5.358667E-1,-1.4921564E0,-2.2916278E-1,1.1978684E-1,-1.6127898E-1,-5.13074E-1,-4.758468E-1,-9.074049E-2,-4.6550694E-1,-1.1156726E-1,6.731601E-2,-3.378641E-1,-1.1847556E-1,-5.0338775E-1],"categories":[],"categories_nodes":[],"categories_segments":[],"categories_sizes":[],"default_left":[1,0,1,0,0,0,0,0,0,0,1,0,1,1,0,0,0,0,0,0,0,0,0,0,0,0,0,0,0,0,0,0,0,0,0,0,0,0,0,0,0,0,0,0,0],"id":1,"left_children":[1,3,5,7,9,11,13,15,17,-1,19,-1,21,23,25,27,-1,29,-1,31,33,35,-1,37,-1,-1,-1,-1,39,-1,-1,41,43,-1,-1,-1,-1,-1,-1,-1,-1,-1,-1,-1,-1],"loss_changes":[3.7352905E1,9.040488E0,6.145691E0,5.7256823E0,3.023406E0,5.649414E-1,1.1067148E1,4.5691195E0,1.7087097E0,0E0,1.685133E0,0E0,1.8450928E-1,5.2900696E0,2.179878E0,2.3222747E0,0E0,2.0861149E-1,0E0,7.552433E-1,1.4297544E0,1.4086914E-1,0E0,1.0459862E0,0E0,0E0,0E0,0E0,3.8849163E-1,0E0,0E0,1.9021907E0,9.9111557E-1,0E0,0E0,0E0,0E0,0E0,0E0,0E0,0E0,0E0,0E0,0E0,0E0],"parents":[2147483647,0,0,1,1,2,2,3,3,4,4,5,5,6,6,7,7,8,8,10,10,12,12,13,13,14,14,15,15,17,17,19,19,20,20,21,21,23,23,28,28,31,31,32,32],"right_children":[2,4,6,8,10,12,14,16,18,-1,20,-1,22,24,26,28,-1,30,-1,32,34,36,-1,38,-1,-1,-1,-1,40,-1,-1,42,44,-1,-1,-1,-1,-1,-1,-1,-1,-1,-1,-1,-1],"split_conditions":[2.9E-1,1E0,5.3E-1,6.2E-1,4.4E-1,3.3E-1,7E-1,8.2E-1,7.8E-1,4.349421E-2,8E-1,-1.8626247E-1,7.5E-1,3.1E-1,4.1E-1,5.4E-1,2.4733119E-1,7E-2,-1.42835295E-2,1.9E-1,2.4E-1,1.2E-1,-1.5827778E-1,8.6E-1,9.0376645E-2,2.8008285E-1,-1.0227948E-1,-5.1147705E-3,8.7E-1,8.090403E-2,3.466171E-1,4E-1,3E-2,-2.2916278E-1,1.1978684E-1,-1.6127898E-1,-5.13074E-1,-4.758468E-1,-9.074049E-2,-4.6550694E-1,-1.1156726E-1,6.731601E-2,-3.378641E-1,-1.1847556E-1,-5.0338775E-1],"split_indices":[9,19,13,4,1,9,6,5,5,0,17,0,18,18,14,17,0,2,0,11,11,16,0,4,0,0,0,0,17,0,0,14,12,0,0,0,0,0,0,0,0,0,0,0,0],"split_type":[0,0,0,0,0,0,0,0,0,0,0,0,0,0,0,0,0,0,0,0,0,0,0,0,0,0,0,0,0,0,0,0,0,0,0,0,0,0,0,0,0,0,0,0,0],"sum_hessian":[3.895526E2,2.7238333E1,3.6231427E2,1.3177104E1,1.406123E1,3.4017755E2,2.2136736E1,6.60818E0,6.5689235E0,1.9091544E0,1.2152075E1,1.9601094E0,3.3821744E2,1.8382885E1,3.7538514E0,5.3130164E0,1.2951635E0,4.7394366E0,1.8294871E0,9.787125E0,2.3649507E0,3.3698892E2,1.2285204E0,1.695412E1,1.4287639E0,2.0938537E0,1.6599977E0,2.1908517E0,3.122165E0,1.06958E0,3.6698565E0,2.67521E0,7.111914E0,1.2083715E0,1.1565793E0,1.2312644E0,3.3575763E2,1.5739179E1,1.2149426E0,1.9242549E0,1.19791E0,1.4402947E0,1.2349153E0,1.4825209E0,5.6293936E0],"tree_param":{"num_deleted":"0","num_feature":"20","num_nodes":"45","size_leaf_vector":"0"}},{"base_weights":[-1.2771527E0,-5.3014237E-1,-1.3782381E0,-8.177698E-1,2.8662667E-1,-1.1042565E0,-4.2753986E-1,-2.704086E-1,-1.0336916E0,5.828211E-1,-5.1822525E-1,-1.1384904E0,5.446231E-2,-7.589003E-1,5.7975453E-1,-1.1546398E0,4.4255562E-2,7.676625E-1,-1.1555786E-1,2.1853714E-1,-3.7712583E-1,-1.2201418E0,-5.449644E-1,-1.1123829E0,9.085666E-2,-6.8971865E-2,3.0760282E-1,-1.2486048E0,-3.543225E-2,-6.503834E-2,3.2440987E-1,-1.4104246E-2,-1.2587786E0,1.1197471E-1,-9.6407646E-1,-7.8638606E-2,-4.1755426E-1,-3.9257604E-1,-5.1462766E-2,-1.3059126E-1,-3.9684218E-1,-8.54564E-2,-3.386616E-1],"categories":[],"categories_nodes":[],"categories_segments":[],"categories_sizes":[],"default_left":[1,1,0,1,0,1,0,1,1,0,1,0,0,0,0,1,0,0,0,0,0,0,0,0,0,0,0,0,0,0,0,0,0,0,0,0,0,0,0,0,0,0,0],"id":2,"left_children":[1,3,5,7,9,11,-1,13,15,17,19,21,-1,23,25,27,-1,29,-1,-1,-1,31,33,35,-1,-1,-1,37,-1,-1,-1,-1,39,-1,41,-1,-1,-1,-1,-1,-1,-1,-1],"loss_changes":[2.5476257E1,1.0334115E1,2.3458862E0,3.508873E0,3.147734E0,2.3646889E0,0E0,4.7681794E0,3.4036922E0,1.94122E0,4.3612347E0,1.6559944E0,0E0,2.9835658E0,1.8123219E0,1.8631458E0,0E0,2.7223854E0,0E0,0E0,0E0,1.812458E0,3.2841291E0,9.4313145E-1,0E0,0E0,0E0,9.915714E-1,0E0,0E0,0E0,0E0,1.529911E0,0E0,2.9367256E-1,0E0,0E0,0E0,0E0,0E0,0E0,0E0,0E0],"parents":[2147483647,0,0,1,1,2,2,3,3,4,4,5,5,7,7,8,8,9,9,10,10,11,11,13,13,14,14,15,15,17,17,21,21,22,22,23,23,27,27,32,32,34,34],"right_children":[2,4,6,8,10,12,-1,14,16,18,20,22,-1,24,26,28,-1,30,-1,-1,-1,32,34,36,-1,-1,-1,38,-1,-1,-1,-1,40,-1,42,-1,-1,-1,-1,-1,-1,-1,-1],