{"learner":{"attributes":{"best_ntree_limit":"2"},"feature_names":[],"feature_types":["q","q","q","q","q","q","q","q","q","q","q","q","q","q","q","q","q","q","q","q"],"gradient_booster":{"model":{"gbtree_model_param":{"num_parallel_tree":"1","num_trees":"2","size_leaf_vector":"0"},"tree_info":[0,0],"trees":[{"base_weights":[-1.9826218E0,-7.756437E-1,-2.0860384E0,-1.4852588E-1,-1.3141594E0,-1.645641E0,-2.137348E0,-5.218938E-1,6.880915E-1,1.6496335E-1,-1.4531453E0,-1.7538139E0,-5.818482E-1,-2.1420794E0,-1.0001688E-1,-9.662375E-1,2.0266736E-1,3.2473236E-2,2.4098165E-1,-8.4102565E-1,-5.497575E-1,-7.6674946E-2,-1.8214219E0,4.2231527E-1,-4.056363E-1,-1.6783747E-1,-6.440445E-1,-1.4447531E-1,-1.25527E0,2.1859643E-1,-4.2787063E-1,-1.0690266E0,6.468464E-2,-1.8542801E0,-1.6783747E-1,3.2473236E-2,1.6496335E-1,1.6496335E-1,-2.3250699E-1,-4.6702084E-1,-5.157641E-2,3.2473236E-2,-2.3250699E-1,-5.157641E-2,-3.76581E-1,-5.66225E-1,-2.2085612E-1],"categories":[],"categories_nodes":[],"categories_segments":[],"categories_sizes":[],"default_left":[1,0,0,0,0,0,1,0,0,0,1,0,0,1,0,0,0,0,0,0,0,0,1,0,0,0,0,0,0,0,0,0,0,1,0,0,0,0,0,0,0,0,0,0,0,0,0],"id":0,"left_children":[1,3,5,7,9,11,13,15,17,-1,19,21,23,25,-1,27,29,-1,-1,31,-1,-1,33,35,-1,-1,-1,37,39,-1,41,43,-1,45,-1,-1,-1,-1,-1,-1,-1,-1,-1,-1,-1,-1,-1],"loss_changes":[6.143518E1,1.3805792E1,6.9831543E0,6.6941705E0,6.544651E0,5.0596924E0,2.8096924E0,4.8935995E0,3.5981917E-1,0E0,3.315342E0,4.3421936E0,5.500686E0,1.883667E0,0E0,2.0080862E0,2.4255269E0,0E0,0E0,2.6035705E0,0E0,0E0,8.390045E-1,8.184934E-2,0E0,0E0,0E0,1.9710875E0,1.9170885E0,0E0,7.4061966E-1,1.1659164E0,0E0,2.284851E-1,0E0,0E0,0E0,0E0,0E0,0E0,0E0,0E0,0E0,0E0,0E0,0E0,0E0],"parents":[2147483647,0,0,1,1,2,2,3,3,4,4,5,5,6,6,7,7,8,8,10,10,11,11,12,12,13,13,15,15,16,16,19,19,22,22,23,23,27,27,28,28,30,30,31,31,33,33],"right_children":[2,4,6,8,10,12,14,16,18,-1,20,22,24,26,-1,28,30,-1,-1,32,-1,-1,34,36,-1,-1,-1,38,40,-1,42,44,-1,46,-1,-1,-1,-1,-1,-1,-1,-1,-1,-1,-1,-1,-1],"split_conditions":[3E-1,2.00001E0,4.5E-1,5.9E-1,3.1E-1,1.9E-1,9.1E-1,2.6E-1,5.5E-1,1.6496335E-1,1.9E-1,1.7E-1,3.4E-1,7E-2,-1.0001688E-1,1.4E-1,2.5E-1,3.2473236E-2,2.4098165E-1,2.3E-1,-5.497575E-1,-7.6674946E-2,8.5E-1,3.5E-1,-4.056363E-1,-1.6783747E-1,-6.440445E-1,7.9E-1,3.1E-1,2.1859643E-1,5E-1,5.8E-1,6.468464E-2,1.1E-1,-1.6783747E-1,3.2473236E-2,1.6496335E-1,1.6496335E-1,-2.3250699E-1,-4.6702084E-1,-5.157641E-2,3.2473236E-2,-2.3250699E-1,-5.157641E-2,-3.76581E-1,-5.66225E-1,-2.2085612E-1],"split_indices":[9,19,9,8,1,2,18,11,5,0,11,0,2,14,0,11,10,0,0,9,0,0,17,0,0,0,0,5,10,0,1,5,0,19,0,0,0,0,0,0,0,0,0,0,0,0,0],"split_type":[0,0,0,0,0,0,0,0,0,0,0,0,0,0,0,0,0,0,0,0,0,0,0,0,0,0,0,0,0,0,0,0,0,0,0,0,0,0,0,0,0,0,0,0,0,0,0],"sum_hessian":[5.041476E2,4.045824E1,4.6368936E2,1.928088E1,2.117736E1,5.183712E1,4.1185223E2,1.359144E1,5.6894403E0,1.26432E0,1.991304E1,4.646376E1,5.37336E0,4.1058792E2,1.26432E0,8.2180805E0,5.37336E0,1.26432E0,4.42512E0,8.85024E0,1.10628E1,2.21256E0,4.42512E1,2.52864E0,2.8447201E0,1.5804E0,4.0900754E2,2.52864E0,5.6894403E0,2.8447201E0,2.52864E0,7.2698402E0,1.5804E0,4.26708E1,1.5804E0,1.26432E0,1.26432E0,1.26432E0,1.26432E0,4.1090403E0,1.5804E0,1.26432E0,1.26432E0,1.5804E0,5.6894403E0,4.077432E1,1.8964801E0],"tree_param":{"num_deleted":"0","num_feature":"20","num_nodes":"47","size_leaf_vector":"0"}},{"base_weights":[-1.2959325E0,-6.9625086E-1,-1.3756762E0,-9.4571155E-1,3.3172365E-2,-1.3800758E0,-2.0856477E-2,-4.6616298E-1,-1.1317996E0,2.1654004E-1,-1.6493739E-1,-1.3898171E0,-1.0262536E0,-5.2386685E-3,-7.993352E-1,-1.197272E0,-1.370218E-1,-7.1039855E-1,6.0309764E-2,-4.1808608E-1,-7.199674E-1,-1.1670887E0,4.0092494E-2,1.8660063E-1,-3.283862E-1,-1.0300517E0,6.8209763E-3,-1.231374E0,-6.581741E-2,1.4971577E-1,-2.3149872E-1,-3.7550812E-3,-3.4013265E-1,-3.0597892E-1,2.0883101E-1,-4.197812E-2,-3.3001626E-1,-3.787813E-1,-3.2101944E-2,-1.9841734E-1,8.9438885E-2,-3.627397E-1,-4.7580045E-2,-3.7690338E-1,-7.55022E-2,9.221845E-2,-2.390335E-1],"categories":[],"categories_nodes":[],"categories_segments":[],"categories_sizes":[],"default_left":[1,1,1,1,1,1,0,0,1,0,0,1,0,0,0,0,0,0,0,0,0,1,0,0,1,0,0,0,0,0,0,0,0,0,0,0,0,0,0,0,0,0,0,0,0,0,0],"id":1,"left_children":[1,3,5,7,9,11,-1,13,15,-1,17,19,21,23,25,27,29,31,33,-1,35,37,-1,-1,39,41,-1,43,-1,-1,-1,-1,-1,45,-1,-1,-1,-1,-1,-1,-1,-1,-1,-1,-1,-1,-1],"loss_changes":[2.4517395E1,1.1777044E1,2.6002197E0,3.7677727E0,2.495031E0,1.8511963E-1,0E0,2.3234015E0,2.0488853E0,0E0,1.8046013E0,1.486206E-1,2.8268337E0,1.6972425E0,1.6907697E0,7.886238E-1,1.6879227E0,1.247159E0,2.7910483E0,0E0,8.649769E-1,1.3515682E0,0E0,0E0,1.347954E0,8.828721E-1,0E0,4.2904663E-1,0E0,0E0,0E0,0E0,0E0,2.5684836E0,0E0,0E0,0E0,0E0,0E0,0E0,0E0,0E0,0E0,0E0,0E0,0E0,0E0],"parents":[2147483647,0,0,1,1,2,2,3,3,4,4,5,5,7,7,8,8,10,10,11,11,12,12,13,13,14,14,15,15,16,16,17,17,18,18,20,20,21,21,24,24,25,25,27,27,33,33],"right_children":[2,4,6,8,10,12,-1,14,16,-1,18,20,22,24,26,28,30,32,34,-1,36,38,-1,-1,40,42,-1,44,-1,-1,-1,-1,-1,46,-1,-1,-1,-1,-1,-1,-1,-1,-1,-1,-1,-1,-1],"split_conditions":[3.9E-1,5E-2,9.1E-1,1.9E-1,1.5E-1,7.6E-1,-2.0856477E-2,3.8E-1,8.8E-1,2.1654004E-1,6.2E-1,7.4E-1,5E-1,6E-2,3.1E-1,3.4E-1,7.1E-1,1.3E-1,5.6E-1,-4.1808608E-1,8.5E-1,1.5E-1,4.0092494E-2,1.8660063E-1,9E-2,4.5E-1,6.8209763E-3,4.7E-1,-6.581741E-2,1.4971577E-1,-2.3149872E-1,-3.7550812E-3,-3.4013265E-1,5.3E-1,2.0883101E-1,-4.197812E-2,-3.3001626E-1,-3.787813E-1,-3.2101944E-2,-1.9841734E-1,8.9438885E-2,-3.627397E-1,-4.7580045E-2,-3.7690338E-1,-7.55022E-2,9.221845E-2,-2.390335E-1],"split_indices":[9,19,18,11,14,6,0,14,17,0,6,13,8,18,0,15,6,18,8,0,13,2,0,0,11,14,0,11,0,0,0,0,0,1,0,0,0,0,0,0,0,0,0,0,0,0,0],"split_type":[0,0,0,0,0,0,0,0,0,0,0,0,0,0,0,0,0,0,0,0,0,0,0,0,0,0,0,0,0,0,0,0,0,0,0,0,0,0,0,0,0,0,0,0,0,0,0],"sum_hessian":[5.317221E2,6.3549976E1,4.6817212E2,4.7133823E1,1.6416155E1,4.66544E2,1.6281097E0,1.4156811E1,3.297701E1,3.0770216E0,1.3339134E1,4.5119385E2,1.5350151E1,6.3658094E0,7.791002E0,3.0749634E1,2.2273762E0,3.2690067E0,1.00701275E1,4.4757224E2,3.6216013E0,1.36826E1,1.6675509E0,1.8500239E0,4.5157857E0,5.8860674E0,1.9049346E0,2.9462934E1,1.2866998E0,1.2191336E0,1.0082426E0,1.623101E0,1.6459059E0,6.7183475E0,3.35178E0,1.9752972E0,1.6463041E0,1.2376417E1,1.3061829E0,2.9122205E0,1.603565E0,4.5612516E0,1.3248155E0,2.845529E1,1.0076448E0,3.1523728E0,3.5659747E0],"tree_param":{"num_deleted":"0","num_feature":"20","num_nodes":"47","size_leaf_vector":"0"}}]},"name":"gbtree"},"learner_model_param":{"base_score":"5E-1","num_class":"0","num_feature":"20","num_target":"1"},"objective":{"name":"reg:squarederror","reg_loss_param":{"scale_pos_weight":"1"}}},"version":[1,6,2]}