{"learner":{"attributes":{"best_ntree_limit":"10"},"feature_names":[],"feature_types":["q","q","q","q","q","q","q","q","q","q","q","q","q","q","q","q","q","q","q","q"],"gradient_booster":{"model":{"gbtree_model_param":{"num_parallel_tree":"1","num_trees":"5","size_leaf_vector":"0"},"tree_info":[0,0,0,0,0],"trees":[{"base_weights":[-1.9590548E0,-5.134992E-1,-2.0782602E0,1.4528354E-1,-1.0111954E0,-2.0940523E0,-3.4283796E-1,-2.9522395E-1,8.2659316E-1,-1.2842498E0,-9.9318765E-2,-6.394094E-1,-1.5596776E0,-1.0084699E0,2.3316278E-1,-9.0624535E-1,5.0375974E-1,6.427093E-2,3.1228584E-1,-1.4875029E0,-1.6857623E-1,2.757351E-1,-1.0084699E0,-1.7889596E0,-2.7002558E-1,-3.8442042E-1,-6.857081E-2,-1.2920574E0,2.9313175E-2,2.936045E-1,-1.3738716E-1,-1.6443899E0,-8.1200875E-2,-2.609038E-1,2.1140294E-1,-6.857081E-2,-3.8442042E-1,-1.8473698E0,-1.3738716E-1,3.45547E-1,-3.8442042E-1,-6.857081E-2,-4.7051975E-1,-5.2632415E-1,-1.9171493E-1,-5.7188195E-1,-2.3569392E-1,-1.3738716E-1,2.6424748E-1],"categories":[],"categories_nodes":[],"categories_segments":[],"categories_sizes":[],"default_left":[1,0,1,0,0,1,0,0,0,0,0,0,0,0,0,0,0,0,0,0,0,0,0,1,0,0,0,0,0,0,0,1,0,0,0,0,0,0,0,0,0,0,0,0,0,0,0,0,0],"id":0,"left_children":[1,3,5,7,9,11,13,15,17,19,21,-1,23,25,-1,27,29,-1,-1,31,33,-1,35,37,39,-1,-1,41,-1,-1,-1,43,-1,-1,-1,-1,-1,45,-1,47,-1,-1,-1,-1,-1,-1,-1,-1,-1],"loss_changes":[7.769592E1,1.19992285E1,1.0845703E1,5.17542E0,5.031002E0,5.008667E0,4.5120125E0,5.6880364E0,6.584692E-1,3.345667E0,6.3508916E0,0E0,8.685013E0,4.674194E-1,0E0,2.6166496E0,2.8627377E0,0E0,0E0,2.0916367E0,2.7996914E0,0E0,4.674194E-1,1.1867828E0,4.089828E0,0E0,0E0,1.0271659E0,0E0,0E0,0E0,1.5898132E-1,0E0,0E0,0E0,0E0,0E0,4.8210144E-2,0E0,2.3083596E0,0E0,0E0,0E0,0E0,0E0,0E0,0E0,0E0,0E0],"parents":[2147483647,0,0,1,1,2,2,3,3,4,4,5,5,6,6,7,7,8,8,9,9,10,10,12,12,13,13,15,15,16,16,19,19,20,20,22,22,23,23,24,24,27,27,31,31,37,37,39,39],"right_children":[2,4,6,8,10,12,14,16,18,20,22,-1,24,26,-1,28,30,-1,-1,32,34,-1,36,38,40,-1,-1,42,-1,-1,-1,44,-1,-1,-1,-1,-1,46,-1,48,-1,-1,-1,-1,-1,-1,-1,-1,-1],"split_conditions":[2.9E-1,1E0,4.8E-1,2.6E-1,7E-2,5E-1,4.7E-1,5.6E-1,2.7E-1,7.4E-1,1.4E-1,-6.394094E-1,7E-1,4.9E-1,2.3316278E-1,2.6E-1,2.2E-1,6.427093E-2,3.1228584E-1,3.5E-1,5E-1,2.757351E-1,6.5E-1,2.4E-1,7.9E-1,-3.8442042E-1,-6.857081E-2,1.4E-1,2.9313175E-2,2.936045E-1,-1.3738716E-1,7.3E-1,-8.1200875E-2,-2.609038E-1,2.1140294E-1,-6.857081E-2,-3.8442042E-1,7.7E-1,-1.3738716E-1,6.4E-1,-3.8442042E-1,-6.857081E-2,-4.7051975E-1,-5.2632415E-1,-1.9171493E-1,-5.7188195E-1,-2.3569392E-1,-1.3738716E-1,2.6424748E-1],"split_indices":[9,19,18,11,15,13,3,8,14,6,15,0,6,0,0,10,11,0,0,0,1,0,6,19,5,0,0,11,0,0,0,17,0,0,0,0,0,1,0,5,0,0,0,0,0,0,0,0,0],"split_type":[0,0,0,0,0,0,0,0,0,0,0,0,0,0,0,0,0,0,0,0,0,0,0,0,0,0,0,0,0,0,0,0,0,0,0,0,0,0,0,0,0,0,0,0,0,0,0,0,0],"sum_hessian":[4.5608017E2,3.5149036E1,4.2093112E2,1.5431284E1,1.9717752E1,4.1693042E2,4.0007033E0,9.715994E0,5.71529E0,1.4859755E1,4.857997E0,3.8692514E2,3.0005274E1,2.5718806E0,1.4288225E0,5.429526E0,4.2864676E0,2.0003517E0,3.7149386E0,1.2287874E1,2.5718806E0,2.2861161E0,2.5718806E0,2.5147278E1,4.857997E0,1.4288225E0,1.1430581E0,3.7149386E0,1.7145871E0,2.857645E0,1.4288225E0,1.0573287E1,1.7145871E0,1.4288225E0,1.1430581E0,1.1430581E0,1.4288225E0,2.3718454E1,1.4288225E0,3.4291742E0,1.4288225E0,1.1430581E0,2.5718806E0,8.8587E0,1.7145871E0,2.1718103E1,2.0003517E0,1.4288225E0,2.0003517E0],"tree_param":{"num_deleted":"0","num_feature":"20","num_nodes":"49","size_leaf_vector":"0"}},{"base_weights":[-1.4019419E0,-4.964011E-1,-1.4725025E0,-7.1436386E-3,-8.408614E-1,-1.5049683E0,-1.0486571E0,-3.170803E-1,6.787983E-1,-1.3902733E-1,-1.0265622E0,-1.17999144E-1,-4.5218554E-1,-1.2066501E0,1.3456939E-1,-6.610128E-1,5.2995205E-1,2.4767996E-1,1.4068497E-2,-2.7166978E-1,2.788526E-1,4.3706626E-2,-1.2206022E0,-1.0736101E-1,-1.3032895E0,-3.1238735E-1,1.995379E-1,-9.7661644E-1,2.4427501E-2,1.3373496E-2,2.0784238E-1,2.2907367E-1,-1.645715E-1,-1.8551399E-1,1.9003686E-1,-1.3146055E0,-3.2928295E-2,-2.2036596E-1,2.0131609E-1,-1.08698905E-1,-1.3535035E0,1.7740665E-2,-1.6312543E-1,-5.406463E-2,-3.8000044E-1,1.8320896E-1,-2.0323329E-1,-4.472118E-1,-3.9200988E-2,-4.149049E-1,-1.2071864E-1],"categories":[],"categories_nodes":[],"categories_segments":[],"categories_sizes":[],"default_left":[1,0,1,0,0,0,0,0,0,0,1,0,0,0,0,0,0,0,0,0,0,0,0,0,0,0,0,0,0,0,0,0,0,0,0,0,0,0,0,0,1,0,0,0,0,0,0,0,0,0,0],"id":1,"left_children":[1,3,5,7,9,11,13,15,17,19,21,-1,-1,23,25,27,29,-1,-1,-1,31,33,35,37,39,41,-1,43,45,-1,-1,-1,-1,-1,-1,47,-1,-1,-1,-1,49,-1,-1,-1,-1,-1,-1,-1,-1,-1,-1],"loss_changes":[3.0028809E1,6.113078E0,4.5603027E0,3.6189163E0,2.6331673E0,4.6844482E-1,6.7123337E0,3.7613711E0,4.5302582E-1,2.050489E0,3.5185509E0,0E0,0E0,3.1544533E0,1.3998617E0,1.9215975E0,2.802708E-1,0E0,0E0,0E0,2.1824949E0,1.768603E0,1.3342762E0,2.2483659E0,8.521652E-1,3.2517353E-1,0E0,1.1649151E0,1.9532274E0,0E0,0E0,0E0,0E0,0E0,0E0,2.5080128E0,0E0,0E0,0E0,0E0,1.904068E-1,0E0,0E0,0E0,0E0,0E0,0E0,0E0,0E0,0E0,0E0],"parents":[2147483647,0,0,1,1,2,2,3,3,4,4,5,5,6,6,7,7,8,8,9,9,10,10,13,13,14,14,15,15,16,16,20,20,21,21,22,22,23,23,24,24,25,25,27,27,28,28,35,35,40,40],"right_children":[2,4,6,8,10,12,14,16,18,20,22,-1,-1,24,26,28,30,-1,-1,-1,32,34,36,38,40,42,-1,44,46,-1,-1,-1,-1,-1,-1,48,-1,-1,-1,-1,50,-1,-1,-1,-1,-1,-1,-1,-1,-1,-1],"split_conditions":[2.9E-1,1E0,7E-2,2.5E-1,4.2E-1,1.2E-1,7.6E-1,2.6E-1,8.2E-1,3.1E-1,9E-2,-1.17999144E-1,-4.5218554E-1,2.2E-1,4.7E-1,5.6E-1,6E-2,2.4767996E-1,1.4068497E-2,-2.7166978E-1,3.4E-1,6.4E-1,3.4E-1,2.4E-1,3.6E-1,2.8E-1,1.995379E-1,6.7E-1,2.2E-1,1.3373496E-2,2.0784238E-1,2.2907367E-1,-1.645715E-1,-1.8551399E-1,1.9003686E-1,9.2E-1,-3.2928295E-2,-2.2036596E-1,2.0131609E-1,-1.08698905E-1,5.8E-1,1.7740665E-2,-1.6312543E-1,-5.406463E-2,-3.8000044E-1,1.8320896E-1,-2.0323329E-1,-4.472118E-1,-3.9200988E-2,-4.149049E-1,-1.2071864E-1],"split_indices":[9,19,12,9,8,8,7,11,1,0,9,0,0,14,13,8,15,0,0,0,10,6,11,18,8,2,0,6,11,0,0,0,0,0,0,1,0,0,0,0,16,0,0,0,0,0,0,0,0,0,0],"split_type":[0,0,0,0,0,0,0,0,0,0,0,0,0,0,0,0,0,0,0,0,0,0,0,0,0,0,0,0,0,0,0,0,0,0,0,0,0,0,0,0,0,0,0,0,0,0,0,0,0,0,0],"sum_hessian":[4.804077E2,3.530863E1,4.450991E2,1.5009905E1,2.0298725E1,4.1106168E2,3.4037407E1,1.0708921E1,4.300984E0,4.6130223E0,1.5685703E1,1.2101108E0,4.0985156E2,3.0010399E1,4.0270085E0,7.77254E0,2.9363813E0,3.2414203E0,1.0595636E0,1.2157894E0,3.397233E0,2.5262709E0,1.3159432E1,2.5956278E0,2.741477E1,2.408894E0,1.6181144E0,5.031184E0,2.741356E0,1.0577134E0,1.8786678E0,2.190906E0,1.2063271E0,1.1672747E0,1.3589962E0,1.1963597E1,1.1958349E0,1.4686441E0,1.1269839E0,1.8050799E0,2.5609692E1,1.2101108E0,1.1987832E0,1.776028E0,3.255156E0,1.5644685E0,1.1768875E0,1.0188964E1,1.7746339E0,2.43985E1,1.2111907E0],"tree_param":{"num_deleted":"0","num_feature":"20","num_nodes":"51","size_leaf_vector":"0"}},{"base_weights":[-1.1581365E0,-6.1754113E-1,-1.2344735E0,-7.462292E-1,2.9344884E-1,-1.2513796E0,-6.805053E-1,-3.3457857E-1,-9.3837684E-1,5.058882E-1,-1.2312375E-1,-9.5716745E-1,-1.267939E0,-8.9605874E-1,2.8149676E-1,-9.2926884E-1,-6.895314E-2,-1.3309129E-1,-1.015107E0,-3.9162785E-2,2.4621712E-1,-1.1261741E0,2.2782432E-1,-3.813805E-1,-5.32863E-1,-1.0809046E0,-7.838521E-2,-3.7951615E-1,5.068507E-2,-5.0607E-1,4.6783867E-1,1.4547901E-1,-2.3046832E-1,-6.0891527E-1,-1.156011E0,-1.2110401E0,-3.1868473E-2,3.492702E-1,-2.4104695E-1,3.3312438E-3,-2.4692585E-1,-7.478895E-2,-3.4713525E-1,1.2167046E-1,-1.580462E-1,4.832571E-2,-3.2906455E-1,-5.862364E-2,2.2331959E-1,-2.3347609E-1,3.9820626E-2,-8.747535E-2,-3.5623986E-1,-1.1559986E-1,-3.7629846E-1],"categories":[],"categories_nodes":[],"categories_segments":[],"categories_sizes":[],"default_left":[1,1,1,1,0,0,0,0,0,0,0,1,1,1,0,0,0,0,0,0,0,0,0,0,0,0,0,0,0,0,0,0,0,0,1,0,0,0,0,0,0,0,0,0,0,0,0,0,0,0,0,0,0,0,0],"id":2,"left_children":[1,3,5,7,9,11,13,15,17,19,-1,21,23,25,-1,27,29,31,33,-1,-1,35,37,-1,39,41,43,-1,-1,45,47,-1,-1,49,51,53,-1,-1,-1,-1,-1,-1,-1,-1,-1,-1,-1,-1,-1,-1,-1,-1,-1,-1,-1],