{"learner":{"attributes":{"best_ntree_limit":"6"},"feature_names":[],"feature_types":["q","q","q","q","q","q","q","q","q","q","q","q","q","q","q","q","q","q","q","q"],"gradient_booster":{"model":{"gbtree_model_param":{"num_parallel_tree":"1","num_trees":"6","size_leaf_vector":"0"},"tree_info":[0,0,0,0,0,0],"trees":[{"base_weights":[-2.3860755E0,-1.0727307E0,-2.5706656E0,-1.512665E0,1.9909798E-1,-2.582412E0,-1.54297E-1,-3.923E-1,-1.9819826E0,-5.1723534E-1,6.2350255E-1,-2.5883205E0,-1.5341894E-1,-8.806444E-1,5.885253E-1,-2.063576E0,-1.5393597E-1,-8.658242E-1,1.2244079E-1,3.1705413E-2,3.6961573E-1,-2.1594276E-1,-7.782697E-1,-5.395256E-1,-2.745678E-1,3.380924E-1,-1.5341894E-1,-2.1228278E0,-1.5341894E-1,3.301761E-2,-4.145452E-1,2.997458E-1,-6.464616E-1,-2.7247164E-1,1.5898988E-1,-6.566154E-1,-1.5341894E-1,1.2244079E-1,-3.8077685E-1],"categories":[],"categories_nodes":[],"categories_segments":[],"categories_sizes":[],"default_left":[1,1,1,1,0,1,0,1,1,0,0,1,0,0,0,0,0,0,0,0,0,0,0,0,0,0,0,1,0,0,0,0,1,0,0,0,0,0,0],"id":0,"left_children":[1,3,5,7,9,11,-1,13,15,17,19,21,-1,23,25,27,-1,29,-1,31,-1,-1,-1,-1,33,-1,-1,35,-1,-1,-1,-1,37,-1,-1,-1,-1,-1,-1],"loss_changes":[8.8298096E1,2.7158596E1,6.6088867E0,1.8036125E1,4.3416367E0,2.6713867E0,0E0,6.175123E0,1.9338226E0,2.1162643E0,3.1139903E0,1.7260742E0,0E0,4.114737E0,3.2563043E0,1.0596085E0,0E0,2.3123317E0,0E0,4.2314963E0,0E0,0E0,0E0,0E0,3.6269035E0,0E0,0E0,1.2325592E0,0E0,0E0,0E0,0E0,3.0270252E0,0E0,0E0,0E0,0E0,0E0,0E0],"parents":[2147483647,0,0,1,1,2,2,3,3,4,4,5,5,7,7,8,8,9,9,10,10,11,11,13,13,14,14,15,15,17,17,19,19,24,24,27,27,32,32],"right_children":[2,4,6,8,10,12,-1,14,16,18,20,22,-1,24,26,28,-1,30,-1,32,-1,-1,-1,-1,34,-1,-1,36,-1,-1,-1,-1,38,-1,-1,-1,-1,-1,-1],"split_conditions":[3.9E-1,5E-2,4.2E-1,1.9E-1,6.8E-1,8.1E-1,-1.54297E-1,7E-2,5.6E-1,4.6E-1,5.6E-1,9E-2,-1.5341894E-1,6.4E-1,2.4E-1,3.9E-1,-1.5393597E-1,1.4E-1,1.2244079E-1,5.1E-1,3.6961573E-1,-2.1594276E-1,-7.782697E-1,-5.395256E-1,1.7E-1,3.380924E-1,-1.5341894E-1,9.7E-1,-1.5341894E-1,3.301761E-2,-4.145452E-1,2.997458E-1,1.1E-1,-2.7247164E-1,1.5898988E-1,-6.566154E-1,-1.5341894E-1,1.2244079E-1,-3.8077685E-1],"split_indices":[9,19,12,11,6,13,0,12,14,18,8,14,0,6,2,15,0,12,0,1,0,0,0,0,11,0,0,17,0,0,0,0,10,0,0,0,0,0,0],"split_type":[0,0,0,0,0,0,0,0,0,0,0,0,0,0,0,0,0,0,0,0,0,0,0,0,0,0,0,0,0,0,0,0,0,0,0,0,0,0,0],"sum_hessian":[3.7459592E2,4.700074E1,3.2759518E2,3.478055E1,1.2220193E1,3.2548013E2,2.1150334E0,1.0810171E1,2.3970379E1,4.4650707E0,7.755122E0,3.243051E2,1.1750185E0,7.2851152E0,3.5250556E0,2.2325352E1,1.645026E0,3.290052E0,1.1750185E0,4.4650707E0,3.290052E0,1.4100223E0,3.228951E2,2.1150334E0,5.1700816E0,2.350037E0,1.1750185E0,2.1150333E1,1.1750185E0,1.4100223E0,1.8800297E0,1.645026E0,2.8200445E0,2.8200445E0,2.350037E0,1.9975315E1,1.1750185E0,1.1750185E0,1.645026E0],"tree_param":{"num_deleted":"0","num_feature":"20","num_nodes":"39","size_leaf_vector":"0"}},{"base_weights":[-1.5800344E0,-5.972532E-1,-1.6780051E0,-8.8490725E-1,2.5915283E-1,-1.7103944E0,-1.1469569E0,-2.5704837E-1,-1.2252036E0,-4.6202844E-1,8.015209E-1,-9.866871E-2,-5.1431966E-1,-1.2721047E0,1.8682E-1,-1.1380466E0,1.1752898E-1,4.3983925E-2,-1.3809779E0,-9.21875E-1,1.3591398E-1,-1.43078705E-2,3.5178348E-1,-1.4520438E0,-4.7437727E-1,-1.20113224E-1,-4.0919578E-1,7.2405744E-1,-6.3924116E-1,-4.7474074E-1,-6.965877E-1,-2.6885608E-2,-3.790141E-1,-4.5587605E-1,-1.22147515E-1,1.3374354E-1,-2.8897408E-1,2.3067156E-3,3.2985356E-1,-3.614028E-1,2.0801954E-2,4.3983925E-2,-3.3762914E-1,1.6898549E-1,-1.07954115E-1],"categories":[],"categories_nodes":[],"categories_segments":[],"categories_sizes":[],"default_left":[1,1,1,1,0,0,0,0,0,0,0,0,0,0,0,0,1,0,1,0,0,0,0,0,0,0,0,0,0,0,0,0,0,0,0,1,0,0,0,0,0,0,0,0,0],"id":1,"left_children":[1,3,5,7,9,11,13,15,17,19,21,-1,-1,23,-1,25,27,-1,29,31,-1,-1,-1,33,35,-1,-1,37,39,-1,41,-1,-1,-1,-1,43,-1,-1,-1,-1,-1,-1,-1,-1,-1],"loss_changes":[3.6611023E1,9.335643E0,4.138916E0,5.6455765E0,4.3082733E0,1.274231E0,5.98011E0,3.7872572E0,4.0118294E0,2.503036E0,1.9820004E0,0E0,0E0,2.4987144E0,0E0,1.9976616E-2,4.4445477E0,0E0,1.1184521E0,9.178829E-1,0E0,0E0,0E0,6.257973E-1,1.785414E0,0E0,0E0,1.412811E0,1.8425949E0,0E0,2.135447E0,0E0,0E0,0E0,0E0,9.153588E-1,0E0,0E0,0E0,0E0,0E0,0E0,0E0,0E0,0E0],"parents":[2147483647,0,0,1,1,2,2,3,3,4,4,5,5,6,6,7,7,8,8,9,9,10,10,13,13,15,15,16,16,18,18,19,19,23,23,24,24,27,27,28,28,30,30,35,35],"right_children":[2,4,6,8,10,12,14,16,18,20,22,-1,-1,24,-1,26,28,-1,30,32,-1,-1,-1,34,36,-1,-1,38,40,-1,42,-1,-1,-1,-1,44,-1,-1,-1,-1,-1,-1,-1,-1,-1],"split_conditions":[3.4E-1,5E-2,4.9E-1,1.9E-1,2.5E-1,1.1E-1,5.2E-1,1.3E-1,3.7E-1,3.5E-1,4.6E-1,-9.866871E-2,-5.1431966E-1,6.4E-1,1.8682E-1,8.1E-1,2E-1,4.3983925E-2,3.5E-1,1.1E-1,1.3591398E-1,-1.43078705E-2,3.5178348E-1,7.2E-1,3.7E-1,-1.20113224E-1,-4.0919578E-1,1.2E-1,6.2E-1,-4.7474074E-1,3.9E-1,-2.6885608E-2,-3.790141E-1,-4.5587605E-1,-1.22147515E-1,5E-2,-2.8897408E-1,2.3067156E-3,3.2985356E-1,-3.614028E-1,2.0801954E-2,4.3983925E-2,-3.3762914E-1,1.6898549E-1,-1.07954115E-1],"split_indices":[9,19,13,11,11,16,15,10,1,18,8,0,0,1,0,13,10,0,10,19,0,0,0,6,14,0,0,9,5,0,10,0,0,0,0,18,0,0,0,0,0,0,0,0,0],"split_type":[0,0,0,0,0,0,0,0,0,0,0,0,0,0,0,0,0,0,0,0,0,0,0,0,0,0,0,0,0,0,0,0,0,0,0,0,0,0,0,0,0,0,0,0,0],"sum_hessian":[3.8964877E2,3.5965153E1,3.5368362E2,2.6897429E1,9.067726E0,3.3125894E2,2.242468E1,1.00711565E1,1.6826271E1,3.9558287E0,5.1118975E0,1.1976738E0,3.3006125E2,2.1206205E1,1.218475E0,2.3964767E0,7.6746798E0,1.7218355E0,1.5104436E1,2.6278443E0,1.3279842E0,1.8195257E0,3.2923715E0,1.663395E1,4.572256E0,1.2118769E0,1.1845999E0,4.2842274E0,3.3904524E0,1.0655206E1,4.4492297E0,1.1318709E0,1.4959736E0,1.5197266E1,1.4366835E0,2.3613362E0,2.2109199E0,1.8241746E0,2.4600527E0,1.496304E0,1.8941483E0,1.7218355E0,2.727394E0,1.187088E0,1.1742481E0],"tree_param":{"num_deleted":"0","num_feature":"20","num_nodes":"45","size_leaf_vector":"0"}},{"base_weights":[-1.2796462E0,-5.650351E-1,-1.3860766E0,-8.1785315E-1,1.9954401E-1,-1.3928486E0,6.7298585E-3,-2.5602496E-1,-1.0455819E0,-9.144916E-2,8.4717625E-1,-6.153846E-1,-1.4055108E0,2.7816296E-1,-7.2556704E-1,-6.796613E-1,-1.398621E0,5.176527E-1,-5.204357E-1,2.9868853E-1,6.192824E-2,1.6539033E-1,-3.2943186E-1,-4.2581114E-1,-8.6827517E-1,-1.290765E-1,2.7444947E-1,-9.944366E-1,9.637382E-2,-3.9759704E-1,8.570077E-3,-1.4515717E-1,-4.4227096E-1,2.77901E-1,-6.6053327E-3,2.1617083E-1,-9.571997E-1,-3.5850602E-1,2.0607178E-1,1.9206293E-1,-2.390392E-1,-3.3837903E-1,-8.53104E-2,-2.3567316E-1,1.3144648E-1,4.031509E-2,-4.046919E-1,-1.12063795E-1,2.0871885E-1],"categories":[],"categories_nodes":[],"categories_segments":[],"categories_sizes":[],"default_left":[1,1,1,1,0,0,0,0,0,1,0,0,1,1,0,0,0,0,1,0,0,0,0,0,0,0,0,0,0,0,0,0,0,0,0,0,0,0,0,0,0,0,0,0,0,0,0,0,0],"id":2,"left_children":[1,3,5,7,9,11,-1,13,15,17,19,21,23,25,27,29,31,33,35,-1,-1,-1,-1,-1,37,39,-1,41,-1,-1,43,-1,-1,-1,-1,-1,45,-1,47,-1,-1,-1,-1,-1,-1,-1,-1,-1,-1],"loss_changes":[2.5596619E1,9.1804695E0,2.9042358E0,4.2427654E0,2.4135752E0,2.0861206E0,0E0,3.0843482E0,2.2481499E0,2.7401035E0,1.6929126E-1,4.3127265E0,9.5806885E-1,1.6993854E0,2.1188993E0,6.2787013E0,9.300041E-2,9.92779E-1,3.9672146E0,0E0,0E0,0E0,0E0,0E0,3.7475533E0,2.870942E0,0E0,1.845727E-1,0E0,0E0,3.0122113E0,0E0,0E0,0E0,0E0,0E0,2.277677E0,0E0,1.1621218E0,0E0,0E0,0E0,0E0,0E0,0E0,0E0,0E0,0E0,0E0],"parents":[2147483647,0,0,1,1,2,2,3,3,4,4,5,5,7,7,8,8,9,9,10,10,11,11,12,12,13,13,14,14,15,15,16,16,17,17,18,18,24,24,25,25,27,27,30,30,36,36,38,38],"right_children":[2,4,6,8,10,12,-1,14,16,18,20,22,24,26,28,30,32,34,36,-1,-1,-1,-1,-1,38,40,-1,42,-1,-1,44,-1,-1,-1,-1,-1,46,-1,48,-1,-1,-1,-1,-1,-1,-1,-1,-1,-1],