{"learner":{"attributes":{"best_ntree_limit":"9"},"feature_names":[],"feature_types":["q","q","q","q","q","q","q","q","q","q","q","q","q","q","q","q","q","q","q","q"],"gradient_booster":{"model":{"gbtree_model_param":{"num_parallel_tree":"1","num_trees":"4","size_leaf_vector":"0"},"tree_info":[0,0,0,0],"trees":[{"base_weights":[-1.9611069E0,-6.3001984E-1,-2.0754724E0,5.588107E-2,-1.2262734E0,-1.5895274E0,-2.1322138E0,-3.5865423E-1,9.4335234E-1,2.1140294E-1,-1.3795038E0,-1.7090443E0,-4.407324E-1,-2.137446E0,-6.857081E-2,-8.522002E-1,4.128017E-1,7.141607E-2,3.1708956E-1,-7.142064E-1,-5.395341E-1,-3.571736E-2,-1.7837017E0,1.8444192E-1,-3.8653037E-1,-1.3738716E-1,-6.4280486E-1,6.185169E-3,-1.1726153E0,2.8538463E-1,-2.9812545E-1,-9.6619135E-1,1.0964613E-1,-1.8199917E0,-1.3738716E-1,2.1140294E-1,-2.085577E-1,-4.512448E-1,-1.387052E-2,7.141607E-2,-2.085577E-1,-1.387052E-2,-3.517846E-1,-5.569773E-1,-1.9171493E-1],"categories":[],"categories_nodes":[],"categories_segments":[],"categories_sizes":[],"default_left":[1,0,0,0,0,0,1,0,0,0,1,0,0,1,0,0,0,0,0,0,0,0,1,0,0,0,0,0,0,0,0,0,0,1,0,0,0,0,0,0,0,0,0,0,0],"id":0,"left_children":[1,3,5,7,9,11,13,15,17,-1,19,21,23,25,-1,27,29,-1,-1,31,-1,-1,33,-1,-1,-1,-1,35,37,-1,39,41,-1,43,-1,-1,-1,-1,-1,-1,-1,-1,-1,-1,-1],"loss_changes":[6.823047E1,1.5436773E1,8.19751E0,7.119118E0,6.932974E0,5.8187027E0,3.2299805E0,5.411134E0,2.4069118E-1,0E0,4.0121346E0,4.892784E0,6.03377E0,2.2923584E0,0E0,2.3258033E0,2.5261612E0,0E0,0E0,2.802112E0,0E0,0E0,1.1394348E0,0E0,0E0,0E0,0E0,2.099774E0,2.224741E0,0E0,8.651035E-1,1.3838248E0,0E0,5.241699E-1,0E0,0E0,0E0,0E0,0E0,0E0,0E0,0E0,0E0,0E0,0E0],"parents":[2147483647,0,0,1,1,2,2,3,3,4,4,5,5,6,6,7,7,8,8,10,10,11,11,12,12,13,13,15,15,16,16,19,19,22,22,27,27,28,28,30,30,31,31,33,33],"right_children":[2,4,6,8,10,12,14,16,18,-1,20,22,24,26,-1,28,30,-1,-1,32,-1,-1,34,-1,-1,-1,-1,36,38,-1,40,42,-1,44,-1,-1,-1,-1,-1,-1,-1,-1,-1,-1,-1],"split_conditions":[3E-1,2.00001E0,4.5E-1,5.9E-1,3.1E-1,1.9E-1,9.1E-1,2.6E-1,5.5E-1,2.1140294E-1,1.9E-1,1.7E-1,3.4E-1,7E-2,-6.857081E-2,1.4E-1,2.5E-1,7.141607E-2,3.1708956E-1,2.3E-1,-5.395341E-1,-3.571736E-2,8.5E-1,1.8444192E-1,-3.8653037E-1,-1.3738716E-1,-6.4280486E-1,7.9E-1,3.1E-1,2.8538463E-1,5E-1,5.8E-1,1.0964613E-1,1.1E-1,-1.3738716E-1,2.1140294E-1,-2.085577E-1,-4.512448E-1,-1.387052E-2,7.141607E-2,-2.085577E-1,-1.387052E-2,-3.517846E-1,-5.569773E-1,-1.9171493E-1],"split_indices":[9,19,9,8,1,2,18,11,5,0,11,0,2,14,0,11,10,0,0,9,0,0,17,0,0,0,0,5,10,0,1,5,0,19,0,0,0,0,0,0,0,0,0,0,0],"split_type":[0,0,0,0,0,0,0,0,0,0,0,0,0,0,0,0,0,0,0,0,0,0,0,0,0,0,0,0,0,0,0,0,0,0,0,0,0,0,0,0,0,0,0,0,0],"sum_hessian":[4.557944E2,3.6577858E1,4.1921655E2,1.7431635E1,1.9146223E1,4.686538E1,3.7235117E2,1.2287874E1,5.143761E0,1.1430581E0,1.8003164E1,4.2007385E1,4.857997E0,3.712081E2,1.1430581E0,7.4298773E0,4.857997E0,1.1430581E0,4.0007033E0,8.001407E0,1.0001758E1,2.0003517E0,4.000703E1,2.2861161E0,2.5718806E0,1.4288225E0,3.697793E2,2.2861161E0,5.143761E0,2.5718806E0,2.2861161E0,6.5725837E0,1.4288225E0,3.857821E1,1.4288225E0,1.1430581E0,1.1430581E0,3.7149386E0,1.4288225E0,1.1430581E0,1.1430581E0,1.4288225E0,5.143761E0,3.686362E1,1.7145871E0],"tree_param":{"num_deleted":"0","num_feature":"20","num_nodes":"45","size_leaf_vector":"0"}},{"base_weights":[-1.401145E0,-5.206468E-1,-1.4683329E0,6.0590478E-3,-9.3224657E-1,-1.4737184E0,9.2678145E-2,-2.430719E-1,6.704135E-1,1.13018684E-1,-1.0532357E0,-1.5023742E0,-1.0905135E0,3.2408473E-1,-6.4478415E-1,2.4502309E-1,2.5383458E-2,-3.9972007E-2,-1.1926361E0,-3.964981E-2,-4.5178816E-1,-1.2745295E0,-1.6502221E-1,2.2866821E-1,-2.572754E-1,-1.1637596E0,2.0163065E-1,-2.0669179E-1,1.9152352E-1,-3.181928E-1,-4.1534176E-1,-1.3197546E0,-8.173736E-2,2.5889608E-1,-6.07215E-1,-2.0579779E-1,8.524729E-2,-1.0279068E-1,-4.2116433E-1,-3.2411635E-1,1.4864936E-1,-4.159662E-1,-1.9199765E-1,-3.0459175E-1,9.698533E-2],"categories":[],"categories_nodes":[],"categories_segments":[],"categories_sizes":[],"default_left":[1,0,1,0,0,1,0,0,0,0,1,0,0,0,0,0,0,0,0,0,0,1,0,0,0,0,0,0,0,0,0,0,0,0,0,0,0,0,0,0,0,0,0,0,0],"id":1,"left_children":[1,3,5,7,9,11,-1,13,15,-1,17,19,21,23,25,-1,-1,27,29,-1,-1,31,33,-1,35,37,-1,-1,-1,39,-1,41,-1,-1,43,-1,-1,-1,-1,-1,-1,-1,-1,-1,-1],"loss_changes":[2.7713745E1,7.7403717E0,4.730896E0,2.9177601E0,3.5695896E0,3.2540283E0,0E0,3.1340773E0,3.428142E-1,0E0,2.5798893E0,1.8249512E0,5.6901093E0,1.7215419E0,6.1471567E0,0E0,0E0,1.8858727E0,2.2967968E0,0E0,0E0,9.433975E-1,3.6583087E0,0E0,9.658912E-1,7.0141697E-1,0E0,0E0,0E0,3.1613398E0,0E0,3.499565E-1,0E0,0E0,2.3818538E0,0E0,0E0,0E0,0E0,0E0,0E0,0E0,0E0,0E0,0E0],"parents":[2147483647,0,0,1,1,2,2,3,3,4,4,5,5,7,7,8,8,10,10,11,11,12,12,13,13,14,14,17,17,18,18,21,21,22,22,24,24,25,25,29,29,31,31,34,34],"right_children":[2,4,6,8,10,12,-1,14,16,-1,18,20,22,24,26,-1,-1,28,30,-1,-1,32,34,-1,36,38,-1,-1,-1,40,-1,42,-1,-1,44,-1,-1,-1,-1,-1,-1,-1,-1,-1,-1],"split_conditions":[2.9E-1,1E0,1E0,2.7E-1,1.1E-1,4.9E-1,9.2678145E-2,5.6E-1,7.4E-1,1.13018684E-1,9E-2,1.1E-1,7E-1,1.9E-1,5.9E-1,2.4502309E-1,2.5383458E-2,7.8E-1,4.1E-1,-3.964981E-2,-4.5178816E-1,2.4E-1,3E-2,2.2866821E-1,2.8E-1,6E-1,2.0163065E-1,-2.0669179E-1,1.9152352E-1,3.2E-1,-4.1534176E-1,7.2E-1,-8.173736E-2,2.5889608E-1,6E-1,-2.0579779E-1,8.524729E-2,-1.0279068E-1,-4.2116433E-1,-3.2411635E-1,1.4864936E-1,-4.159662E-1,-1.9199765E-1,-3.0459175E-1,9.698533E-2],"split_indices":[9,19,19,9,17,13,0,17,3,0,9,16,7,9,8,0,0,1,8,0,0,19,18,0,0,6,0,0,0,17,0,1,0,0,17,0,0,0,0,0,0,0,0,0,0],"split_type":[0,0,0,0,0,0,0,0,0,0,0,0,0,0,0,0,0,0,0,0,0,0,0,0,0,0,0,0,0,0,0,0,0,0,0,0,0,0,0,0,0,0,0,0,0],"sum_hessian":[4.8038565E2,3.4678093E1,4.4570755E2,1.5644193E1,1.9033897E1,4.445313E2,1.1762357E0,1.1838801E1,3.805392E0,1.4316124E0,1.7602285E1,4.108851E2,3.364623E1,4.9887238E0,6.8500776E0,2.7293773E0,1.0760148E0,2.2843933E0,1.5317892E1,1.1714334E0,4.0971365E2,2.7751287E1,5.8949423E0,2.667357E0,2.3213665E0,4.997054E0,1.8530235E0,1.1595032E0,1.1248901E0,3.2341962E0,1.2083696E1,2.6249573E1,1.501714E0,1.4868071E0,4.4081354E0,1.1465286E0,1.1748381E0,1.6797783E0,3.3172755E0,1.5007042E0,1.7334921E0,2.295414E1,3.295434E0,3.0008893E0,1.407246E0],"tree_param":{"num_deleted":"0","num_feature":"20","num_nodes":"45","size_leaf_vector":"0"}},{"base_weights":[-1.156032E0,-6.0906065E-1,-1.2314264E0,-8.2804096E-1,4.388057E-2,-1.2364787E0,1.5938535E-2,-3.6673704E-1,-1.0115832E0,2.0214488E-1,-1.3948818E-1,-1.2471507E0,-8.5930526E-1,-8.923064E-1,-7.2582416E-2,-1.113624E0,-3.2756558E-1,3.1291184E-1,-3.7985966E-1,-1.2512784E0,-5.948939E-1,-1.112656E0,-5.860835E-2,-3.841062E-1,6.261968E-2,-4.34444E-1,2.4230443E-1,-1.167093E0,-6.81189E-2,1.278234E-1,-6.393222E-1,6.471316E-1,-1.2082464E-1,9.935798E-2,-8.49781E-1,-7.059497E-1,-3.7668544E-1,-2.9816228E-1,-6.807386E-3,-3.514555E-1,-9.914788E-2,1.574735E-1,-2.291608E-1,-2.0291229E-1,8.512919E-2,-2.0998581E-1,-3.781991E-1,1.1748452E-2,-2.7108273E-1,4.0724166E-2,2.385168E-1,-8.148497E-2,1.5831229E-1,-1.954062E-2,-3.5313782E-1,-3.0297783E-1,6.0784504E-2],"categories":[],"categories_nodes":[],"categories_segments":[],"categories_sizes":[],"default_left":[1,1,1,1,1,1,0,0,1,0,0,1,0,0,0,1,0,0,1,0,0,0,0,0,0,0,0,0,0,0,0,0,0,0,0,0,0,0,0,0,0,0,0,0,0,0,0,0,0,0,0,0,0,0,0,0,0],"id":2,"left_children":[1,3,5,7,9,11,-1,13,15,-1,17,19,21,23,25,27,29,31,33,35,37,39,41,-1,-1,43,-1,45,-1,-1,47,49,-1,51,53,55,-1,-1,-1,-1,-1,-1,-1,-1,-1,-1,-1,-1,-1,-1,-1,-1,-1,-1,-1,-1,-1],"loss_changes":[1.7715637E1,8.075176E0,2.6134033E0,3.1980686E0,1.8347223E0,5.023804E-1,0E0,2.0326345E0,1.7002754E0,0E0,1.4782414E0,2.7355957E-1,2.7699165E0,2.3094573E0,3.4683552E0,9.356785E-1,1.5076505E0,1.4292326E0,2.0244873E0,5.493164E-4,9.5545673E-1,9.905434E-2,2.2178314E0,0E0,0E0,1.5100437E0,0E0,1.5120697E-1,0E0,0E0,7.7396846E-1,1.7302322E-1,0E0,9.6339434E-1,1.0674338E0,1.652756E0,0E0,0E0,0E0,0E0,0E0,0E0,0E0,0E0,0E0,0E0,0E0,0E0,0E0,0E0,0E0,0E0,0E0,0E0,0E0,0E0,0E0],