{"learner":{"attributes":{"best_ntree_limit":"4"},"feature_names":[],"feature_types":["q","q","q","q","q","q","q","q","q","q","q","q","q","q","q","q","q","q","q","q"],"gradient_booster":{"model":{"gbtree_model_param":{"num_parallel_tree":"1","num_trees":"4","size_leaf_vector":"0"},"tree_info":[0,0,0,0],"trees":[{"base_weights":[-1.9843986E0,-1.0081583E0,-2.1218617E0,-1.3379601E0,-4.659129E-2,-2.1306086E0,-5.7176995E-1,-4.9423E-1,-1.6921504E0,-3.2054165E-1,6.190107E-1,-2.1350086E0,-1.6782251E-1,-3.649835E-1,6.4699575E-2,-8.6583334E-1,2.9079422E-1,-1.7541302E0,-1.7004164E-1,3.2701284E-1,-7.733938E-1,3.248685E-2,2.244524E-1,-2.2084016E-1,-6.4182365E-1,-4.8364738E-1,-3.9621368E-1,2.2946599E-1,-2.3249337E-1,-1.7992526E0,-1.6782251E-1,-1.4441708E-1,2.1173066E-1,1.9345583E-1,-1.3238932E0,-2.669161E-1,8.024936E-2,-5.5484796E-1,-1.6782251E-1,1.6497695E-1,-2.3249337E-1,-5.1561475E-2,-5.0765455E-1],"categories":[],"categories_nodes":[],"categories_segments":[],"categories_sizes":[],"default_left":[1,1,1,1,0,1,0,1,1,1,0,1,0,0,0,0,0,0,0,0,1,0,0,0,0,0,0,0,0,1,0,0,0,0,0,0,0,0,0,0,0,0,0],"id":0,"left_children":[1,3,5,7,9,11,13,15,17,19,21,23,-1,-1,-1,25,27,29,-1,31,33,-1,-1,-1,-1,-1,35,-1,-1,37,-1,39,-1,-1,41,-1,-1,-1,-1,-1,-1,-1,-1],"loss_changes":[6.5607544E1,2.0302261E1,4.769409E0,1.3442261E1,3.3777614E0,1.8391113E0,2.2146182E0,4.784978E0,1.3242188E0,4.068351E0,2.7685833E-1,1.1181641E0,0E0,0E0,0E0,3.1459846E0,3.493652E0,6.661377E-1,0E0,1.1834941E0,7.0635657E0,0E0,0E0,0E0,0E0,0E0,2.8432207E0,0E0,0E0,7.996521E-1,0E0,1.9711006E0,0E0,0E0,2.2791224E0,0E0,0E0,0E0,0E0,0E0,0E0,0E0,0E0],"parents":[2147483647,0,0,1,1,2,2,3,3,4,4,5,5,6,6,7,7,8,8,9,9,10,10,11,11,15,15,16,16,17,17,19,19,20,20,26,26,29,29,31,31,34,34],"right_children":[2,4,6,8,10,12,14,16,18,20,22,24,-1,-1,-1,26,28,30,-1,32,34,-1,-1,-1,-1,-1,36,-1,-1,38,-1,40,-1,-1,42,-1,-1,-1,-1,-1,-1,-1,-1],"split_conditions":[3.9E-1,5E-2,4.2E-1,1.9E-1,3E-1,8.1E-1,3.8E-1,7E-2,5.6E-1,8E-2,2.8E-1,9E-2,-1.6782251E-1,-3.649835E-1,6.4699575E-2,6.4E-1,2.6E-1,3.9E-1,-1.7004164E-1,6.8E-1,1E-1,3.248685E-2,2.244524E-1,-2.2084016E-1,-6.4182365E-1,-4.8364738E-1,1.7E-1,2.2946599E-1,-2.3249337E-1,9.7E-1,-1.6782251E-1,5.1E-1,2.1173066E-1,1.9345583E-1,5.2E-1,-2.669161E-1,8.024936E-2,-5.5484796E-1,-1.6782251E-1,1.6497695E-1,-2.3249337E-1,-5.1561475E-2,-5.0765455E-1],"split_indices":[9,19,12,11,19,13,13,12,14,18,0,14,0,0,0,6,2,15,0,4,9,0,0,0,0,0,11,0,0,17,0,1,0,0,1,0,0,0,0,0,0,0,0],"split_type":[0,0,0,0,0,0,0,0,0,0,0,0,0,0,0,0,0,0,0,0,0,0,0,0,0,0,0,0,0,0,0,0,0,0,0,0,0,0,0,0,0,0,0],"sum_hessian":[5.038315E2,6.3216E1,4.4061554E2,4.6779842E1,1.6436161E1,4.377708E2,2.8447201E0,1.45396805E1,3.224016E1,1.201104E1,4.42512E0,4.361904E2,1.5804E0,1.26432E0,1.5804E0,9.79848E0,4.7412E0,3.0027601E1,2.21256E0,5.05728E0,6.95376E0,1.26432E0,3.1608E0,1.8964801E0,4.342939E2,2.8447201E0,6.95376E0,3.47688E0,1.26432E0,2.84472E1,1.5804E0,2.52864E0,2.52864E0,1.8964801E0,5.05728E0,3.7929602E0,3.1608E0,2.68668E1,1.5804E0,1.26432E0,1.26432E0,1.5804E0,3.47688E0],"tree_param":{"num_deleted":"0","num_feature":"20","num_nodes":"43","size_leaf_vector":"0"}},{"base_weights":[-1.2971392E0,-5.847815E-1,-1.368014E0,-8.001171E-1,5.794016E-2,-1.3902531E0,-1.0041208E0,-3.4264767E-1,-1.0497903E0,-4.062901E-1,4.2497307E-1,-5.8880623E-2,-4.1797343E-1,-1.0888712E0,1.0612382E-1,-1.0126171E0,-6.4030506E-2,9.28832E-2,-1.1440423E0,-7.0946896E-1,1.47448E-1,-1.4738433E-1,2.130565E-1,-1.1473625E0,-9.397306E-3,-8.30235E-2,-3.711563E-1,3.949134E-1,-6.169574E-1,-1.3271658E0,-6.194975E-1,-2.9488388E-1,3.0003557E-2,1.4589357E-1,-2.0975998E-1,-1.1893113E0,-4.9274094E-2,-3.2233186E-2,2.1249844E-1,-3.2355917E-1,-1.6510153E-2,-7.7190734E-2,-4.14871E-1,1.0903037E-1,-2.651352E-1,-6.425377E-2,-3.6564153E-1],"categories":[],"categories_nodes":[],"categories_segments":[],"categories_sizes":[],"default_left":[1,1,1,1,0,0,0,0,0,0,0,0,0,0,0,0,1,0,1,0,0,0,0,0,0,0,0,0,0,0,0,0,0,0,0,0,0,0,0,0,0,0,0,0,0,0,0],"id":1,"left_children":[1,3,5,7,9,11,13,15,17,19,21,-1,-1,23,-1,25,27,-1,29,31,-1,33,-1,35,-1,-1,-1,37,39,41,43,-1,-1,-1,-1,45,-1,-1,-1,-1,-1,-1,-1,-1,-1,-1,-1],"loss_changes":[2.6069763E1,6.953293E0,2.5150757E0,3.9176025E0,2.465496E0,1.3441162E0,4.0027733E0,2.680387E0,3.396183E0,2.1050797E0,1.4112452E0,0E0,0E0,1.8095055E0,0E0,3.602996E-1,3.150385E0,0E0,1.3309937E0,1.256773E0,0E0,1.5604469E0,0E0,9.6938324E-1,0E0,0E0,0E0,1.157597E0,1.3893785E0,5.8275986E-1,2.3152115E0,0E0,0E0,0E0,0E0,5.133667E-1,0E0,0E0,0E0,0E0,0E0,0E0,0E0,0E0,0E0,0E0,0E0],"parents":[2147483647,0,0,1,1,2,2,3,3,4,4,5,5,6,6,7,7,8,8,9,9,10,10,13,13,15,15,16,16,18,18,19,19,21,21,23,23,27,27,28,28,29,29,30,30,35,35],"right_children":[2,4,6,8,10,12,14,16,18,20,22,-1,-1,24,-1,26,28,-1,30,32,-1,34,-1,36,-1,-1,-1,38,40,42,44,-1,-1,-1,-1,46,-1,-1,-1,-1,-1,-1,-1,-1,-1,-1,-1],"split_conditions":[3.4E-1,5E-2,4.9E-1,1.9E-1,2.5E-1,1E-1,5.2E-1,1.3E-1,3.1E-1,4.8E-1,4.6E-1,-5.8880623E-2,-4.1797343E-1,7.6E-1,1.0612382E-1,4E-2,2E-1,9.28832E-2,3.5E-1,7.7E-1,1.47448E-1,4E-1,2.130565E-1,8.7E-1,-9.397306E-3,-8.30235E-2,-3.711563E-1,1.2E-1,6.2E-1,1.1E-1,3.8E-1,-2.9488388E-1,3.0003557E-2,1.4589357E-1,-2.0975998E-1,1.7E-1,-4.9274094E-2,-3.2233186E-2,2.1249844E-1,-3.2355917E-1,-1.6510153E-2,-7.7190734E-2,-4.14871E-1,1.0903037E-1,-2.651352E-1,-6.425377E-2,-3.6564153E-1],"split_indices":[9,19,13,11,11,16,15,10,1,18,8,0,0,6,0,2,10,0,10,4,0,8,0,4,0,0,0,9,5,17,10,0,0,0,0,0,0,0,0,0,0,0,0,0,0,0,0],"split_type":[0,0,0,0,0,0,0,0,0,0,0,0,0,0,0,0,0,0,0,0,0,0,0,0,0,0,0,0,0,0,0,0,0,0,0,0,0,0,0,0,0,0,0,0,0,0,0],"sum_hessian":[5.311978E2,4.8905285E1,4.8229254E2,3.6448723E1,1.2456561E1,4.5185706E2,3.0435474E1,1.3706695E1,2.274203E1,5.4527984E0,7.0037622E0,1.2957865E0,4.5056128E2,2.8833925E1,1.6015495E0,3.252123E0,1.0454572E1,1.3263983E0,2.141563E1,4.2330613E0,1.2197373E0,2.490064E0,4.513698E0,2.724227E1,1.5916553E0,1.2823735E0,1.9697495E0,5.8689585E0,4.5856137E0,1.4739722E1,6.675908E0,3.0039172E0,1.2291441E0,1.2142938E0,1.2757701E0,2.592628E1,1.3159919E0,2.5073042E0,3.361654E0,2.0128617E0,2.5727518E0,1.0079917E0,1.3731731E1,1.335134E0,5.3407745E0,1.0036945E0,2.4922585E1],"tree_param":{"num_deleted":"0","num_feature":"20","num_nodes":"47","size_leaf_vector":"0"}},{"base_weights":[-9.832825E-1,-5.0703627E-1,-1.0514154E0,-6.853816E-1,3.6024433E-2,-1.0554495E0,-2.6381567E-2,-2.973665E-1,-8.4197545E-1,-3.380032E-1,2.743998E-1,-5.355638E-1,-1.0638876E0,9.4170675E-2,-6.4213896E-1,-5.834728E-1,-1.101197E0,-2.4537845E-1,7.5167194E-3,4.2566833E-1,-1.4670883E-1,-8.224748E-1,2.0166266E-1,-1.0726272E0,-7.275639E-1,-2.142181E-1,1.9540292E-1,6.0437616E-2,-8.1752324E-1,-1.056299E0,-8.652857E-2,-1.3564596E-1,-3.4763816E-1,-1.7554176E-1,4.490086E-1,2.098671E-1,-7.216028E-2,-6.364518E-2,-2.8609192E-1,-3.2218406E-1,-8.03928E-2,-9.691316E-1,7.772792E-2,1.1991122E-1,-2.2101201E-1,-2.999778E-1,1.695515E-2,-1.0324133E-1,-3.3703023E-1,-9.256936E-2,2.4758096E-1,1.8671311E-1,2.0016395E-2,1.4950731E-1,-2.3261361E-1,-8.200017E-2,-3.0993423E-1,1.7495064E-1,-1.8202677E-1],"categories":[],"categories_nodes":[],"categories_segments":[],"categories_sizes":[],"default_left":[1,1,1,1,0,0,0,0,0,0,0,0,1,1,1,0,0,0,0,0,0,0,0,1,0,0,0,0,0,0,0,0,0,0,0,0,1,0,0,0,0,0,0,0,0,0,0,0,0,0,0,0,0,0,0,0,0,0,0],"id":2,"left_children":[1,3,5,7,9,11,-1,13,15,17,19,21,23,25,27,29,31,-1,33,35,-1,37,-1,39,41,43,-1,-1,45,47,49,-1,-1,-1,51,-1,53,-1,-1,-1,-1,55,57,-1,-1,-1,-1,-1,-1,-1,-1,-1,-1,-1,-1,-1,-1,-1,-1],"loss_changes":[1.565741E1,6.260109E0,1.6001892E0,2.697401E0,1.5965202E0,1.3327026E0,0E0,2.1522408E0,1.6370678E0,1.169097E0,1.4615021E0,3.6508644E0,4.7094727E-1,1.5360985E0,1.4027412E0,4.4106026E0,6.889534E-2,0E0,1.5889053E0,1.35846E0,0E0,4.1199875E-1,0E0,1.5060425E-1,2.7776308E0,2.2140934E0,0E0,0E0,1.192472E0,7.853985E-2,2.3664255E0,0E0,0E0,0E0,1.8848526E-1,0E0,2.116011E0,0E0,0E0,0E0,0E0,1.9663906E-1,1.7831049E0,0E0,0E0,0E0,0E0,0E0,0E0,0E0,0E0,0E0,0E0,0E0,0E0,0E0,0E0,0E0,0E0],