{"learner":{"attributes":{"best_ntree_limit":"3"},"feature_names":[],"feature_types":["q","q","c","c","c","c"],"gradient_booster":{"model":{"gbtree_model_param":{"num_parallel_tree":"1","num_trees":"3","size_leaf_vector":"0"},"tree_info":[0,0,0],"trees":[{"base_weights":[-7.117874E-1,4.1299637E-2,-1.3037603E0,1.4628924E-1,-2.9013935E-1,-4.576758E-1,-5.596297E0,-7.085118E-1,1.3895781E-1,1.813703E-1,-1.0028666E0,-5.3524933E0,-8.346011E-1,-3.2541686E-1,-3.020668E-1,8.6053155E-2,-2.0584236E-1,-5.0183296E0,9.5807165E-2,-5.651522E-1,-2.5959152E-1,2.3906677E0,-1.0263824E0,4.3431702E-1,-1.4799491E0,-5.921564E0,-1.1427479E-1,2.2463875E-1,-5.632695E-1,2.772602E-1,-1.2016952E0,-5.211167E-2,2.282709E0,-4.7676346E-1,1.5603414E-2,1.7107941E-1,-7.627201E-2,-3.3258057E0,3.8018882E-2,7.045687E-2,-1.0551132E-1,-3.767208E0,1.6386472E-1,-4.446883E-1,-1.0966388E-1],"categories":[1,2,1,2,2,1,1,2,1,1,2,2],"categories_nodes":[0,1,5,6,7,8,14,17,18,19,22,26],"categories_segments":[0,1,2,3,4,5,6,7,8,9,10,11],"categories_sizes":[1,1,1,1,1,1,1,1,1,1,1,1],"default_left":[0,0,0,0,1,0,0,0,0,0,1,0,0,0,0,0,0,0,0,0,0,0,0,0,1,0,0,0,1,0,1,0,0,0,0,0,0,0,0,0,0,0,0,0,0],"id":0,"left_children":[1,3,5,-1,7,9,11,13,15,-1,17,-1,19,-1,21,-1,23,25,27,29,-1,31,33,35,37,-1,39,-1,41,-1,43,-1,-1,-1,-1,-1,-1,-1,-1,-1,-1,-1,-1,-1,-1],"loss_changes":[5.1783575E2,7.590211E1,2.3592852E3,0E0,5.2971344E1,3.158408E2,6.2233535E3,2.2499733E1,7.5155935E0,0E0,1.5890648E3,0E0,1.5694809E-1,0E0,1.451172E2,0E0,3.6918533E1,5.583436E3,1.225217E2,1.141592E1,0E0,2.1282465E2,3.549275E1,2.9883628E0,2.3445976E2,0E0,4.9771543E0,0E0,1.8933931E3,0E0,1.3468904E0,0E0,0E0,0E0,0E0,0E0,0E0,0E0,0E0,0E0,0E0,0E0,0E0,0E0,0E0],"parents":[2147483647,0,0,1,1,2,2,4,4,5,5,6,6,7,7,8,8,10,10,12,12,14,14,16,16,17,17,18,18,19,19,21,21,22,22,23,23,24,24,26,26,28,28,30,30],"right_children":[2,4,6,-1,8,10,12,14,16,-1,18,-1,20,-1,22,-1,24,26,28,30,-1,32,34,36,38,-1,40,-1,42,-1,44,-1,-1,-1,-1,-1,-1,-1,-1,-1,-1,-1,-1,-1,-1],"split_conditions":[NaN,NaN,7.600001E1,1.4628924E-1,3E0,NaN,NaN,NaN,NaN,1.813703E-1,3E0,-5.3524933E0,4E0,-3.2541686E-1,NaN,8.6053155E-2,9E0,NaN,NaN,NaN,-2.5959152E-1,6E0,NaN,1.3E1,1.4E1,-5.921564E0,NaN,2.2463875E-1,7E0,2.772602E-1,2E0,-5.211167E-2,2.282709E0,-4.7676346E-1,1.5603414E-2,1.7107941E-1,-7.627201E-2,-3.3258057E0,3.8018882E-2,7.045687E-2,-1.0551132E-1,-3.767208E0,1.6386472E-1,-4.446883E-1,-1.0966388E-1],"split_indices":[4,4,1,0,1,4,2,2,3,0,1,0,0,0,5,0,0,2,4,4,0,0,2,1,1,0,5,0,1,0,0,0,0,0,0,0,0,0,0,0,0,0,0,0,0],"split_type":[1,1,0,0,0,1,1,1,1,0,0,0,0,0,1,0,0,1,1,1,0,0,1,0,0,0,1,0,0,0,0,0,0,0,0,0,0,0,0,0,0,0,0,0,0],"sum_hessian":[1.1604484E3,5.1113306E2,6.4931525E2,2.1761343E2,2.9351962E2,5.4332855E2,1.0598667E2,1.4828734E2,1.452323E2,1.842429E2,3.5908566E2,2.8905457E1,7.7081215E1,7.6141205E1,7.214614E1,1.0175661E2,4.3475685E1,7.6376205E1,2.8270947E2,9.870155E0,6.721106E1,1.4805234E1,5.7340904E1,2.9375463E1,1.4100223E1,1.833029E1,5.8045918E1,1.4194225E2,1.4076723E2,2.8200445E0,7.0501113E0,1.0575167E1,4.230067E0,3.736559E1,1.9975315E1,2.467539E1,4.700074E0,1.1750185E0,1.2925204E1,2.350037E1,3.4545544E1,1.1045175E1,1.2972205E2,4.700074E0,2.350037E0],"tree_param":{"num_deleted":"0","num_feature":"6","num_nodes":"45","size_leaf_vector":"0"}},{"base_weights":[1.8726544E-1,-9.095157E-1,3.0737605E0,-1.1243027E0,7.67254E0,9.446736E0,9.3391716E-1,1.4673501E-1,-1.2403392E0,-1.0382414E0,1.0452935E1,1.4032378E1,5.4835243E0,4.053736E-1,2.7389293E0,4.4278693E-1,-6.6857076E-1,-1.1332062E0,-3.1940205E0,-1.5271796E-1,-1.3808237E0,4.6690907E0,6.819194E0,-8.548535E0,8.010715E0,-4.9858436E-1,7.2933483E-1,1.8933023E1,7.093879E-1,2.0888112E-1,-1.8745299E-1,-1.3873855E0,2.7207637E-1,-1.2005956E0,-4.891688E-1,-9.0495646E-1,-7.1103525E0,4.056045E-3,-8.6355224E-2,-5.810374E-1,-4.2779645E-1,1.0159378E0,2.7855554E0,-6.1243954E0,9.25031E-1,2.6410365E0,3.6886642E0,-7.520327E-1,-9.18747E-2,2.2133395E-1,4.4244554E-2,1.0240949E1,1.9429521E-1,3.191174E-1,1.2605825E-1,-1.16656005E-1,5.1659938E-2,2.6760286E-1,-2.0295492E-1,-3.6345023E-1,1.0615996E-1,-1.5847507E-1,3.5302363E-2,8.5096836E-2,-8.047316E-1,3.6206413E-2,-2.2266017E-1,3.6835177E0,6.797824E-2,9.888231E-2,-2.4947359E-1,4.6418145E-2,-1.0231665E-1,-2.5408942E-1,1.7412175E-1],"categories":[1,2,2,1,2,1,1,2,2,1,1,1,1,2,1,2,1],"categories_nodes":[1,5,6,7,8,9,11,15,17,26,28,30,32,35,40,45,47],"categories_segments":[0,1,2,3,4,5,6,7,8,9,10,11,12,13,14,15,16],"categories_sizes":[1,1,1,1,1,1,1,1,1,1,1,1,1,1,1,1,1],"default_left":[1,0,0,0,0,0,0,0,0,0,0,0,1,0,1,0,1,0,0,0,1,0,1,1,0,0,0,1,0,0,0,0,0,1,1,0,0,0,0,0,0,0,0,0,0,0,0,0,0,0,0,0,0,0,1,0,0,0,0,0,0,0,0,0,0,0,0,0,0,0,0,0,0,0,0],"id":1,"left_children":[1,3,5,7,9,11,13,15,17,19,-1,21,23,25,27,29,31,33,35,37,39,-1,41,43,45,47,49,51,53,-1,55,-1,57,59,61,63,-1,-1,-1,-1,65,-1,-1,-1,-1,67,-1,69,71,-1,-1,-1,-1,-1,73,-1,-1,-1,-1,-1,-1,-1,-1,-1,-1,-1,-1,-1,-1,-1,-1,-1,-1,-1,-1],"loss_changes":[2.4387036E3,1.0378286E3,2.8834668E3,8.064807E1,3.292976E3,8.8994727E2,1.5142557E2,1.1528364E1,1.0104224E2,3.244752E0,0E0,1.5920801E2,1.1386934E3,3.6924507E1,1.1710825E3,5.68048E0,4.8870888E1,2.0054443E1,1.1730166E3,1.00530446E-1,3.4574785E0,0E0,1.9232727E1,7.654453E2,5.678064E2,3.3873882E0,3.4479904E-1,1.0828918E3,6.7003345E0,0E0,8.4582096E-1,0E0,7.237639E0,7.715576E0,1.1706305E0,5.131884E1,0E0,0E0,0E0,0E0,8.248513E-1,0E0,0E0,0E0,0E0,2.9628427E2,0E0,2.0395708E0,9.1383666E-1,0E0,0E0,0E0,0E0,0E0,6.517072E0,0E0,0E0,0E0,0E0,0E0,0E0,0E0,0E0,0E0,0E0,0E0,0E0,0E0,0E0,0E0,0E0,0E0,0E0,0E0,0E0],"parents":[2147483647,0,0,1,1,2,2,3,3,4,4,5,5,6,6,7,7,8,8,9,9,11,11,12,12,13,13,14,14,15,15,16,16,17,17,18,18,19,19,20,20,22,22,23,23,24,24,25,25,26,26,27,27,28,28,30,30,32,32,33,33,34,34,35,35,40,40,45,45,47,47,48,48,54,54],"right_children":[2,4,6,8,10,12,14,16,18,20,-1,22,24,26,28,30,32,34,36,38,40,-1,42,44,46,48,50,52,54,-1,56,-1,58,60,62,64,-1,-1,-1,-1,66,-1,-1,-1,-1,68,-1,70,72,-1,-1,-1,-1,-1,74,-1,-1,-1,-1,-1,-1,-1,-1,-1,-1,-1,-1,-1,-1,-1,-1,-1,-1,-1,-1],"split_conditions":[3E0,NaN,7E0,1.1E1,3E0,NaN,NaN,NaN,NaN,NaN,1.0452935E1,NaN,4E0,1.5E1,1.7E1,NaN,2E0,NaN,3E0,2E0,2E0,4.6690907E0,6E0,2E0,8E0,9E0,NaN,7E0,NaN,2.0888112E-1,NaN,-1.3873855E0,NaN,2E0,2E0,NaN,-7.1103525E0,4.056045E-3,-8.6355224E-2,-5.810374E-1,NaN,1.0159378E0,2.7855554E0,-6.1243954E0,9.25031E-1,NaN,3.6886642E0,NaN,1.1E1,2.2133395E-1,4.4244554E-2,1.0240949E1,1.9429521E-1,3.191174E-1,2.2E1,-1.16656005E-1,5.1659938E-2,2.6760286E-1,-2.0295492E-1,-3.6345023E-1,1.0615996E-1,-1.5847507E-1,3.5302363E-2,8.5096836E-2,-8.047316E-1,3.6206413E-2,-2.2266017E-1,3.6835177E0,6.797824E-2,9.888231E-2,-2.4947359E-1,4.6418145E-2,-1.0231665E-1,-2.5408942E-1,1.7412175E-1],"split_indices":[1,2,1,0,0,4,4,4,4,4,0,2,1,1,1,5,0,5,1,0,1,0,1,0,0,1,2,0,5,0,3,0,4,1,1,5,0,0,0,0,3,0,0,0,0,4,0,5,1,0,0,0,0,0,1,0,0,0,0,0,0,0,0,0,0,0,0,0,0,0,0,0,0,0,0],"split_type":[0,1,0,0,0,1,1,1,1,1,0,1,0,0,0,1,0,1,0,0,0,0,0,0,0,0,1,0,1,0,1,0,1,0,0,1,0,0,0,0,1,0,0,0,0,1,0,1,0,0,0,0,0,0,0,0,0,0,0,0,0,0,0,0,0,0,0,0,0,0,0,0,0,0,0],"sum_hessian":[7.684317E2,5.573431E2,2.1108865E2,5.445825E2,1.2760529E1,5.220242E1,1.5888623E2,4.5535183E1,4.9904736E2,1.0391002E1,2.3695269E0,2.3022982E1,2.9179436E1,1.23846176E2,3.504005E1,3.3740368E1,1.1794817E1,4.746019E2,2.444545E1,3.3018935E0,7.0891085E0,1.8036438E1,4.986544E0,4.0895953E0,2.5089842E1,3.253206E1,9.1314125E1,2.9748044E0,3.2065247E1,2.3987703E1,9.752663E0,1.513427E0,1.0281389E1,4.2886325E2,4.573866E1,2.2930063E1,1.5153868E0,1.8840793E0,1.4178143E0,3.8252952E0,3.2638133E0,3.076804E0,1.9097404E0,1.650661E0,2.4389343E0,1.1852661E1,1.3237181E1,1.9519236E1,1.3012823E1,8.974361E1,1.5705131E0,1.1509589E0,1.8238454E0,1.9435713E1,1.2629534E1,6.199719E0,3.552944E0,6.2539196E0,4.02747E0,4.2609467E2,2.768586E0,4.3092934E1,2.6457253E0,1.424486E1,8.685203E0,1.413708E0,1.8501054E0,1.5560848E0,1.02965765E1,1.121795E0,1.839744E1,6.7307706E0,6.2820525E0,3.7450547E0,8.8844795E0],"tree_param":{"num_deleted":"0","num_feature":"6","num_nodes":"75",