{"learner":{"attributes":{"best_ntree_limit":"1"},"feature_names":[],"feature_types":["q","q","c","c","c","c"],"gradient_booster":{"model":{"gbtree_model_param":{"num_parallel_tree":"1","num_trees":"1","size_leaf_vector":"0"},"tree_info":[0],"trees":[{"base_weights":[-1.954803E0,-1.3851178E0,-2.2701483E0,-2.196279E-1,-1.7799115E0,-1.7854174E0,-3.2451794E0,-2.0769615E0,-1.2098743E0,-1.9068025E-1,-2.1674693E0,-2.3907022E0,-2.2944086E0,-1.3831913E0,-6.411301E-1,-7.5364304E-1,-1.4631655E0,-5.7455664E0,-1.5559537E0,-7.522812E-1,-1.918616E0,-5.5271524E-1,-9.532515E-1,-9.1020954E-1,6.717763E-2,-1.3067083E0,-9.6282387E-1,-1.3877809E1,-2.39182E0,-1.3940153E-1,-2.100789E0,-1.4863913E0,-2.0922666E0,-4.6490312E-1,-1.779656E-1,-2.112385E-1,-4.1324148E-1,1.2798778E-2,-4.2347652E-1,-7.775404E-1,-2.8679562E-1,-1.5906378E0,-3.657655E-1,5.985662E-1,-6.515627E-1,-2.0621401E-1,-6.452135E-1],"categories":[1,2,1,1,1,2,1,1,2,2,1,2,2],"categories_nodes":[0,1,5,6,8,12,17,18,20,22,25,28,31],"categories_segments":[0,1,2,3,4,5,6,7,8,9,10,11,12],"categories_sizes":[1,1,1,1,1,1,1,1,1,1,1,1,1],"default_left":[0,0,0,0,1,0,0,0,0,0,1,0,0,0,0,0,0,0,0,0,0,0,0,0,0,0,0,0,0,0,1,0,0,0,0,0,0,0,0,0,0,0,0,0,0,0,0],"id":0,"left_children":[1,3,5,-1,7,9,11,13,15,-1,17,-1,19,21,-1,23,25,27,29,-1,31,-1,33,35,-1,37,-1,-1,39,-1,41,43,45,-1,-1,-1,-1,-1,-1,-1,-1,-1,-1,-1,-1,-1,-1],"loss_changes":[1.3268115E2,6.881079E1,2.2348145E2,0E0,2.6068726E1,1.4193848E2,6.9970276E2,1.6156006E0,5.856392E0,0E0,5.2596216E2,0E0,5.963196E0,5.2897644E-1,0E0,3.8098383E0,6.0955887E0,4.6871055E3,1.2397443E2,0E0,8.632202E-1,0E0,8.093262E-1,1.0046196E0,0E0,5.1904755E0,0E0,0E0,7.18898E0,0E0,3.8832587E2,4.8784267E1,1.4209595E0,0E0,0E0,0E0,0E0,0E0,0E0,0E0,0E0,0E0,0E0,0E0,0E0,0E0,0E0],"parents":[2147483647,0,0,1,1,2,2,4,4,5,5,6,6,7,7,8,8,10,10,12,12,13,13,15,15,16,16,17,17,18,18,20,20,22,22,23,23,25,25,28,28,30,30,31,31,32,32],"right_children":[2,4,6,-1,8,10,12,14,16,-1,18,-1,20,22,-1,24,26,28,30,-1,32,-1,34,36,-1,38,-1,-1,40,-1,42,44,46,-1,-1,-1,-1,-1,-1,-1,-1,-1,-1,-1,-1,-1,-1],"split_conditions":[NaN,NaN,3.7E1,-2.196279E-1,4E0,NaN,NaN,4E0,NaN,-1.9068025E-1,2E0,-2.3907022E0,NaN,2E0,-6.411301E-1,2.1E1,1.5E1,NaN,NaN,-7.522812E-1,NaN,-5.5271524E-1,NaN,1E1,6.717763E-2,NaN,-9.6282387E-1,-1.3877809E1,NaN,-1.3940153E-1,4E0,NaN,2E0,-4.6490312E-1,-1.779656E-1,-2.112385E-1,-4.1324148E-1,1.2798778E-2,-4.2347652E-1,-7.775404E-1,-2.8679562E-1,-1.5906378E0,-3.657655E-1,5.985662E-1,-6.515627E-1,-2.0621401E-1,-6.452135E-1],"split_indices":[4,4,1,0,1,4,3,0,5,0,1,0,2,1,0,1,1,2,4,0,5,0,2,1,0,5,0,0,5,0,1,2,0,0,0,0,0,0,0,0,0,0,0,0,0,0,0],"split_type":[1,1,0,0,0,1,1,0,1,0,0,0,1,0,0,0,0,1,1,0,1,0,1,0,0,1,0,0,1,0,0,1,0,0,0,0,0,0,0,0,0,0,0,0,0,0,0],"sum_hessian":[7.550669E2,2.709593E2,4.8410764E2,1.03166626E2,1.6779265E2,3.2524515E2,1.588625E2,1.0857172E2,5.9220936E1,8.178129E1,2.4346384E2,2.5380402E1,1.334821E2,1.0575167E1,9.7996544E1,2.2560356E1,3.666058E1,3.4310543E1,2.091533E2,8.154629E1,5.193582E1,3.5250556E0,7.0501113E0,1.9505308E1,3.0550482E0,3.5250557E1,1.4100223E0,1.645026E0,3.2665516E1,7.0266106E1,1.3888719E2,1.7625278E1,3.4310543E1,1.4100223E0,5.640089E0,1.5275241E1,4.230067E0,2.5850408E0,3.2665516E1,2.796544E1,4.700074E0,2.8905457E1,1.09981735E2,2.5850408E0,1.5040237E1,1.8800297E0,3.243051E1],"tree_param":{"num_deleted":"0","num_feature":"6","num_nodes":"47","size_leaf_vector":"0"}}]},"name":"gbtree"},"learner_model_param":{"base_score":"5E-1","num_class":"0","num_feature":"6","num_target":"1"},"objective":{"name":"reg:squarederror","reg_loss_param":{"scale_pos_weight":"1"}}},"version":[1,6,2]}