{"learner":{"attributes":{"best_ntree_limit":"1"},"feature_names":[],"feature_types":["q","q","c","c","c","c"],"gradient_booster":{"model":{"gbtree_model_param":{"num_parallel_tree":"1","num_trees":"1","size_leaf_vector":"0"},"tree_info":[0],"trees":[{"base_weights":[-1.9570183E0,-1.3989515E0,-2.2686753E0,-2.2157337E-1,-1.7623783E0,-1.7743323E0,-3.268501E0,-1.9907737E0,-1.3076953E0,-1.8489179E-1,-2.1339858E0,-2.1119614E0,-2.3658223E0,-2.0076945E0,-1.5393597E-1,-1.0519394E0,-2.2056909E0,-5.085282E0,-1.5387834E0,-7.7648246E-1,-6.0083467E-1,-6.4747506E-1,-1.7558488E0,-3.303421E-1,7.290491E-2,-7.7844846E-1,-2.6361563E0,-1.6108322E1,-7.010302E-1,-1.3153368E-1,-2.0455709E0,-2.2474268E-1,-5.994851E-1,-1.1540538E-1,-2.5840273E-1,-4.6085855E-1,-1.6429144E1,-1.4861386E0,-3.5402E-1],"categories":[1,2,1,1,1,2,2,1,1,1],"categories_nodes":[0,1,5,6,8,12,13,17,18,22],"categories_segments":[0,1,2,3,4,5,6,7,8,9],"categories_sizes":[1,1,1,1,1,1,1,1,1,1],"default_left":[0,0,0,0,1,0,0,1,0,0,1,0,0,0,0,1,0,0,0,0,0,0,0,0,0,0,0,0,0,0,1,0,0,0,0,0,0,0,0],"id":0,"left_children":[1,3,5,-1,7,9,11,13,15,-1,17,-1,19,21,-1,23,25,27,29,-1,-1,-1,31,-1,-1,33,-1,35,-1,-1,37,-1,-1,-1,-1,-1,-1,-1,-1],"loss_changes":[1.282439E2,6.4306274E1,2.330393E2,0E0,1.5633057E1,1.3426831E2,5.235703E2,1.844574E0,1.1834381E1,0E0,4.2779663E2,0E0,5.2783203E0,5.075989E-1,0E0,3.4456635E0,1.1292712E2,1.2101589E3,1.14981995E2,0E0,0E0,0E0,1.0160736E1,0E0,0E0,4.6475887E-2,0E0,4.4504404E3,0E0,0E0,3.515852E2,0E0,0E0,0E0,0E0,0E0,0E0,0E0,0E0],"parents":[2147483647,0,0,1,1,2,2,4,4,5,5,6,6,7,7,8,8,10,10,12,12,13,13,15,15,16,16,17,17,18,18,22,22,25,25,27,27,30,30],"right_children":[2,4,6,-1,8,10,12,14,16,-1,18,-1,20,22,-1,24,26,28,30,-1,-1,-1,32,-1,-1,34,-1,36,-1,-1,38,-1,-1,-1,-1,-1,-1,-1,-1],"split_conditions":[NaN,NaN,7.600001E1,-2.2157337E-1,4E0,NaN,NaN,3E0,NaN,-1.8489179E-1,2E0,-2.1119614E0,NaN,NaN,-1.5393597E-1,2E0,6E0,NaN,NaN,-7.7648246E-1,-6.0083467E-1,-6.4747506E-1,NaN,-3.303421E-1,7.290491E-2,6E0,-2.6361563E0,4E0,-7.010302E-1,-1.3153368E-1,4E0,-2.2474268E-1,-5.994851E-1,-1.1540538E-1,-2.5840273E-1,-4.6085855E-1,-1.6429144E1,-1.4861386E0,-3.5402E-1],"split_indices":[4,4,1,0,1,4,3,0,2,0,1,0,2,2,0,0,0,2,4,0,0,0,3,0,0,1,0,0,0,0,1,0,0,0,0,0,0,0,0],"split_type":[1,1,0,0,0,1,1,0,1,0,0,0,1,1,0,0,0,1,1,0,0,0,1,0,0,0,0,0,0,0,0,0,0,0,0,0,0,0,0],"sum_hessian":[7.545969E2,2.723693E2,4.822276E2,9.776154E1,1.7460776E2,3.2454013E2,1.5768748E2,1.139768E2,6.063096E1,7.755122E1,2.4698889E2,2.9140461E1,1.2854703E2,1.1233177E2,1.645026E0,4.888077E1,1.1750185E1,4.0185635E1,2.0680327E2,7.59062E1,5.264083E1,6.556603E1,4.676574E1,4.7235744E1,1.645026E0,1.0575167E1,1.1750185E0,7.0501113E0,3.3135525E1,6.580104E1,1.4100223E2,9.870155E0,3.6895584E1,2.8200445E0,7.755122E0,5.8750925E0,1.1750185E0,3.1255493E1,1.09746735E2],"tree_param":{"num_deleted":"0","num_feature":"6","num_nodes":"39","size_leaf_vector":"0"}}]},"name":"gbtree"},"learner_model_param":{"base_score":"5E-1","num_class":"0","num_feature":"6","num_target":"1"},"objective":{"name":"reg:squarederror","reg_loss_param":{"scale_pos_weight":"1"}}},"version":[1,6,2]}