{"learner":{"attributes":{"best_ntree_limit":"1"},"feature_names":[],"feature_types":["q","q","c","c","c","c"],"gradient_booster":{"model":{"gbtree_model_param":{"num_parallel_tree":"1","num_trees":"1","size_leaf_vector":"0"},"tree_info":[0],"trees":[{"base_weights":[-7.117874E-1,3.5085343E-2,-1.3144724E0,1.5448715E-1,-3.0979055E-1,-4.6061426E-1,-6.066694E0,-6.8782866E-1,7.441073E-2,1.8498604E-1,-1.0120525E0,-7.402369E0,-2.4929869E-1,-9.8766947E-1,-3.5985997E-1,6.59785E-2,-2.9879916E-1,-4.8683085E0,5.831753E-2,-9.961205E-1,-9.146257E-2,1.8804336E0,-9.575988E-1,3.071585E-1,-1.9164101E0,-5.6938047E0,-1.10706866E-1,2.2800122E-1,-6.4377826E-1,-1.0204841E-1,-3.0236298E-1,-4.770086E-2,1.6138805E0,-4.3766594E-1,-1.38328625E-2,2.3670109E-2,1.9070743E-1,-3.3258057E0,4.172484E-2,5.4294743E-2,-9.940984E-2,-4.1408014E0,1.7013633E-1],"categories":[1,2,1,2,2,1,2,1,2,1,2,2,2],"categories_nodes":[0,1,5,6,7,8,13,14,17,18,22,24,26],"categories_segments":[0,1,2,3,4,5,6,7,8,9,10,11,12],"categories_sizes":[1,1,1,1,1,1,1,1,1,1,1,1,1],"default_left":[0,0,0,0,1,0,0,0,0,0,1,0,0,0,0,0,0,0,0,0,0,0,0,0,0,0,0,0,1,0,0,0,0,0,0,0,0,0,0,0,0,0,0],"id":0,"left_children":[1,3,5,-1,7,9,11,13,15,-1,17,-1,-1,19,21,-1,23,25,27,29,-1,31,33,35,37,-1,39,-1,41,-1,-1,-1,-1,-1,-1,-1,-1,-1,-1,-1,-1,-1,-1],"loss_changes":[5.228477E2,8.616016E1,2.60549E3,0E0,4.405678E1,3.2494785E2,9.509776E3,1.46719055E1,8.275402E0,0E0,1.4924011E3,0E0,0E0,1.5364075E-1,1.0163964E2,0E0,4.2571415E1,5.271413E3,1.4037483E2,2.5746155E-1,0E0,1.1532381E2,2.7126648E1,2.3510704E0,2.2414075E2,0E0,3.905777E0,0E0,2.2779941E3,0E0,0E0,0E0,0E0,0E0,0E0,0E0,0E0,0E0,0E0,0E0,0E0,0E0,0E0],"parents":[2147483647,0,0,1,1,2,2,4,4,5,5,6,6,7,7,8,8,10,10,13,13,14,14,16,16,17,17,18,18,19,19,21,21,22,22,23,23,24,24,26,26,28,28],"right_children":[2,4,6,-1,8,10,12,14,16,-1,18,-1,-1,20,22,-1,24,26,28,30,-1,32,34,36,38,-1,40,-1,42,-1,-1,-1,-1,-1,-1,-1,-1,-1,-1,-1,-1,-1,-1],"split_conditions":[NaN,NaN,7.600001E1,1.5448715E-1,3E0,NaN,NaN,NaN,NaN,1.8498604E-1,3E0,-7.402369E0,-2.4929869E-1,NaN,NaN,6.59785E-2,1.1E1,NaN,NaN,2E0,-9.146257E-2,6E0,NaN,2E0,NaN,-5.6938047E0,NaN,2.2800122E-1,7E0,-1.0204841E-1,-3.0236298E-1,-4.770086E-2,1.6138805E0,-4.3766594E-1,-1.38328625E-2,2.3670109E-2,1.9070743E-1,-3.3258057E0,4.172484E-2,5.4294743E-2,-9.940984E-2,-4.1408014E0,1.7013633E-1],"split_indices":[4,4,1,0,1,4,2,2,3,0,1,0,0,5,5,0,0,2,4,1,0,0,2,0,2,0,5,0,1,0,0,0,0,0,0,0,0,0,0,0,0,0,0],"split_type":[1,1,0,0,0,1,1,1,1,0,0,0,0,1,1,0,0,1,1,0,0,0,1,0,1,0,1,0,0,0,0,0,0,0,0,0,0,0,0,0,0,0,0],"sum_hessian":[1.1604484E3,5.186532E2,6.417951E2,2.1667342E2,3.0197977E2,5.4497363E2,9.6821526E1,1.518124E2,1.5016737E2,1.844779E2,3.604957E2,2.0445322E1,7.6376205E1,7.825623E1,7.355616E1,1.0833671E2,4.183066E1,7.755122E1,2.8294446E2,7.6846214E1,1.4100223E0,1.5040237E1,5.8515923E1,3.1020489E1,1.0810171E1,1.8800297E1,5.8750927E1,1.4147223E2,1.4147223E2,1.8800297E0,7.496619E1,1.010516E1,4.9350777E0,3.736559E1,2.1150333E1,1.9035301E1,1.1985189E1,1.1750185E0,9.635152E0,2.5380402E1,3.3370525E1,1.1045175E1,1.3042706E2],"tree_param":{"num_deleted":"0","num_feature":"6","num_nodes":"43","size_leaf_vector":"0"}}]},"name":"gbtree"},"learner_model_param":{"base_score":"5E-1","num_class":"0","num_feature":"6","num_target":"1"},"objective":{"name":"reg:squarederror","reg_loss_param":{"scale_pos_weight":"1"}}},"version":[1,6,2]}