{"learner":{"attributes":{"best_ntree_limit":"3"},"feature_names":[],"feature_types":["q","q","c","c","c","c"],"gradient_booster":{"model":{"gbtree_model_param":{"num_parallel_tree":"1","num_trees":"3","size_leaf_vector":"0"},"tree_info":[0,0,0],"trees":[{"base_weights":[-1.954803E0,-1.3384488E0,-2.2967758E0,-2.2892301E-1,-1.6800152E0,-1.7958612E0,-3.344921E0,-2.0403974E0,-1.2097842E0,-1.925952E-1,-2.171634E0,-2.3934617E0,-2.350384E0,-6.640707E-1,-1.7639277E0,-4.8762798E-1,-1.3725977E0,-2.0105937E0,-4.9175944E0,-7.502608E-1,-6.227756E-1,-2.70101E-1,-6.1184835E-1,-2.1688731E-1,2.9966283E-1,-3.5946012E-1,-5.652039E-1,-2.7792522E-1,-2.1908731E0,-1.0204841E-1,2.8197798E-1,-7.992504E-1,-5.5230725E-1],"categories":[1,2,1,1,2,2,1,2,1,1],"categories_nodes":[0,1,5,6,7,12,14,15,16,17],"categories_segments":[0,1,2,3,4,5,6,7,8,9],"categories_sizes":[1,1,1,1,1,1,1,1,1,1],"default_left":[0,0,0,0,1,0,0,0,0,0,0,0,0,0,0,0,0,0,0,0,0,0,0,0,0,0,0,0,1,0,0,0,0],"id":0,"left_children":[1,3,5,-1,7,9,11,13,15,-1,17,-1,19,-1,21,23,25,27,-1,-1,-1,-1,-1,-1,29,-1,-1,-1,31,-1,-1,-1,-1],"loss_changes":[1.5628711E2,5.2211792E1,2.4856616E2,0E0,2.6334778E1,1.4179663E2,6.9839844E2,6.325073E-1,8.290176E0,0E0,5.365635E2,0E0,1.5905762E-1,0E0,8.020935E0,3.1013854E0,3.239418E0,4.625714E1,0E0,0E0,0E0,0E0,0E0,0E0,2.077173E0,0E0,0E0,0E0,3.004834E1,0E0,0E0,0E0,0E0],"parents":[2147483647,0,0,1,1,2,2,4,4,5,5,6,6,7,7,8,8,10,10,12,12,14,14,15,15,16,16,17,17,24,24,28,28],"right_children":[2,4,6,-1,8,10,12,14,16,-1,18,-1,20,-1,22,24,26,28,-1,-1,-1,-1,-1,-1,30,-1,-1,-1,32,-1,-1,-1,-1],"split_conditions":[NaN,NaN,7.600001E1,-2.2892301E-1,3E0,NaN,NaN,NaN,6E0,-1.925952E-1,5E0,-2.3934617E0,NaN,-6.640707E-1,NaN,NaN,NaN,NaN,-4.9175944E0,-7.502608E-1,-6.227756E-1,-2.70101E-1,-6.1184835E-1,-2.1688731E-1,4E0,-3.5946012E-1,-5.652039E-1,-2.7792522E-1,2E0,-1.0204841E-1,2.8197798E-1,-7.992504E-1,-5.5230725E-1],"split_indices":[4,4,1,0,1,4,3,2,0,0,1,0,2,0,3,2,2,4,0,0,0,0,0,0,1,0,0,0,1,0,0,0,0],"split_type":[1,1,0,0,0,1,1,1,0,0,0,0,1,0,1,1,1,1,0,0,0,0,0,0,0,0,0,0,0,0,0,0,0],"sum_hessian":[7.550669E2,2.7119427E2,4.8387265E2,1.02226616E2,1.6896767E2,3.292402E2,1.5463245E2,9.376648E1,7.520119E1,8.154629E1,2.4769391E2,2.6085411E1,1.2854703E2,5.334584E1,4.042064E1,1.45702305E1,6.063096E1,2.4604889E2,1.645026E0,7.7786224E1,5.0760803E1,1.0810171E1,2.9610468E1,1.1280178E1,3.290052E0,4.7705753E1,1.2925204E1,3.5955566E1,2.1009332E2,1.8800297E0,1.4100223E0,8.648137E1,1.2361195E2],"tree_param":{"num_deleted":"0","num_feature":"6","num_nodes":"33","size_leaf_vector":"0"}},{"base_weights":[-1.1493084E0,-1.3669317E0,1.3650771E0,-9.359585E-1,-1.5342569E0,2.3172035E1,-7.83361E-1,-1.1017968E-1,-1.202467E0,-1.2430723E0,-1.8830171E0,9.118182E0,1.9273634E0,9.097613E-1,-1.0316384E1,-1.2874537E0,-4.1271392E-1,-7.763716E-2,-1.4101565E0,-7.238652E-1,-1.5714563E0,8.494904E0,-7.4912125E-1,-4.312083E-1,-1.0531625E0,-1.9191596E-1,2.6774531E-2,-4.7105408E-1,-6.244256E-1,-1.6940471E0,-1.3573447E0,8.7569314E-1,-9.1294985E0,-5.007448E-3,-4.0230638E-1,2.851643E-1,-2.4336019E-1,-2.0333105E-1,-3.6573015E-2,-6.696125E-1,-4.825221E-1,-3.1690326E-1,-4.4338694E-1,8.191938E0,-2.0927325E-1],"categories":[1,2,2,1,1,1,2,2,1,2,2,1,1,1,2,2],"categories_nodes":[1,2,3,5,9,10,13,15,16,18,20,24,26,29,30,31],"categories_segments":[0,1,2,3,4,5,6,7,8,9,10,11,12,13,14,15],"categories_sizes":[1,1,1,1,1,1,1,1,1,1,1,1,1,1,1,1],"default_left":[1,0,0,0,0,0,0,0,1,0,0,0,0,0,0,0,0,0,0,0,0,0,0,0,0,0,0,0,1,0,0,0,0,0,0,0,0,0,0,0,0,0,0,0,0],"id":1,"left_children":[1,3,5,7,9,11,13,-1,15,17,19,-1,-1,21,-1,23,25,-1,27,-1,29,-1,31,-1,33,-1,35,-1,37,39,41,43,-1,-1,-1,-1,-1,-1,-1,-1,-1,-1,-1,-1,-1],"loss_changes":[3.9185248E2,4.5901367E1,2.7014219E3,2.7771423E1,4.5520264E1,4.2993945E2,3.0526887E3,0E0,7.946411E0,4.23591E1,3.1289124E1,0E0,0E0,2.364005E3,0E0,2.4749146E0,1.3882859E0,0E0,2.6915527E1,0E0,1.2882996E0,0E0,2.4170305E3,0E0,1.4314522E1,0E0,5.137684E0,0E0,9.681835E-1,2.2892761E-1,4.2812347E-1,2.013494E3,0E0,0E0,0E0,0E0,0E0,0E0,0E0,0E0,0E0,0E0,0E0,0E0,0E0],"parents":[2147483647,0,0,1,1,2,2,3,3,4,4,5,5,6,6,8,8,9,9,10,10,13,13,15,15,16,16,18,18,20,20,22,22,24,24,26,26,28,28,29,29,30,30,31,31],"right_children":[2,4,6,8,10,12,14,-1,16,18,20,-1,-1,22,-1,24,26,-1,28,-1,30,-1,32,-1,34,-1,36,-1,38,40,42,44,-1,-1,-1,-1,-1,-1,-1,-1,-1,-1,-1,-1,-1],"split_conditions":[5E0,NaN,NaN,NaN,5E0,NaN,1.9E1,-1.1017968E-1,4E0,NaN,NaN,9.118182E0,1.9273634E0,NaN,-1.0316384E1,NaN,NaN,-7.763716E-2,NaN,-7.238652E-1,NaN,8.494904E0,1.5E1,-4.312083E-1,NaN,-1.9191596E-1,NaN,-4.7105408E-1,3E0,NaN,NaN,NaN,-9.1294985E0,-5.007448E-3,-4.0230638E-1,2.851643E-1,-2.4336019E-1,-2.0333105E-1,-3.6573015E-2,-6.696125E-1,-4.825221E-1,-3.1690326E-1,-4.4338694E-1,8.191938E0,-2.0927325E-1],"split_indices":[1,4,4,4,1,5,1,0,1,4,3,0,0,4,0,2,3,0,2,0,2,0,1,0,3,0,2,0,0,2,5,4,0,0,0,0,0,0,0,0,0,0,0,0,0],"split_type":[0,1,1,1,0,1,0,0,0,1,1,0,0,1,0,1,1,0,1,0,1,0,0,0,1,0,1,0,0,1,1,1,0,0,0,0,0,0,0,0,0,0,0,0,0],"sum_hessian":[7.117095E2,6.5543695E2,5.6272537E1,1.8514919E2,4.7028775E2,4.1691847E0,5.210335E1,5.9838978E1,1.2531021E2,2.5878705E2,2.115007E2,2.343694E0,1.8254904E0,5.0530373E1,1.5729783E0,1.12566536E2,1.2743672E1,3.792461E1,2.2086244E2,7.581636E1,1.3568434E2,1.9668187E0,4.8563553E1,6.551372E1,4.705282E1,8.102793E0,4.64088E0,1.8266261E2,3.819984E1,8.188732E1,5.3797016E1,4.6963295E1,1.6002604E0,1.0457452E1,3.6595367E1,2.1435354E0,2.4973445E0,3.4218605E1,3.9812343E0,7.803369E0,7.4083954E1,1.8181398E1,3.5615616E1,1.7194941E0,4.52438E1],"tree_param":{"num_deleted":"0","num_feature":"6","num_nodes":"45","size_leaf_vector":"0"}},{"base_weights":[-8.695101E-1,-9.239071E-1,3.533599E0,-1.0953115E0,9.71296E-1,-6.2433654E-1,-1.2803887E0,5.8061657E0,-4.754666E-1,-2.8191967E-2,-8.778228E-1,-1.0181435E0,-1.6040763E0,4.5890817E-1,9.159447E0,9.3205E-1,-5.9832616E0,-9.951978E-1,-4.224723E-1,-1.9313164E-2,-1.1847386E0,-6.453686E-1,-1.2875947E0,3.456418E-2,3.727709E-1,8.139626E0,-4.4369927E-1,-3.525203E-1,-2.2068815E-1,-1.5167932E-1,1.0356098E-1,-4.0120056E-1,-1.3694021E-1,-4.317533E-1,-3.1065345E-1,2.6950258E-1,-6.0876064E0],"categories":[1,2,2,1,1,1,2,2,2,2],"categories_nodes":[3,4,5,11,12,13,15,17,20,22],"categories_segments":[0,1,2,3,4,5,6,7,8,9],"categories_sizes":[1,1,1,1,1,1,1,1,1,1],"default_left":[1,1,0,0,0,0,0,0,0,0,1,0,0,0,0,0,0,0,1,0,0,0,0,0,0,0,0,0,0,0,0,0,0,0,0,0,0],"id":2,"left_children":[1,3,-1,5,7,9,11,13,15,-1,17,19,21,23,-1,25,-1,27,29,-1,31,-1,33,-1,-1,-1,35,-1,-1,-1,-1,-1,-1,-1,-1,-1,-1],"loss_changes":[4.770821E2,2.205362E2,0E0,5.3248657E1,3.9843375E2,2.369632E1,3.6071228E1,1.7184686E3,1.2369658E3,0E0,5.969391E0,3.9347656E1,3.135434E1,3.032087E0,0E0,1.5410453E3,0E0,3.5390778E0,1.8489566E0,0E0,2.2856659E1,0E0,3.3755646E0,0E0,0E0,0E0,1.1180116E3,0E0,0E0,0E0,0E0,0E0,0E0,0E0,0E0,0E0,0E0],"parents":[2147483647,0,0,1,1,3,3,4,4,5,5,6,6,7,7,8,8,10,10,11,11,12,12,13,13,15,15,17,17,18,18,20,20,22,22,26,26],"right_children":[2,4,-1,6,8,10,12,14,16,-1,18,20,22,24,-1,26,-1,28,30,-1,32,-1,34,-1,-1,-1,36,-1,-1,-1,-1,-1,-1,-1,-1,-1,-1],"split_conditions":[1.4E1,5E0,3.533599E0,NaN,NaN,NaN,5E0,1.4E1,1.2E1,-2.8191967E-2,3E0,NaN,NaN,NaN,9.159447E0,NaN,-5.9832616E0,NaN,2E0,-1.9313164E-2,NaN,-6.453686E-1,NaN,3.456418E-2,3.727709E-1,8.139626E0,1.1E1,-3.525203E-1,-2.2068815E-1,-1.5167932E-1,1.0356098E-1,-4.0120056E-1,-1.3694021E-1,-4.317533E-1,-3.1065345E-1,2.6950258E-1,-6.0876064E0],"split_indices":[1,1,0,4,4,4,1,1,1,0,1,4,3,3,0,4,0,2,0,0,2,0,2,0,0,0,1,0,0,0,0,0,0,0,0,0,0],"split_type":[0,0,0,1,1,1,0,0,0,0,0,1,1,1,0,1,0,1,0,0,1,0,1,0,0,0,0,0,0,0,0,0,0,0,0,0,0],"sum_hessian":[6.765937E2,6.746192E2,1.9744345E0,6.1905334E2,5.5565872E1,1.758733E2,4.4318005E2,1.2103736E1,4.3462135E1,5.73183E1,1.1855501E2,2.4711656E2,1.9606348E2,1.0788998E1,1.3147382E0,4.1419765E1,2.0423677E0,9.331563E1,2.5239384E1,3.6951805E1,2.1016476E2,6.972369E1,1.2633979E2,8.297113E0,2.491885E0,1.1324022E0,4.0287365E1,5.303677E1,4.027886E1,2.3081469E1,2.157915E0,1.7306558E2,3.7099174E1,7.5956436E1,5.0383358E1,3.8630135E1,1.657231E0],"tree_param":{"num_deleted":"0","num_feature":"6",