{"learner":{"attributes":{"best_ntree_limit":"1"},"feature_names":[],"feature_types":["q","q","c","c","c","c"],"gradient_booster":{"model":{"gbtree_model_param":{"num_parallel_tree":"1","num_trees":"1","size_leaf_vector":"0"},"tree_info":[0],"trees":[{"base_weights":[-1.885525E0,-1.5193604E0,-2.0905395E0,-3.3865407E-1,-1.7382852E0,-1.7744297E0,-2.7818353E0,-5.8171505E-1,-1.4805481E0,-3.1507513E-1,-2.0040367E0,-1.7477505E0,-2.1547942E0,-1.5399026E0,-7.011325E-1,-3.9499652E0,-1.6258111E0,-6.830841E-1,-5.8464414E-1,-1.4304202E0,-1.9177653E0,-2.515042E-1,-9.8399156E-1,-1.3991523E1,-2.1559305E0,-2.8032014E-1,-1.9456751E0,-1.7106177E-1,-4.3465328E-1,-3.8903615E-1,-8.707514E-1,5.7338707E-2,-1.22720286E-1,-4.2122746E-1,-8.72983E-2,-4.2409632E-1,-1.4749413E1,-6.7076606E-1,-3.9684832E-1,-1.0926998E0,-4.2599478E-1],"categories":[1,2,1,1,2,1,1,1,1,2,2],"categories_nodes":[0,1,5,6,12,13,14,15,16,22,24],"categories_segments":[0,1,2,3,4,5,6,7,8,9,10],"categories_sizes":[1,1,1,1,1,1,1,1,1,1,1],"default_left":[0,0,0,0,1,0,0,0,1,0,1,0,0,0,0,0,0,0,0,0,0,0,0,0,0,0,1,0,0,0,0,0,0,0,0,0,0,0,0,0,0],"id":0,"left_children":[1,3,5,-1,7,9,11,-1,13,-1,15,-1,17,19,21,23,25,-1,-1,27,29,31,33,35,37,-1,39,-1,-1,-1,-1,-1,-1,-1,-1,-1,-1,-1,-1,-1,-1],"loss_changes":[8.665527E1,3.507141E1,1.6212134E2,0E0,1.1395996E1,8.5582275E1,4.4195044E2,0E0,4.701111E0,0E0,2.874651E2,0E0,5.7055664E-1,2.0258179E0,1.1106157E0,1.1278655E3,7.2495605E1,0E0,0E0,6.528168E-1,1.0277672E1,4.59465E-1,1.3997426E0,4.16061E3,7.5393677E-1,0E0,1.9891217E2,0E0,0E0,0E0,0E0,0E0,0E0,0E0,0E0,0E0,0E0,0E0,0E0,0E0,0E0],"parents":[2147483647,0,0,1,1,2,2,4,4,5,5,6,6,8,8,10,10,12,12,13,13,14,14,15,15,16,16,19,19,20,20,21,21,22,22,23,23,24,24,26,26],"right_children":[2,4,6,-1,8,10,12,-1,14,-1,16,-1,18,20,22,24,26,-1,-1,28,30,32,34,36,38,-1,40,-1,-1,-1,-1,-1,-1,-1,-1,-1,-1,-1,-1,-1,-1],"split_conditions":[NaN,NaN,7.600001E1,-3.3865407E-1,3E0,NaN,NaN,-5.8171505E-1,2E0,-3.1507513E-1,2E0,-1.7477505E0,NaN,NaN,NaN,NaN,NaN,-6.830841E-1,-5.8464414E-1,2E0,2E0,3E0,NaN,2E0,NaN,-2.8032014E-1,4E0,-1.7106177E-1,-4.3465328E-1,-3.8903615E-1,-8.707514E-1,5.7338707E-2,-1.22720286E-1,-4.2122746E-1,-8.72983E-2,-4.2409632E-1,-1.4749413E1,-6.7076606E-1,-3.9684832E-1,-1.0926998E0,-4.2599478E-1],"split_indices":[4,4,1,0,1,4,3,0,0,0,1,0,2,2,5,2,4,0,0,0,0,0,2,0,5,0,1,0,0,0,0,0,0,0,0,0,0,0,0,0,0],"split_type":[1,1,0,0,0,1,1,0,0,0,0,0,1,1,1,1,1,0,0,0,0,0,1,0,1,0,0,0,0,0,0,0,0,0,0,0,0,0,0,0,0],"sum_hessian":[1.1956538E3,4.3217746E2,7.634763E2,1.5746E2,2.7471747E2,5.2635565E2,2.3712062E2,1.5075958E2,1.2395788E2,1.2805258E2,3.983031E2,3.9085815E1,1.980348E2,1.1427949E2,9.678392E0,6.32818E1,3.350213E2,1.18001945E2,8.003287E1,9.231698E1,2.1962507E1,4.4669504E0,5.2114425E0,8.561655E0,5.4720142E1,1.0720681E2,2.2781448E2,2.6057212E0,8.971126E1,1.4889835E1,7.072672E0,1.1167376E0,3.3502128E0,2.6057212E0,2.6057212E0,7.072672E0,1.4889835E0,4.8391964E1,6.32818E0,5.2486668E1,1.753278E2],"tree_param":{"num_deleted":"0","num_feature":"6","num_nodes":"41","size_leaf_vector":"0"}}]},"name":"gbtree"},"learner_model_param":{"base_score":"5E-1","num_class":"0","num_feature":"6","num_target":"1"},"objective":{"name":"reg:squarederror","reg_loss_param":{"scale_pos_weight":"1"}}},"version":[1,6,2]}