{"learner":{"attributes":{"best_ntree_limit":"6"},"feature_names":[],"feature_types":["q","q","q","c","c","c","c","c","c"],"gradient_booster":{"model":{"gbtree_model_param":{"num_parallel_tree":"1","num_trees":"6","size_leaf_vector":"0"},"tree_info":[0,0,0,0,0,0],"trees":[{"base_weights":[-1.954803E0,-1.361603E0,-2.284225E0,-7.1550006E-1,-1.7584196E0,-1.9337605E0,-4.8771286E1,-2.23416E-1,3.2159945E-1,-6.24185E-1,-1.1243662E0,-2.0993309E-1,-2.2420857E0,-2.3877354E1,-2.1594276E-1,2.6037067E-1,-9.146257E-2,-6.630702E-1,-1.4957197E0,-1.5935219E1,-1.8540223E0,-5.090909E-1,-3.6860332E-1,-1.2195649E0,-5.658176E-1,3.2426875E0,-2.2172728E0,-2.3934108E-1,5.094742E-1,-4.1023237E-1,-2.1872883E-1,1.1858635E1,-1.3770325E-1,-5.9606814E-1,-4.3707414E0],"categories":[1,1,1,2,1,1,1,1],"categories_nodes":[0,3,5,8,12,17,20,23],"categories_segments":[0,1,2,3,4,5,6,7],"categories_sizes":[1,1,1,1,1,1,1,1],"default_left":[0,1,0,0,1,0,1,0,0,0,0,0,0,0,0,0,0,0,0,0,0,0,0,0,0,1,0,0,0,0,0,0,0,0,0],"id":0,"left_children":[1,3,5,7,9,11,13,-1,15,-1,17,-1,19,-1,-1,-1,-1,21,23,-1,25,-1,27,29,-1,31,33,-1,-1,-1,-1,-1,-1,-1,-1],"loss_changes":[1.4463525E2,6.85885E1,7.8014316E3,3.431778E0,3.1999268E1,1.8183655E2,5.2519453E3,0E0,1.4915634E0,0E0,9.082764E0,0E0,7.5070757E3,0E0,0E0,0E0,0E0,7.906807E0,1.1261139E0,0E0,7.169192E2,0E0,2.1838152E1,5.5840683E-1,0E0,3.4984326E3,9.9103564E2,0E0,0E0,0E0,0E0,0E0,0E0,0E0,0E0],"parents":[2147483647,0,0,1,1,2,2,3,3,4,4,5,5,6,6,8,8,10,10,12,12,17,17,18,18,20,20,22,22,23,23,25,25,26,26],"right_children":[2,4,6,8,10,12,14,-1,16,-1,18,-1,20,-1,-1,-1,-1,22,24,-1,26,-1,28,30,-1,32,34,-1,-1,-1,-1,-1,-1,-1,-1],"split_conditions":[NaN,2.1E1,5.1E1,NaN,4E0,NaN,1.9E1,-2.23416E-1,NaN,-6.24185E-1,3.4E1,-2.0993309E-1,NaN,-2.3877354E1,-2.1594276E-1,2.6037067E-1,-9.146257E-2,NaN,4.6E1,-1.5935219E1,NaN,-5.090909E-1,8E0,NaN,-5.658176E-1,4E0,4.6E1,-2.3934108E-1,5.094742E-1,-4.1023237E-1,-2.1872883E-1,1.1858635E1,-1.3770325E-1,-5.9606814E-1,-4.3707414E0],"split_indices":[7,0,0,3,2,7,2,0,8,0,0,0,3,0,0,0,0,3,0,0,8,0,2,6,0,2,0,0,0,0,0,0,0,0,0],"split_type":[1,0,0,1,0,1,0,0,1,0,0,0,1,0,0,0,0,1,0,0,1,0,0,1,0,0,0,0,0,0,0,0,0,0,0],"sum_hessian":[7.550669E2,2.714293E2,4.8363763E2,1.04341644E2,1.6708763E2,4.8105258E2,2.5850408E0,1.0175661E2,2.5850408E0,1.09276726E2,5.7810913E1,9.6821526E1,3.8423108E2,1.1750185E0,1.4100223E0,1.1750185E0,1.4100223E0,2.7025427E1,3.0785486E1,1.8800297E0,3.8235104E2,4.9350777E0,2.209035E1,2.0445322E1,1.0340163E1,2.4910393E1,3.5744064E2,1.8800297E1,3.290052E0,1.4335226E1,6.1100965E0,1.4100223E0,2.350037E1,3.5203555E2,5.4050856E0],"tree_param":{"num_deleted":"0","num_feature":"9","num_nodes":"35","size_leaf_vector":"0"}},{"base_weights":[-1.5056219E0,-1.2005305E0,-3.0079663E0,-1.4446667E0,2.3065183E-1,-3.8093224E1,-5.713391E-1,-4.6740893E-1,-1.0724785E0,-1.8782681E-1,6.9178295E0,-2.969023E1,-1.9116547E0,-3.764435E-1,-1.9125521E0,-8.361195E-1,-1.2664284E0,-4.0279785E-1,3.0092668E-2,5.2956295E-1,2.9472904E0,-6.6200304E-1,-2.1979482E-1,-8.306097E-3,-9.238949E-1,-2.8566407E-2,-1.0404935E0,-9.881564E-1,-4.304107E0,-6.467729E-1,-2.3440168E0,-2.3692007E-1,-3.9291838E-1,2.5651036E-2,-3.5840765E-1,-2.0765069E0,-1.4668572E-1,-1.0010995E-1,-3.5337135E-1,-1.0221869E0,-1.7421013E-1],"categories":[2,1,1,1,2,1,0,1,2,3,5],"categories_nodes":[0,4,6,8,13,27,29],"categories_segments":[0,1,2,3,4,5,6],"categories_sizes":[1,1,1,1,1,1,5],"default_left":[0,0,1,1,0,1,0,0,0,0,1,0,0,0,0,1,0,0,0,0,0,0,0,0,0,0,0,0,1,0,1,0,0,0,0,0,0,0,0,0,0],"id":1,"left_children":[1,3,5,7,9,11,13,-1,15,17,19,-1,21,23,-1,25,27,-1,-1,-1,-1,-1,-1,-1,29,-1,31,33,35,37,39,-1,-1,-1,-1,-1,-1,-1,-1,-1,-1],"loss_changes":[2.6326697E2,1.7001624E2,8.323679E3,1.583905E1,2.0175668E2,1.3739697E4,1.0199911E2,0E0,3.5299225E0,2.2890251E1,4.623236E1,0E0,1.1764145E-1,1.7226486E1,0E0,7.178314E0,4.058181E1,0E0,0E0,0E0,0E0,0E0,0E0,0E0,1.2310116E1,0E0,1.5020676E0,1.11645775E1,3.80904E1,4.724618E0,8.061827E0,0E0,0E0,0E0,0E0,0E0,0E0,0E0,0E0,0E0,0E0],"parents":[2147483647,0,0,1,1,2,2,3,3,4,4,5,5,6,6,8,8,9,9,10,10,12,12,13,13,15,15,16,16,24,24,26,26,27,27,28,28,29,29,30,30],"right_children":[2,4,6,8,10,12,14,-1,16,18,20,-1,22,24,-1,26,28,-1,-1,-1,-1,-1,-1,-1,30,-1,32,34,36,38,40,-1,-1,-1,-1,-1,-1,-1,-1,-1,-1],"split_conditions":[NaN,4.7E1,2E0,3E0,NaN,3.2E1,NaN,-4.6740893E-1,NaN,7E1,5E1,-2.969023E1,4E1,NaN,-1.9125521E0,2.4E1,4E1,-4.0279785E-1,3.0092668E-2,5.2956295E-1,2.9472904E0,-6.6200304E-1,-2.1979482E-1,-8.306097E-3,3.4E1,-2.8566407E-2,7E0,NaN,9E0,NaN,1.1E1,-2.3692007E-1,-3.9291838E-1,2.5651036E-2,-3.5840765E-1,-2.0765069E0,-1.4668572E-1,-1.0010995E-1,-3.5337135E-1,-1.0221869E0,-1.7421013E-1],"split_indices":[8,0,2,2,7,0,7,0,7,0,0,0,0,8,0,0,0,0,0,0,0,0,0,0,0,0,2,7,2,5,2,0,0,0,0,0,0,0,0,0,0],"split_type":[1,0,0,0,1,0,1,0,1,0,0,0,0,1,0,0,0,0,0,0,0,0,0,0,0,0,0,1,0,1,0,0,0,0,0,0,0,0,0,0,0],"sum_hessian":[5.8125555E2,4.846363E2,9.66193E1,4.140045E2,7.063178E1,5.324056E0,9.129524E1,3.1490344E2,9.910106E1,6.738669E1,3.245097E0,1.3378578E0,3.9861982E0,8.9359375E1,1.93587E0,4.7060844E1,5.2040215E1,1.2725148E1,5.466154E1,1.7500063E0,1.4950905E0,2.491187E0,1.4950112E0,5.5227196E1,3.413218E1,1.0491804E1,3.6569042E1,4.888712E1,3.1530929E0,2.977695E1,4.3552265E0,2.0970634E1,1.5598406E1,7.9815707E0,4.090555E1,1.3871238E0,1.765969E0,1.975861E1,1.0018341E1,2.135319E0,2.2199078E0],"tree_param":{"num_deleted":"0","num_feature":"9","num_nodes":"41","size_leaf_vector":"0"}},{"base_weights":[-6.113059E-1,9.165911E0,-7.1414113E-1,3.1233068E0,4.559872E0,1.0818609E0,-9.989426E-1,1.2597864E0,3.055055E-1,4.1778426E0,-2.251752E-1,-8.591552E-1,-8.160439E0,1.6223162E0,-7.44719E-1,-2.7864664E0,9.14527E-1,1.1283591E0,-1.0521551E0,-5.193992E-1,-1.1852728E0,2.2701683E0,-2.4496919E-1,-8.5878706E-1,-1.4105888E1,7.340285E-1,-3.361949E-2,-3.5133824E0,3.759903E-1,1.1313082E0,-3.179399E-1,-1.1740892E1,-4.8268516E-2],"categories":[1,0,1,2,3,4,5,1,0,1,2,3,4,5,2,1],"categories_nodes":[2,3,11,15,16,23],"categories_segments":[0,1,7,8,14,15],"categories_sizes":[1,6,1,6,1,1],"default_left":[0,0,0,0,0,1,0,0,0,1,0,0,0,0,0,0,0,0,0,0,0,1,1,0,1,0,0,0,0,0,0,0,0],"id":2,"left_children":[1,3,5,7,-1,9,11,-1,-1,13,15,17,-1,-1,-1,19,21,-1,23,-1,-1,25,27,29,31,-1,-1,-1,-1,-1,-1,-1,-1],"loss_changes":[4.82984E2,1.3498209E2,2.4141338E2,4.2373123E0,0E0,2.6311548E2,1.4639587E3,0E0,0E0,1.7138406E2,1.3830327E2,3.650564E2,0E0,0E0,0E0,1.1058907E1,5.232904E1,0E0,9.7102094E2,0E0,0E0,6.703018E0,3.3517383E2,3.621734E2,1.9555421E3,0E0,0E0,0E0,0E0,0E0,0E0,0E0,0E0],"parents":[2147483647,0,0,1,1,2,2,3,3,5,5,6,6,9,9,10,10,11,11,15,15,16,16,18,18,21,21,22,22,23,23,24,24],"right_children":[2,4,6,8,-1,10,12,-1,-1,14,16,18,-1,-1,-1,20,22,-1,24,-1,-1,26,28,30,32,-1,-1,-1,-1,-1,-1,-1,-1],"split_conditions":[2.2E1,4E0,NaN,NaN,4.559872E0,2E0,5E1,1.2597864E0,3.055055E-1,3.2E1,4E0,NaN,-8.160439E0,1.6223162E0,-7.44719E-1,NaN,NaN,1.1283591E0,4.5E1,-5.193992E-1,-1.1852728E0,2.6E1,7E0,NaN,5E0,7.340285E-1,-3.361949E-2,-3.5133824E0,3.759903E-1,1.1313082E0,-3.179399E-1,-1.1740892E1,-4.8268516E-2],"split_indices":[0,2,8,5,0,2,0,0,0,0,2,8,0,0,0,5,7,0,0,0,0,0,2,8,2,0,0,0,0,0,0,0,0],"split_type":[0,0,1,1,0,0,0,0,0,0,0,1,0,0,0,1,1,0,0,0,0,0,0,1,0,0,0,0,0,0,0,0,0],"sum_hessian":[4.7285922E2,4.004384E0,4.6885486E2,2.758971E0,1.2454133E0,6.3789528E1,4.0506534E2,1.167322E0,1.5916488E0,1.8283916E1,4.550561E1,4.039431E2,1.1222012E0,1.5592643E1,2.6912737E0,1.3568272E1,3.1937342E1,1.5455511E1,3.884876E2,8.422884E0,5.1453876E0,1.4281745E1,1.7655596E1,3.838671E2,4.6205254E0,1.3270896E1,1.0108497E0,1.2526324E0,1.6402964E1,1.523385E1,3.6863324E2,1.0068369E0,3.6136887E0],"tree_param":{"num_deleted":"0","num_feature":"9","num_nodes":"33",