{"learner":{"attributes":{"best_ntree_limit":"3"},"feature_names":[],"feature_types":["q","q","c","c","c","c"],"gradient_booster":{"model":{"gbtree_model_param":{"num_parallel_tree":"1","num_trees":"3","size_leaf_vector":"0"},"tree_info":[0,0,0],"trees":[{"base_weights":[-6.62374E-1,-9.187167E-3,-1.1931622E0,1.209271E-1,-2.9380834E-1,-4.4143254E-1,-5.06604E0,-7.430157E-1,2.8840983E-2,1.5001166E-1,-9.234354E-1,-4.849558E0,-8.005844E-1,1.1411763E-1,-8.430339E-1,4.276997E-2,-2.6516107E-1,-4.3448896E0,2.18962E-2,-2.5567403E-1,-8.469733E-1,2.2470526E-1,-1.3972907E-1,-6.8615645E-1,-1.0101542E0,-4.030364E0,2.3964901E-1,-1.471759E1,-6.467391E-2,1.8730827E-1,-5.970803E-1,2.286356E-1,-9.6714914E-1,-2.5780988E-1,-2.1345528E-2,1.9245224E-2,1.3409336E-1,-1.0905456E-1,5.8543447E-2,-5.613875E-2,-2.2991545E-1,-3.4804052E-1,-1.4923577E-1,-4.2601314E0,8.102759E-2,1.2530747E-1,-3.922572E-2,-4.025997E1,-3.5297704E-1,8.750869E-2,-9.389004E-2,-2.9492617E0,1.3841614E-1,-3.5240626E-1,-9.137784E-2],"categories":[1,2,1,2,1,1,2,1,1,2,2,2,1,2,1],"categories_nodes":[0,1,5,6,8,14,17,18,19,22,23,24,26,28,32],"categories_segments":[0,1,2,3,4,5,6,7,8,9,10,11,12,13,14],"categories_sizes":[1,1,1,1,1,1,1,1,1,1,1,1,1,1,1],"default_left":[0,0,0,0,1,0,0,0,0,0,1,0,0,0,0,0,1,0,0,0,1,0,0,0,0,1,0,1,0,0,1,0,0,0,0,0,0,0,0,0,0,0,0,0,0,0,0,0,0,0,0,0,0,0,0],"id":0,"left_children":[1,3,5,-1,7,9,11,13,15,-1,17,-1,19,21,23,-1,25,27,29,31,33,35,37,39,41,43,45,47,49,-1,51,-1,53,-1,-1,-1,-1,-1,-1,-1,-1,-1,-1,-1,-1,-1,-1,-1,-1,-1,-1,-1,-1,-1,-1],"loss_changes":[4.6171704E2,7.029553E1,2.136776E3,0E0,5.1383873E1,2.8017038E2,5.636591E3,1.2798996E1,6.9658213E0,0E0,1.3197965E3,0E0,1.9890862E0,4.9078166E-1,2.788803E0,0E0,1.1148173E2,3.9208457E3,1.1996005E2,6.731341E0,7.078209E-1,3.9178765E-1,4.892791E-1,2.7240524E0,4.20483E0,3.069292E2,3.4980054E0,4.1581805E4,5.71316E0,0E0,1.5554829E3,0E0,3.7273788E-1,0E0,0E0,0E0,0E0,0E0,0E0,0E0,0E0,0E0,0E0,0E0,0E0,0E0,0E0,0E0,0E0,0E0,0E0,0E0,0E0,0E0,0E0],"parents":[2147483647,0,0,1,1,2,2,4,4,5,5,6,6,7,7,8,8,10,10,12,12,13,13,14,14,16,16,17,17,18,18,19,19,20,20,21,21,22,22,23,23,24,24,25,25,26,26,27,27,28,28,30,30,32,32],"right_children":[2,4,6,-1,8,10,12,14,16,-1,18,-1,20,22,24,-1,26,28,30,32,34,36,38,40,42,44,46,48,50,-1,52,-1,54,-1,-1,-1,-1,-1,-1,-1,-1,-1,-1,-1,-1,-1,-1,-1,-1,-1,-1,-1,-1,-1,-1],"split_conditions":[NaN,NaN,7.600001E1,1.209271E-1,2E0,NaN,NaN,6E0,NaN,1.5001166E-1,3E0,-4.849558E0,2E0,2E0,NaN,4.276997E-2,9E0,NaN,NaN,NaN,3E0,2E0,NaN,NaN,NaN,3E0,NaN,2E0,NaN,1.8730827E-1,7E0,2.286356E-1,NaN,-2.5780988E-1,-2.1345528E-2,1.9245224E-2,1.3409336E-1,-1.0905456E-1,5.8543447E-2,-5.613875E-2,-2.2991545E-1,-3.4804052E-1,-1.4923577E-1,-4.2601314E0,8.102759E-2,1.2530747E-1,-3.922572E-2,-4.025997E1,-3.5297704E-1,8.750869E-2,-9.389004E-2,-2.9492617E0,1.3841614E-1,-3.5240626E-1,-9.137784E-2],"split_indices":[4,4,1,0,1,4,2,0,3,0,1,0,0,0,5,0,1,2,4,4,0,1,5,4,2,0,2,1,5,0,1,0,3,0,0,0,0,0,0,0,0,0,0,0,0,0,0,0,0,0,0,0,0,0,0],"split_type":[1,1,0,0,0,1,1,0,1,0,0,0,0,0,1,0,0,1,1,1,0,0,1,1,1,0,1,0,1,0,0,0,1,0,0,0,0,0,0,0,0,0,0,0,0,0,0,0,0,0,0,0,0,0,0],"sum_hessian":[1.3307645E3,5.970515E2,7.3371295E2,2.436725E2,3.5337903E2,6.1538086E2,1.1833211E2,1.4717387E2,2.0620515E2,2.0836154E2,4.0701932E2,3.207636E1,8.625575E1,1.53643055E1,1.3180957E2,1.4906071E2,5.7144436E1,8.733395E1,3.1968536E2,7.277829E0,7.897792E1,1.0781969E1,4.582337E0,7.0621895E1,6.118767E1,5.930083E0,5.121435E1,2.4798529E1,6.253542E1,1.6199908E2,1.576863E2,2.9650414E0,4.3127875E0,7.763017E1,1.3477461E0,7.00828E0,3.773689E0,2.6954923E0,1.8868445E0,1.024287E1,6.0379025E1,4.6362465E1,1.4825207E1,1.0781969E0,4.851886E0,3.45023E1,1.6712051E1,1.6172953E0,2.3181232E1,2.5607176E1,3.692824E1,1.53643055E1,1.4232199E2,2.6954923E0,1.6172953E0],"tree_param":{"num_deleted":"0","num_feature":"6","num_nodes":"55","size_leaf_vector":"0"}},{"base_weights":[3.578703E-1,-5.0459E-1,2.6775796E0,-6.956925E-1,2.5943406E0,8.422303E0,6.599884E-1,-7.976728E-1,2.0930624E0,1.1946115E1,-1.4626572E-1,6.237086E0,1.7909555E1,9.2126983E-1,-4.6380347E-1,-2.9428366E-1,-4.2622587E-1,5.3391373E-1,3.6899245E0,-7.055742E-1,1.4585598E0,2.496449E0,4.9063897E0,8.995633E0,1.5627854E1,1.5454052E1,5.1085377E-1,-9.959453E0,7.0039266E-1,-1.719382E-1,-7.410381E-1,2.178841E-1,-2.427419E-2,-9.6282446E-1,-4.59084E-1,5.750317E-1,-1.775985E-1,1.6414772E0,3.439933E0,3.5286415E0,3.1031418E0,6.12132E0,5.4976113E-2,1.7579985E-1,-9.275469E-2,-5.0382724E0,2.3134604E-1,8.516835E-1,3.7925765E-1,6.403722E-2,-1.104457E-1,-4.4505593E-1,-1.3955252E-1,-1.1994255E-1,-3.644521E-1,-2.5418517E-1,-6.658885E-2,-1.2636147E0,1.3692847E0,1.5829393E0,1.8620537E-1,-1.5083293E0,1.5808563E-1,8.426015E-2,2.6207742E-1,-2.471647E-1,1.6720667E-1],"categories":[1,2,2,1,2,2,1,1,1,2,1,1,1,1,2,2,1,2,2],"categories_nodes":[1,4,5,6,7,8,11,16,17,19,20,22,26,28,29,30,34,40,44],"categories_segments":[0,1,2,3,4,5,6,7,8,9,10,11,12,13,14,15,16,17,18],"categories_sizes":[1,1,1,1,1,1,1,1,1,1,1,1,1,1,1,1,1,1,1],"default_left":[1,0,0,1,0,0,0,0,0,0,1,0,0,0,1,0,0,0,0,0,0,0,0,0,0,1,0,1,0,0,0,0,0,0,0,0,0,0,1,0,0,0,0,0,0,0,0,0,1,0,0,0,0,0,0,0,0,0,0,0,0,0,0,0,0,0,0],"id":1,"left_children":[1,3,5,7,9,11,13,15,17,-1,19,21,23,25,27,-1,29,31,-1,33,35,-1,37,39,-1,41,43,45,47,49,51,-1,-1,53,55,-1,-1,-1,57,-1,59,-1,-1,-1,61,-1,-1,63,65,-1,-1,-1,-1,-1,-1,-1,-1,-1,-1,-1,-1,-1,-1,-1,-1,-1,-1],"loss_changes":[1.913583E3,4.1492902E2,2.9987996E3,1.8876428E2,4.161317E3,1.2833091E3,5.7073547E1,4.2835907E1,3.6715466E2,0E0,3.597658E1,1.1512622E2,3.207039E3,9.277072E2,4.1664084E2,0E0,1.6818943E1,2.5918727E0,0E0,1.4314966E0,1.0895634E1,0E0,1.16414795E1,1.3917645E2,0E0,3.193601E2,7.0208893E0,3.1459647E2,1.3261929E0,9.032271E0,1.8621845E1,0E0,0E0,1.4363499E0,1.3767915E0,0E0,0E0,0E0,1.3036554E2,0E0,2.2629623E1,0E0,0E0,0E0,5.7292103E1,0E0,0E0,3.314972E-2,3.1748002E0,0E0,0E0,0E0,0E0,0E0,0E0,0E0,0E0,0E0,0E0,0E0,0E0,0E0,0E0,0E0,0E0,0E0,0E0],"parents":[2147483647,0,0,1,1,2,2,3,3,4,4,5,5,6,6,7,7,8,8,10,10,11,11,12,12,13,13,14,14,16,16,17,17,19,19,20,20,22,22,23,23,25,25,26,26,27,27,28,28,29,29,30,30,33,33,34,34,38,38,40,40,44,44,47,47,48,48],"right_children":[2,4,6,8,10,12,14,16,18,-1,20,22,24,26,28,-1,30,32,-1,34,36,-1,38,40,-1,42,44,46,48,50,52,-1,-1,54,56,-1,-1,-1,58,-1,60,-1,-1,-1,62,-1,-1,64,66,-1,-1,-1,-1,-1,-1,-1,-1,-1,-1,-1,-1,-1,-1,-1,-1,-1,-1],"split_conditions":[3E0,NaN,7E0,2E0,NaN,NaN,NaN,NaN,NaN,1.1946115E1,2E0,NaN,5E0,9E0,1.6E1,-2.9428366E-1,NaN,NaN,3.6899245E0,NaN,NaN,2.496449E0,NaN,3E0,1.5627854E1,3E0,NaN,6E0,NaN,NaN,NaN,2.178841E-1,-2.427419E-2,2E0,NaN,5.750317E-1,-1.775985E-1,1.6414772E0,5E0,3.5286415E0,NaN,6.12132E0,5.4976113E-2,1.7579985E-1,NaN,-5.0382724E0,2.3134604E-1,2E0,2E1,6.403722E-2,-1.104457E-1,-4.4505593E-1,-1.3955252E-1,-1.1994255E-1,-3.644521E-1,-2.5418517E-1,-6.658885E-2,-1.2636147E0,1.3692847E0,1.5829393E0,1.8620537E-1,-1.5083293E0,1.5808563E-1,8.426015E-2,2.6207742E-1,-2.471647E-1,1.6720667E-1],"split_indices":[1,2,1,1,5,4,4,2,4,0,1,5,0,1,1,0,4,5,0,4,4,0,2,0,0,0,2,0,5,2,5,0,0,1,3,0,0,0,1,0,4,0,0,0,5,0,0,0,1,0,0,0,0,0,0,0,0,0,0,0,0,0,0,0,0,0,0],"split_type":[0,1,0,0,1,1,1,1,1,0,0,1,0,0,0,0,1,1,0,1,1,0,1,0,0,0,1,0,1,1,1,0,0,0,1,0,0,0,0,0,1,0,0,0,1,0,0,0,0,0,0,0,0,0,0,0,0,0,0,0,0,0,0,0,0,0,0],"sum_hessian":[9.5480194E2,6.965933E2,2.5820862E2,6.5686194E2,3.973137E1,6.628882E1,1.919198E2,6.3437775E2,2.2484213E1,1.7967045E0,3.793466E1,5.522594E1,1.1062881E1,1.558621E2,3.6057693E1,4.2368823E2,2.106895E2,2.0417583E1,2.0666306E0,2.8546185E1,9.38848E0,1.947176E1,3.575418E1,9.776609E0,1.2862722E0,3.2740426E0,1.5258806E2,3.1128945E0,3.29448E1,1.174036E2,9.32859E1,1.5413691E1,5.003892E0,1.2546182E1,1.6000002E1,7.7270517E0,1.6614283E0,2.383612E1,1.191806E1,5.9751663E0,3.8014429E0,2.21865E0,1.0553924E0,1.357208E2,1.6867262E1,1.5564473E0,1.5564473E0,2.1271446E1,1.1673354E1,3.957809E1,7.7825516E1,2.408465E1,6.920125E1,4.6791563E0,7.867026E0,5.0914273E0,1.0908574E1,1.17502E0,1.074304E1,1.42681E0,2.3746328E0,1.0882105E0,1.5779052E1,1.2970394E0,1.9974407E1,1.0376315E0,1.0635723E1],"tree_param":{"num_deleted":"0","num_feature":"6",