{"learner":{"attributes":{"best_ntree_limit":"1"},"feature_names":[],"feature_types":["q","q","q","c","c","c","c","c","c"],"gradient_booster":{"model":{"gbtree_model_param":{"num_parallel_tree":"1","num_trees":"1","size_leaf_vector":"0"},"tree_info":[0],"trees":[{"base_weights":[-1.9543713E0,-1.3850067E0,-2.274155E0,-7.524395E-1,-1.7717257E0,-1.9470233E0,-1.8838333E1,-2.2987382E-1,2.117185E-3,-6.284897E-1,-1.3222635E0,-2.1606672E-1,-2.2599812E0,-2.0506214E1,-1.1581825E0,-6.2218106E-1,-1.4709666E0,-1.926141E1,-1.8567463E0,-1.3462206E0,-1.5489077E-2,-7.842462E-1,1.574978E-1,-1.233128E0,-5.2953404E-1,3.145011E0,-2.2460344E0,-9.146257E-2,-1.5686737E0,-3.3661234E-1,-5.4168444E-2,-4.5254752E-1,-2.4552836E-1,-4.3470466E-1,1.7225744E1,-6.03121E-1,-4.5069475E0,-1.5341894E-1,-5.246773E-1],"categories":[1,1,1,1,1,1],"categories_nodes":[0,3,5,12,18,21],"categories_segments":[0,1,2,3,4,5],"categories_sizes":[1,1,1,1,1,1],"default_left":[0,1,0,0,1,0,1,0,0,0,0,0,0,0,0,0,0,0,0,0,0,0,0,0,0,0,0,0,0,0,0,0,0,0,0,0,0,0,0],"id":0,"left_children":[1,3,5,7,9,11,13,-1,-1,-1,15,-1,17,-1,19,21,23,-1,25,27,-1,29,-1,31,-1,33,35,-1,37,-1,-1,-1,-1,-1,-1,-1,-1,-1,-1],"loss_changes":[1.3442456E2,6.577002E1,2.5766775E3,1.1149521E0,2.1855225E1,1.8038245E2,7.9969297E3,0E0,0E0,0E0,6.7485657E0,0E0,9.303614E3,0E0,1.5566149E0,3.1317282E0,2.0199738E0,0E0,7.388533E2,1.0599308E0,0E0,2.4932852E0,0E0,2.93182E0,0E0,6.9537812E3,1.0213567E3,0E0,1.02324486E-1,0E0,0E0,0E0,0E0,0E0,0E0,0E0,0E0,0E0,0E0],"parents":[2147483647,0,0,1,1,2,2,3,3,4,4,5,5,6,6,10,10,12,12,14,14,15,15,16,16,18,18,19,19,21,21,23,23,25,25,26,26,28,28],"right_children":[2,4,6,8,10,12,14,-1,-1,-1,16,-1,18,-1,20,22,24,-1,26,28,-1,30,-1,32,-1,34,36,-1,38,-1,-1,-1,-1,-1,-1,-1,-1,-1,-1],"split_conditions":[NaN,2.1E1,5E1,NaN,3E0,NaN,9E0,-2.2987382E-1,2.117185E-3,-6.284897E-1,6E0,-2.1606672E-1,NaN,-2.0506214E1,2.1E1,4E0,3.8E1,-1.926141E1,NaN,1.1E1,-1.5489077E-2,NaN,1.574978E-1,6E0,-5.2953404E-1,4E0,4.5E1,-9.146257E-2,5.3E1,-3.3661234E-1,-5.4168444E-2,-4.5254752E-1,-2.4552836E-1,-4.3470466E-1,1.7225744E1,-6.03121E-1,-4.5069475E0,-1.5341894E-1,-5.246773E-1],"split_indices":[7,0,0,3,2,7,2,0,0,0,1,0,3,0,2,1,0,0,8,2,0,6,0,2,0,2,0,0,0,0,0,0,0,0,0,0,0,0,0],"split_type":[1,0,0,1,0,1,0,0,0,0,0,0,1,0,0,0,0,0,1,0,0,1,0,0,0,0,0,0,0,0,0,0,0,0,0,0,0,0,0],"sum_hessian":[7.545969E2,2.7330933E2,4.812876E2,1.0481165E2,1.6849767E2,4.7306247E2,8.22513E0,1.02931625E2,1.8800297E0,9.5881516E1,7.261615E1,9.6821526E1,3.7624094E2,1.4100223E0,6.8151073E0,1.3630215E1,5.898593E1,1.4100223E0,3.748309E2,5.640089E0,1.1750185E0,1.2220193E1,1.4100223E0,3.548556E1,2.350037E1,2.655542E1,3.482755E2,1.4100223E0,4.230067E0,7.2851152E0,4.9350777E0,1.974031E1,1.5745249E1,2.5380402E1,1.1750185E0,3.431054E2,5.1700816E0,1.1750185E0,3.0550482E0],"tree_param":{"num_deleted":"0","num_feature":"9","num_nodes":"39","size_leaf_vector":"0"}}]},"name":"gbtree"},"learner_model_param":{"base_score":"5E-1","num_class":"0","num_feature":"9","num_target":"1"},"objective":{"name":"reg:squarederror","reg_loss_param":{"scale_pos_weight":"1"}}},"version":[1,6,2]}