{"learner":{"attributes":{"best_ntree_limit":"4"},"feature_names":[],"feature_types":["c","c"],"gradient_booster":{"model":{"gbtree_model_param":{"num_parallel_tree":"1","num_trees":"4","size_leaf_vector":"0"},"tree_info":[0,0,0,0],"trees":[{"base_weights":[-7.109264E-1,-1.2500802E-1,-1.022301E0,-1.0144061E0,-4.7134414E-1,-3.651561E-1,-9.571911E-1,-2.730545E-1,-1.0359746E0,-4.3470466E-1,-9.4550896E-1,-2.0425498E-1,-3.1180617E-1],"categories":[1,2,3,4,5,1,1,3,5,1,3],"categories_nodes":[0,2,3,6,8,10],"categories_segments":[0,5,6,7,9,10],"categories_sizes":[5,1,1,2,1,1],"default_left":[0,0,0,0,0,0,0,0,0,0,0,0,0],"id":0,"left_children":[1,-1,3,5,-1,-1,7,-1,9,-1,11,-1,-1],"loss_changes":[1.05982056E2,0E0,8.483887E-1,5.313843E0,0E0,0E0,6.874695E-1,0E0,4.50679E0,0E0,2.5682678E0,0E0,0E0],"parents":[2147483647,0,0,2,2,3,3,6,6,8,8,10,10],"right_children":[2,-1,4,6,-1,-1,8,-1,10,-1,12,-1,-1],"split_conditions":[NaN,-1.2500802E-1,NaN,NaN,-4.7134414E-1,-3.651561E-1,NaN,-2.730545E-1,NaN,-4.3470466E-1,NaN,-2.0425498E-1,-3.1180617E-1],"split_indices":[1,0,1,0,0,0,1,0,0,0,1,0,0],"split_type":[1,0,1,1,0,0,1,0,1,0,1,0,0],"sum_hessian":[1.1604484E3,5.978494E2,5.625989E2,5.574288E2,5.1700816E0,1.1820686E2,4.3922192E2,2.8294446E2,1.5627747E2,2.5380402E1,1.3089706E2,3.6425575E1,9.447149E1],"tree_param":{"num_deleted":"0","num_feature":"2","num_nodes":"13","size_leaf_vector":"0"}},{"base_weights":[-3.046383E-1,2.0620864E-2,-7.059674E-1,-6.893684E-1,-2.4549264E-1,-2.4786139E-1,-1.9484736E-1],"categories":[1,2,3,4,5,1,5,1],"categories_nodes":[0,2,3],"categories_segments":[0,5,7],"categories_sizes":[5,2,1],"default_left":[0,0,0,0,0,0,0],"id":1,"left_children":[1,-1,3,5,-1,-1,-1],"loss_changes":[1.8400235E2,0E0,5.393677E-1,2.3113098E0,0E0,0E0,0E0],"parents":[2147483647,0,0,2,2,3,3],"right_children":[2,-1,4,6,-1,-1,-1],"split_conditions":[NaN,2.0620864E-2,NaN,NaN,-2.4549264E-1,-2.4786139E-1,-1.9484736E-1],"split_indices":[1,0,1,0,0,0,0],"split_type":[1,0,1,1,0,0,0],"sum_hessian":[1.2266187E3,6.3586945E2,5.907492E2,5.2091736E2,6.983186E1,1.13100685E2,4.0781665E2],"tree_param":{"num_deleted":"0","num_feature":"2","num_nodes":"7","size_leaf_vector":"0"}},{"base_weights":[-8.044292E-2,9.500122E-2,-4.9749988E-1,-4.9226668E-1,-2.709221E-1,-2.0627767E-1,-4.383428E-1,-1.2702954E-1,-5.2172345E-1,-3.691581E-1,-1.0675899E-1],"categories":[1,2,3,4,5,1,1,5,1],"categories_nodes":[0,2,3,6,8],"categories_segments":[0,5,6,7,8],"categories_sizes":[5,1,1,1,1],"default_left":[0,0,0,0,0,0,0,0,0,0,0],"id":2,"left_children":[1,-1,3,5,-1,-1,7,-1,9,-1,-1],"loss_changes":[2.0351543E2,0E0,8.273926E-1,5.953415E0,0E0,0E0,3.6110687E-1,0E0,7.404503E0,0E0,0E0],"parents":[2147483647,0,0,2,2,3,3,6,6,8,8],"right_children":[2,-1,4,6,-1,-1,8,-1,10,-1,-1],"split_conditions":[NaN,9.500122E-2,NaN,NaN,-2.709221E-1,-2.0627767E-1,NaN,-1.2702954E-1,NaN,-3.691581E-1,-1.0675899E-1],"split_indices":[1,0,1,0,0,0,1,0,0,0,0],"split_type":[1,0,1,1,0,0,1,0,1,0,0],"sum_hessian":[1.2268656E3,6.2858234E2,5.982833E2,5.928475E2,5.4358535E0,1.2571729E2,4.671302E2,4.014217E2,6.570851E1,1.1242901E1,5.446561E1],"tree_param":{"num_deleted":"0","num_feature":"2","num_nodes":"11","size_leaf_vector":"0"}},{"base_weights":[1.19805634E-1,1.829136E-1,-3.7267658E-1,-3.6856413E-1,-2.1191487E-1,-1.6938406E-1,-3.147015E-1,-8.2256034E-2,-3.8603026E-1,-2.3919843E-1,-3.0114213E-1,-5.7962142E-2,-1.2497767E-1],"categories":[1,2,3,4,5,1,1,3,5,1,5],"categories_nodes":[0,2,3,6,8,10],"categories_segments":[0,5,6,7,9,10],"categories_sizes":[5,1,1,2,1,1],"default_left":[0,0,0,0,0,0,0,0,0,0,0,0,0],"id":3,"left_children":[1,-1,3,5,-1,-1,7,-1,9,-1,11,-1,-1],"loss_changes":[2.8911176E2,0E0,5.599365E-1,6.079384E0,0E0,0E0,1.2439842E0,0E0,5.5818443E0,0E0,1.6619349E0,0E0,0E0],"parents":[2147483647,0,0,2,2,3,3,6,6,8,8,10,10],"right_children":[2,-1,4,6,-1,-1,8,-1,10,-1,12,-1,-1],"split_conditions":[NaN,1.829136E-1,NaN,NaN,-2.1191487E-1,-1.6938406E-1,NaN,-8.2256034E-2,NaN,-2.3919843E-1,NaN,-5.7962142E-2,-1.2497767E-1],"split_indices":[1,0,1,0,0,0,1,0,0,0,1,0,0],"split_type":[1,0,1,1,0,0,1,0,1,0,1,0,0],"sum_hessian":[1.1963486E3,5.996235E2,5.967252E2,5.915398E2,5.185423E0,1.25448715E2,4.660911E2,3.0034125E2,1.6574986E2,2.6920866E1,1.38829E2,7.3131454E1,6.569755E1],"tree_param":{"num_deleted":"0","num_feature":"2","num_nodes":"13","size_leaf_vector":"0"}}]},"name":"gbtree"},"learner_model_param":{"base_score":"5E-1","num_class":"0","num_feature":"2","num_target":"1"},"objective":{"name":"reg:squarederror","reg_loss_param":{"scale_pos_weight":"1"}}},"version":[1,6,2]}