{"learner":{"attributes":{"best_ntree_limit":"1"},"feature_names":[],"feature_types":["q","q","c","c","c","c"],"gradient_booster":{"model":{"gbtree_model_param":{"num_parallel_tree":"1","num_trees":"1","size_leaf_vector":"0"},"tree_info":[0],"trees":[{"base_weights":[-1.9543713E0,-1.3751355E0,-2.2846444E0,-2.1832776E-1,-1.7539968E0,-1.7859119E0,-3.291212E0,-2.0825615E0,-1.3099041E0,-1.8169224E-1,-2.1820908E0,-2.2482586E0,-2.3278086E0,-1.2916763E0,-6.362915E-1,-6.426853E-1,-4.3963185E-1,-5.9466424E0,-1.5496509E0,-7.5295E-1,-6.08062E-1,-1.0204841E-1,-1.5686737E0,-7.887608E-1,1.574978E-1,-3.6786609E0,-5.393332E-1,-1.284174E-1,-2.104279E0,-6.4697134E-1,-1.0204841E-1,-3.2693404E-1,-9.214825E-2,-1.8083851E0,-3.553033E-1],"categories":[1,2,1,1,2,2,2,1,1],"categories_nodes":[0,1,5,6,12,13,17,18,23],"categories_segments":[0,1,2,3,4,5,6,7,8],"categories_sizes":[1,1,1,1,1,1,1,1,1],"default_left":[0,0,0,0,1,0,0,0,0,0,1,0,0,0,0,0,0,0,0,0,0,0,1,0,0,0,0,0,1,0,0,0,0,0,0],"id":0,"left_children":[1,3,5,-1,7,9,11,13,15,-1,17,-1,19,21,-1,23,-1,25,27,-1,-1,-1,29,31,-1,-1,-1,-1,33,-1,-1,-1,-1,-1,-1],"loss_changes":[1.4140845E2,6.663623E1,2.3493677E2,0E0,2.2655518E1,1.4969177E2,6.213009E2,2.4627686E-1,7.0148315E0,0E0,5.6554346E2,0E0,2.0220337E0,1.3403864E0,0E0,3.1901474E0,0E0,8.785458E2,1.2851297E2,0E0,0E0,0E0,3.0437765E0,1.8202868E0,0E0,0E0,0E0,0E0,4.9439362E2,0E0,0E0,0E0,0E0,0E0,0E0],"parents":[2147483647,0,0,1,1,2,2,4,4,5,5,6,6,7,7,8,8,10,10,12,12,13,13,15,15,17,17,18,18,22,22,23,23,28,28],"right_children":[2,4,6,-1,8,10,12,14,16,-1,18,-1,20,22,-1,24,-1,26,28,-1,-1,-1,30,32,-1,-1,-1,-1,34,-1,-1,-1,-1,-1,-1],"split_conditions":[NaN,NaN,7.600001E1,-2.1832776E-1,3E0,NaN,NaN,2E0,6E0,-1.8169224E-1,2E0,-2.2482586E0,NaN,NaN,-6.362915E-1,4E0,-4.3963185E-1,NaN,NaN,-7.5295E-1,-6.08062E-1,-1.0204841E-1,2E0,NaN,1.574978E-1,-3.6786609E0,-5.393332E-1,-1.284174E-1,4E0,-6.4697134E-1,-1.0204841E-1,-3.2693404E-1,-9.214825E-2,-1.8083851E0,-3.553033E-1],"split_indices":[4,4,1,0,1,4,3,0,0,0,1,0,2,5,0,0,0,2,4,0,0,0,1,3,0,0,0,0,1,0,0,0,0,0,0],"split_type":[1,1,0,0,0,1,1,0,0,0,0,0,1,1,0,0,0,1,1,0,0,0,0,1,0,0,0,0,0,0,0,0,0,0,0],"sum_hessian":[7.545969E2,2.7589435E2,4.7870255E2,1.02931625E2,1.7296274E2,3.2195508E2,1.5674747E2,9.7291534E1,7.5671196E1,8.154629E1,2.404088E2,2.796544E1,1.2878203E2,6.1100965E0,9.118144E1,1.5275241E1,6.0395954E1,3.3370525E1,2.0703827E2,7.5671196E1,5.311084E1,1.8800297E0,4.230067E0,1.3865219E1,1.4100223E0,1.2455196E1,2.091533E1,6.909109E1,1.3794717E2,2.350037E0,1.8800297E0,7.755122E0,6.1100965E0,2.5145397E1,1.1280178E2],"tree_param":{"num_deleted":"0","num_feature":"6","num_nodes":"35","size_leaf_vector":"0"}}]},"name":"gbtree"},"learner_model_param":{"base_score":"5E-1","num_class":"0","num_feature":"6","num_target":"1"},"objective":{"name":"reg:squarederror","reg_loss_param":{"scale_pos_weight":"1"}}},"version":[1,6,2]}