{"learner":{"attributes":{"best_ntree_limit":"1"},"feature_names":[],"feature_types":["q","q","c","c","c","c"],"gradient_booster":{"model":{"gbtree_model_param":{"num_parallel_tree":"1","num_trees":"1","size_leaf_vector":"0"},"tree_info":[0],"trees":[{"base_weights":[-7.105342E-1,2.063487E-2,-1.3026776E0,1.4468305E-1,-3.0519894E-1,-4.47924E-1,-5.4597745E0,-7.19847E-1,1.2502907E-1,1.8357906E-1,-1.0015227E0,-5.1357846E0,-8.667801E-1,-1.0414977E0,-3.6990228E-1,6.8802066E-2,-1.3955173E-1,-5.06714E0,3.5289392E-2,-4.2914757E-1,-2.7729917E-1,-3.1617475E-1,-1.0204841E-1,1.7334359E0,-1.0435231E0,3.962655E-1,-1.6423669E0,-7.645179E0,-4.4336724E-3,2.2673827E-1,-6.963802E-1,3.5579333E-1,-1.1220411E0,-2.1450395E-2,1.3286548E0,-4.631548E-1,-1.8609926E-2,-1.3099207E-1,1.7051558E-1,-2.4223447E0,7.089158E-2,1.4651735E-1,-1.00925095E-1,-3.0455422E0,1.578975E-1,-4.7060212E-1,-8.0786094E-2],"categories":[1,2,1,2,2,1,1,2,1,1,2,2,2],"categories_nodes":[0,1,5,6,7,8,14,17,18,19,24,26,28],"categories_segments":[0,1,2,3,4,5,6,7,8,9,10,11,12],"categories_sizes":[1,1,1,1,1,1,1,1,1,1,1,1,1],"default_left":[0,0,0,0,1,0,0,0,0,0,1,0,0,1,0,0,0,0,0,0,0,0,0,0,0,0,0,0,0,0,1,0,1,0,0,0,0,0,0,0,0,0,0,0,0,0,0],"id":0,"left_children":[1,3,5,-1,7,9,11,13,15,-1,17,-1,19,21,23,-1,25,27,29,31,-1,-1,-1,33,35,37,39,-1,41,-1,43,-1,45,-1,-1,-1,-1,-1,-1,-1,-1,-1,-1,-1,-1,-1,-1],"loss_changes":[5.0278235E2,7.845407E1,2.2774192E3,0E0,5.4642612E1,3.1350833E2,5.8403667E3,1.7159172E1,4.197546E0,0E0,1.478417E3,0E0,1.6053886E0,3.4403992E-1,1.0977471E2,0E0,3.5517998E1,7.366251E3,1.4835544E2,1.3758611E1,0E0,0E0,0E0,9.207292E1,2.8553413E1,4.9396906E0,1.4178046E2,0E0,9.670986E0,0E0,1.61989E3,0E0,2.7331114E0,0E0,0E0,0E0,0E0,0E0,0E0,0E0,0E0,0E0,0E0,0E0,0E0,0E0,0E0],"parents":[2147483647,0,0,1,1,2,2,4,4,5,5,6,6,7,7,8,8,10,10,12,12,13,13,14,14,16,16,17,17,18,18,19,19,23,23,24,24,25,25,26,26,28,28,30,30,32,32],"right_children":[2,4,6,-1,8,10,12,14,16,-1,18,-1,20,22,24,-1,26,28,30,32,-1,-1,-1,34,36,38,40,-1,42,-1,44,-1,46,-1,-1,-1,-1,-1,-1,-1,-1,-1,-1,-1,-1,-1,-1],"split_conditions":[NaN,NaN,7.600001E1,1.4468305E-1,3E0,NaN,NaN,NaN,NaN,1.8357906E-1,3E0,-5.1357846E0,4E0,2E0,NaN,6.8802066E-2,1.1E1,NaN,NaN,NaN,-2.7729917E-1,-3.1617475E-1,-1.0204841E-1,6E0,NaN,4E0,NaN,-7.645179E0,NaN,2.2673827E-1,7E0,3.5579333E-1,2E0,-2.1450395E-2,1.3286548E0,-4.631548E-1,-1.8609926E-2,-1.3099207E-1,1.7051558E-1,-2.4223447E0,7.089158E-2,1.4651735E-1,-1.00925095E-1,-3.0455422E0,1.578975E-1,-4.7060212E-1,-8.0786094E-2],"split_indices":[4,4,1,0,1,4,2,2,3,0,1,0,0,1,5,0,0,2,4,4,0,0,0,0,2,1,2,0,5,0,1,0,0,0,0,0,0,0,0,0,0,0,0,0,0,0,0],"split_type":[1,1,0,0,0,1,1,1,1,0,0,0,0,0,1,0,0,1,1,1,0,0,0,0,1,0,1,0,1,0,0,0,0,0,0,0,0,0,0,0,0,0,0,0,0,0,0],"sum_hessian":[1.1602133E3,5.195932E2,6.406201E2,2.147934E2,3.047998E2,5.322834E2,1.0833671E2,1.5486745E2,1.4993237E2,1.8259789E2,3.4968552E2,2.984547E1,7.849124E1,7.966626E1,7.520119E1,1.076317E2,4.2300667E1,7.0266106E1,2.794194E2,1.010516E1,6.838608E1,7.7786224E1,1.8800297E0,1.7860283E1,5.7340904E1,3.17255E1,1.0575167E1,1.3160208E1,5.71059E1,1.4076723E2,1.3865219E2,2.8200445E0,7.2851152E0,1.1280178E1,6.580104E0,3.7600594E1,1.974031E1,5.1700816E0,2.655542E1,1.645026E0,8.930141E0,2.279536E1,3.4310543E1,1.5040237E1,1.2361195E2,4.230067E0,3.0550482E0],"tree_param":{"num_deleted":"0","num_feature":"6","num_nodes":"47","size_leaf_vector":"0"}}]},"name":"gbtree"},"learner_model_param":{"base_score":"5E-1","num_class":"0","num_feature":"6","num_target":"1"},"objective":{"name":"reg:squarederror","reg_loss_param":{"scale_pos_weight":"1"}}},"version":[1,6,2]}