{"learner":{"attributes":{"best_ntree_limit":"1"},"feature_names":[],"feature_types":["q","q","q","c","c","c","c","c","c"],"gradient_booster":{"model":{"gbtree_model_param":{"num_parallel_tree":"1","num_trees":"1","size_leaf_vector":"0"},"tree_info":[0],"trees":[{"base_weights":[-7.109264E-1,2.2373056E-2,-1.2992575E0,5.0670224E-1,-3.4347603E-1,-6.538801E-1,-7.6637024E1,1.4431535E-1,1.0803779E0,-9.4710463E-1,1.54468585E-2,1.4784843E-1,-1.158575E0,-5.835982E1,2.9968652E-1,6.554185E-1,5.709381E-1,-4.4350055E-1,-1.1427637E0,2.1297592E-1,-2.8534698E-1,-4.5471275E-1,-1.9939692E1,3.6310506E-1,-1.66532E-1,-3.0578944E-1,-2.1411656E-1,-1.2067308E0,-7.4248976E-1,-1.898837E-1,5.225868E-1,-6.4815414E-1,-2.0680545E-2,1.3899735E-1,-9.849585E-1,-3.7922943E1,1.008656E0,2.6037067E-1,-2.5060415E-1,-1.6414098E-1,2.032064E-1,-2.9297057E-1,-4.0336156E-1,-4.995473E-2,-3.5968477E-1,7.826541E-3,-1.639463E-1,-1.9741576E-2,1.8564543E-1,-3.230107E-1,2.1525535E-4,4.2074155E-2,-1.2181108E-1,-9.8844476E-2,-2.4704935E1,3.7036103E-1,1.3425156E-1],"categories":[1,1,1,2,1,1,0,1,2,3,0,1,2,4,5,1,0,1,2,3,4,5,1,1],"categories_nodes":[0,3,5,8,17,21,28,29,30,31,32,36],"categories_segments":[0,1,2,3,4,5,6,10,15,16,22,23],"categories_sizes":[1,1,1,1,1,1,4,5,1,6,1,1],"default_left":[0,1,0,0,1,0,1,0,0,0,0,0,0,0,0,0,0,0,0,0,0,0,1,0,0,0,0,0,0,0,0,0,0,0,0,0,0,0,0,0,0,0,0,0,0,0,0,0,0,0,0,0,0,0,0,0,0],"id":0,"left_children":[1,3,5,7,9,11,13,-1,15,17,19,-1,21,-1,-1,-1,23,25,27,29,31,33,35,-1,37,-1,39,41,43,45,47,49,51,-1,53,-1,55,-1,-1,-1,-1,-1,-1,-1,-1,-1,-1,-1,-1,-1,-1,-1,-1,-1,-1,-1,-1],"loss_changes":[5.0110443E2,9.1960625E1,3.12834E4,2.76643E0,6.407868E1,3.7094876E2,5.0215836E4,0E0,3.6782875E0,1.0359276E1,1.1136891E1,0E0,5.8693936E3,0E0,0E0,0E0,3.6651242E0,4.073055E0,1.1212921E0,1.420576E1,7.123127E0,2.0960213E2,3.5903215E4,0E0,3.6930513E0,0E0,7.6442204E0,7.908554E-1,3.3378458E0,3.8559008E0,3.6767426E0,8.708757E0,2.7859368E0,0E0,1.4514808E4,0E0,1.2721777E0,0E0,0E0,0E0,0E0,0E0,0E0,0E0,0E0,0E0,0E0,0E0,0E0,0E0,0E0,0E0,0E0,0E0,0E0,0E0,0E0],"parents":[2147483647,0,0,1,1,2,2,3,3,4,4,5,5,6,6,8,8,9,9,10,10,12,12,16,16,17,17,18,18,19,19,20,20,21,21,22,22,24,24,26,26,27,27,28,28,29,29,30,30,31,31,32,32,34,34,36,36],"right_children":[2,4,6,8,10,12,14,-1,16,18,20,-1,22,-1,-1,-1,24,26,28,30,32,34,36,-1,38,-1,40,42,44,46,48,50,52,-1,54,-1,56,-1,-1,-1,-1,-1,-1,-1,-1,-1,-1,-1,-1,-1,-1,-1,-1,-1,-1,-1,-1],"split_conditions":[NaN,2.1E1,4.4E1,NaN,2E0,NaN,2.2E1,1.4431535E-1,NaN,2.3E1,3.4E1,1.4784843E-1,3.3E1,-5.835982E1,2.9968652E-1,6.554185E-1,5E0,NaN,4.2E1,4E0,7E0,NaN,1.4E1,3.6310506E-1,4E0,-3.0578944E-1,2.2E1,2E0,NaN,NaN,NaN,NaN,NaN,1.3899735E-1,2.8E1,-3.7922943E1,NaN,2.6037067E-1,-2.5060415E-1,-1.6414098E-1,2.032064E-1,-2.9297057E-1,-4.0336156E-1,-4.995473E-2,-3.5968477E-1,7.826541E-3,-1.639463E-1,-1.9741576E-2,1.8564543E-1,-3.230107E-1,2.1525535E-4,4.2074155E-2,-1.2181108E-1,-9.8844476E-2,-2.4704935E1,3.7036103E-1,1.3425156E-1],"split_indices":[7,0,0,3,2,7,2,0,8,0,0,0,0,0,0,0,2,3,0,2,2,7,2,0,1,0,0,2,5,5,3,5,6,0,0,0,8,0,0,0,0,0,0,0,0,0,0,0,0,0,0,0,0,0,0,0,0],"split_type":[1,0,0,1,0,1,0,0,1,0,0,0,0,0,0,0,0,1,0,0,0,1,0,0,0,0,0,0,1,1,1,1,1,0,0,0,1,0,0,0,0,0,0,0,0,0,0,0,0,0,0,0,0,0,0,0,0],"sum_hessian":[1.1604484E3,5.170082E2,6.434402E2,2.223135E2,2.9469464E2,6.389751E2,4.4650707E0,2.1455838E2,7.755122E0,1.09276726E2,1.8541792E2,1.9528809E2,4.43687E2,1.1750185E0,3.290052E0,1.4100223E0,6.3451004E0,3.1490498E1,7.7786224E1,1.1209677E2,7.332116E1,4.2864676E2,1.5040237E1,3.0550482E0,3.290052E0,7.990126E0,2.350037E1,6.533103E1,1.2455196E1,4.888077E1,6.3216E1,3.031548E1,4.300568E1,1.5698248E2,2.7166428E2,1.645026E0,1.3395211E1,1.1750185E0,2.1150334E0,1.7390274E1,6.1100965E0,2.7495434E1,3.7835598E1,6.1100965E0,6.3451004E0,3.1020489E1,1.7860283E1,8.930141E0,5.428586E1,1.7860283E1,1.2455196E1,3.0785486E1,1.2220193E1,2.7048926E2,1.1750185E0,8.695137E0,4.700074E0],"tree_param":{"num_deleted":"0","num_feature":"9","num_nodes":"57","size_leaf_vector":"0"}}]},"name":"gbtree"},"learner_model_param":{"base_score":"5E-1","num_class":"0","num_feature":"9","num_target":"1"},"objective":{"name":"reg:squarederror","reg_loss_param":{"scale_pos_weight":"1"}}},"version":[1,6,2]}