{"learner":{"attributes":{"best_ntree_limit":"1"},"feature_names":[],"feature_types":["q","q","c","c","c","c"],"gradient_booster":{"model":{"gbtree_model_param":{"num_parallel_tree":"1","num_trees":"1","size_leaf_vector":"0"},"tree_info":[0],"trees":[{"base_weights":[-6.615284E-1,-1.2632136E-2,-1.1804942E0,1.1266745E-1,-2.8607467E-1,-4.3053323E-1,-4.916109E0,-7.08153E-1,8.788195E-3,1.4091113E-1,-8.910867E-1,-4.242448E0,-8.244071E-1,6.831815E-2,-7.874979E-1,3.8609764E-1,-7.437574E-2,-4.27991E0,2.1163918E-2,-2.3533319E-1,-2.707746E-1,1.092933E-1,-1.5398194E-1,-6.2335545E-1,-9.671962E-1,4.9218732E-1,-4.9774426E-1,-4.2424998E-1,1.6267853E-2,-1.5474688E1,-8.24792E-2,1.7865019E-1,-5.5044425E-1,2.6718864E-1,-9.6408254E-1,-9.958786E-2,5.474949E-2,-7.015609E-2,-2.3144875E-1,-3.1480664E-1,-2.0992744E-1,9.333794E-2,2.3211087E-1,-2.066606E-1,-4.5614213E-2,-1.9567488E-1,5.2273992E-2,-5.6600827E-3,1.5729737E-1,-4.830588E0,-3.6537114E-1,5.4010604E-2,-7.857352E-2,-2.3969722E0,1.3059716E-1,-3.868262E-1,-6.112642E-2],"categories":[1,2,1,2,2,1,2,1,1,1,2,2,2,2,1],"categories_nodes":[0,1,5,6,13,14,17,18,19,22,24,27,29,30,34],"categories_segments":[0,1,2,3,4,5,6,7,8,9,10,11,12,13,14],"categories_sizes":[1,1,1,1,1,1,1,1,1,1,1,1,1,1,1],"default_left":[0,0,0,0,1,0,0,0,0,0,1,0,0,0,0,0,0,0,0,0,0,0,0,0,0,0,0,0,0,0,0,0,1,0,0,0,0,0,0,0,0,0,0,0,0,0,0,0,0,0,0,0,0,0,0,0,0],"id":0,"left_children":[1,3,5,-1,7,9,11,13,15,-1,17,-1,19,21,23,25,27,29,31,33,-1,-1,35,37,39,41,43,45,47,49,51,-1,53,-1,55,-1,-1,-1,-1,-1,-1,-1,-1,-1,-1,-1,-1,-1,-1,-1,-1,-1,-1,-1,-1,-1,-1],"loss_changes":[4.4855408E2,6.304562E1,2.0713328E3,0E0,4.3372524E1,2.5642157E2,4.655629E3,8.88372E0,6.496679E0,0E0,1.2639644E3,0E0,3.780964E0,9.90967E-1,3.2349548E0,3.7508335E0,5.3899426E0,4.073479E3,1.06403786E2,1.0305087E1,0E0,0E0,5.8859193E-1,3.9055748E0,5.906639E-1,1.4864492E0,1.9285274E-1,4.8846254E0,2.4335325E0,1.9181836E2,3.0652966E0,0E0,1.1948923E3,0E0,1.5848775E0,0E0,0E0,0E0,0E0,0E0,0E0,0E0,0E0,0E0,0E0,0E0,0E0,0E0,0E0,0E0,0E0,0E0,0E0,0E0,0E0,0E0,0E0],"parents":[2147483647,0,0,1,1,2,2,4,4,5,5,6,6,7,7,8,8,10,10,12,12,13,13,14,14,15,15,16,16,17,17,18,18,19,19,22,22,23,23,24,24,25,25,26,26,27,27,28,28,29,29,30,30,32,32,34,34],"right_children":[2,4,6,-1,8,10,12,14,16,-1,18,-1,20,22,24,26,28,30,32,34,-1,-1,36,38,40,42,44,46,48,50,52,-1,54,-1,56,-1,-1,-1,-1,-1,-1,-1,-1,-1,-1,-1,-1,-1,-1,-1,-1,-1,-1,-1,-1,-1,-1],"split_conditions":[NaN,NaN,3.6E1,1.1266745E-1,2E0,NaN,NaN,3E0,5E0,1.4091113E-1,3E0,-4.242448E0,4E0,NaN,NaN,1.4E1,3E0,NaN,NaN,NaN,-2.707746E-1,1.092933E-1,NaN,2E0,NaN,7E0,1.7E1,NaN,1.7E1,NaN,NaN,1.7865019E-1,7E0,2.6718864E-1,NaN,-9.958786E-2,5.474949E-2,-7.015609E-2,-2.3144875E-1,-3.1480664E-1,-2.0992744E-1,9.333794E-2,2.3211087E-1,-2.066606E-1,-4.5614213E-2,-1.9567488E-1,5.2273992E-2,-5.6600827E-3,1.5729737E-1,-4.830588E0,-3.6537114E-1,5.4010604E-2,-7.857352E-2,-2.3969722E0,1.3059716E-1,-3.868262E-1,-6.112642E-2],"split_indices":[4,4,1,0,1,4,2,0,0,0,1,0,0,5,5,1,1,2,4,4,0,0,3,1,2,1,1,2,1,5,5,0,1,0,3,0,0,0,0,0,0,0,0,0,0,0,0,0,0,0,0,0,0,0,0,0,0],"split_type":[1,1,0,0,0,1,1,0,0,0,0,0,0,1,1,0,0,1,1,1,0,0,1,0,1,0,0,1,0,1,1,0,0,0,1,0,0,0,0,0,0,0,0,0,0,0,0,0,0,0,0,0,0,0,0,0,0],"sum_hessian":[1.331034E3,5.919301E2,7.3910394E2,2.4448114E2,3.4744894E2,6.1645905E2,1.226449E2,1.4232199E2,2.0512695E2,2.086311E2,4.0782797E2,3.692824E1,8.571665E1,1.32079115E1,1.2911407E2,3.6389145E1,1.6873781E2,8.571665E1,3.2211133E2,1.051242E1,7.520423E1,5.3909845E0,7.8169274E0,6.981325E1,5.9300827E1,3.2885006E1,3.50414E0,3.3963203E1,1.3477461E2,2.2642134E1,6.3074516E1,1.6065134E2,1.6145998E2,4.043238E0,6.469181E0,5.121435E0,2.6954923E0,1.9946642E1,4.9866608E1,4.3127876E1,1.6172953E1,2.1294388E1,1.1590616E1,1.6172953E0,1.8868445E0,2.4528978E1,9.434223E0,1.2695768E2,7.8169274E0,2.1563938E1,1.0781969E0,2.5607176E1,3.7467342E1,1.8059797E1,1.4340019E2,4.043238E0,2.425943E0],"tree_param":{"num_deleted":"0","num_feature":"6","num_nodes":"57","size_leaf_vector":"0"}}]},"name":"gbtree"},"learner_model_param":{"base_score":"5E-1","num_class":"0","num_feature":"6","num_target":"1"},"objective":{"name":"reg:squarederror","reg_loss_param":{"scale_pos_weight":"1"}}},"version":[1,6,2]}