{"learner":{"attributes":{"best_ntree_limit":"1"},"feature_names":[],"feature_types":["q","q","q","c","c","c","c","c","c"],"gradient_booster":{"model":{"gbtree_model_param":{"num_parallel_tree":"1","num_trees":"1","size_leaf_vector":"0"},"tree_info":[0],"trees":[{"base_weights":[-7.117874E-1,3.1162992E-2,-1.3152394E0,5.49122E-1,-3.6847615E-1,-6.516801E-1,-4.8357624E1,1.5726753E-1,1.0419333E0,-8.4203297E-1,8.76411E-2,1.6275086E-1,-1.1882474E0,3.5837904E-1,-1.5489077E-2,-9.671419E-1,-4.3721232E-1,2.796235E-1,-2.8136915E-1,-4.520896E-1,-4.462926E1,-5.833535E-1,-1.1092778E0,-2.2410914E-1,-1.3462206E0,-1.5375316E-2,4.5781127E-1,-6.426853E-1,-1.14631735E-1,1.5948531E-1,-1.0291332E0,-4.1667843E1,3.5020706E-1,-3.1824195E-1,-1.11493625E-1,-3.5483488E-1,-1.8070945E-1,2.2475151E-2,-2.056157E-1,-4.845351E-1,-1.5489077E-2,-9.579493E-2,6.743003E-2,1.7695676E-1,1.6674789E-2,-2.9836378E-1,-4.0357266E-2,-2.2314571E-1,6.7322324E-3,6.1320504E-3,-2.131358E1],"categories":[1,1,1,0,1,3,4,5,1,1,0,1,2,4,5,0,1,2,3,4,1,1,0,1,2],"categories_nodes":[0,3,5,8,19,21,23,24,25,26,27],"categories_segments":[0,1,2,3,8,9,10,15,20,21,22],"categories_sizes":[1,1,1,5,1,1,5,5,1,1,3],"default_left":[0,1,0,0,1,0,0,0,0,1,0,0,0,0,0,0,0,0,0,0,1,0,0,0,0,0,0,0,0,0,0,0,0,0,0,0,0,0,0,0,0,0,0,0,0,0,0,0,0,0,0],"id":0,"left_children":[1,3,5,7,9,11,-1,-1,13,15,17,-1,19,-1,-1,21,23,25,27,29,31,33,35,37,39,41,43,45,47,-1,49,-1,-1,-1,-1,-1,-1,-1,-1,-1,-1,-1,-1,-1,-1,-1,-1,-1,-1,-1,-1],"loss_changes":[5.2075885E2,1.08158E2,6.788821E4,2.245636E0,6.3790794E1,4.1026306E2,0E0,0E0,1.7194872E0,6.9119263E0,1.07879E1,0E0,1.4095453E4,0E0,0E0,5.342865E0,6.6749644E0,5.260222E0,3.072969E0,2.4750082E2,3.1870578E4,2.818655E0,2.2319183E0,4.241151E0,2.228097E0,2.889192E0,3.2780085E0,2.7762527E0,3.2038984E0,0E0,2.017691E4,0E0,0E0,0E0,0E0,0E0,0E0,0E0,0E0,0E0,0E0,0E0,0E0,0E0,0E0,0E0,0E0,0E0,0E0,0E0,0E0],"parents":[2147483647,0,0,1,1,2,2,3,3,4,4,5,5,8,8,9,9,10,10,12,12,15,15,16,16,17,17,18,18,19,19,20,20,21,21,22,22,23,23,24,24,25,25,26,26,27,27,28,28,30,30],"right_children":[2,4,6,8,10,12,-1,-1,14,16,18,-1,20,-1,-1,22,24,26,28,30,32,34,36,38,40,42,44,46,48,-1,50,-1,-1,-1,-1,-1,-1,-1,-1,-1,-1,-1,-1,-1,-1,-1,-1,-1,-1,-1,-1],"split_conditions":[NaN,2.1E1,4.4E1,NaN,3E0,NaN,-4.8357624E1,1.5726753E-1,NaN,2E0,3.7E1,1.6275086E-1,3.3E1,3.5837904E-1,-1.5489077E-2,2.3E1,3.5E1,5E0,6E0,NaN,2.1E1,NaN,4.3E1,NaN,NaN,NaN,NaN,NaN,3.9E1,1.5948531E-1,3E1,-4.1667843E1,3.5020706E-1,-3.1824195E-1,-1.11493625E-1,-3.5483488E-1,-1.8070945E-1,2.2475151E-2,-2.056157E-1,-4.845351E-1,-1.5489077E-2,-9.579493E-2,6.743003E-2,1.7695676E-1,1.6674789E-2,-2.9836378E-1,-4.0357266E-2,-2.2314571E-1,6.7322324E-3,6.1320504E-3,-2.131358E1],"split_indices":[7,0,0,3,2,7,0,0,5,2,0,0,0,0,0,0,0,2,2,7,2,3,0,5,5,8,6,5,0,0,2,0,0,0,0,0,0,0,0,0,0,0,0,0,0,0,0,0,0,0,0],"split_type":[1,0,0,1,0,1,0,0,1,0,0,0,0,0,0,0,0,0,0,1,0,1,0,1,1,1,1,1,0,0,0,0,0,0,0,0,0,0,0,0,0,0,0,0,0,0,0,0,0,0,0],"sum_hessian":[1.1604484E3,5.205332E2,6.399151E2,2.2654358E2,2.9398965E2,6.382701E2,1.645026E0,2.1761343E2,8.930141E0,1.4382227E2,1.5016737E2,1.9787312E2,4.4039694E2,7.755122E0,1.1750185E0,1.0880672E2,3.5015553E1,9.893656E1,5.123081E1,4.3405185E2,6.3451004E0,3.0785486E1,7.802123E1,2.9375463E1,5.640089E0,3.7600594E1,6.1335968E1,1.5275241E1,3.5955566E1,1.6050754E2,2.735443E2,1.4100223E0,4.9350777E0,8.22513E0,2.2560356E1,6.697606E1,1.1045175E1,1.833029E1,1.1045175E1,4.4650707E0,1.1750185E0,1.645026E1,2.1150333E1,4.582572E1,1.5510244E1,8.460134E0,6.8151073E0,5.640089E0,3.031548E1,2.7048926E2,3.0550482E0],"tree_param":{"num_deleted":"0","num_feature":"9","num_nodes":"51","size_leaf_vector":"0"}}]},"name":"gbtree"},"learner_model_param":{"base_score":"5E-1","num_class":"0","num_feature":"9","num_target":"1"},"objective":{"name":"reg:squarederror","reg_loss_param":{"scale_pos_weight":"1"}}},"version":[1,6,2]}