{"learner":{"attributes":{"best_ntree_limit":"9"},"feature_names":[],"feature_types":["q","q","c","c","c","c"],"gradient_booster":{"model":{"gbtree_model_param":{"num_parallel_tree":"1","num_trees":"4","size_leaf_vector":"0"},"tree_info":[0,0,0,0],"trees":[{"base_weights":[-3.6331007E-1,2.1091415E-2,-6.656852E-1,7.480497E-2,-1.4827687E-1,-2.3371838E-1,-2.8683853E0,-3.6267555E-1,7.113511E-2,9.2781186E-2,-5.1236355E-1,-2.7763352E0,-4.2850485E-1,-1.6708994E-1,-1.5515466E-1,4.411495E-2,-1.0619106E-1,-2.5766828E0,4.896574E-2,-4.3331409E-1,1.6704267E-2,1.258736E0,-5.280981E-1,2.2522196E-1,-7.803891E-1,-1.0332495E1,-5.879115E-2,1.1500568E-1,-2.8837875E-1,-3.1250805E-1,-1.3323371E-1,-2.7762333E-2,1.2849865E0,-2.4639225E-1,8.151267E-3,8.8982895E-2,-4.2572457E-2,-2.190012E0,2.0104535E-2,-3.20449E0,-2.3520376E-1,3.6680683E-2,-5.4584447E-2,-2.0035143E0,8.3918884E-2,1.4852144E-1,-2.0732571E-1],"categories":[1,2,1,2,2,1,1,2,1,2,2,2,1],"categories_nodes":[0,1,5,6,7,8,14,17,18,22,25,26,29],"categories_segments":[0,1,2,3,4,5,6,7,8,9,10,11,12],"categories_sizes":[1,1,1,1,1,1,1,1,1,1,1,1,1],"default_left":[0,0,0,0,1,0,0,0,0,0,1,0,1,0,0,0,0,0,0,0,0,0,0,0,1,0,0,0,1,0,0,0,0,0,0,0,0,0,0,0,0,0,0,0,0,0,0],"id":0,"left_children":[1,3,5,-1,7,9,11,13,15,-1,17,-1,19,-1,21,-1,23,25,27,29,-1,31,33,35,37,39,41,-1,43,45,-1,-1,-1,-1,-1,-1,-1,-1,-1,-1,-1,-1,-1,-1,-1,-1,-1],"loss_changes":[2.645008E2,3.8805767E1,1.2112065E3,0E0,2.713582E1,1.6143413E2,3.2483662E3,1.167247E1,3.8610115E0,0E0,8.168314E2,0E0,3.7825584E-1,0E0,7.575583E1,0E0,1.9438875E1,2.942255E3,6.2728935E1,5.7792664E-2,0E0,1.2308122E2,1.8483053E1,1.577282E0,1.586992E2,1.1473169E2,2.581482E0,0E0,1.0070879E3,5.1541777E0,0E0,0E0,0E0,0E0,0E0,0E0,0E0,0E0,0E0,0E0,0E0,0E0,0E0,0E0,0E0,0E0,0E0],"parents":[2147483647,0,0,1,1,2,2,4,4,5,5,6,6,7,7,8,8,10,10,12,12,14,14,16,16,17,17,18,18,19,19,21,21,22,22,23,23,24,24,25,25,26,26,28,28,29,29],"right_children":[2,4,6,-1,8,10,12,14,16,-1,18,-1,20,-1,22,-1,24,26,28,30,-1,32,34,36,38,40,42,-1,44,46,-1,-1,-1,-1,-1,-1,-1,-1,-1,-1,-1,-1,-1,-1,-1,-1,-1],"split_conditions":[NaN,NaN,7.600001E1,7.480497E-2,3E0,NaN,NaN,NaN,NaN,9.2781186E-2,3E0,-2.7763352E0,3E0,-1.6708994E-1,NaN,4.411495E-2,9E0,NaN,NaN,2E0,1.6704267E-2,6E0,NaN,1.3E1,1.4E1,NaN,NaN,1.1500568E-1,7E0,NaN,-1.3323371E-1,-2.7762333E-2,1.2849865E0,-2.4639225E-1,8.151267E-3,8.8982895E-2,-4.2572457E-2,-2.190012E0,2.0104535E-2,-3.20449E0,-2.3520376E-1,3.6680683E-2,-5.4584447E-2,-2.0035143E0,8.3918884E-2,1.4852144E-1,-2.0732571E-1],"split_indices":[4,4,1,0,1,4,2,2,3,0,1,0,0,0,5,0,0,2,4,0,0,0,2,1,1,5,5,0,1,4,0,0,0,0,0,0,0,0,0,0,0,0,0,0,0,0,0],"split_type":[1,1,0,0,0,1,1,1,1,0,0,0,0,0,1,0,0,1,1,0,0,0,1,0,0,1,1,0,0,1,0,0,0,0,0,0,0,0,0,0,0,0,0,0,0,0,0],"sum_hessian":[2.2744788E3,1.0018208E3,1.2726578E3,4.265223E2,5.7529846E2,1.064924E3,2.0773387E2,2.906432E2,2.8465527E2,3.611161E2,7.038079E2,5.6654694E1,1.5107918E2,1.4923676E2,1.4140643E2,1.9944295E2,8.521234E1,1.4969736E2,5.5411053E2,1.4969736E2,1.3818218E0,2.9018257E1,1.1238817E2,5.757591E1,2.7636436E1,3.592737E1,1.1377E2,2.782068E2,2.7590375E2,1.4739432E1,1.3495793E2,2.0727327E1,8.290931E0,7.323656E1,3.915162E1,4.836376E1,9.212145E0,2.3030362E0,2.5333399E1,3.4545544E1,1.3818218E0,4.6060726E1,6.770927E1,2.164854E1,2.542552E2,4.6060724E0,1.013336E1],"tree_param":{"num_deleted":"0","num_feature":"6","num_nodes":"47","size_leaf_vector":"0"}},{"base_weights":[2.182627E-1,-3.9038292E-1,1.3699999E0,-7.3666465E-1,3.1238792E0,2.457962E0,4.431679E-1,-6.030199E-2,-7.96208E-1,8.738491E0,-1.1288077E0,1.4602911E0,2.7001188E0,6.066764E-2,1.4437269E0,9.499087E-2,-4.899131E-1,-7.270903E-1,-1.666755E0,-7.453996E-1,4.0921063E0,-3.7582394E-1,-2.1474912E0,2.897281E0,-7.682147E-3,9.731259E-1,2.156727E0,-3.9253712E-1,2.2338225E-1,3.607261E1,1.5022828E-1,6.889326E-2,-2.3015212E-1,-9.306553E-1,2.1388225E-2,-7.6179755E-1,-3.9023063E-1,-7.513971E-1,-4.3479176E0,-1.2174126E-2,-8.804772E-1,-8.80318E-2,-6.568767E-1,-1.6865486E0,-1.0825449E0,8.9469004E-1,3.976911E-1,1.1350893E0,-7.910705E0,5.286638E-1,2.463437E0,-5.229819E-1,-1.8480481E-1,6.829785E-2,-1.6997369E-2,1.7783386E1,1.0549318E-1,3.119E-1,-1.013202E-1,-1.0189267E-1,-6.2676757E-3,1.102023E-1,-1.4760168E-1,-2.3023243E-1,2.6154004E-2,-1.2325534E-1,-1.3167403E-2,5.290102E-3,-4.5500776E-1,-2.0898092E0,-1.0909064E-1,-3.3797228E-1,-1.1352021E-1,-2.8663218E-1,-1.0190657E-1,-3.7362796E-1,3.2282817E-1,9.9446094E-1,-2.1668222E-2,-4.827214E0,1.20164804E-1,-3.184211E-1,9.7603446E-1,8.855793E-1,6.657548E-1,3.4879006E-2,-1.6919917E-1,1.0549318E-1,-6.797164E-2,-2.2085607E-2,1.0976012E-2,-7.893307E-2,1.2620191E-1,-3.8790134E-1,1.604706E-2],"categories":[1,2,2,1,2,2,2,1,2,2,1,1,1,1,1,1,1,2,1,2,2,1,1,1],"categories_nodes":[1,4,6,7,8,10,11,12,15,17,19,21,22,28,30,32,34,37,38,47,49,50,51,54],"categories_segments":[0,1,2,3,4,5,6,7,8,9,10,11,12,13,14,15,16,17,18,19,20,21,22,23],"categories_sizes":[1,1,1,1,1,1,1,1,1,1,1,1,1,1,1,1,1,1,1,1,1,1,1,1],"default_left":[1,0,0,0,0,0,0,0,0,0,0,0,0,0,1,0,1,0,0,0,0,0,0,1,0,0,1,0,0,1,0,0,0,0,0,1,1,0,0,0,1,0,1,0,0,0,0,0,1,0,0,0,0,0,0,0,0,0,1,0,0,0,0,0,0,0,0,0,0,0,0,0,0,0,0,0,0,0,0,0,0,0,0,0,0,0,0,0,0,0,0,0,0,0,0],"id":1,"left_children":[1,3,5,7,9,11,13,15,17,19,21,23,25,27,29,31,33,35,37,39,-1,41,43,45,47,-1,49,51,53,55,57,-1,59,-1,61,63,65,67,69,-1,71,-1,73,-1,75,-1,-1,77,79,81,83,85,87,-1,89,-1,-1,91,93,-1,-1,-1,-1,-1,-1,-1,-1,-1,-1,-1,-1,-1,-1,-1,-1,-1,-1,-1,-1,-1,-1,-1,-1,-1,-1,-1,-1,-1,-1,-1,-1,-1,-1,-1,-1],"loss_changes":[1.2859181E3,1.4631539E3,6.384082E2,4.399359E1,2.5854492E3,6.648584E1,1.3144275E2,6.021922E0,5.925995E1,2.1767378E3,4.6952507E1,1.2472481E2,6.195288E1,1.8499392E1,4.2500396E3,2.9697156E0,3.204477E1,1.0609253E1,1.7626105E2,1.5664129E0,0E0,6.6425943E-1,9.104189E1,3.855896E-2,2.820873E2,0E0,5.8474854E1,1.7005138E0,1.9341183E-1,2.8113472E3,3.7969668E0,0E0,4.5137775E-1,0E0,3.9134073E0,4.1141357E0,6.189108E-1,3.283282E1,1.8949475E2,0E0,1.3126249E0,0E0,3.935418E-1,0E0,8.840134E0,0E0,0E0,7.2069275E1,2.7470178E2,9.119049E1,5.435852E0,1.1193914E0,6.875208E-1,0E0,1.5295104E-2,0E0,0E0,3.651256E0,6.891316E0,0E0,0E0,0E0,0E0,0E0,0E0,0E0,0E0,0E0,0E0,0E0,0E0,0E0,0E0,0E0,0E0,0E0,0E0,0E0,0E0,0E0,0E0,0E0,0E0,0E0,0E0,0E0,0E0,0E0,0E0,0E0,0E0,0E0,0E0,0E0,0E0],"parents":[2147483647,0,0,1,1,2,2,3,3,4,4,5,5,6,6,7,7,8,8,9,9,10,10,11,11,12,12,13,13,14,14,15,15,16,16,17,17,18,18,19,19,21,21,22,22,23,23,24,24,26,26,27,27,28,28,29,29,30,30,32,32,34,34,35,35,36,36,37,37,38,38,40,40,42,42,44,44,47,47,48,48,49,49,50,50,51,51,52,52,54,54,57,57,58,58],"right_children":[2,4,6,8,10,12,14,16,18,20,22,24,26,28,30,32,34,36,38,40,-1,42,44,46,48,-1,50,52,54,56,58,-1,60,-1,62,64,66,68,70,-1,72,-1,74,-1,76,-1,-1,78,80,82,84,86,88,-1,90,-1,-1,92,94,-1,-1,-1,-1,-1,-1,-1,-1,-1,-1,-1,-1,-1,-1,-1,-1,-1,-1,-1,-1,-1,-1,-1,-1,-1,-1,-1,-1,-1,-1,-1,-1,-1,-1,-1,-1],"split_conditions":[3E0,NaN,7E0,1.1E1,NaN,8E0,NaN,NaN,NaN,3E0,NaN,NaN,NaN,1.5E1,1.5E1,NaN,2E0,NaN,3E0,NaN,4.0921063E0,NaN,NaN,5E0,2E0,9.731259E-1,4E0,9E0,NaN,9E0,NaN,6.889326E-2,NaN,-9.306553E-1,NaN,2E0,2E0,NaN,NaN,-1.2174126E-2,2E0,-8.80318E-2,2E0,-1.6865486E0,2E0,8.9469004E-1,3.976911E-1,NaN,5E0,NaN,NaN,NaN,2E0,6.829785E-2,NaN,1.7783386E1,1.0549318E-1,1.6E1,1.9E1,-1.0189267E-1,-6.2676757E-3,1.102023E-1,-1.4760168E-1,-2.3023243E-1,2.6154004E-2,-1.2325534E-1,-1.3167403E-2,5.290102E-3,-4.5500776E-1,-2.0898092E0,-1.0909064E-1,-3.3797228E-1,-1.1352021E-1,-2.8663218E-1,-1.0190657E-1,-3.7362796E-1,3.2282817E-1,9.9446094E-1,-2.1668222E-2,-4.827214E0,1.20164804E-1,-3.184211E-1,9.7603446E-1,8.855793E-1,6.657548E-1,3.4879006E-2,-1.6919917E-1,1.0549318E-1,-6.797164E-2,-2.2085607E-2,1.0976012E-2,-7.893307E-2,1.2620191E-1,-3.8790134E-1,1.604706E-2],"split_indices":[1,2,1,0,5,0,4,4,4,0,4,4,4,1,1,5,0,5,1,4,0,3,3,1,0,0,1,1,2,0,5,0,3,0,4,1,1,5,5,0,1,0,1,0,1,0,0,4,0,2,4,5,0,0,3,0,0,1,1,0,0,0,0,0,0,0,0,0,0,0,0,0,0,0,0,0,0,0,0,0,0,0,0,0,0,0,0,0,0,0,0,0,0,0,0],