{"learner":{"attributes":{"best_ntree_limit":"4"},"feature_names":[],"feature_types":["q","q","q","c","c","c","c","c","c"],"gradient_booster":{"model":{"gbtree_model_param":{"num_parallel_tree":"1","num_trees":"4","size_leaf_vector":"0"},"tree_info":[0,0,0,0],"trees":[{"base_weights":[-7.1100324E-1,3.0239297E-2,-1.3115393E0,5.0387514E-1,-3.330315E-1,-6.6060406E-1,-2.7842434E1,1.4281553E-1,1.1071846E0,-9.631802E-1,5.144632E-2,1.5050834E-1,-1.1865608E0,-5.5601223E1,-1.6848428E0,6.067461E-1,5.001411E-1,1.6474548E-1,-1.0405772E0,2.4542588E-1,-4.1125315E-1,-2.2888567E-1,-1.1208103E1,-3.846846E-1,-1.9742407E0,3.324469E-1,-2.6735643E-1,6.624236E-1,-2.3025869E-1,-7.6575434E-1,-1.2107881E0,-9.416426E-2,6.0502625E-1,-8.1438386E-1,-9.883154E-2,1.9464017E-1,-8.510678E-1,-2.0520455E-1,-4.8816067E1,-1.5489077E-2,-1.5393597E-1,-2.0621401E-1,-6.471961E-1,3.301761E-2,2.8197798E-1,3.831733E-2,-1.54297E-1,-5.419112E-2,-3.3967528E-1,-4.0931788E-1,-2.0269148E-1,2.3195114E-2,-1.357272E-1,3.4845326E-2,2.2817229E-1,-3.7789762E-1,-1.9741576E-2,-2.7685726E-1,2.826182E-2,1.4918074E-2,-1.2527278E1,1.6181019E-1,-2.130799E-1,-1.5540811E-1,-4.6769737E1],"categories":[1,1,1,2,2,1,1,0,1,2,3,1],"categories_nodes":[0,3,5,8,17,21,27,33,37],"categories_segments":[0,1,2,3,4,5,6,7,11],"categories_sizes":[1,1,1,1,1,1,1,4,1],"default_left":[0,1,0,0,1,0,1,0,0,0,0,0,0,0,0,0,0,0,0,0,0,0,0,0,0,0,0,0,0,0,0,0,0,0,0,0,0,0,0,0,0,0,0,0,0,0,0,0,0,0,0,0,0,0,0,0,0,0,0,0,0,0,0,0,0],"id":0,"left_children":[1,3,5,7,9,11,13,-1,15,17,19,-1,21,-1,23,-1,25,27,29,31,33,35,37,39,41,-1,-1,43,45,47,49,51,53,55,57,-1,59,61,63,-1,-1,-1,-1,-1,-1,-1,-1,-1,-1,-1,-1,-1,-1,-1,-1,-1,-1,-1,-1,-1,-1,-1,-1,-1,-1],"loss_changes":[5.168408E2,8.974007E1,1.105826E4,3.272766E0,7.157605E1,3.8392258E2,6.28641E4,0E0,4.114216E0,9.941978E0,1.6642899E1,0E0,4.1434727E3,0E0,4.5685043E0,0E0,6.803556E0,1.7350595E0,3.9785004E0,1.5991624E1,6.823392E0,2.1643764E2,1.5573804E4,1.3691354E-1,1.1888199E0,0E0,0E0,4.8210037E-1,5.975388E-1,8.98023E0,4.260231E0,4.211078E0,4.7412605E0,7.848653E0,5.180374E0,0E0,8.54256E3,1.1717556E1,4.3984453E4,0E0,0E0,0E0,0E0,0E0,0E0,0E0,0E0,0E0,0E0,0E0,0E0,0E0,0E0,0E0,0E0,0E0,0E0,0E0,0E0,0E0,0E0,0E0,0E0,0E0,0E0],"parents":[2147483647,0,0,1,1,2,2,3,3,4,4,5,5,6,6,8,8,9,9,10,10,12,12,14,14,16,16,17,17,18,18,19,19,20,20,21,21,22,22,23,23,24,24,27,27,28,28,29,29,30,30,31,31,32,32,33,33,34,34,36,36,37,37,38,38],"right_children":[2,4,6,8,10,12,14,-1,16,18,20,-1,22,-1,24,-1,26,28,30,32,34,36,38,40,42,-1,-1,44,46,48,50,52,54,56,58,-1,60,62,64,-1,-1,-1,-1,-1,-1,-1,-1,-1,-1,-1,-1,-1,-1,-1,-1,-1,-1,-1,-1,-1,-1,-1,-1,-1,-1],"split_conditions":[NaN,2.1E1,4.3E1,NaN,2E0,NaN,6.6E1,1.4281553E-1,NaN,2E0,3.7E1,1.5050834E-1,3.3E1,-5.5601223E1,3E0,6.067461E-1,8E0,NaN,2E0,5E0,7E0,NaN,2.2E1,7E1,6.7E1,3.324469E-1,-2.6735643E-1,NaN,2.2E1,2.5E1,3.2E1,2.9E1,2.7E1,NaN,3.9E1,1.9464017E-1,3.1E1,NaN,4E0,-1.5489077E-2,-1.5393597E-1,-2.0621401E-1,-6.471961E-1,3.301761E-2,2.8197798E-1,3.831733E-2,-1.54297E-1,-5.419112E-2,-3.3967528E-1,-4.0931788E-1,-2.0269148E-1,2.3195114E-2,-1.357272E-1,3.4845326E-2,2.2817229E-1,-3.7789762E-1,-1.9741576E-2,-2.7685726E-1,2.826182E-2,1.4918074E-2,-1.2527278E1,1.6181019E-1,-2.130799E-1,-1.5540811E-1,-4.6769737E1],"split_indices":[7,0,0,3,2,7,0,0,8,1,0,0,2,0,2,0,1,8,2,2,2,7,0,0,0,0,0,3,0,0,0,0,0,5,0,0,0,7,1,0,0,0,0,0,0,0,0,0,0,0,0,0,0,0,0,0,0,0,0,0,0,0,0,0,0],"split_type":[1,0,0,1,0,1,0,0,1,0,0,0,0,0,0,0,0,1,0,0,0,1,0,0,0,0,0,1,0,0,0,0,0,1,0,0,0,1,0,0,0,0,0,0,0,0,0,0,0,0,0,0,0,0,0,0,0,0,0,0,0,0,0,0,0],"sum_hessian":[1.1599783E3,5.195932E2,6.4038513E2,2.2536856E2,2.9422464E2,6.2604987E2,1.4335226E1,2.1714343E2,8.22513E0,1.1092175E2,1.8330289E2,1.9505309E2,4.309968E2,1.1750185E0,1.3160208E1,2.350037E0,5.8750925E0,7.0501113E0,1.0387164E2,1.2948705E2,5.381585E1,3.943362E2,3.666058E1,2.8200445E0,1.0340163E1,4.230067E0,1.645026E0,2.8200445E0,4.230067E0,4.183066E1,6.2040977E1,6.697606E1,6.2510986E1,2.279536E1,3.1020489E1,1.6356258E2,2.3077364E2,2.9140461E1,7.5201187E0,1.1750185E0,1.645026E0,1.8800297E0,8.460134E0,1.4100223E0,1.4100223E0,2.1150334E0,2.1150334E0,1.6685263E1,2.5145397E1,4.700074E1,1.5040237E1,4.582572E1,2.1150333E1,1.5510244E1,4.700074E1,1.3865219E1,8.930141E0,5.1700816E0,2.5850409E1,2.2677858E2,3.995063E0,1.1750185E1,1.7390274E1,5.8750925E0,1.645026E0],"tree_param":{"num_deleted":"0","num_feature":"9","num_nodes":"65","size_leaf_vector":"0"}},{"base_weights":[1.2772819E0,2.5448394E-1,4.527412E0,-1.6628994E-1,9.195779E-1,4.315802E1,-2.917452E-1,1.07433304E-1,-5.936634E-1,2.0153651E0,-2.6997855E-1,4.940956E1,-1.2650967E0,1.6232888E0,-2.9701227E1,-1.4281648E-1,3.4213203E-1,-7.5422535E0,1.3124545E-1,8.9051276E-1,9.157867E0,9.152095E-1,-7.3751283E0,-2.8068048E-1,-4.424779E-1,7.960317E-1,7.321756E0,8.447533E-2,-4.4564348E-1,2.7015334E-1,2.9128113E-1,2.4339671E-1,-5.7969103E0,4.27935E-1,-6.458542E-1,3.9356366E-1,-5.435823E-1,-3.4630498E-1,2.2248018E1,9.732253E-1,-3.2573497E-1,6.446086E-1,-2.5050858E1,-1.4059852E-1,9.716553E-3,2.717565E0,1.8358432E-1,1.2494225E1,3.2224755E0,8.823444E-2,-1.5910305E-1,-1.3957513E-2,-1.7081223E-1,1.0106561E-1,-3.7766527E-2,2.518669E-1,-2.0287533E-1,1.9675517E-1,-5.658783E-3,-2.7983364E-1,-1.257541E-1,-9.208746E-2,-2.7762643E-1,-2.6942286E-1,1.7741296E-1,-3.085101E-1,1.60019E1,3.068024E-1,8.254686E-2,-4.027409E-1,2.755943E-1,3.2674515E-1,-5.6495562E-2,-1.2127656E1,-2.5662774E-1,6.18343E0,-1.6139698E-1,1.619004E-1,-4.067678E0,1.1118757E1,1.0949592E-1,2.0541134E0,-3.3222723E0],"categories":[2,1,2,0,1,3,4,1,1,2,1,1,1,2,2,0,1,2,3,2,2],"categories_nodes":[2,3,4,21,25,26,27,28,31,33,36,39,41,45,47],"categories_segments":[0,1,2,3,7,8,9,10,11,12,13,14,15,19,20],"categories_sizes":[1,1,1,4,1,1,1,1,1,1,1,1,4,1,1],"default_left":[0,0,0,0,0,1,0,0,1,1,0,0,0,1,0,0,0,0,0,1,0,0,0,0,0,0,0,0,0,0,1,0,0,0,0,0,0,0,0,0,1,0,1,0,0,0,0,0,0,0,0,0,0,0,0,0,0,0,0,0,0,0,0,0,0,0,0,0,0,0,0,0,0,0,0,0,0,0,0,0,0,0,0],"id":1,"left_children":[1,3,5,7,9,11,13,15,17,19,21,-1,23,25,-1,27,29,31,33,35,37,39,41,43,-1,45,47,49,51,-1,53,55,-1,57,59,-1,61,63,65,67,69,71,73,-1,-1,75,77,79,81,-1,-1,-1,-1,-1,-1,-1,-1,-1,-1,-1,-1,-1,-1,-1,-1,-1,-1,-1,-1,-1,-1,-1,-1,-1,-1,-1,-1,-1,-1,-1,-1,-1,-1],"loss_changes":[1.9420305E3,1.2488083E2,2.6050434E4,3.2097126E1,2.258642E2,8.400066E4,2.385533E4,9.902458E0,5.402757E2,7.1567706E2,7.121251E2,0E0,2.1386223E0,5.784459E2,0E0,5.6748147E0,2.2042542E0,9.339512E2,2.285524E1,4.8416622E1,1.519339E3,5.5495033E0,1.7293069E3,2.1564278E-1,0E0,1.2819067E2,2.9029797E2,6.2944283E0,1.7154717E0,0E0,1.5852385E0,4.453518E0,0E0,7.290766E0,1.3947659E0,0E0,1.399611E0,4.6826196E0,3.7647551E3,2.1240158E0,6.2881594E0,3.6443164E0,1.3778965E3,0E0,0E0,1.5465161E3,4.1834418E2,1.9368987E3,5.963415E2,0E0,0E0,0E0,0E0,0E0,0E0,0E0,0E0,0E0,0E0,0E0,0E0,0E0,0E0,0E0,0E0,0E0,0E0,0E0,0E0,0E0,0E0,0E0,0E0,0E0,0E0,0E0,0E0,0E0,0E0,0E0,0E0,0E0,0E0],"parents":[2147483647,0,0,1,1,2,2,3,3,4,4,5,5,6,6,7,7,8,8,9,9,10,10,12,12,13,13,15,15,16,16,17,17,18,18,19,19,20,20,21,21,22,22,23,23,25,25,26,26,27,27,28,28,30,30,31,31,33,33,34,34,36,36,37,37,38,38,39,39,40,40,41,41,42,42,45,45,46,46,47,47,48,48],"right_children":[2,4,6,8,10,12,14,16,18,20,22,-1,24,26,-1,28,30,32,34,36,38,40,42,44,-1,46,48,50,52,-1,54,56,-1,58,60,-1,62,64,66,68,70,72,74,-1,-1,76,78,80,82,-1,-1,-1,-1,-1,-1,-1,-1,-1,-1,-1,-1,-1,-1,-1,-1,-1,-1,-1,-1,-1,-1,-1,-1,-1,-1,-1,-1,-1,-1,-1,-1,-1,-1],