{"learner":{"attributes":{"best_ntree_limit":"10"},"feature_names":[],"feature_types":["q","q","c","c","c","c"],"gradient_booster":{"model":{"gbtree_model_param":{"num_parallel_tree":"1","num_trees":"5","size_leaf_vector":"0"},"tree_info":[0,0,0,0,0],"trees":[{"base_weights":[-1.4179103E0,-1.0104839E0,-1.6451311E0,-1.6554306E-1,-1.2649705E0,-1.2953894E0,-2.362542E0,-1.468839E0,-8.571849E-1,-1.3963276E-1,-1.558331E0,-1.6012903E0,-1.6980312E0,-4.7292235E-1,-1.3106608E0,-2.912595E-1,-9.7739303E-1,-3.4642344E0,-1.1461351E0,-5.4890054E-1,-1.4732046E0,1.4335368E0,-1.5809921E0,-4.794638E-1,1.13138355E-1,-2.5049827E-1,-1.3199121E0,-9.478586E0,-1.6706665E0,-2.5791702E-1,-1.5038102E0,-8.575272E-1,-4.5351374E-1,6.461954E-1,-7.4862555E-2,-5.1969695E-1,-3.2995147E-1,-6.842921E-2,-1.9204229E-1,1.9729681E-1,-5.566892E-2,-2.4933283E-1,-7.7859676E-1,-1.1588164E1,-3.9868504E-1,-5.3169674E-1,-3.055143E-1,-1.03223704E-1,6.856509E-2,-7.431488E-1,-3.6454815E-1,1.0163182E-1,-3.969967E-1],"categories":[1,2,1,1,2,2,1,1,1,1,2,1,2,1],"categories_nodes":[0,1,5,6,7,12,14,16,17,18,22,27,28,31],"categories_segments":[0,1,2,3,4,5,6,7,8,9,10,11,12,13],"categories_sizes":[1,1,1,1,1,1,1,1,1,1,1,1,1,1],"default_left":[0,0,0,0,1,0,0,0,0,0,1,0,0,0,0,0,0,0,0,0,0,1,0,0,0,0,0,0,0,1,1,0,0,0,0,0,0,0,0,0,0,0,0,0,0,0,0,0,0,0,0,0,0],"id":0,"left_children":[1,3,5,-1,7,9,11,13,15,-1,17,-1,19,-1,21,23,25,27,29,-1,31,33,35,37,39,-1,41,43,45,47,49,51,-1,-1,-1,-1,-1,-1,-1,-1,-1,-1,-1,-1,-1,-1,-1,-1,-1,-1,-1,-1,-1],"loss_changes":[9.479346E1,4.314734E1,1.6436792E2,0E0,1.8760712E1,9.7653625E1,4.2088806E2,6.4175415E-1,5.338978E0,0E0,2.6464514E2,0E0,2.609192E0,0E0,5.4455757E1,1.2649353E0,2.2027435E0,6.346816E2,8.9397675E1,0E0,3.946228E-1,8.823317E0,2.7924957E0,3.0012774E-1,1.0753261E0,0E0,9.174179E0,3.1885566E3,1.3557739E0,3.5299864E0,5.3539734E1,4.0754266E0,0E0,0E0,0E0,0E0,0E0,0E0,0E0,0E0,0E0,0E0,0E0,0E0,0E0,0E0,0E0,0E0,0E0,0E0,0E0,0E0,0E0],"parents":[2147483647,0,0,1,1,2,2,4,4,5,5,6,6,7,7,8,8,10,10,12,12,14,14,15,15,16,16,17,17,18,18,20,20,21,21,22,22,23,23,24,24,26,26,27,27,28,28,29,29,30,30,31,31],"right_children":[2,4,6,-1,8,10,12,14,16,-1,18,-1,20,-1,22,24,26,28,30,-1,32,34,36,38,40,-1,42,44,46,48,50,52,-1,-1,-1,-1,-1,-1,-1,-1,-1,-1,-1,-1,-1,-1,-1,-1,-1,-1,-1,-1,-1],"split_conditions":[NaN,NaN,7.600001E1,-1.6554306E-1,4E0,NaN,NaN,NaN,5E0,-1.3963276E-1,2E0,-1.6012903E0,NaN,-4.7292235E-1,NaN,2E0,NaN,NaN,NaN,-5.4890054E-1,2E0,2E0,NaN,8E0,6E0,-2.5049827E-1,5E0,NaN,NaN,1E1,3E0,NaN,-4.5351374E-1,6.461954E-1,-7.4862555E-2,-5.1969695E-1,-3.2995147E-1,-6.842921E-2,-1.9204229E-1,1.9729681E-1,-5.566892E-2,-2.4933283E-1,-7.7859676E-1,-1.1588164E1,-3.9868504E-1,-5.3169674E-1,-3.055143E-1,-1.03223704E-1,6.856509E-2,-7.431488E-1,-3.6454815E-1,1.0163182E-1,-3.969967E-1],"split_indices":[4,4,1,0,1,4,3,2,0,0,1,0,2,0,5,0,2,2,5,0,0,0,2,1,1,0,1,5,5,1,1,4,0,0,0,0,0,0,0,0,0,0,0,0,0,0,0,0,0,0,0,0,0],"split_type":[1,1,0,0,0,1,1,1,0,0,0,0,1,0,1,0,1,1,1,0,0,0,1,0,0,0,0,1,1,0,0,1,0,0,0,0,0,0,0,0,0,0,0,0,0,0,0,0,0,0,0,0,0],"sum_hessian":[1.0409132E3,3.7462503E2,6.6628815E2,1.3481316E2,2.3981187E2,4.498093E2,2.1647882E2,1.5814621E2,8.1665665E1,1.0888755E2,3.4092175E2,3.8240273E1,1.7823856E2,8.8795204E1,6.9351E1,1.4907225E1,6.675844E1,5.930483E1,2.816169E2,1.07915344E2,7.032321E1,5.8332615E0,6.351774E1,1.0046173E1,4.8610516E0,4.9582726E1,1.7175714E1,1.2638734E1,4.6666092E1,8.134159E1,2.0027531E2,5.5091915E0,6.481402E1,3.8888412E0,1.9444206E0,4.6342022E1,1.7175714E1,4.8610516E0,5.1851215E0,1.2962804E0,3.5647712E0,1.3610944E1,3.5647712E0,1.9444206E0,1.0694313E1,3.8888412E1,7.7776823E0,6.9351E1,1.1990594E1,4.4073532E1,1.5620178E2,1.6203505E0,3.8888412E0],"tree_param":{"num_deleted":"0","num_feature":"6","num_nodes":"53","size_leaf_vector":"0"}},{"base_weights":[-1.0995318E0,-1.2048743E0,-4.36538E-1,-1.1094506E0,-1.597573E0,-1.9099082E-1,-1.1765056E0,-1.3485354E-1,-1.190711E0,-1.0679641E0,-8.150926E0,-1.168219E-1,-7.0995164E-1,-8.912975E-2,-9.092608E0,-1.0145146E0,-3.8441685E-1,-1.1867104E-1,-1.3952174E0,-4.1373438E-1,-1.2871385E1,-1.260108E-1,-3.2837387E-2,-1.8657723E-1,-1.0882282E0,1.5145606E-2,-1.0080216E0,-4.933359E0,-1.8904953E-1,6.106673E-1,-1.0792124E0,-2.6657705E0,-7.506298E-1,1.4586255E-1,-2.6630712E-1,-8.231245E0,-2.5302374E-1,-2.5488213E-1,-1.257938E-2,-9.164457E-1,5.6207263E-1,-1.1739444E-1,3.2256078E-2,-1.9932656E-1,1.4364393E0,-3.463336E-1,-2.7553448E-1,-5.71587E0,-3.2301486E-1,-2.5436783E-1,1.6824387E-2,2.3669584E-2,-7.419412E-2,2.1323574E-1,3.2256078E-2],"categories":[2,1,1,1,2,1,1,2,1,2,2,1],"categories_nodes":[1,2,3,5,9,13,15,19,20,29,31,38],"categories_segments":[0,1,2,3,4,5,6,7,8,9,10,11],"categories_sizes":[1,1,1,1,1,1,1,1,1,1,1,1],"default_left":[1,0,0,0,0,0,0,0,0,0,0,0,0,0,1,0,0,0,1,0,0,0,0,0,0,0,1,0,0,0,0,0,1,0,0,0,0,0,0,0,0,0,0,0,0,0,0,0,0,0,0,0,0,0,0],"id":1,"left_children":[1,3,5,7,9,11,13,-1,15,17,19,21,23,25,27,29,-1,-1,31,33,35,-1,-1,37,-1,-1,39,-1,41,43,45,47,49,-1,-1,-1,-1,-1,51,-1,53,-1,-1,-1,-1,-1,-1,-1,-1,-1,-1,-1,-1,-1,-1],"loss_changes":[7.401306E1,3.2716187E1,2.6647331E1,3.93479E1,6.0787006E2,4.2372518E0,3.1470868E2,0E0,9.270142E0,3.5869247E1,4.7431665E2,1.7597258E-1,2.0453257E1,4.3150415E0,2.8602322E2,2.4799469E1,0E0,0E0,8.885448E1,2.9948158E0,1.4000414E3,0E0,0E0,1.4645617E0,0E0,0E0,1.5959141E1,0E0,2.225919E-1,5.3404102E1,1.6145935E0,9.4157684E2,5.931526E0,0E0,0E0,0E0,0E0,0E0,2.588163E-1,0E0,1.5019917E-1,0E0,0E0,0E0,0E0,0E0,0E0,0E0,0E0,0E0,0E0,0E0,0E0,0E0,0E0],"parents":[2147483647,0,0,1,1,2,2,3,3,4,4,5,5,6,6,8,8,9,9,10,10,11,11,12,12,13,13,14,14,15,15,18,18,19,19,20,20,23,23,26,26,28,28,29,29,30,30,31,31,32,32,38,38,40,40],"right_children":[2,4,6,8,10,12,14,-1,16,18,20,22,24,26,28,30,-1,-1,32,34,36,-1,-1,38,-1,-1,40,-1,42,44,46,48,50,-1,-1,-1,-1,-1,52,-1,54,-1,-1,-1,-1,-1,-1,-1,-1,-1,-1,-1,-1,-1,-1],"split_conditions":[6E0,NaN,NaN,NaN,6E0,NaN,4.000001E1,-1.3485354E-1,3E0,NaN,4E0,6E0,7E0,NaN,2.2E1,NaN,-3.8441685E-1,-1.1867104E-1,3E0,NaN,NaN,-1.260108E-1,-3.2837387E-2,5E0,-1.0882282E0,1.5145606E-2,2.4E1,-4.933359E0,2.5E1,NaN,2E0,NaN,2E0,1.4586255E-1,-2.6630712E-1,-8.231245E0,-2.5302374E-1,-2.5488213E-1,NaN,-9.164457E-1,5E0,-1.1739444E-1,3.2256078E-2,-1.9932656E-1,1.4364393E0,-3.463336E-1,-2.7553448E-1,-5.71587E0,-3.2301486E-1,-2.5436783E-1,1.6824387E-2,2.3669584E-2,-7.419412E-2,2.1323574E-1,3.2256078E-2],"split_indices":[1,4,4,4,1,2,0,0,1,4,0,0,1,4,1,5,0,0,1,4,2,0,0,0,0,0,1,0,1,2,1,2,0,0,0,0,0,0,3,0,0,0,0,0,0,0,0,0,0,0,0,0,0,0,0],"split_type":[0,1,1,1,0,1,0,0,0,1,0,0,0,1,0,1,0,0,0,1,1,0,0,0,0,0,0,0,0,1,0,1,0,0,0,0,0,0,1,0,0,0,0,0,0,0,0,0,0,0,0,0,0,0,0],"sum_hessian":[1.0662611E3,9.1936633E2,1.4689478E2,7.427156E2,1.7665076E2,1.1123966E2,3.5655113E1,8.2142685E1,6.605729E2,1.6451819E2,1.2132567E1,9.840143E1,1.2838241E1,3.2238068E1,3.4170434E0,2.2859018E2,4.319827E2,5.458121E1,1.0993698E2,5.00941E0,7.1231575E0,1.0044221E0,9.7397E1,1.1787583E1,1.0506573E0,2.8806334E1,3.431735E0,1.4077021E0,2.0093412E0,8.428604E0,2.2016158E2,3.5946625E1,7.399036E1,1.7191858E0,3.290224E0,2.6422288E0,4.4809284E0,1.6432014E0,1.01443815E1,1.0792202E0,2.3525147E0,1.0046706E0,1.0046706E0,7.101853E0,1.326751E0,1.4576634E2,7.439523E1,2.2061021E0,3.3740524E1,6.5983826E1,8.0065365E0,7.7773595E0,2.3670225E0,1.3478441E0,1.0046706E0],"tree_param":{"num_deleted":"0","num_feature":"6","num_nodes":"55","size_leaf_vector":"0"}},{"base_weights":[-7.066623E-1,-9.055657E-1,1.4507027E0,-9.971126E-1,-3.9963177E-1,2.6840878E0,4.5681363E-1,-3.0099767E-1,-5.7936925E-1,3.2691114E0,-8.657972E-1,-4.4823155E-1,2.989541E0,1.2154763E0,-4.241005E0,2.3063764E-1,-2.3839761E-1,1.6745957E0,-2.380539E-1,-8.3361256E-1,-1.6144824E-1,-1.6776896E-1,-4.7068E-2,3.8587263E0,6.7004013E-1,9.185416E-1,4.414735E-1,-3.5514145E0,8.703568E-1,1.03630215E-1,-4.183969E-3,-1.0295211E0,4.9419947E0,-4.47573E0,1.7267181E0,3.7516436E-1,-2.5791403E-2,-6.431485E-2,-5.177531E-1,7.0218593E-3,6.590567E0,1.0423939E-1,-3.7507563E0,8.551686E-1,2.9644093E-1],"categories":[2,2,2,2,2,2,1,2,2],"categories_nodes":[1,2,3,4,10,13,15,31,34],"categories_segments":[0,1,2,3,4,5,6,7,8],