{"learner":{"attributes":{"best_ntree_limit":"5"},"feature_names":[],"feature_types":["q","q","c","c","c","c"],"gradient_booster":{"model":{"gbtree_model_param":{"num_parallel_tree":"1","num_trees":"5","size_leaf_vector":"0"},"tree_info":[0,0,0,0,0],"trees":[{"base_weights":[-1.9543713E0,-1.3850067E0,-2.274155E0,-2.2372428E-1,-1.7549155E0,-1.7946019E0,-3.2450604E0,-2.0142725E0,-1.2264345E0,-1.8952797E-1,-2.1724756E0,-2.1724715E0,-2.2957091E0,-6.488952E-1,-1.7818288E0,-4.328811E-1,-1.3890612E0,-5.2722206E0,-1.5638813E0,-7.5579184E-1,-5.866631E-1,2.064167E0,-2.1793287E0,-6.173955E-1,1.574978E-1,-3.6448643E-1,-1.7675904E0,-2.4512932E1,-6.878628E-1,-1.3894288E-1,-2.106894E0,1.0169715E0,-1.5393597E-1,-2.382444E-1,-6.730009E-1,1.2798778E-2,-2.5443697E-1,-3.7206316E-1,-8.2220346E-1,-1.1124468E1,-4.145452E-1,-1.6404252E0,-3.73875E-1],"categories":[1,2,1,1,2,2,1,1,1,1],"categories_nodes":[0,1,5,6,7,12,14,16,17,18],"categories_segments":[0,1,2,3,4,5,6,7,8,9],"categories_sizes":[1,1,1,1,1,1,1,1,1,1],"default_left":[0,0,0,0,1,0,0,0,0,0,1,0,0,0,0,0,0,0,0,0,0,1,0,0,0,0,0,1,0,0,1,0,0,0,0,0,0,0,0,0,0,0,0],"id":0,"left_children":[1,3,5,-1,7,9,11,13,15,-1,17,-1,19,-1,21,23,25,27,29,-1,-1,31,33,35,-1,-1,37,39,-1,-1,41,-1,-1,-1,-1,-1,-1,-1,-1,-1,-1,-1,-1],"loss_changes":[1.3442456E2,6.355658E1,2.1872974E2,0E0,2.1244995E1,1.414657E2,5.8366724E2,1.0409546E-1,7.0794067E0,0E0,4.5381934E2,0E0,4.9088135E0,0E0,8.147394E1,2.3699405E0,1.0778656E0,2.22392E3,1.2224811E2,0E0,0E0,1.9609556E1,2.307602E0,1.5842705E0,0E0,0E0,3.3854103E0,1.4692781E3,0E0,0E0,3.9173114E2,0E0,0E0,0E0,0E0,0E0,0E0,0E0,0E0,0E0,0E0,0E0,0E0],"parents":[2147483647,0,0,1,1,2,2,4,4,5,5,6,6,7,7,8,8,10,10,12,12,14,14,15,15,16,16,17,17,18,18,21,21,22,22,23,23,26,26,27,27,30,30],"right_children":[2,4,6,-1,8,10,12,14,16,-1,18,-1,20,-1,22,24,26,28,30,-1,-1,32,34,36,-1,-1,38,40,-1,-1,42,-1,-1,-1,-1,-1,-1,-1,-1,-1,-1,-1,-1],"split_conditions":[NaN,NaN,7.600001E1,-2.2372428E-1,4E0,NaN,NaN,NaN,6E0,-1.8952797E-1,2E0,-2.1724715E0,NaN,-6.488952E-1,NaN,1.7E1,NaN,NaN,NaN,-7.5579184E-1,-5.866631E-1,2E0,2E0,6E0,1.574978E-1,-3.6448643E-1,5E0,2E0,-6.878628E-1,-1.3894288E-1,4E0,1.0169715E0,-1.5393597E-1,-2.382444E-1,-6.730009E-1,1.2798778E-2,-2.5443697E-1,-3.7206316E-1,-8.2220346E-1,-1.1124468E1,-4.145452E-1,-1.6404252E0,-3.73875E-1],"split_indices":[4,4,1,0,1,4,3,2,0,0,1,0,2,0,5,1,2,2,4,0,0,0,0,1,0,0,1,0,0,0,1,0,0,0,0,0,0,0,0,0,0,0,0],"split_type":[1,1,0,0,0,1,1,1,0,0,0,0,1,0,1,0,1,1,1,0,0,0,0,0,0,0,0,0,0,0,0,0,0,0,0,0,0,0,0,0,0,0,0],"sum_hessian":[7.545969E2,2.7330933E2,4.812876E2,1.012866E2,1.7202272E2,3.2407013E2,1.5721748E2,1.1350679E2,5.8515923E1,8.013627E1,2.4393385E2,2.8905457E1,1.2831203E2,6.415601E1,4.935078E1,1.0575167E1,4.7940758E1,3.877561E1,2.0515823E2,7.355616E1,5.4755863E1,4.230067E0,4.5120712E1,9.165145E0,1.4100223E0,3.5720566E1,1.2220193E1,4.230067E0,3.4545544E1,6.838608E1,1.3677216E2,2.5850408E0,1.645026E0,2.5850408E0,4.253567E1,2.5850408E0,6.580104E0,9.400148E0,2.8200445E0,2.350037E0,1.8800297E0,2.6790422E1,1.09981735E2],"tree_param":{"num_deleted":"0","num_feature":"6","num_nodes":"43","size_leaf_vector":"0"}},{"base_weights":[-1.2991146E0,-1.6224914E0,-7.831164E-1,-1.4702756E0,-2.4348688E0,-2.8503305E-1,-1.0401635E0,-1.1719021E-1,-1.5572788E0,-3.8335683E0,-1.4506992E0,2.9339024E-1,-1.5215338E0,-9.2133385E-1,-3.6110282E0,-1.3942574E0,-4.847621E-1,-2.324237E0,-3.2270532E0,-2.2223334E0,-3.5729772E-1,-3.1355265E-1,1.0366502E-1,-7.818386E0,8.533086E-2,1.0952746E-1,-1.0863073E0,6.478082E-1,-4.4047256E0,-4.4598684E-1,9.859869E-1,1.8470418E0,-4.231775E0,-7.227329E-1,-3.5609668E-1,3.986684E-1,-1.9997583E-1,3.332053E-2,-5.654631E-1,-5.4264164E0,2.648671E-1,-3.8710304E-2,3.478324E-1,-9.069261E-1,-8.588671E0,3.0488372E-1,-2.315903E-2,-1.5748643E0,-9.1795105E-1,-5.9602562E-2,-2.2148104E-1,2.1339409E-1,-6.638209E-2,-4.292327E-2,2.4931003E-1,9.0738975E-2,-3.1807277E-1,-4.3687286E0,-1.2934531E-2],"categories":[2,1,1,1,2,2,2,1,2,2,1,2,1,2,1],"categories_nodes":[1,2,3,4,5,9,10,13,15,18,19,27,32,40,43],"categories_segments":[0,1,2,3,4,5,6,7,8,9,10,11,12,13,14],"categories_sizes":[1,1,1,1,1,1,1,1,1,1,1,1,1,1,1],"default_left":[1,0,0,0,0,0,0,0,0,0,0,0,1,0,0,0,0,0,0,0,0,0,0,1,0,0,0,0,0,0,0,0,0,0,0,0,0,0,0,0,0,1,0,0,1,0,0,0,0,0,0,0,0,0,0,0,0,0,0],"id":1,"left_children":[1,3,5,7,9,11,13,-1,15,17,19,21,23,25,27,29,-1,-1,31,33,35,37,-1,39,41,-1,43,45,-1,-1,-1,-1,47,-1,-1,-1,-1,-1,49,-1,51,53,-1,55,57,-1,-1,-1,-1,-1,-1,-1,-1,-1,-1,-1,-1,-1,-1],"loss_changes":[1.20576904E2,5.1814453E1,3.596962E1,3.506732E1,8.965051E1,7.039475E1,5.363594E1,0E0,1.1012573E0,4.1366913E1,3.481739E1,2.2442775E0,3.1767792E2,3.850511E1,3.817814E2,4.8178497E1,0E0,0E0,2.7044135E2,1.8885269E0,1.0614629E1,6.900133E-1,0E0,5.344509E2,3.5023396E0,0E0,2.067378E2,1.8575273E0,0E0,0E0,0E0,0E0,1.2571625E1,0E0,0E0,0E0,0E0,0E0,9.699714E-2,0E0,1.1461835E0,2.3184547E0,0E0,2.9394913E1,1.8337067E2,0E0,0E0,0E0,0E0,0E0,0E0,0E0,0E0,0E0,0E0,0E0,0E0,0E0,0E0],"parents":[2147483647,0,0,1,1,2,2,3,3,4,4,5,5,6,6,8,8,9,9,10,10,11,11,12,12,13,13,14,14,15,15,18,18,19,19,20,20,21,21,23,23,24,24,26,26,27,27,32,32,38,38,40,40,41,41,43,43,44,44],"right_children":[2,4,6,8,10,12,14,-1,16,18,20,22,24,26,28,30,-1,-1,32,34,36,38,-1,40,42,-1,44,46,-1,-1,-1,-1,48,-1,-1,-1,-1,-1,50,-1,52,54,-1,56,58,-1,-1,-1,-1,-1,-1,-1,-1,-1,-1,-1,-1,-1,-1],"split_conditions":[2E0,NaN,NaN,NaN,NaN,NaN,9E0,-1.1719021E-1,2E0,NaN,NaN,9E0,7E0,NaN,2E0,NaN,-4.847621E-1,-2.324237E0,NaN,NaN,2E0,3E0,1.0366502E-1,2E0,2.1E1,1.0952746E-1,7E0,NaN,-4.4047256E0,-4.4598684E-1,9.859869E-1,1.8470418E0,NaN,-7.227329E-1,-3.5609668E-1,3.986684E-1,-1.9997583E-1,3.332053E-2,5E0,-5.4264164E0,NaN,4E0,3.478324E-1,NaN,2E0,3.0488372E-1,-2.315903E-2,-1.5748643E0,-9.1795105E-1,-5.9602562E-2,-2.2148104E-1,2.1339409E-1,-6.638209E-2,-4.292327E-2,2.4931003E-1,9.0738975E-2,-3.1807277E-1,-4.3687286E0,-1.2934531E-2],"split_indices":[1,4,5,4,5,4,1,0,1,2,2,1,1,5,0,2,0,0,4,2,0,1,0,0,1,0,1,4,0,0,0,0,3,0,0,0,0,0,1,0,4,0,0,5,0,0,0,0,0,0,0,0,0,0,0,0,0,0,0],"split_type":[0,1,1,1,1,1,0,0,0,1,1,0,0,1,0,1,0,0,1,1,0,0,0,0,0,0,0,1,0,0,0,0,1,0,0,0,0,0,0,0,1,0,0,1,0,0,0,0,0,0,0,0,0,0,0,0,0,0,0],"sum_hessian":[7.292298E2,4.4696915E2,2.8226062E2,3.7880252E2,6.816665E1,9.6799644E1,1.8546097E2,2.8658802E1,3.501437E2,2.6958315E1,4.1208332E1,6.6468864E1,3.0330776E1,1.7856573E2,6.8952327E0,9.91329E1,2.5101082E2,2.0373597E0,2.4920956E1,2.3553608E1,1.7654726E1,4.8635955E0,6.160527E1,5.380498E0,2.495028E1,2.0158813E1,1.5840692E2,5.659629E0,1.2356038E0,9.788381E1,1.2490822E0,1.9142696E0,2.3006685E1,1.8829838E1,4.72377E0,2.225426E0,1.5429299E1,2.0191708E0,2.8444247E0,1.824621E0,3.555877E0,2.3231413E1,1.7188654E0,1.5580258E2,2.6043468E0,3.4861178E0,2.173511E0,1.0451065E1,1.2555621E1,1.5993826E0,1.2450421E0,1.612164E0,1.943713E0,2.1488354E1,1.7430589E0,1.7419722E1,1.3838286E2,1.1184222E0,1.4859246E0],"tree_param":{"num_deleted":"0","num_feature":"6","num_nodes":"59","size_leaf_vector":"0"}},{"base_weights":[-9.515167E-1,-1.1335536E0,1.927118E0,-1.4291906E0,-3.1183E-1,6.3063345E0,7.9906166E-2,-1.8355447E0,-1.2581594E0,-6.5693E-1,4.601382E0,1.4623966E0,2.7656078E0,-3.9370348E0,1.1018803E0,-2.018196E0,-2.4238291E-1,-1.1615134E0,-1.7125942E0,-8.259226E-1,1.9054766E-1,4.610231E0,6.3654757E-1,5.4806165E-2,6.7596257E-1,2.8179178E-1,-3.278206E0,1.8255202E0,8.424139E-3,-3.6290744E-1,-7.1340555E-1,-1.5965085E0,3.9330065E-1,-1.8388141E-2,-3.7699944E-1,-2.9852903E0,-1.2889204E0,-6.592453E-1,-9.958459E-1,1.4139222E0,-1.9857164E-1,-2.3811946E0,1.166908E0,-1.8074414E-1,-7.054445E-1,-1.1073835E0,-2.1421196E-1,1.671815E-1,-4.9344423E-1,-2.0642099E-1,1.8898994E-3,-1.2464143E-1,-3.8111505E-1,6.288373E-1,-4.5463243E-3,5.4149162E-2,-1.7176516E-1,1.7147979E0,2.2733536E-2],"categories":[2,2,2,2,2,1,2,1,1,2,2,1,2,2],"categories_nodes":[2,4,7,8,14,17,18,31,35,36,37,38,39,42],"categories_segments":[0,1,2,3,4,5,6,7,8,9,10,11,12,13],"categories_sizes":[1,1,1,1,1,1,1,1,1,1,1,1,1,1],