{"learner":{"attributes":{"best_ntree_limit":"1"},"feature_names":[],"feature_types":["q","q","c","c","c","c"],"gradient_booster":{"model":{"gbtree_model_param":{"num_parallel_tree":"1","num_trees":"1","size_leaf_vector":"0"},"tree_info":[0],"trees":[{"base_weights":[-1.954803E0,-1.3851178E0,-2.2701483E0,-2.3157525E-1,-1.7405009E0,-1.7799128E0,-3.2585866E0,-2.0443444E0,-1.1729195E0,-2.0011315E-1,-2.1448634E0,-2.2918625E0,-2.3362944E0,-1.3296299E0,-6.3095105E-1,-9.557963E-1,-1.8708861E0,-5.1465154E0,-1.5566697E0,-7.520388E-1,-2.0236359E0,-5.5271524E-1,-8.481232E-1,1.3462448E-1,-3.0842844E-1,-6.6329575E-1,-4.3622856E0,-1.6257143E1,-2.3559856E0,-1.4972961E-1,-2.0735455E0,-4.740128E-1,-2.1834204E0,-4.2927867E-1,-1.5534057E-1,-2.8752512E-1,-1.11772336E-1,-1.7097049E0,-5.187108E-1,-4.1324148E-1,-1.0028929E1,-7.66263E-1,-3.0690312E-1,-1.5260562E0,-3.5458434E-1,-2.8876638E-1,-6.72135E-1],"categories":[1,2,1,1,1,2,1,1,2,2,2],"categories_nodes":[0,1,5,6,8,12,17,18,20,22,28],"categories_segments":[0,1,2,3,4,5,6,7,8,9,10],"categories_sizes":[1,1,1,1,1,1,1,1,1,1,1],"default_left":[0,0,0,0,1,0,0,0,0,0,1,0,0,0,0,0,0,0,0,0,0,0,0,0,0,0,1,0,0,0,1,0,0,0,0,0,0,0,0,0,0,0,0,0,0,0,0],"id":0,"left_children":[1,3,5,-1,7,9,11,13,15,-1,17,-1,19,21,-1,23,25,27,29,-1,31,-1,33,-1,-1,35,37,39,41,-1,43,-1,45,-1,-1,-1,-1,-1,-1,-1,-1,-1,-1,-1,-1,-1,-1],"loss_changes":[1.3268115E2,5.792212E1,2.2926758E2,0E0,2.7157288E1,1.3116663E2,6.2713E2,1.8400269E0,7.6228867E0,0E0,4.2526196E2,0E0,2.0335693E0,1.1792355E0,0E0,5.47884E0,3.829471E1,1.1949229E3,1.1191492E2,0E0,2.5219727E-1,0E0,7.1833134E-1,0E0,0E0,5.3523064E-1,5.2469482E0,1.9508904E3,6.096115E0,0E0,3.6602856E2,0E0,3.3467102E-1,0E0,0E0,0E0,0E0,0E0,0E0,0E0,0E0,0E0,0E0,0E0,0E0,0E0,0E0],"parents":[2147483647,0,0,1,1,2,2,4,4,5,5,6,6,7,7,8,8,10,10,12,12,13,13,15,15,16,16,17,17,18,18,20,20,22,22,25,25,26,26,27,27,28,28,30,30,32,32],"right_children":[2,4,6,-1,8,10,12,14,16,-1,18,-1,20,22,-1,24,26,28,30,-1,32,-1,34,-1,-1,36,38,40,42,-1,44,-1,46,-1,-1,-1,-1,-1,-1,-1,-1,-1,-1,-1,-1,-1,-1],"split_conditions":[NaN,NaN,7.600001E1,-2.3157525E-1,4E0,NaN,NaN,4E0,NaN,-2.0011315E-1,2E0,-2.2918625E0,NaN,2E0,-6.3095105E-1,5E0,5E0,NaN,NaN,-7.520388E-1,NaN,-5.5271524E-1,NaN,1.3462448E-1,-3.0842844E-1,7E0,1.6E1,2E0,NaN,-1.4972961E-1,4E0,-4.740128E-1,2E0,-4.2927867E-1,-1.5534057E-1,-2.8752512E-1,-1.11772336E-1,-1.7097049E0,-5.187108E-1,-4.1324148E-1,-1.0028929E1,-7.66263E-1,-3.0690312E-1,-1.5260562E0,-3.5458434E-1,-2.8876638E-1,-6.72135E-1],"split_indices":[4,4,1,0,1,4,3,0,2,0,1,0,2,1,0,0,0,2,4,0,5,0,2,0,0,1,1,0,5,0,1,0,0,0,0,0,0,0,0,0,0,0,0,0,0,0,0],"split_type":[1,1,0,0,0,1,1,0,1,0,0,0,1,0,0,0,0,1,1,0,1,0,1,0,0,0,0,0,1,0,0,0,0,0,0,0,0,0,0,0,0,0,0,0,0,0,0],"sum_hessian":[7.550669E2,2.709593E2,4.8410764E2,1.0058159E2,1.7037769E2,3.2548013E2,1.586275E2,1.09276726E2,6.1100964E1,8.107628E1,2.4440385E2,2.6320415E1,1.3230708E2,1.010516E1,9.917156E1,4.8410763E1,1.2690201E1,3.877561E1,2.0562825E2,8.107628E1,5.123081E1,3.5250556E0,6.580104E0,2.1150334E0,4.629573E1,9.400148E0,3.290052E0,6.8151073E0,3.1960505E1,6.815108E1,1.3747717E2,1.645026E1,3.478055E1,1.1750185E0,5.4050856E0,3.5250556E0,5.8750925E0,1.4100223E0,1.8800297E0,4.230067E0,2.5850408E0,2.7025427E1,4.9350777E0,3.031548E1,1.0716169E2,2.350037E0,3.243051E1],"tree_param":{"num_deleted":"0","num_feature":"6","num_nodes":"47","size_leaf_vector":"0"}}]},"name":"gbtree"},"learner_model_param":{"base_score":"5E-1","num_class":"0","num_feature":"6","num_target":"1"},"objective":{"name":"reg:squarederror","reg_loss_param":{"scale_pos_weight":"1"}}},"version":[1,6,2]}