{"learner":{"attributes":{"best_ntree_limit":"1"},"feature_names":[],"feature_types":["q","q","c","c","c","c"],"gradient_booster":{"model":{"gbtree_model_param":{"num_parallel_tree":"1","num_trees":"1","size_leaf_vector":"0"},"tree_info":[0],"trees":[{"base_weights":[-7.1100324E-1,3.0239297E-2,-1.3115393E0,1.4709882E-1,-2.9392812E-1,-4.5486653E-1,-5.6318545E0,-8.288244E-1,5.933759E-2,1.8445145E-1,-1.0066227E0,-5.7837567E0,-8.8457555E-1,2.2190891E-1,-9.581585E-1,-2.0252866E-1,2.7043602E-1,-4.864856E0,4.6583306E-2,-3.8116223E-1,-2.8507435E-1,3.663583E-1,-1.16476804E-1,-7.283141E-1,-1.2188969E0,-3.830527E-1,2.064168E-1,6.859936E-1,1.531309E-1,-5.719808E0,-1.7570714E-2,2.2969078E-1,-6.948466E-1,2.9968652E-1,-1.1119719E0,1.9163524E-1,3.2010578E-2,-1.0966388E-1,7.290491E-2,-1.6953728E-1,-3.4026885E-1,-4.3216452E-1,-1.5585828E-1,-2.4361278E-1,-9.096779E-2,8.849039E-1,-1.1584102E-1,2.3676991E-1,1.9969624E-2,8.809024E-2,-7.823792E-2,1.5261972E-1,-1.0942114E-1,-3.4486508E0,1.6752738E-1,-4.3860903E-1,-1.1540538E-1],"categories":[1,2,1,2,1,2,2,1,1,2,2,1,2,1,1,2],"categories_nodes":[0,1,5,6,14,15,17,18,19,21,22,23,24,26,28,30],"categories_segments":[0,1,2,3,4,5,6,7,8,9,10,11,12,13,14,15],"categories_sizes":[1,1,1,1,1,1,1,1,1,1,1,1,1,1,1,1],"default_left":[0,0,0,0,1,0,0,0,0,0,1,0,0,0,0,0,0,0,0,0,0,0,0,0,0,0,0,0,0,0,0,0,1,0,1,0,0,0,0,0,0,0,0,0,0,0,0,0,0,0,0,0,0,0,0,0,0],"id":0,"left_children":[1,3,5,-1,7,9,11,13,15,-1,17,-1,19,21,23,25,27,29,31,33,-1,35,37,39,41,43,45,47,49,-1,51,-1,53,-1,55,-1,-1,-1,-1,-1,-1,-1,-1,-1,-1,-1,-1,-1,-1,-1,-1,-1,-1,-1,-1,-1,-1],"loss_changes":[5.168408E2,7.778863E1,2.371266E3,0E0,5.7877678E1,3.1717453E2,6.8534653E3,1.6763603E1,1.0294916E1,0E0,1.4395664E3,0E0,2.273571E0,7.3481774E-1,5.6224823E0,6.2250533E0,4.9154887E0,5.228959E3,1.4940475E2,1.2074481E1,0E0,6.5089345E-1,5.360855E-1,3.3481293E0,6.911064E0,1.7435951E0,4.3639107E1,1.3789921E0,4.8226066E0,0E0,1.0716482E1,0E0,1.8745051E3,0E0,1.3674202E0,0E0,0E0,0E0,0E0,0E0,0E0,0E0,0E0,0E0,0E0,0E0,0E0,0E0,0E0,0E0,0E0,0E0,0E0,0E0,0E0,0E0,0E0],"parents":[2147483647,0,0,1,1,2,2,4,4,5,5,6,6,7,7,8,8,10,10,12,12,13,13,14,14,15,15,16,16,17,17,18,18,19,19,21,21,22,22,23,23,24,24,25,25,26,26,27,27,28,28,30,30,32,32,34,34],"right_children":[2,4,6,-1,8,10,12,14,16,-1,18,-1,20,22,24,26,28,30,32,34,-1,36,38,40,42,44,46,48,50,-1,52,-1,54,-1,56,-1,-1,-1,-1,-1,-1,-1,-1,-1,-1,-1,-1,-1,-1,-1,-1,-1,-1,-1,-1,-1,-1],"split_conditions":[NaN,NaN,7.600001E1,1.4709882E-1,2E0,NaN,NaN,6E0,5E0,1.8445145E-1,3E0,-5.7837567E0,4E0,2E0,NaN,NaN,6E0,NaN,NaN,NaN,-2.8507435E-1,NaN,NaN,NaN,NaN,5E0,NaN,1.4E1,NaN,-5.719808E0,NaN,2.2969078E-1,7E0,2.9968652E-1,2E0,1.9163524E-1,3.2010578E-2,-1.0966388E-1,7.290491E-2,-1.6953728E-1,-3.4026885E-1,-4.3216452E-1,-1.5585828E-1,-2.4361278E-1,-9.096779E-2,8.849039E-1,-1.1584102E-1,2.3676991E-1,1.9969624E-2,8.809024E-2,-7.823792E-2,1.5261972E-1,-1.0942114E-1,-3.4486508E0,1.6752738E-1,-4.3860903E-1,-1.1540538E-1],"split_indices":[4,4,1,0,1,4,2,0,1,0,1,0,0,0,5,2,0,2,4,4,0,5,5,3,2,1,3,1,3,0,5,0,1,0,0,0,0,0,0,0,0,0,0,0,0,0,0,0,0,0,0,0,0,0,0,0,0],"split_type":[1,1,0,0,0,1,1,0,0,0,0,0,0,0,1,1,0,1,1,1,0,1,1,1,1,0,1,0,1,0,1,0,0,0,0,0,0,0,0,0,0,0,0,0,0,0,0,0,0,0,0,0,0,0,0,0,0],"sum_hessian":[1.1599783E3,5.195932E2,6.4038513E2,2.1455838E2,3.0503482E2,5.3533844E2,1.0504666E2,1.2079191E2,1.842429E2,1.8212787E2,3.5321057E2,2.6320415E1,7.872624E1,1.3160208E1,1.076317E2,8.22513E1,1.0199161E2,7.496619E1,2.782444E2,9.870155E0,6.885609E1,9.165145E0,3.995063E0,5.9220936E1,4.8410763E1,5.71059E1,2.5145397E1,2.1385338E1,8.060627E1,1.833029E1,5.6635895E1,1.4123723E2,1.3700716E2,3.290052E0,6.580104E0,3.7600594E0,5.4050856E0,2.350037E0,1.645026E0,4.3945694E1,1.5275241E1,3.5955566E1,1.2455196E1,7.5201187E0,4.958578E1,3.7600594E0,2.1385338E1,1.8095285E1,3.290052E0,6.0395954E1,2.021032E1,2.2325352E1,3.4310543E1,1.3395211E1,1.2361195E2,3.7600594E0,2.8200445E0],"tree_param":{"num_deleted":"0","num_feature":"6","num_nodes":"57","size_leaf_vector":"0"}}]},"name":"gbtree"},"learner_model_param":{"base_score":"5E-1","num_class":"0","num_feature":"6","num_target":"1"},"objective":{"name":"reg:squarederror","reg_loss_param":{"scale_pos_weight":"1"}}},"version":[1,6,2]}