{"learner":{"attributes":{"best_ntree_limit":"2"},"feature_names":[],"feature_types":["q","q","q","c","c","c","c","c","c"],"gradient_booster":{"model":{"gbtree_model_param":{"num_parallel_tree":"1","num_trees":"2","size_leaf_vector":"0"},"tree_info":[0,0],"trees":[{"base_weights":[-1.9559103E0,-1.375534E0,-2.280913E0,-7.5129294E-1,-1.7484676E0,-1.943827E0,-2.7059212E1,-2.3287481E-1,2.3146206E-1,-6.2738085E-1,-1.32441E0,-2.217674E-1,-2.2417018E0,-2.3325634E1,-8.0386513E-1,2.6037067E-1,-1.5341894E-1,-1.0567069E0,-1.8052064E0,-1.8543699E0,-1.876349E1,-3.027317E-1,-1.5489077E-2,-5.1962996E-1,-1.224514E0,-7.9414797E-1,-5.640567E-1,-2.1470098E-1,-2.1981313E0,1.801609E-1,-2.446992E-1,-4.316984E-1,-2.647908E-1,-9.146257E-2,-2.913488E-1,-6.0554104E0,-5.7256263E-1],"categories":[1,1,1,1,0,1,2,3,1],"categories_nodes":[0,3,5,8,14,19],"categories_segments":[0,1,2,3,4,8],"categories_sizes":[1,1,1,1,4,1],"default_left":[0,1,0,0,1,0,1,0,0,0,0,0,0,0,0,0,0,0,0,0,0,0,0,0,0,0,0,0,1,0,0,0,0,0,0,0,0],"id":0,"left_children":[1,3,5,7,9,11,13,-1,15,-1,17,-1,19,-1,21,-1,-1,23,25,27,-1,-1,-1,29,31,33,-1,-1,35,-1,-1,-1,-1,-1,-1,-1,-1],"loss_changes":[1.3943042E2,6.243628E1,3.9815564E3,2.7344627E0,2.204065E1,1.6971118E2,8.462409E3,0E0,2.027689E0,0E0,8.263306E0,0E0,8.816142E3,0E0,7.553642E-1,0E0,0E0,4.1557465E0,5.4242706E-1,1.4756628E2,0E0,0E0,0E0,5.263392E0,1.6464844E0,1.4411449E-2,0E0,0E0,1.4833053E3,0E0,0E0,0E0,0E0,0E0,0E0,0E0,0E0],"parents":[2147483647,0,0,1,1,2,2,3,3,4,4,5,5,6,6,8,8,10,10,12,12,14,14,17,17,18,18,19,19,23,23,24,24,25,25,28,28],"right_children":[2,4,6,8,10,12,14,-1,16,-1,18,-1,20,-1,22,-1,-1,24,26,28,-1,-1,-1,30,32,34,-1,-1,36,-1,-1,-1,-1,-1,-1,-1,-1],"split_conditions":[NaN,2.1E1,5.1E1,NaN,3E0,NaN,1E1,-2.3287481E-1,NaN,-6.2738085E-1,3.8E1,-2.217674E-1,4.1E1,-2.3325634E1,NaN,2.6037067E-1,-1.5341894E-1,5E0,6E0,NaN,-1.876349E1,-3.027317E-1,-1.5489077E-2,2.4E1,6E0,4.2E1,-5.640567E-1,-2.1470098E-1,2.5E1,1.801609E-1,-2.446992E-1,-4.316984E-1,-2.647908E-1,-9.146257E-2,-2.913488E-1,-6.0554104E0,-5.7256263E-1],"split_indices":[7,0,0,3,2,7,2,0,6,0,0,0,0,0,5,0,0,1,1,7,0,0,0,0,2,0,0,0,0,0,0,0,0,0,0,0,0],"split_type":[1,0,0,1,0,1,0,0,1,0,0,0,0,0,1,0,0,0,0,1,0,0,0,0,0,0,0,0,0,0,0,0,0,0,0,0,0],"sum_hessian":[7.548319E2,2.728393E2,4.819926E2,1.03166626E2,1.6967268E2,4.7658752E2,5.4050856E0,1.0081659E2,2.350037E0,9.165144E1,7.802123E1,9.5176506E1,3.81411E2,1.1750185E0,4.230067E0,1.1750185E0,1.1750185E0,5.2170822E1,2.5850409E1,3.80001E2,1.4100223E0,3.0550482E0,1.1750185E0,1.3395211E1,3.877561E1,2.5850408E0,2.3265368E1,8.8831406E1,2.911696E2,2.5850408E0,1.0810171E1,2.1855345E1,1.6920267E1,1.4100223E0,1.1750185E0,3.5250556E0,2.8764453E2],"tree_param":{"num_deleted":"0","num_feature":"9","num_nodes":"37","size_leaf_vector":"0"}},{"base_weights":[-9.066476E-1,-6.7153715E-2,-1.2433393E0,1.1277727E0,-1.1372313E0,2.3229365E0,-1.4223807E0,1.2040719E0,9.6727633E-1,-4.256532E-1,-7.9904118E0,1.2556548E0,7.3071785E-2,-5.0965505E0,-1.1808436E0,-9.8995763E-1,3.3553505E-1,2.6636913E-1,-1.0009362E0,-6.9440627E0,4.0293922E0,-8.055805E0,-1.2316253E0,-1.3460239E0,3.5178864E-1,-5.4618105E-2,-3.5903472E-1,-2.8559726E-1,-1.1578664E1,5.676556E-1,-3.8647306E0,2.1593854E0,3.6925292E-1,-3.0341122E0,-5.903932E-2,-1.4856138E0,-4.9615777E-1,1.05375805E1,-1.2031395E0,3.35186E-1,-2.5947732E-1,-5.1785393E0,-3.429449E-1,1.5904962E0,-1.2152022E0,-3.6407354E-1,-1.0171856E0,2.7303472E-1,-2.0705475E-1,-4.850282E-1,-3.6929438E-1,1.1229606E-1,-2.3908325E-1,5.393991E0,-2.6384664E-1,-2.6116773E-1,-1.5146966E0],"categories":[1,2,1,2,2,1,2,2,1,1],"categories_nodes":[0,1,5,9,13,20,24,27,34,36],"categories_segments":[0,1,2,3,4,5,6,7,8,9],"categories_sizes":[1,1,1,1,1,1,1,1,1,1],"default_left":[0,0,0,0,0,0,1,0,0,0,0,0,1,0,0,0,0,0,0,0,0,0,1,1,0,0,0,0,1,0,0,0,0,0,0,1,0,1,0,0,0,0,0,0,0,0,0,0,0,0,0,0,0,0,0,0,0],"id":1,"left_children":[1,3,5,7,9,11,13,-1,15,17,-1,-1,19,21,23,25,-1,-1,27,29,31,-1,33,35,37,-1,-1,39,41,-1,-1,-1,43,45,47,49,51,53,55,-1,-1,-1,-1,-1,-1,-1,-1,-1,-1,-1,-1,-1,-1,-1,-1,-1,-1],"loss_changes":[1.399657E2,1.8399509E2,2.290763E2,2.7617561E1,1.3654376E3,7.2119E1,2.9332587E2,0E0,2.0559978E1,5.7441628E1,0E0,0E0,2.7354706E2,1.6911116E3,8.0928986E1,6.5841866E-1,0E0,0E0,3.9405756E2,2.1098444E2,7.027951E1,0E0,3.883727E1,3.332141E1,5.149379E2,0E0,0E0,4.1776714E1,1.7604889E2,0E0,0E0,0E0,1.0807416E2,5.945282E-1,8.0930605E0,6.227722E0,1.1296031E1,3.813871E2,3.1941967E1,0E0,0E0,0E0,0E0,0E0,0E0,0E0,0E0,0E0,0E0,0E0,0E0,0E0,0E0,0E0,0E0,0E0,0E0],"parents":[2147483647,0,0,1,1,2,2,3,3,4,4,5,5,6,6,8,8,9,9,12,12,13,13,14,14,15,15,18,18,19,19,20,20,22,22,23,23,24,24,27,27,28,28,32,32,33,33,34,34,35,35,36,36,37,37,38,38],"right_children":[2,4,6,8,10,12,14,-1,16,18,-1,-1,20,22,24,26,-1,-1,28,30,32,-1,34,36,38,-1,-1,40,42,-1,-1,-1,44,46,48,50,52,54,56,-1,-1,-1,-1,-1,-1,-1,-1,-1,-1,-1,-1,-1,-1,-1,-1,-1,-1],"split_conditions":[NaN,NaN,2.5E1,2.6E1,2E1,NaN,2.7E1,1.2040719E0,4E1,NaN,-7.9904118E0,1.2556548E0,2E0,NaN,4.1E1,2.8E1,3.3553505E-1,2.6636913E-1,3.1E1,2E0,NaN,-8.055805E0,3E0,6E0,NaN,-5.4618105E-2,-3.5903472E-1,NaN,5.7E1,5.676556E-1,-3.8647306E0,2.1593854E0,2.3E1,3E0,NaN,2E0,NaN,1.1E1,5.9E1,3.35186E-1,-2.5947732E-1,-5.1785393E0,-3.429449E-1,1.5904962E0,-1.2152022E0,-3.6407354E-1,-1.0171856E0,2.7303472E-1,-2.0705475E-1,-4.850282E-1,-3.6929438E-1,1.1229606E-1,-2.3908325E-1,5.393991E0,-2.6384664E-1,-2.6116773E-1,-1.5146966E0],"split_indices":[8,7,0,0,2,8,0,0,0,7,0,0,2,5,0,0,0,0,0,1,8,0,2,2,7,0,0,7,0,0,0,0,0,1,8,2,8,2,0,0,0,0,0,0,0,0,0,0,0,0,0,0,0,0,0,0,0],"split_type":[1,1,0,0,0,1,0,0,0,1,0,0,0,1,0,0,0,0,0,0,1,0,0,0,1,0,0,1,0,0,0,0,0,0,1,0,1,0,0,0,0,0,0,0,0,0,0,0,0,0,0,0,0,0,0,0,0],"sum_hessian":[4.9448514E2,1.4189333E2,3.5259183E2,6.701055E1,7.488277E1,1.6282892E1,3.3630893E2,2.2656603E0,6.4744896E1,7.383878E1,1.0439835E0,8.437478E0,7.8454146E0,1.9505049E1,3.1680386E2,4.24441E0,6.0500484E1,2.232361E1,5.1515175E1,2.5562809E0,5.289134E0,2.0451064E0,1.7459942E1,2.860919E2,3.0711971E1,1.248356E0,2.9960542E0,4.9213985E1,2.301189E0,1.3013082E0,1.2549728E0,2.3168628E0,2.972271E0,6.2558994E0,1.1204043E1,2.4508829E2,4.100362E1,3.302375E0,2.7409595E1,1.4112037E1,3.5101948E1,1.0663304E0,1.2348585E0,1.3104217E0,1.6618493E0,1.7456505E0,4.5102487E0,4.2444477E0,6.959595E0,1.5823897E2,8.6849304E1,1.0467148E1,3.0536472E1,1.6511898E0,1.6511852E0,2.6356691E1,1.0529051E0],"tree_param":{"num_deleted":"0","num_feature":"9","num_nodes":"57","size_leaf_vector":"0"}}]},"name":"gbtree"},"learner_model_param":{"base_score":"5E-1","num_class":"0","num_feature":"9","num_target":"1"},"objective":{"name":"reg:squarederror","reg_loss_param":{"scale_pos_weight":"1"}}},"version":[1,6,2]}