{"learner":{"attributes":{"best_ntree_limit":"5"},"feature_names":[],"feature_types":["q","q","c","c","c","c"],"gradient_booster":{"model":{"gbtree_model_param":{"num_parallel_tree":"1","num_trees":"5","size_leaf_vector":"0"},"tree_info":[0,0,0,0,0],"trees":[{"base_weights":[-6.6125816E-1,-1.5559212E-2,-1.1844294E0,1.1564534E-1,-2.9794395E-1,-4.3803573E-1,-4.9532833E0,-7.64481E-1,1.008341E-2,1.482207E-1,-9.1869503E-1,-5.0734277E0,-8.138959E-1,1.5662396E-1,-8.774587E-1,-2.1789028E-1,1.9422168E-1,-4.2852554E0,-1.1051489E-3,-3.7467852E-1,-2.6141503E-1,2.8611183E-1,-1.3847516E-1,-6.78011E-1,-1.1051327E0,-3.753372E-1,1.402716E-1,5.604423E-1,9.210385E-2,-5.026166E0,-5.6949224E-2,1.8773086E-1,-6.47205E-1,2.5914398E-1,-1.0225375E0,1.6157174E-1,1.8022534E-2,-1.0870656E-1,5.8825385E-2,-1.6069373E-1,-3.1096464E-1,-3.8970342E-1,-1.4912386E-1,-2.2681321E-1,-9.166017E-2,7.815311E-1,-1.1345236E-1,1.9562255E-1,7.631627E-3,6.452829E-2,-8.073989E-2,1.215415E-1,-1.080634E-1,-3.0417843E0,1.3356353E-1,-3.6979753E-1,6.740475E-2],"categories":[1,2,1,2,1,2,2,1,1,2,2,1,2,1,1,2],"categories_nodes":[0,1,5,6,14,15,17,18,19,21,22,23,24,26,28,30],"categories_segments":[0,1,2,3,4,5,6,7,8,9,10,11,12,13,14,15],"categories_sizes":[1,1,1,1,1,1,1,1,1,1,1,1,1,1,1,1],"default_left":[0,0,0,0,1,0,0,0,0,0,1,0,0,0,0,0,0,0,0,0,0,0,0,0,0,0,0,0,0,0,0,0,1,0,1,0,0,0,0,0,0,0,0,0,0,0,0,0,0,0,0,0,0,0,0,0,0],"id":0,"left_children":[1,3,5,-1,7,9,11,13,15,-1,17,-1,19,21,23,25,27,29,31,33,-1,35,37,39,41,43,45,47,49,-1,51,-1,53,-1,55,-1,-1,-1,-1,-1,-1,-1,-1,-1,-1,-1,-1,-1,-1,-1,-1,-1,-1,-1,-1,-1,-1],"loss_changes":[4.4977545E2,6.772125E1,2.0668887E3,0E0,5.0430595E1,2.76004E2,5.999841E3,1.4659439E1,8.955508E0,0E0,1.2545879E3,0E0,1.9787674E0,6.546284E-1,4.9020157E0,5.4291396E0,4.3607197E0,4.5850615E3,1.3007181E2,1.0769312E1,0E0,6.246056E-1,4.8917633E-1,2.9630089E0,6.018196E0,1.5362253E0,3.9119457E1,1.2349415E0,4.209987E0,0E0,9.38934E0,0E0,1.6443903E3,0E0,2.516943E0,0E0,0E0,0E0,0E0,0E0,0E0,0E0,0E0,0E0,0E0,0E0,0E0,0E0,0E0,0E0,0E0,0E0,0E0,0E0,0E0,0E0,0E0],"parents":[2147483647,0,0,1,1,2,2,4,4,5,5,6,6,7,7,8,8,10,10,12,12,13,13,14,14,15,15,16,16,17,17,18,18,19,19,21,21,22,22,23,23,24,24,25,25,26,26,27,27,28,28,30,30,32,32,34,34],"right_children":[2,4,6,-1,8,10,12,14,16,-1,18,-1,20,22,24,26,28,30,32,34,-1,36,38,40,42,44,46,48,50,-1,52,-1,54,-1,56,-1,-1,-1,-1,-1,-1,-1,-1,-1,-1,-1,-1,-1,-1,-1,-1,-1,-1,-1,-1,-1,-1],"split_conditions":[NaN,NaN,7.600001E1,1.1564534E-1,2E0,NaN,NaN,6E0,5E0,1.482207E-1,3E0,-5.0734277E0,4E0,2E0,NaN,NaN,6E0,NaN,NaN,NaN,-2.6141503E-1,NaN,NaN,NaN,NaN,5E0,NaN,1.4E1,NaN,-5.026166E0,NaN,1.8773086E-1,7E0,2.5914398E-1,3E0,1.6157174E-1,1.8022534E-2,-1.0870656E-1,5.8825385E-2,-1.6069373E-1,-3.1096464E-1,-3.8970342E-1,-1.4912386E-1,-2.2681321E-1,-9.166017E-2,7.815311E-1,-1.1345236E-1,1.9562255E-1,7.631627E-3,6.452829E-2,-8.073989E-2,1.215415E-1,-1.080634E-1,-3.0417843E0,1.3356353E-1,-3.6979753E-1,6.740475E-2],"split_indices":[4,4,1,0,1,4,2,0,1,0,1,0,0,0,5,2,0,2,4,4,0,5,5,3,2,1,3,1,3,0,5,0,1,0,0,0,0,0,0,0,0,0,0,0,0,0,0,0,0,0,0,0,0,0,0,0,0],"split_type":[1,1,0,0,0,1,1,0,0,0,0,0,0,0,1,1,0,1,1,1,0,1,1,1,1,0,1,0,1,0,1,0,0,0,0,0,0,0,0,0,0,0,0,0,0,0,0,0,0,0,0,0,0,0,0,0,0],"sum_hessian":[1.330495E3,5.959733E2,7.345216E2,2.4609843E2,3.4987488E2,6.1403314E2,1.204885E2,1.385483E2,2.1132658E2,2.0890065E2,4.0513248E2,3.0189512E1,9.029899E1,1.5094756E1,1.23453545E2,9.4342224E1,1.1698436E2,8.59862E1,3.1914627E2,1.1321067E1,7.897792E1,1.051242E1,4.582337E0,6.792641E1,5.5527138E1,6.550046E1,2.8841766E1,2.4528978E1,9.245538E1,2.102484E1,6.4961365E1,1.6199908E2,1.571472E2,3.773689E0,7.547378E0,4.3127875E0,6.199632E0,2.6954923E0,1.8868445E0,5.0405704E1,1.7520699E1,4.124103E1,1.4286109E1,8.625575E0,5.6874886E1,4.3127875E0,2.4528978E1,2.075529E1,3.773689E0,6.927415E1,2.3181232E1,2.5607176E1,3.9354187E1,1.53643055E1,1.4178288E2,6.469181E0,1.0781969E0],"tree_param":{"num_deleted":"0","num_feature":"6","num_nodes":"57","size_leaf_vector":"0"}},{"base_weights":[2.8419325E-2,-5.511134E-1,1.1722459E0,-7.804336E-1,7.1464906E0,2.4141498E0,3.1697354E-1,-3.2111862E-1,-2.737707E-1,-9.239013E-1,5.981597E0,6.738012E0,3.3934906E-2,4.9565232E-1,-5.6437004E-1,-1.1847919E-2,-6.363473E-1,-1.0536671E0,-2.6769666E-2,2.659821E0,5.3447475E0,1.3824703E0,-2.3960894E1,6.277339E-1,1.2151976E-1,-8.656903E0,7.396235E-1,2.1766594E-1,-2.856958E-1,-9.949826E-3,-1.6500113E0,-1.3418415E0,-4.4372323E-1,1.7838823E0,3.7650223E0,2.5869288E0,2.6087267E-2,-1.6573212E1,6.873249E-1,-1.07620694E-1,6.49181E-1,2.3091848E-1,-6.107621E-1,-4.2198844E0,2.4631572E-1,2.6765522E-1,3.90921E-1,7.9100624E-2,-3.3432305E-2,2.5883501E-2,-2.2922473E-1,1.2869215E-1,-1.1698492E-1,-1.7320071E0,-1.4552367E-1,-4.3882474E-1,-9.275215E-2,2.2589093E-2,-2.0834136E-1,-8.672631E-1,1.4052968E0,4.1386634E-1,-1.725931E0,1.2661605E-2,-9.438028E-2,1.9915493E-1,8.150859E-2,1.1067473E-1,-5.3440295E-2,-1.7897698E-1,1.9026832E-1],"categories":[1,2,2,1,1,2,1,1,2,1,2,2,1,2,1,1,2,1,1,1],"categories_nodes":[1,3,5,6,8,9,11,13,15,20,21,22,26,27,29,30,31,32,40,41],"categories_segments":[0,1,2,3,4,5,6,7,8,9,10,11,12,13,14,15,16,17,18,19],"categories_sizes":[1,1,1,1,1,1,1,1,1,1,1,1,1,1,1,1,1,1,1,1],"default_left":[1,0,0,0,0,0,0,0,0,0,0,0,0,0,1,0,0,1,0,0,0,0,0,0,0,1,0,0,0,0,0,0,0,0,1,0,0,0,0,0,0,0,0,0,0,0,1,0,0,0,0,0,0,0,0,0,0,0,0,0,0,0,0,0,0,0,0,0,0,0,0],"id":1,"left_children":[1,3,5,7,9,11,13,-1,15,17,-1,19,21,23,25,27,29,31,-1,-1,33,35,37,39,41,43,45,47,49,51,53,55,57,-1,59,-1,61,-1,-1,63,65,67,-1,-1,-1,-1,69,-1,-1,-1,-1,-1,-1,-1,-1,-1,-1,-1,-1,-1,-1,-1,-1,-1,-1,-1,-1,-1,-1,-1,-1],"loss_changes":[7.095714E2,1.259759E3,3.8156876E2,1.0120099E2,2.1505537E3,1.5090195E3,3.4028725E1,0E0,2.4000414E1,1.3810902E0,0E0,1.0696924E2,3.1260984E3,8.755253E0,3.9254385E2,9.351269E0,6.7295135E1,1.4600801E0,0E0,0E0,9.901245E0,8.9786835E2,4.3483877E3,2.1492538E0,1.1768502E1,2.759338E2,1.3767242E0,1.2552967E0,1.2134414E1,1.1263365E1,1.9165524E2,4.7767735E-1,7.350626E-1,0E0,8.755879E1,0E0,6.182122E2,0E0,0E0,1.5574944E-1,5.298004E-1,2.688244E0,0E0,0E0,0E0,0E0,3.1778846E0,0E0,0E0,0E0,0E0,0E0,0E0,0E0,0E0,0E0,0E0,0E0,0E0,0E0,0E0,0E0,0E0,0E0,0E0,0E0,0E0,0E0,0E0,0E0,0E0],"parents":[2147483647,0,0,1,1,2,2,3,3,4,4,5,5,6,6,8,8,9,9,11,11,12,12,13,13,14,14,15,15,16,16,17,17,20,20,21,21,22,22,23,23,24,24,25,25,26,26,27,27,28,28,29,29,30,30,31,31,32,32,34,34,36,36,39,39,40,40,41,41,46,46],"right_children":[2,4,6,8,10,12,14,-1,16,18,-1,20,22,24,26,28,30,32,-1,-1,34,36,38,40,42,44,46,48,50,52,54,56,58,-1,60,-1,62,-1,-1,64,66,68,-1,-1,-1,-1,70,-1,-1,-1,-1,-1,-1,-1,-1,-1,-1,-1,-1,-1,-1,-1,-1,-1,-1,-1,-1,-1,-1,-1,-1],"split_conditions":[3E0,NaN,7E0,NaN,3E0,NaN,NaN,-3.2111862E-1,NaN,NaN,5.981597E0,NaN,6E0,NaN,1.6E1,NaN,3E0,2E0,-2.6769666E-2,2.659821E0,NaN,NaN,NaN,2E0,1.9E1,6E0,NaN,NaN,3E0,NaN,NaN,NaN,NaN,1.7838823E0,5E0,2.5869288E0,5E0,-1.6573212E1,6.873249E-1,1.1E1,NaN,NaN,-6.107621E-1,-4.2198844E0,2.4631572E-1,2.6765522E-1,2.1E1,7.9100624E-2,-3.3432305E-2,2.5883501E-2,-2.2922473E-1,1.2869215E-1,-1.1698492E-1,-1.7320071E0,-1.4552367E-1,-4.3882474E-1,-9.275215E-2,2.2589093E-2,-2.0834136E-1,-8.672631E-1,1.4052968E0,4.1386634E-1,-1.725931E0,1.2661605E-2,-9.438028E-2,1.9915493E-1,8.150859E-2,1.1067473E-1,-5.3440295E-2,-1.7897698E-1,1.9026832E-1],"split_indices":[1,2,1,2,0,4,4,0,4,5,0,5,1,5,1,5,1,1,0,0,2,4,2,0,1,0,5,2,1,4,3,4,3,0,1,0,1,0,0,1,2,3,0,0,0,0,1,0,0,0,0,0,0,0,0,0,0,0,0,0,0,0,0,0,0,0,0,0,0,0,0],"split_type":[0,1,0,1,0,1,1,0,1,1,0,1,0,1,0,1,0,0,0,0,1,1,1,0,0,0,1,1,0,1,1,1,1,0,0,0,0,0,0,0,1,1,0,0,0,0,0,0,0,0,0,0,0,0,0,0,0,0,0,0,0,0,0,0,0,0,0,0,0,0,0],