{"learner":{"attributes":{"best_ntree_limit":"6"},"feature_names":[],"feature_types":["q","q","c","c","c","c"],"gradient_booster":{"model":{"gbtree_model_param":{"num_parallel_tree":"1","num_trees":"1","size_leaf_vector":"0"},"tree_info":[0],"trees":[{"base_weights":[-1.4187139E0,-1.0035036E0,-1.6529522E0,-1.5511347E-1,-1.2872182E0,-1.2826203E0,-2.3850431E0,-1.4630051E0,-9.488176E-1,-1.2451872E-1,-1.5671655E0,-1.6138092E0,-1.7133151E0,-1.4767965E0,-7.4862555E-2,-4.1036946E-1,-1.09036E0,-4.230138E0,-1.1191623E0,-5.51944E-1,-4.5017672E-1,-4.714717E-1,-1.3147341E0,1.2891269E-1,-5.3029704E-1,-2.8389838E-1,-1.4856853E0,-9.697274E0,-1.6767131E0,-8.839591E-2,-1.5173836E0,-1.9118743E-1,-4.436695E-1,-1.9992128E-1,3.047511E-2,-2.7783942E-1,-8.8868225E-1,-5.2901155E-1,-3.208338E-1,-1.2184098E0,-2.5292265E-1],"categories":[1,2,1,1,2,2,1,1,1,1,2],"categories_nodes":[0,1,5,6,12,13,16,17,18,22,28],"categories_segments":[0,1,2,3,4,5,6,7,8,9,10],"categories_sizes":[1,1,1,1,1,1,1,1,1,1,1],"default_left":[0,0,0,0,1,0,0,1,0,0,1,0,0,0,0,0,0,0,0,0,0,0,0,0,0,0,0,0,0,0,1,0,0,0,0,0,0,0,0,0,0],"id":0,"left_children":[1,3,5,-1,7,9,11,13,15,-1,17,-1,19,21,-1,23,25,27,29,-1,-1,-1,31,-1,33,-1,35,-1,37,-1,39,-1,-1,-1,-1,-1,-1,-1,-1,-1,-1],"loss_changes":[9.964429E1,5.15343E1,1.7706287E2,0E0,1.2782684E1,1.0879608E2,4.3733923E2,2.2243652E0,5.976265E0,0E0,3.9313312E2,0E0,2.1583862E0,2.8363037E-1,0E0,2.156999E0,2.3599243E0,3.3651853E3,9.37298E1,0E0,0E0,0E0,6.016403E0,0E0,1.5472579E0,0E0,1.039959E1,0E0,4.6910858E-1,0E0,3.279512E2,0E0,0E0,0E0,0E0,0E0,0E0,0E0,0E0,0E0,0E0],"parents":[2147483647,0,0,1,1,2,2,4,4,5,5,6,6,7,7,8,8,10,10,12,12,13,13,15,15,16,16,17,17,18,18,22,22,24,24,26,26,28,28,30,30],"right_children":[2,4,6,-1,8,10,12,14,16,-1,18,-1,20,22,-1,24,26,28,30,-1,-1,-1,32,-1,34,-1,36,-1,38,-1,40,-1,-1,-1,-1,-1,-1,-1,-1,-1,-1],"split_conditions":[NaN,NaN,7.600001E1,-1.5511347E-1,4E0,NaN,NaN,3E0,6E0,-1.2451872E-1,2E0,-1.6138092E0,NaN,NaN,-7.4862555E-2,5E0,NaN,NaN,NaN,-5.51944E-1,-4.5017672E-1,-4.714717E-1,NaN,1.2891269E-1,1.7E1,-2.8389838E-1,5E0,-9.697274E0,NaN,-8.839591E-2,4E0,-1.9118743E-1,-4.436695E-1,-1.9992128E-1,3.047511E-2,-2.7783942E-1,-8.8868225E-1,-5.2901155E-1,-3.208338E-1,-1.2184098E0,-2.5292265E-1],"split_indices":[4,4,1,0,1,4,3,0,0,0,1,0,2,2,0,1,2,2,4,0,0,0,3,0,1,0,1,0,5,0,1,0,0,0,0,0,0,0,0,0,0],"split_type":[1,1,0,0,0,1,1,0,0,0,0,0,1,1,0,0,1,1,1,0,0,0,1,0,0,0,0,0,1,0,0,0,0,0,0,0,0,0,0,0,0],"sum_hessian":[1.0405891E3,3.772176E2,6.6337146E2,1.3999828E2,2.3721931E2,4.4235568E2,2.2101581E2,1.5393329E2,8.328602E1,1.09859764E2,3.324959E2,3.9212482E1,1.8180333E2,1.5198888E2,1.9444206E0,1.8147926E1,6.513809E1,4.6666092E1,2.8582983E2,1.09211624E2,7.2591705E1,9.041556E1,6.157332E1,1.9444206E0,1.6203505E1,5.0230865E1,1.4907225E1,2.9166307E0,4.3749462E1,9.365626E1,1.9217357E2,1.2962804E1,4.8610516E1,1.3286874E1,2.9166307E0,1.1990594E1,2.9166307E0,3.6619923E1,7.1295424E0,3.9212482E1,1.5296109E2],"tree_param":{"num_deleted":"0","num_feature":"6","num_nodes":"41","size_leaf_vector":"0"}}]},"name":"gbtree"},"learner_model_param":{"base_score":"5E-1","num_class":"0","num_feature":"6","num_target":"1"},"objective":{"name":"reg:squarederror","reg_loss_param":{"scale_pos_weight":"1"}}},"version":[1,6,2]}