{"learner":{"attributes":{"best_ntree_limit":"1"},"feature_names":[],"feature_types":["q","q","q","c","c","c","c","c","c"],"gradient_booster":{"model":{"gbtree_model_param":{"num_parallel_tree":"1","num_trees":"1","size_leaf_vector":"0"},"tree_info":[0],"trees":[{"base_weights":[-1.9570183E0,-1.3989515E0,-2.2686753E0,-7.2964543E-1,-1.7930166E0,-1.9312639E0,-2.6195286E1,-2.2664471E-1,1.3886952E-1,-2.0391731E0,-1.31885E0,-2.1439488E-1,-2.2294002E0,-2.0257252E1,-6.4268404E-1,1.8632534E-1,-1.5341894E-1,-6.172321E-1,-1.5393597E-1,-1.0668447E0,-6.788343E-1,-1.205244E1,-1.8423791E0,-6.9272107E-1,-1.2765183E0,3.4012666E0,-2.200975E0,-2.4570584E-1,1.0628278E-1,-4.2361832E-1,-2.7481645E-1,-5.044883E-1,1.090514E1,-5.9387165E-1,-1.0174357E1],"categories":[1,1,1,1,1,1,1],"categories_nodes":[0,3,5,8,12,22,24],"categories_segments":[0,1,2,3,4,5,6],"categories_sizes":[1,1,1,1,1,1,1],"default_left":[0,1,0,0,1,0,1,0,0,1,0,0,0,0,0,0,0,0,0,0,0,0,0,1,0,0,0,0,0,0,0,0,0,0,0],"id":0,"left_children":[1,3,5,7,9,11,13,-1,15,17,19,-1,21,-1,-1,-1,-1,-1,-1,23,-1,-1,25,27,29,31,33,-1,-1,-1,-1,-1,-1,-1,-1],"loss_changes":[1.282439E2,7.079291E1,3.8505603E3,2.4160156E0,1.731372E1,1.7163574E2,6.45615E3,0E0,1.515464E0,2.038086E0,1.2190559E1,0E0,5.5522954E3,0E0,0E0,0E0,0E0,0E0,0E0,3.0654373E0,0E0,0E0,7.2257556E2,2.970583E0,2.2500992E-1,4.2037417E3,2.4364429E3,0E0,0E0,0E0,0E0,0E0,0E0,0E0,0E0],"parents":[2147483647,0,0,1,1,2,2,3,3,4,4,5,5,6,6,8,8,9,9,10,10,12,12,19,19,22,22,23,23,24,24,25,25,26,26],"right_children":[2,4,6,8,10,12,14,-1,16,18,20,-1,22,-1,-1,-1,-1,-1,-1,24,-1,-1,26,28,30,32,34,-1,-1,-1,-1,-1,-1,-1,-1],"split_conditions":[NaN,2.1E1,5.1E1,NaN,4E0,NaN,7E1,-2.2664471E-1,NaN,3E0,4.6E1,-2.1439488E-1,NaN,-2.0257252E1,-6.4268404E-1,1.8632534E-1,-1.5341894E-1,-6.172321E-1,-1.5393597E-1,3E1,-6.788343E-1,-1.205244E1,NaN,2E0,NaN,2.2E1,4.6E1,-2.4570584E-1,1.0628278E-1,-4.2361832E-1,-2.7481645E-1,-5.044883E-1,1.090514E1,-5.9387165E-1,-1.0174357E1],"split_indices":[7,0,0,3,2,7,0,0,6,1,0,0,3,0,0,0,0,0,0,0,0,0,8,1,6,0,0,0,0,0,0,0,0,0,0],"split_type":[1,0,0,1,0,1,0,0,1,0,0,0,1,0,0,0,0,0,0,0,0,0,1,0,1,0,0,0,0,0,0,0,0,0,0],"sum_hessian":[7.545969E2,2.723693E2,4.822276E2,1.0199161E2,1.7037769E2,4.7658752E2,5.640089E0,9.917156E1,2.8200445E0,1.09981735E2,6.0395954E1,9.447149E1,3.8211603E2,1.4100223E0,4.230067E0,1.645026E0,1.1750185E0,1.0833671E2,1.645026E0,4.935078E1,1.1045175E1,2.8200445E0,3.79296E2,1.9270304E1,3.0080475E1,2.3735374E1,3.555606E2,1.7390274E1,1.8800297E0,1.974031E1,1.0340163E1,2.1385338E1,2.350037E0,3.541506E2,1.4100223E0],"tree_param":{"num_deleted":"0","num_feature":"9","num_nodes":"35","size_leaf_vector":"0"}}]},"name":"gbtree"},"learner_model_param":{"base_score":"5E-1","num_class":"0","num_feature":"9","num_target":"1"},"objective":{"name":"reg:squarederror","reg_loss_param":{"scale_pos_weight":"1"}}},"version":[1,6,2]}