{"learner":{"attributes":{"best_ntree_limit":"1"},"feature_names":[],"feature_types":["q","q","q","c","c","c","c","c","c"],"gradient_booster":{"model":{"gbtree_model_param":{"num_parallel_tree":"1","num_trees":"1","size_leaf_vector":"0"},"tree_info":[0],"trees":[{"base_weights":[-1.9556948E0,-1.3824459E0,-2.2781212E0,-6.9927317E-1,-1.8047842E0,-1.9292308E0,-1.943541E1,-2.1832776E-1,3.2159945E-1,-2.064073E0,-1.3137401E0,-2.0753853E-1,-2.2464375E0,2.8197798E-1,-1.5341894E-1,-6.25296E-1,-9.146257E-2,-7.457362E-1,-1.7020845E0,-1.0497344E1,-1.8489435E0,-4.8641768E-1,-5.4183584E-1,-7.0021564E-1,-5.470457E-1,3.5225503E0,-2.2183378E0,6.554185E-1,-2.4598001E-1,-3.027317E-1,3.301761E-2,-4.5795047E-1,1.271032E1,-5.9049726E-1,-2.7087078E0],"categories":[1,1,1,1,1,1,1],"categories_nodes":[0,3,5,8,12,17,20],"categories_segments":[0,1,2,3,4,5,6],"categories_sizes":[1,1,1,1,1,1,1],"default_left":[0,1,0,0,1,0,0,0,0,1,0,0,0,0,0,0,0,0,0,0,0,0,1,0,0,0,0,0,0,0,0,0,0,0,0],"id":0,"left_children":[1,3,5,7,9,11,-1,-1,13,15,17,-1,19,-1,-1,-1,-1,21,23,-1,25,-1,27,29,-1,31,33,-1,-1,-1,-1,-1,-1,-1,-1],"loss_changes":[1.3650806E2,7.795221E1,1.0387596E4,3.3316154E0,1.8809326E1,1.8701697E2,0E0,0E0,2.3272002E0,3.2421265E0,1.2221649E1,0E0,4.906581E3,0E0,0E0,0E0,0E0,3.873559E0,3.0464935E0,0E0,7.586669E2,0E0,1.9299604E1,1.478889E0,0E0,4.916057E3,5.861658E2,0E0,0E0,0E0,0E0,0E0,0E0,0E0,0E0],"parents":[2147483647,0,0,1,1,2,2,3,3,4,4,5,5,8,8,9,9,10,10,12,12,17,17,18,18,20,20,22,22,23,23,25,25,26,26],"right_children":[2,4,6,8,10,12,-1,-1,14,16,18,-1,20,-1,-1,-1,-1,22,24,-1,26,-1,28,30,-1,32,34,-1,-1,-1,-1,-1,-1,-1,-1],"split_conditions":[NaN,2.1E1,5.1E1,NaN,4E0,NaN,-1.943541E1,-2.1832776E-1,NaN,3E0,3.3E1,-2.0753853E-1,NaN,2.8197798E-1,-1.5341894E-1,-6.25296E-1,-9.146257E-2,NaN,6E0,-1.0497344E1,NaN,-4.8641768E-1,5E0,2E0,-5.470457E-1,3E0,4.5E1,6.554185E-1,-2.4598001E-1,-3.027317E-1,3.301761E-2,-4.5795047E-1,1.271032E1,-5.9049726E-1,-2.7087078E0],"split_indices":[7,0,0,3,2,7,0,0,6,1,0,0,3,0,0,0,0,3,1,0,8,0,2,1,0,2,0,0,0,0,0,0,0,0,0],"split_type":[1,0,0,1,0,1,0,0,1,0,0,0,1,0,0,0,0,1,0,0,1,0,0,0,0,0,0,0,0,0,0,0,0,0,0],"sum_hessian":[7.545969E2,2.735443E2,4.8105258E2,1.0551666E2,1.6802765E2,4.7940756E2,1.645026E0,1.02931625E2,2.5850408E0,1.078667E2,6.016095E1,9.846655E1,3.80941E2,1.4100223E0,1.1750185E0,1.0645668E2,1.4100223E0,2.5615404E1,3.4545544E1,3.5250556E0,3.7741595E2,3.5250556E0,2.209035E1,4.4650707E0,3.0080475E1,2.3735374E1,3.5368057E2,1.4100223E0,2.0680326E1,3.0550482E0,1.4100223E0,2.1855345E1,1.8800297E0,3.424004E2,1.1280178E1],"tree_param":{"num_deleted":"0","num_feature":"9","num_nodes":"35","size_leaf_vector":"0"}}]},"name":"gbtree"},"learner_model_param":{"base_score":"5E-1","num_class":"0","num_feature":"9","num_target":"1"},"objective":{"name":"reg:squarederror","reg_loss_param":{"scale_pos_weight":"1"}}},"version":[1,6,2]}