{"learner":{"attributes":{"best_ntree_limit":"1"},"feature_names":[],"feature_types":["q","q","c","c","c","c"],"gradient_booster":{"model":{"gbtree_model_param":{"num_parallel_tree":"1","num_trees":"1","size_leaf_vector":"0"},"tree_info":[0],"trees":[{"base_weights":[-1.4845209E0,-1.1102175E0,-1.692868E0,-2.136014E-1,-1.3428985E0,-1.3903936E0,-2.301946E0,-4.6110725E-1,-9.5472705E-1,-1.9474427E-1,-1.629258E0,-1.497763E0,-1.7069733E0,-8.1455475E-1,-1.4257133E0,-3.492E0,-1.251376E0,-5.489475E-1,-1.4892551E0,1.6616995E-2,-2.4995786E-1,-7.507658E-1,-3.9528408E0,-1.42932825E1,-1.7662497E0,-1.6109437E-1,-1.604451E0,-1.2415942E0,-1.5894454E0,-2.7082217E-1,-3.0329848E-2,-1.5502877E0,-3.449764E-1,-3.3421975E-1,-1.4206057E1,-5.589132E-1,-3.0711272E-1,-1.1136338E0,-3.1261098E-1,2.4219687E-1,-5.005242E-1,-5.4019773E-1,-3.6521438E-1],"categories":[1,2,1,1,1,2,1,1,2,2,2,1],"categories_nodes":[0,1,5,6,8,12,15,16,18,24,27,28],"categories_segments":[0,1,2,3,4,5,6,7,8,9,10,11],"categories_sizes":[1,1,1,1,1,1,1,1,1,1,1,1],"default_left":[0,0,0,0,1,0,0,0,0,0,1,0,0,0,0,0,0,0,0,0,0,0,1,0,0,0,1,0,0,0,0,0,0,0,0,0,0,0,0,0,0,0,0],"id":0,"left_children":[1,3,5,-1,7,9,11,-1,13,-1,15,-1,17,19,21,23,25,-1,27,-1,-1,29,31,33,35,-1,37,39,41,-1,-1,-1,-1,-1,-1,-1,-1,-1,-1,-1,-1,-1,-1],"loss_changes":[9.14707E1,3.8973694E1,1.3811914E2,0E0,1.8944305E1,9.013965E1,3.9650488E2,0E0,4.974823E0,0E0,2.693617E2,0E0,2.8573608E0,1.2453461E0,3.1119537E1,1.1868652E3,8.107788E1,0E0,2.7999878E-2,0E0,0E0,1.587841E0,7.6023903E0,3.788954E3,2.2046204E0,0E0,2.5324371E2,2.566005E1,2.0404053E0,0E0,0E0,0E0,0E0,0E0,0E0,0E0,0E0,0E0,0E0,0E0,0E0,0E0,0E0],"parents":[2147483647,0,0,1,1,2,2,4,4,5,5,6,6,8,8,10,10,12,12,13,13,14,14,15,15,16,16,18,18,21,21,22,22,23,23,24,24,26,26,27,27,28,28],"right_children":[2,4,6,-1,8,10,12,-1,14,-1,16,-1,18,20,22,24,26,-1,28,-1,-1,30,32,34,36,-1,38,40,42,-1,-1,-1,-1,-1,-1,-1,-1,-1,-1,-1,-1,-1,-1],"split_conditions":[NaN,NaN,3.7E1,-2.136014E-1,4E0,NaN,NaN,-4.6110725E-1,NaN,-1.9474427E-1,2E0,-1.497763E0,NaN,2E0,8E0,NaN,NaN,-5.489475E-1,NaN,1.6616995E-2,-2.4995786E-1,1.7E1,2.1E1,3E0,NaN,-1.6109437E-1,4E0,NaN,NaN,-2.7082217E-1,-3.0329848E-2,-1.5502877E0,-3.449764E-1,-3.3421975E-1,-1.4206057E1,-5.589132E-1,-3.0711272E-1,-1.1136338E0,-3.1261098E-1,2.4219687E-1,-5.005242E-1,-5.4019773E-1,-3.6521438E-1],"split_indices":[4,4,1,0,1,4,3,0,2,0,1,0,2,0,0,2,4,0,5,0,0,1,1,0,5,0,1,2,3,0,0,0,0,0,0,0,0,0,0,0,0,0,0],"split_type":[1,1,0,0,0,1,1,0,1,0,0,0,1,0,0,1,1,0,1,0,0,0,0,0,1,0,0,1,1,0,0,0,0,0,0,0,0,0,0,0,0,0,0],"sum_hessian":[1.196026E3,4.29944E2,7.6608203E2,1.6006573E2,2.6987827E2,5.1407153E2,2.5201045E2,1.7793353E2,9.194473E1,1.2619135E2,3.8788022E2,4.429726E1,2.077132E2,7.296019E1,1.8984539E1,6.402629E1,3.238539E2,1.2805258E2,7.966062E1,1.4889835E0,7.147121E1,1.6006573E1,2.977967E0,7.8171635E0,5.620913E1,1.079513E2,2.159026E2,2.6801702E1,5.2858913E1,1.265636E1,3.3502128E0,1.4889835E0,1.4889835E0,6.32818E0,1.4889835E0,4.8391964E1,7.8171635E0,4.429726E1,1.7160535E2,4.4669504E0,2.2334753E1,3.1268654E1,2.1590261E1],"tree_param":{"num_deleted":"0","num_feature":"6","num_nodes":"43","size_leaf_vector":"0"}}]},"name":"gbtree"},"learner_model_param":{"base_score":"5E-1","num_class":"0","num_feature":"6","num_target":"1"},"objective":{"name":"reg:squarederror","reg_loss_param":{"scale_pos_weight":"1"}}},"version":[1,6,2]}