{"learner":{"attributes":{"best_ntree_limit":"5"},"feature_names":[],"feature_types":["q","q","c","c","c","c"],"gradient_booster":{"model":{"gbtree_model_param":{"num_parallel_tree":"1","num_trees":"5","size_leaf_vector":"0"},"tree_info":[0,0,0,0,0],"trees":[{"base_weights":[-1.4847295E0,-1.0957078E0,-1.7010514E0,-2.1961106E-1,-1.3121872E0,-1.3848051E0,-2.3660278E0,-1.5416986E0,-1.0155629E0,-1.9657075E-1,-1.6227189E0,-1.605337E0,-1.737086E0,-4.9625692E-1,-1.3700807E0,-5.552545E-1,-1.1193178E0,-1.5208609E0,-1.2210725E1,-5.5032766E-1,-4.701661E-1,2.1024032E0,-1.6261324E0,-2.1228312E-1,-3.068034E-3,-3.0270934E-1,-4.3812907E-1,-2.5093365E-1,-1.6351357E0,-6.401249E0,1.370936E-1,-5.216131E-1,-3.5680902E-1,2.6262954E-1,-1.1023895E-1,-5.8127016E-1,-4.2443356E-1],"categories":[1,2,1,1,2,2,1,2,1,1,2],"categories_nodes":[0,1,5,6,7,12,14,15,16,17,22],"categories_segments":[0,1,2,3,4,5,6,7,8,9,10],"categories_sizes":[1,1,1,1,1,1,1,1,1,1,1],"default_left":[0,0,0,0,1,0,0,0,0,0,0,0,0,0,0,0,0,0,1,0,0,0,0,0,1,0,0,0,1,0,0,0,0,0,0,0,0],"id":0,"left_children":[1,3,5,-1,7,9,11,13,15,-1,17,-1,19,-1,21,23,25,27,29,-1,-1,-1,31,-1,33,-1,-1,-1,35,-1,-1,-1,-1,-1,-1,-1,-1],"loss_changes":[9.887036E1,3.2937195E1,1.5811646E2,0E0,1.6723297E1,8.963226E1,4.5244104E2,6.203003E-1,5.115265E0,0E0,4.056433E2,0E0,5.083008E-1,0E0,1.5089188E2,2.0235877E0,2.1770172E0,2.9192749E1,4.2662708E2,0E0,0E0,0E0,1.0745239E0,0E0,2.3101022E0,0E0,0E0,0E0,1.9503296E1,0E0,0E0,0E0,0E0,0E0,0E0,0E0,0E0],"parents":[2147483647,0,0,1,1,2,2,4,4,5,5,6,6,7,7,8,8,10,10,12,12,14,14,15,15,16,16,17,17,18,18,22,22,24,24,28,28],"right_children":[2,4,6,-1,8,10,12,14,16,-1,18,-1,20,-1,22,24,26,28,30,-1,-1,-1,32,-1,34,-1,-1,-1,36,-1,-1,-1,-1,-1,-1,-1,-1],"split_conditions":[NaN,NaN,7.600001E1,-2.1961106E-1,3E0,NaN,NaN,NaN,6E0,-1.9657075E-1,5E0,-1.605337E0,NaN,-4.9625692E-1,NaN,NaN,NaN,NaN,8E0,-5.5032766E-1,-4.701661E-1,2.1024032E0,NaN,-2.1228312E-1,1.5E1,-3.0270934E-1,-4.3812907E-1,-2.5093365E-1,2E0,-6.401249E0,1.370936E-1,-5.216131E-1,-3.5680902E-1,2.6262954E-1,-1.1023895E-1,-5.8127016E-1,-4.2443356E-1],"split_indices":[4,4,1,0,1,4,3,2,0,0,1,0,2,0,5,2,2,4,0,0,0,0,2,0,1,0,0,0,1,0,0,0,0,0,0,0,0],"split_type":[1,1,0,0,0,1,1,1,0,0,0,0,1,0,1,1,1,1,0,0,0,0,1,0,0,0,0,0,0,0,0,0,0,0,0,0,0],"sum_hessian":[1.196026E3,4.2957175E2,7.664543E2,1.6192696E2,2.6764478E2,5.215165E2,2.4493779E2,1.4852611E2,1.1911868E2,1.2916933E2,3.9234717E2,4.1319294E1,2.036185E2,8.449982E1,6.402629E1,2.3079245E1,9.603944E1,3.8974142E2,2.6057212E0,1.2321339E2,8.040511E1,1.1167376E0,6.2909554E1,1.7867802E1,5.2114425E0,7.556591E1,2.0473524E1,5.695362E1,3.327878E2,1.1167376E0,1.4889835E0,4.7647472E1,1.5262081E1,1.1167376E0,4.0947046E0,1.3698648E2,1.9580133E2],"tree_param":{"num_deleted":"0","num_feature":"6","num_nodes":"37","size_leaf_vector":"0"}},{"base_weights":[-9.6299535E-1,-1.2052013E0,1.8125757E0,-1.041285E0,-2.1463506E0,1.6290028E1,-6.705272E-1,-1.1774858E-1,-1.1229802E0,-5.182853E0,-1.0319175E0,9.58036E-1,-1.5211371E1,-1.0444901E0,-3.5697722E-1,-2.8386814E1,-1.6465232E0,-1.797191E0,-5.249954E-1,1.411719E1,-6.678519E-1,-9.70592E-1,-1.185014E0,-3.4983482E0,-1.7907614E1,-4.000955E0,-5.135032E-1,-7.145931E0,-5.523106E-1,-1.7417884E-2,-7.955532E-1,9.2114437E-1,-1.6103779E1,-2.9528162E-1,-2.0477363E-1,-4.5038077E-1,-3.017226E-1,-2.3271173E-4,-1.7641006E0,-1.24943435E-1,-2.2284217E0,-1.8804837E-2,-2.2125128E-1,-7.509168E0,-2.5276604E-1,6.1055976E-1,-2.5043395E-1,-3.752896E-1,-3.1768717E-2,1.3586362E1,-2.0164165E-1],"categories":[2,2,1,1,2,1,2,1,1,2,2,2,2,1,2,2],"categories_nodes":[1,2,3,4,11,13,17,18,21,23,25,26,27,28,30,31],"categories_segments":[0,1,2,3,4,5,6,7,8,9,10,11,12,13,14,15],"categories_sizes":[1,1,1,1,1,1,1,1,1,1,1,1,1,1,1,1],"default_left":[1,0,0,0,0,0,0,0,0,1,1,0,0,0,0,0,0,0,0,0,0,0,1,0,0,0,0,0,0,0,0,0,0,0,0,0,0,0,0,0,0,0,0,0,0,0,0,0,0,0,0],"id":1,"left_children":[1,3,5,7,9,-1,11,-1,13,15,17,19,-1,21,-1,23,25,27,29,-1,31,33,35,37,-1,39,41,43,45,-1,47,49,-1,-1,-1,-1,-1,-1,-1,-1,-1,-1,-1,-1,-1,-1,-1,-1,-1,-1,-1],"loss_changes":[7.275597E2,1.509563E2,1.1375339E4,4.448767E1,4.8990576E2,0E0,6.897949E3,0E0,2.710144E0,3.1570708E3,4.107316E1,6.20674E3,0E0,2.5308838E0,0E0,3.766234E3,9.1157234E1,2.8066803E2,8.3631115E0,0E0,6.8361816E3,2.6524353E-1,5.1598053E0,3.2524284E1,0E0,1.3455154E2,2.4518256E0,8.792451E2,2.783412E1,0E0,1.3079494E1,5.629521E3,0E0,0E0,0E0,0E0,0E0,0E0,0E0,0E0,0E0,0E0,0E0,0E0,0E0,0E0,0E0,0E0,0E0,0E0,0E0],"parents":[2147483647,0,0,1,1,2,2,3,3,4,4,6,6,8,8,9,9,10,10,11,11,13,13,15,15,16,16,17,17,18,18,20,20,21,21,22,22,23,23,25,25,26,26,27,27,28,28,30,30,31,31],"right_children":[2,4,6,8,10,-1,12,-1,14,16,18,20,-1,22,-1,24,26,28,30,-1,32,34,36,38,-1,40,42,44,46,-1,48,50,-1,-1,-1,-1,-1,-1,-1,-1,-1,-1,-1,-1,-1,-1,-1,-1,-1,-1,-1],"split_conditions":[5E0,NaN,NaN,NaN,NaN,1.6290028E1,2.1E1,-1.1774858E-1,5E0,2E0,2E0,NaN,-1.5211371E1,NaN,-3.5697722E-1,3E0,3E0,NaN,NaN,1.411719E1,1.7E1,NaN,3E0,NaN,-1.7907614E1,NaN,NaN,NaN,NaN,-1.7417884E-2,NaN,NaN,-1.6103779E1,-2.9528162E-1,-2.0477363E-1,-4.5038077E-1,-3.017226E-1,-2.3271173E-4,-1.7641006E0,-1.24943435E-1,-2.2284217E0,-1.8804837E-2,-2.2125128E-1,-7.509168E0,-2.5276604E-1,6.1055976E-1,-2.5043395E-1,-3.752896E-1,-3.1768717E-2,1.3586362E1,-2.0164165E-1],"split_indices":[1,4,4,4,5,0,1,0,1,1,1,4,0,2,0,0,1,2,5,0,1,3,1,4,0,4,4,4,3,0,2,4,0,0,0,0,0,0,0,0,0,0,0,0,0,0,0,0,0,0,0],"split_type":[0,1,1,1,1,0,0,0,0,0,0,1,0,1,0,0,0,1,1,0,0,1,0,1,0,1,1,1,1,0,1,1,0,0,0,0,0,0,0,0,0,0,0,0,0,0,0,0,0,0,0],"sum_hessian":[1.0780104E3,9.9201E2,8.600042E1,8.466574E2,1.4535258E2,2.942134E0,8.305829E1,9.533672E1,7.513207E2,3.8043785E1,1.073088E2,8.138997E1,1.668318E0,3.53478E2,3.978427E2,4.1018586E0,3.3941925E1,4.1744316E1,6.556449E1,1.8208333E0,7.956914E1,2.3683786E2,1.1664014E2,2.9044752E0,1.1973833E0,1.0204858E1,2.3737068E1,6.986394E0,3.4757923E1,2.4498653E1,4.1065834E1,7.820752E1,1.3616163E0,2.2379079E2,1.3047065E1,3.9530266E1,7.710986E1,1.5819525E0,1.3225228E0,5.5360928E0,4.6687646E0,8.304139E0,1.5432929E1,1.0464152E0,5.939979E0,2.8102345E0,3.1947687E1,2.4243114E1,1.682272E1,1.76049E0,7.644703E1],"tree_param":{"num_deleted":"0","num_feature":"6","num_nodes":"51","size_leaf_vector":"0"}},{"base_weights":[-6.606981E-1,-6.9929916E-1,4.4049606E0,4.1612923E-1,-9.7797257E-1,9.860847E-1,-8.048192E-1,-8.5526687E-1,-2.788145E0,2.158993E0,-6.385591E-1,-1.7130349E0,7.325971E0,-6.618857E-1,-1.0914775E0,-1.7381416E1,-4.8519865E-1,5.133959E-1,8.19136E0,-3.1426126E-1,-3.3091682E-1,-2.021157E1,-3.685386E-1,3.1457958E0,1.3960581E0,-4.9532764E-2,-7.113323E-1,-4.414458E-1,-8.371159E-1,7.0164466E-1,-1.658951E1,-5.085874E-1,7.658426E0,-6.9051504E-2,-2.05932E-1,-1.164551E1,3.164204E-2,9.588498E-2,-3.354431E-1,-2.0516719E-1,-4.502473E-1,-2.7103278E-1,-1.8036303E-1,2.2729254E0,-3.1816375E-2,3.7232637E-1,-7.677734E0],"categories":[1,1,2,2,2,1,1,1,2,1],"categories_nodes":[1,3,8,9,11,13,14,21,28,29],"categories_segments":[0,1,2,3,4,5,6,7,8,9],"categories_sizes":[1,1,1,1,1,1,1,1,1,1],"default_left":[1,0,0,0,1,1,1,0,0,0,0,0,0,0,0,0,0,0,0,0,0,0,0,0,0,0,0,0,0,0,0,0,0,0,0,0,0,0,0,0,0,0,0,0,0,0,0],"id":2,"left_children":[1,3,-1,5,7,9,11,13,15,17,19,21,23,25,27,-1,29,-1,31,-1,33,35,37,-1,-1,-1,39,-1,41,43,45,-1,-1,-1,-1,-1,-1,-1,-1,-1,-1,-1,-1,-1,-1,-1,-1],"loss_changes":[6.12547E2,3.159928E2,0E0,1.4250937E2,1.781131E2,2.667968E2,4.9521295E2,3.4106384E1,6.4677188E3,2.0504102E2,7.097969E0,1.4749924E3,8.26474E0,1.0243271E1,3.1795563E1,0E0,9.6928613E2,0E0,9.5854407E2,0E0,1.1038387E0,1.5238098E3,2.9546272E1,0E0,0E0,0E0,7.2778473E0,0E0,2.695755E0,2.6524783E2,5.9033984E2,0E0,0E0,0E0,0E0,0E0,0E0,0E0,0E0,0E0,0E0,0E0,0E0,0E0,0E0,0E0,0E0],"parents":[2147483647,0,0,1,1,3,3,4,4,5,5,6,6,7,7,8,8,9,9,10,10,11,11,12,12,13,13,14,14,16,16,18,18,20,20,21,21,22,22,26,26,28,28,29,29,30,30],"right_children":[2,4,-1,6,8,10,12,14,16,18,20,22,24,26,28,-1,30,-1,32,-1,34,36,38,-1,-1,-1,40,-1,42,44,46,-1,-1,-1,-1,-1,-1,-1,-1,-1,-1,-1,-1,-1,-1,-1,-1],