{"learner":{"attributes":{"best_ntree_limit":"1"},"feature_names":[],"feature_types":["q","q","q","c","c","c","c","c","c"],"gradient_booster":{"model":{"gbtree_model_param":{"num_parallel_tree":"1","num_trees":"1","size_leaf_vector":"0"},"tree_info":[0],"trees":[{"base_weights":[-1.954803E0,-1.3851178E0,-2.2701483E0,-2.2992833E-1,-1.7450969E0,-1.9427468E0,-4.570298E1,-2.0521412E0,-1.1729195E0,-2.249375E-1,-2.2420857E0,-2.2222198E1,-3.4042293E-1,-1.5727544E0,-6.5573597E-1,-6.2070614E-1,-4.9052057E-1,-1.8327993E0,-1.6816912E1,-5.1754105E-1,-5.340273E-1,-5.0163347E-1,-4.055456E-1,-2.1559556E-1,-2.1811311E0,-1.6976875E1,-1.3988888E0,-2.5974727E-1,7.290491E-2,-2.2341624E-1,8.66848E-1,-5.2383983E-1,-1.0782059E1,-6.101848E-1,1.2798778E-2],"categories":[1,1,1,1],"categories_nodes":[0,5,15,17],"categories_segments":[0,1,2,3],"categories_sizes":[1,1,1,1],"default_left":[0,1,0,0,1,0,1,0,0,0,0,0,0,0,0,0,0,0,1,1,0,0,0,0,0,0,0,0,0,0,0,0,0,0,0],"id":0,"left_children":[1,3,5,-1,7,9,11,13,15,-1,17,-1,-1,19,-1,21,-1,23,25,27,-1,-1,29,-1,31,-1,33,-1,-1,-1,-1,-1,-1,-1,-1],"loss_changes":[1.3268115E2,5.9232056E1,6.809429E3,0E0,2.7659973E1,1.7062671E2,4.449035E3,3.6124268E0,1.4833572E1,0E0,2.2671875E3,0E0,0E0,5.107422E0,0E0,6.087124E0,0E0,1.4428992E2,6.2983735E3,1.7825484E0,0E0,0E0,3.1371841E1,0E0,4.134616E3,0E0,7.8867035E0,0E0,0E0,0E0,0E0,0E0,0E0,0E0,0E0],"parents":[2147483647,0,0,1,1,2,2,4,4,5,5,6,6,7,7,8,8,10,10,13,13,15,15,17,17,18,18,19,19,22,22,24,24,26,26],"right_children":[2,4,6,-1,8,10,12,14,16,-1,18,-1,-1,20,-1,22,-1,24,26,28,-1,-1,30,-1,32,-1,34,-1,-1,-1,-1,-1,-1,-1,-1],"split_conditions":[NaN,2E1,5.1E1,-2.2992833E-1,4E0,NaN,7.6E1,2.3E1,3.4E1,-2.249375E-1,4E1,-2.2222198E1,-3.4042293E-1,3E0,-6.5573597E-1,NaN,-4.9052057E-1,NaN,8E0,2E0,-5.340273E-1,-5.0163347E-1,9E0,-2.1559556E-1,3.4E1,-1.6976875E1,1.4E1,-2.5974727E-1,7.290491E-2,-2.2341624E-1,8.66848E-1,-5.2383983E-1,-1.0782059E1,-6.101848E-1,1.2798778E-2],"split_indices":[7,0,0,0,2,7,0,0,0,0,0,0,0,1,0,3,0,7,2,2,0,0,2,0,0,0,2,0,0,0,0,0,0,0,0],"split_type":[1,0,0,0,0,1,0,0,0,0,0,0,0,0,0,1,0,1,0,0,0,0,0,0,0,0,0,0,0,0,0,0,0,0,0],"sum_hessian":[7.550669E2,2.709593E2,4.8410764E2,1.0081659E2,1.7014268E2,4.815226E2,2.5850408E0,1.0904172E2,6.1100964E1,9.7291534E1,3.8423108E2,1.1750185E0,1.4100223E0,2.655542E1,8.2486305E1,2.8905457E1,3.2195507E1,3.748309E2,9.400148E0,4.9350777E0,2.1620342E1,3.7600594E0,2.5145397E1,9.0006424E1,2.848245E2,1.8800297E0,7.5201187E0,3.290052E0,1.645026E0,2.350037E1,1.645026E0,2.8223944E2,2.5850408E0,4.9350777E0,2.5850408E0],"tree_param":{"num_deleted":"0","num_feature":"9","num_nodes":"35","size_leaf_vector":"0"}}]},"name":"gbtree"},"learner_model_param":{"base_score":"5E-1","num_class":"0","num_feature":"9","num_target":"1"},"objective":{"name":"reg:squarederror","reg_loss_param":{"scale_pos_weight":"1"}}},"version":[1,6,2]}