{"learner":{"attributes":{"best_ntree_limit":"1"},"feature_names":[],"feature_types":["q","q","q","c","c","c","c","c","c"],"gradient_booster":{"model":{"gbtree_model_param":{"num_parallel_tree":"1","num_trees":"1","size_leaf_vector":"0"},"tree_info":[0],"trees":[{"base_weights":[-7.117874E-1,4.1299637E-2,-1.3037603E0,5.1520467E-1,-3.3994746E-1,-6.437839E-1,-5.7179806E1,1.4542824E-1,3.6160946E-1,-8.324325E-1,1.3422567E-1,1.500791E-1,-1.1613913E0,-4.801736E1,-1.6969695E0,-4.4009966E-1,-1.0373107E0,3.8412938E-1,-1.7279768E-1,-4.3052176E-1,-2.4076551E1,-6.093934E-1,-1.5393597E-1,-1.1503845E-1,-7.628101E-1,-1.2067308E0,-5.5922157E-1,1.5619455E-1,2.1169923E-2,-9.9836275E-2,1.1240911E-1,1.4473058E-1,-9.7948706E-1,-1.0096145E2,7.5940603E-1,2.1189729E-2,-1.5556477E-1,1.2244079E-1,-2.5155944E-1,1.2244079E-1,-3.7263516E-1,4.396254E-2,-2.0344625E-1,1.8047825E-1,-9.9137396E-1,1.1940032E0,-1.2924264E-1,7.7094357E-3,-3.370111E1,-4.6773712E1,1.2244079E-1,3.4351462E-1,-2.2334995E-2],"categories":[1,1,1,1,0,1,2,3,4,5,1,0,1,2,4,5,1,1],"categories_nodes":[0,3,5,17,18,19,23,30,34],"categories_segments":[0,1,2,3,4,10,11,16,17],"categories_sizes":[1,1,1,1,6,1,5,1,1],"default_left":[0,1,0,0,1,0,1,0,0,0,0,0,0,0,0,0,1,0,0,0,1,0,0,0,0,0,0,0,0,0,0,0,0,1,0,0,0,0,0,0,0,0,0,0,0,0,0,0,0,0,0,0,0],"id":0,"left_children":[1,3,5,7,9,11,13,-1,-1,15,17,-1,19,-1,21,23,25,27,29,31,33,-1,-1,35,37,39,41,-1,43,-1,45,-1,47,49,51,-1,-1,-1,-1,-1,-1,-1,-1,-1,-1,-1,-1,-1,-1,-1,-1,-1,-1],"loss_changes":[5.1783575E2,9.2704735E1,2.3944777E4,4.2213287E0,6.65291E1,3.8178006E2,4.2995375E4,0E0,0E0,1.0768784E1,1.12501745E1,0E0,7.41757E3,0E0,1.30686E0,5.120122E0,6.6965027E0,3.986064E0,3.053383E0,2.1639255E2,2.6218244E4,0E0,0E0,1.977838E0,2.535409E0,4.297386E0,2.2545261E0,0E0,4.6560368E1,0E0,5.3188686E1,0E0,3.0155281E4,1.872452E4,3.7319102E0,0E0,0E0,0E0,0E0,0E0,0E0,0E0,0E0,0E0,0E0,0E0,0E0,0E0,0E0,0E0,0E0,0E0,0E0],"parents":[2147483647,0,0,1,1,2,2,3,3,4,4,5,5,6,6,9,9,10,10,12,12,14,14,15,15,16,16,17,17,18,18,19,19,20,20,23,23,24,24,25,25,26,26,28,28,30,30,32,32,33,33,34,34],"right_children":[2,4,6,8,10,12,14,-1,-1,16,18,-1,20,-1,22,24,26,28,30,32,34,-1,-1,36,38,40,42,-1,44,-1,46,-1,48,50,52,-1,-1,-1,-1,-1,-1,-1,-1,-1,-1,-1,-1,-1,-1,-1,-1,-1,-1],"split_conditions":[NaN,2.1E1,4.4E1,NaN,3E0,NaN,7.1E1,1.4542824E-1,3.6160946E-1,2.4E1,3.4E1,1.500791E-1,3.3E1,-4.801736E1,7.7E1,3E0,2E0,NaN,NaN,NaN,1.7E1,-6.093934E-1,-1.5393597E-1,NaN,2E0,2E0,2.5E1,1.5619455E-1,4E0,-9.9836275E-2,NaN,1.4473058E-1,2.6E1,4E0,NaN,2.1189729E-2,-1.5556477E-1,1.2244079E-1,-2.5155944E-1,1.2244079E-1,-3.7263516E-1,4.396254E-2,-2.0344625E-1,1.8047825E-1,-9.9137396E-1,1.1940032E0,-1.2924264E-1,7.7094357E-3,-3.370111E1,-4.6773712E1,1.2244079E-1,3.4351462E-1,-2.2334995E-2],"split_indices":[7,0,0,3,2,7,0,0,0,0,0,0,0,0,0,2,2,6,5,7,2,0,0,5,1,1,0,0,1,0,6,0,2,1,8,0,0,0,0,0,0,0,0,0,0,0,0,0,0,0,0,0,0],"split_type":[1,0,0,1,0,1,0,0,0,0,0,0,0,0,0,0,0,1,1,1,0,0,0,1,0,0,0,0,0,0,1,0,0,0,1,0,0,0,0,0,0,0,0,0,0,0,0,0,0,0,0,0,0],"sum_hessian":[1.1604484E3,5.1113306E2,6.4931525E2,2.277186E2,2.8341446E2,6.4273517E2,6.580104E0,2.1972847E2,7.990126E0,1.3865219E2,1.4476228E2,2.0022316E2,4.42512E2,1.645026E0,4.9350777E0,4.8645767E1,9.0006424E1,7.966626E1,6.509603E1,4.2982178E2,1.2690201E1,3.290052E0,1.645026E0,2.4910393E1,2.3735374E1,6.533103E1,2.467539E1,5.757591E1,2.209035E1,4.1595657E1,2.350037E1,1.6144756E2,2.6837424E2,2.350037E0,1.0340163E1,1.7625278E1,7.2851152E0,1.1750185E0,2.2560356E1,1.1750185E0,6.415601E1,3.5250556E0,2.1150333E1,1.9505308E1,2.5850408E0,2.1150334E0,2.1385338E1,2.669642E2,1.4100223E0,1.1750185E0,1.1750185E0,6.8151073E0,3.5250556E0],"tree_param":{"num_deleted":"0","num_feature":"9","num_nodes":"53","size_leaf_vector":"0"}}]},"name":"gbtree"},"learner_model_param":{"base_score":"5E-1","num_class":"0","num_feature":"9","num_target":"1"},"objective":{"name":"reg:squarederror","reg_loss_param":{"scale_pos_weight":"1"}}},"version":[1,6,2]}