{"learner":{"attributes":{"best_ntree_limit":"1"},"feature_names":[],"feature_types":["q","q","c","c","c","c"],"gradient_booster":{"model":{"gbtree_model_param":{"num_parallel_tree":"1","num_trees":"1","size_leaf_vector":"0"},"tree_info":[0],"trees":[{"base_weights":[-7.109264E-1,2.2373056E-2,-1.2992575E0,1.4836451E-1,-3.0814174E-1,-4.3547124E-1,-5.3231196E0,-8.3253115E-1,2.5412867E-2,1.9129664E-1,-9.8775256E-1,-4.664096E0,-8.4503704E-1,5.3948827E-2,-9.1759187E-1,-2.3580877E-1,1.6233447E-1,-4.9450865E0,3.979558E-2,-2.5930434E-1,-2.6928696E-1,-1.8850163E-1,4.287027E-1,-6.809935E-1,-1.1791497E0,-4.199765E-1,1.635287E-1,4.842379E-1,7.428746E-2,-6.673918E0,-2.4219912E-2,2.2846438E-1,-6.6907674E-1,3.301761E-2,-1.5393597E-1,6.717763E-2,-1.5493006E-1,3.831733E-2,1.8632534E-1,3.9476607E-2,-2.4434355E-1,-4.3098375E-1,-1.1126584E-1,6.5586396E-2,-1.4518525E-1,7.458279E-1,-1.55961E-1,2.1447544E-1,-1.8543154E-2,1.2023582E-2,1.8688247E-1,1.2689663E-1,-9.6277416E-2,-2.7256918E0,1.6331336E-1],"categories":[1,2,1,2,1,2,2,1,2,2,1,2,2,1,1,2],"categories_nodes":[0,1,5,6,14,15,17,18,20,21,22,23,24,26,27,30],"categories_segments":[0,1,2,3,4,5,6,7,8,9,10,11,12,13,14,15],"categories_sizes":[1,1,1,1,1,1,1,1,1,1,1,1,1,1,1,1],"default_left":[0,0,0,0,1,0,0,0,0,0,1,0,1,0,0,0,0,0,0,0,0,0,0,0,0,0,0,0,0,0,0,0,1,0,0,0,0,0,0,0,0,0,0,0,0,0,0,0,0,0,0,0,0,0,0],"id":0,"left_children":[1,3,5,-1,7,9,11,13,15,-1,17,-1,19,21,23,25,27,29,31,-1,33,35,37,39,41,43,45,47,49,-1,51,-1,53,-1,-1,-1,-1,-1,-1,-1,-1,-1,-1,-1,-1,-1,-1,-1,-1,-1,-1,-1,-1,-1,-1],"loss_changes":[5.0110443E2,8.0993225E1,2.2375994E3,0E0,5.342716E1,3.157148E2,5.1970854E3,9.002808E0,6.7478952E0,0E0,1.4290741E3,0E0,6.588783E-1,1.1111698E0,5.9050446E0,4.843299E0,3.4692159E0,6.166911E3,1.4374011E2,0E0,4.3155298E-1,1.1408362E0,1.962927E-1,6.5372295E0,9.896164E0,1.9324055E0,3.4958256E1,3.3671317E0,1.8198502E0,0E0,7.7522116E0,0E0,1.4528312E3,0E0,0E0,0E0,0E0,0E0,0E0,0E0,0E0,0E0,0E0,0E0,0E0,0E0,0E0,0E0,0E0,0E0,0E0,0E0,0E0,0E0,0E0],"parents":[2147483647,0,0,1,1,2,2,4,4,5,5,6,6,7,7,8,8,10,10,12,12,13,13,14,14,15,15,16,16,17,17,18,18,20,20,21,21,22,22,23,23,24,24,25,25,26,26,27,27,28,28,30,30,32,32],"right_children":[2,4,6,-1,8,10,12,14,16,-1,18,-1,20,22,24,26,28,30,32,-1,34,36,38,40,42,44,46,48,50,-1,52,-1,54,-1,-1,-1,-1,-1,-1,-1,-1,-1,-1,-1,-1,-1,-1,-1,-1,-1,-1,-1,-1,-1,-1],"split_conditions":[NaN,NaN,7.600001E1,1.4836451E-1,2E0,NaN,NaN,6E0,4E0,1.9129664E-1,3E0,-4.664096E0,2E0,2E0,NaN,NaN,5E0,NaN,NaN,-2.5930434E-1,NaN,NaN,NaN,NaN,NaN,4E0,NaN,NaN,2.1E1,-6.673918E0,NaN,2.2846438E-1,7E0,3.301761E-2,-1.5393597E-1,6.717763E-2,-1.5493006E-1,3.831733E-2,1.8632534E-1,3.9476607E-2,-2.4434355E-1,-4.3098375E-1,-1.1126584E-1,6.5586396E-2,-1.4518525E-1,7.458279E-1,-1.55961E-1,2.1447544E-1,-1.8543154E-2,1.2023582E-2,1.8688247E-1,1.2689663E-1,-9.6277416E-2,-2.7256918E0,1.6331336E-1],"split_indices":[4,4,1,0,1,4,2,0,1,0,1,0,0,1,5,2,0,2,4,0,5,5,3,4,2,1,3,3,1,0,5,0,1,0,0,0,0,0,0,0,0,0,0,0,0,0,0,0,0,0,0,0,0,0,0],"split_type":[1,1,0,0,0,1,1,0,0,0,0,0,0,0,1,1,0,1,1,0,1,1,1,1,1,0,1,1,0,0,1,0,0,0,0,0,0,0,0,0,0,0,0,0,0,0,0,0,0,0,0,0,0,0,0],"sum_hessian":[1.1604484E3,5.170082E2,6.434402E2,2.1267836E2,3.043298E2,5.3063837E2,1.1280178E2,1.1773686E2,1.8659294E2,1.8024785E2,3.5039053E2,3.360553E1,7.919625E1,1.0340163E1,1.073967E2,6.392101E1,1.22671936E2,7.144113E1,2.789494E2,7.6141205E1,3.0550482E0,6.580104E0,3.7600594E0,5.8280922E1,4.9115776E1,4.371069E1,2.021032E1,2.5380402E1,9.7291534E1,1.5040237E1,5.640089E1,1.3818217E2,1.4076723E2,1.4100223E0,1.645026E0,3.0550482E0,3.5250556E0,2.1150334E0,1.645026E0,8.22513E0,5.005579E1,3.666058E1,1.2455196E1,3.7600594E0,3.995063E1,3.995063E0,1.6215256E1,1.7625278E1,7.755122E0,9.259146E1,4.700074E0,2.2325352E1,3.407554E1,1.6920267E1,1.23846954E2],"tree_param":{"num_deleted":"0","num_feature":"6","num_nodes":"55","size_leaf_vector":"0"}}]},"name":"gbtree"},"learner_model_param":{"base_score":"5E-1","num_class":"0","num_feature":"6","num_target":"1"},"objective":{"name":"reg:squarederror","reg_loss_param":{"scale_pos_weight":"1"}}},"version":[1,6,2]}