{"learner":{"attributes":{"best_ntree_limit":"3"},"feature_names":[],"feature_types":["q","q","c","c","c","c"],"gradient_booster":{"model":{"gbtree_model_param":{"num_parallel_tree":"1","num_trees":"3","size_leaf_vector":"0"},"tree_info":[0,0,0],"trees":[{"base_weights":[-7.113954E-1,3.8832687E-2,-1.3209937E0,1.5361932E-1,-2.880852E-1,-4.5780194E-1,-5.7624946E0,-8.0319524E-1,8.197131E-2,1.8697076E-1,-1.0114036E0,-5.5314813E0,-8.685822E-1,1.7504549E-1,-9.177497E-1,6.363914E-2,-2.5504097E-1,-4.9348054E0,7.423003E-2,-2.45933E-1,-9.2161745E-1,2.98229E-1,-1.16476804E-1,-7.3651326E-1,-1.1095288E0,-4.4884505E0,3.2272717E-1,-1.6766602E1,-2.540612E-2,2.2969078E-1,-6.364856E-1,2.6384196E-1,-1.0418671E0,-2.8072494E-1,-1.5489077E-2,3.443231E-2,1.5982808E-1,-1.0966388E-1,7.290491E-2,-4.9952626E-2,-2.484911E-1,-3.8432297E-1,-1.5587415E-1,-1.9303325E0,-1.54297E-1,1.5757678E-1,-3.0683167E-2,-4.3784008E1,-3.8940725E-1,1.14035085E-1,-9.2876405E-2,-3.3444495E0,1.7350575E-1,-3.7831762E-1,-9.146257E-2],"categories":[1,2,1,2,1,1,2,1,1,2,2,2,1,2,1],"categories_nodes":[0,1,5,6,8,14,17,18,19,22,23,24,26,28,32],"categories_segments":[0,1,2,3,4,5,6,7,8,9,10,11,12,13,14],"categories_sizes":[1,1,1,1,1,1,1,1,1,1,1,1,1,1,1],"default_left":[0,0,0,0,1,0,0,0,0,0,1,0,0,0,0,0,1,0,0,0,1,0,0,0,0,1,0,1,0,0,1,0,0,0,0,0,0,0,0,0,0,0,0,0,0,0,0,0,0,0,0,0,0,0,0],"id":0,"left_children":[1,3,5,-1,7,9,11,13,15,-1,17,-1,19,21,23,-1,25,27,29,31,33,35,37,39,41,43,45,47,49,-1,51,-1,53,-1,-1,-1,-1,-1,-1,-1,-1,-1,-1,-1,-1,-1,-1,-1,-1,-1,-1,-1,-1,-1,-1],"loss_changes":[5.31118E2,8.083283E1,2.4536445E3,0E0,5.8984493E1,3.2231293E2,6.445873E3,1.4651596E1,7.983963E0,0E0,1.5160895E3,0E0,2.289692E0,5.516795E-1,3.2117767E0,0E0,1.2575259E2,4.4804756E3,1.37937E2,7.4956617E0,8.1056213E-1,3.8632786E-1,5.360855E-1,3.1358528E0,4.8344116E0,4.440767E1,3.9831333E0,4.501125E4,6.5160317E0,0E0,1.7747993E3,0E0,3.844862E-1,0E0,0E0,0E0,0E0,0E0,0E0,0E0,0E0,0E0,0E0,0E0,0E0,0E0,0E0,0E0,0E0,0E0,0E0,0E0,0E0,0E0,0E0],"parents":[2147483647,0,0,1,1,2,2,4,4,5,5,6,6,7,7,8,8,10,10,12,12,13,13,14,14,16,16,17,17,18,18,19,19,20,20,21,21,22,22,23,23,24,24,25,25,26,26,27,27,28,28,30,30,32,32],"right_children":[2,4,6,-1,8,10,12,14,16,-1,18,-1,20,22,24,-1,26,28,30,32,34,36,38,40,42,44,46,48,50,-1,52,-1,54,-1,-1,-1,-1,-1,-1,-1,-1,-1,-1,-1,-1,-1,-1,-1,-1,-1,-1,-1,-1,-1,-1],"split_conditions":[NaN,NaN,7.600001E1,1.5361932E-1,2E0,NaN,NaN,6E0,NaN,1.8697076E-1,3E0,-5.5314813E0,2E0,2E0,NaN,6.363914E-2,9E0,NaN,NaN,NaN,3E0,2E0,NaN,NaN,NaN,4E0,NaN,2E0,NaN,2.2969078E-1,7E0,2.6384196E-1,NaN,-2.8072494E-1,-1.5489077E-2,3.443231E-2,1.5982808E-1,-1.0966388E-1,7.290491E-2,-4.9952626E-2,-2.484911E-1,-3.8432297E-1,-1.5587415E-1,-1.9303325E0,-1.54297E-1,1.5757678E-1,-3.0683167E-2,-4.3784008E1,-3.8940725E-1,1.14035085E-1,-9.2876405E-2,-3.3444495E0,1.7350575E-1,-3.7831762E-1,-9.146257E-2],"split_indices":[4,4,1,0,1,4,2,0,3,0,1,0,0,0,5,0,1,2,4,4,0,1,5,4,2,0,2,1,5,0,1,0,3,0,0,0,0,0,0,0,0,0,0,0,0,0,0,0,0,0,0,0,0,0,0],"split_type":[1,1,0,0,0,1,1,0,1,0,0,0,0,0,1,0,0,1,1,1,0,0,1,1,1,0,1,0,1,0,0,0,1,0,0,0,0,0,0,0,0,0,0,0,0,0,0,0,0,0,0,0,0,0,0],"sum_hessian":[1.1602133E3,5.205332E2,6.396801E2,2.1244336E2,3.0808987E2,5.365135E2,1.03166626E2,1.2831203E2,1.7977783E2,1.8165787E2,3.548556E2,2.796544E1,7.520119E1,1.3395211E1,1.1491682E2,1.2995705E2,4.9820786E1,7.6141205E1,2.787144E2,6.3451004E0,6.885609E1,9.400148E0,3.995063E0,6.1570972E1,5.334584E1,5.1700816E0,4.4650703E1,2.1620342E1,5.452086E1,1.4123723E2,1.3747717E2,2.5850408E0,3.7600594E0,6.768107E1,1.1750185E0,6.1100965E0,3.290052E0,2.350037E0,1.645026E0,8.930141E0,5.264083E1,4.042064E1,1.2925204E1,3.0550482E0,2.1150334E0,3.0080475E1,1.45702305E1,1.4100223E0,2.021032E1,2.2325352E1,3.2195507E1,1.3395211E1,1.24081955E2,2.350037E0,1.4100223E0],"tree_param":{"num_deleted":"0","num_feature":"6","num_nodes":"55","size_leaf_vector":"0"}},{"base_weights":[1.8950112E-1,-6.491238E-1,2.173163E0,-7.984519E-1,1.8809328E0,5.289317E0,6.3602006E-1,-9.0265715E-1,1.3985417E0,-8.339071E-1,9.1577744E-1,9.147755E0,2.6325262E0,8.7938416E-1,-5.0041866E-1,-3.3515412E-1,-4.5463508E-1,6.4213574E-1,2.755368E0,-4.0709826E-1,6.0653645E-1,3.68334E0,6.986002E0,4.4195156E0,-1.355863E1,3.0164864E0,6.274659E-1,-1.11150875E1,8.464316E-1,-1.6293794E-1,-8.154028E-1,2.5723425E-1,-1.8484991E-2,1.2606401E0,1.0356216E0,2.8254867E-1,-4.5668826E-2,2.3498087E0,1.3679091E0,3.499298E0,2.6381059E0,1.0132034E0,1.409031E0,2.1449567E-1,-7.295879E-2,-5.5048037E0,2.5955948E-1,3.0546114E-1,4.6969151E-1,8.300873E-2,-1.1620446E-1,-4.9865195E-1,-1.4986406E-1,3.872329E-1,5.2423496E-2,1.3061543E0,-2.115297E0,8.513658E-1,-5.269369E-1,-7.120506E-1,1.1047482E-1,2.4462262E-1,-9.2370555E-2],"categories":[1,2,1,2,2,2,1,1,1,1,1,2,1,1,1,2,2],"categories_nodes":[1,5,6,7,8,9,11,16,17,20,22,23,25,26,28,29,30],"categories_segments":[0,1,2,3,4,5,6,7,8,9,10,11,12,13,14,15,16],"categories_sizes":[1,1,1,1,1,1,1,1,1,1,1,1,1,1,1,1,1],"default_left":[1,0,0,1,0,0,0,0,0,0,0,0,0,0,1,0,0,0,1,0,0,0,0,0,0,0,0,1,0,0,0,0,0,0,0,0,0,0,0,0,0,0,0,0,1,0,0,0,0,0,0,0,0,0,0,0,0,0,0,0,0,0,0],"id":1,"left_children":[1,3,5,7,9,11,13,15,17,19,-1,21,23,25,27,-1,29,31,33,-1,35,-1,37,39,-1,41,43,45,47,49,51,-1,-1,-1,53,-1,-1,-1,-1,-1,55,-1,57,-1,59,-1,-1,-1,61,-1,-1,-1,-1,-1,-1,-1,-1,-1,-1,-1,-1,-1,-1],"loss_changes":[1.4814104E3,2.3803879E2,1.2640067E3,1.3676764E2,1.1448222E2,8.7048584E2,4.97584E1,5.3861298E1,2.6140835E1,9.408423E0,0E0,1.5227783E2,4.736771E3,7.737397E1,4.6816602E2,0E0,1.9319733E1,2.8961453E0,1.9110992E1,0E0,1.0914419E0,0E0,1.180127E1,6.414163E2,0E0,4.094635E0,8.203373E0,3.351583E2,1.4246674E0,1.03142185E1,2.120568E1,0E0,0E0,0E0,1.0123491E0,0E0,0E0,0E0,0E0,0E0,7.471355E2,0E0,2.540178E1,0E0,1.6786364E1,0E0,0E0,0E0,3.2255933E0,0E0,0E0,0E0,0E0,0E0,0E0,0E0,0E0,0E0,0E0,0E0,0E0,0E0,0E0],"parents":[2147483647,0,0,1,1,2,2,3,3,4,4,5,5,6,6,7,7,8,8,9,9,11,11,12,12,13,13,14,14,16,16,17,17,18,18,20,20,22,22,23,23,25,25,26,26,27,27,28,28,29,29,30,30,34,34,40,40,42,42,44,44,48,48],"right_children":[2,4,6,8,10,12,14,16,18,20,-1,22,24,26,28,-1,30,32,34,-1,36,-1,38,40,-1,42,44,46,48,50,52,-1,-1,-1,54,-1,-1,-1,-1,-1,56,-1,58,-1,60,-1,-1,-1,62,-1,-1,-1,-1,-1,-1,-1,-1,-1,-1,-1,-1,-1,-1],"split_conditions":[3E0,NaN,7E0,2E0,3E0,NaN,NaN,NaN,NaN,NaN,9.1577744E-1,NaN,6E0,9E0,1.6E1,-3.3515412E-1,NaN,NaN,2E0,-4.0709826E-1,NaN,3.68334E0,NaN,NaN,-1.355863E1,NaN,NaN,6E0,NaN,NaN,NaN,2.5723425E-1,-1.8484991E-2,1.2606401E0,4E0,2.8254867E-1,-4.5668826E-2,2.3498087E0,1.3679091E0,3.499298E0,5E0,1.0132034E0,3E0,2.1449567E-1,1.5E1,-5.5048037E0,2.5955948E-1,3.0546114E-1,1.9E1,8.300873E-2,-1.1620446E-1,-4.9865195E-1,-1.4986406E-1,3.872329E-1,5.2423496E-2,1.3061543E0,-2.115297E0,8.513658E-1,-5.269369E-1,-7.120506E-1,1.1047482E-1,2.4462262E-1,-9.2370555E-2],"split_indices":[1,2,1,1,0,4,4,2,4,4,0,5,1,1,1,0,4,5,0,0,3,0,2,4,0,3,2,0,5,2,5,0,0,0,0,0,0,0,0,0,1,0,0,0,1,0,0,0,1,0,0,0,0,0,0,0,0,0,0,0,0,0,0],"split_type":[0,1,0,0,0,1,1,1,1,1,0,1,0,0,0,0,1,1,0,0,1,0,1,1,0,1,1,0,1,1,1,0,0,0,0,0,0,0,0,0,0,0,0,0,0,0,0,0,0,0,0,0,0,0,0,0,0,0,0,0,0,0,0],"sum_hessian":[8.886644E2,6.250762E2,2.6358823E2,5.9088556E2,3.4190624E1,8.6265854E1,1.7732239E2,5.646909E2,2.6194626E1,1.0394315E1,2.379631E1,3.418136E1,5.2084496E1,1.4623328E2,3.1089115E1,3.808417E2,1.8384923E2,1.7764503E1,8.430123E0,7.667756E0,2.7265584E0,1.2051785E1,2.2129572E1,5.1083466E1,1.0010294E0,1.4262858E1,1.3197041E2,2.6839523E0,2.8405163E1,1.024585E2,8.1390724E1,1.3435534E1,4.3289695E0,3.794486E0,4.6356373E0,1.7236345E0,1.002924E0,1.4753048E1,7.376524E0,8.986892E0,4.2096573E1,1.0748806E1,3.5140526E0,1.1729353E2,1.4676881E1,1.3419762E0,1.3419762E0,1.8340342E1,1.0064821E1,3.454659E1,6.791191E1,2.095379E1,6.043694E1,3.1906025E0,1.4450347E0,3.623138E1,5.8651943E0,2.4924767E0,1.0215758E0,1.6570672E0,1.3019814E1,6.9335437E0,3.1312778E0],"tree_param":{"num_deleted":"0","num_feature":"6","num_nodes":"63",