{"learner":{"attributes":{"best_ntree_limit":"1"},"feature_names":[],"feature_types":["q","q","c","c","c","c"],"gradient_booster":{"model":{"gbtree_model_param":{"num_parallel_tree":"1","num_trees":"1","size_leaf_vector":"0"},"tree_info":[0],"trees":[{"base_weights":[-1.9559103E0,-1.375534E0,-2.280913E0,-2.2797406E-1,-1.7220105E0,-1.779676E0,-3.3743563E0,-2.0389183E0,-1.3157194E0,-1.910748E-1,-2.1430898E0,-2.4345286E0,-2.3817146E0,-6.6794765E-1,-1.760973E0,-1.409439E0,-1.6651577E-1,-5.196943E0,-1.5445094E0,-7.7217E-1,-6.161696E-1,2.6899874E0,-2.1633356E0,-1.2376649E0,-1.9996411E0,4.0064657E-1,-6.3272685E-1,-2.0033545E1,-2.3772748E0,-1.3658041E-1,-2.0504107E0,1.5473706E0,-3.4042293E-1,-7.263087E-1,-4.1232422E-1,-4.051554E-2,-3.800377E-1,-3.143717E-1,-1.0334759E0,-4.051554E-2,2.6037067E-1,-4.051554E-2,-2.6735643E-1,-9.106573E0,-4.678689E-1,-7.504137E-1,-3.3523956E-1,-1.4128987E0,-3.6578652E-1],"categories":[1,2,1,1,2,2,1,1,1,1,2,2],"categories_nodes":[0,1,5,6,7,12,14,15,17,18,22,28],"categories_segments":[0,1,2,3,4,5,6,7,8,9,10,11],"categories_sizes":[1,1,1,1,1,1,1,1,1,1,1,1],"default_left":[0,0,0,0,1,0,0,0,1,0,1,0,0,0,0,0,0,0,0,0,0,1,0,0,0,0,0,1,0,0,1,0,0,0,0,0,0,0,0,0,0,0,0,0,0,0,0,0,0],"id":0,"left_children":[1,3,5,-1,7,9,11,13,15,-1,17,-1,19,-1,21,23,25,27,29,-1,-1,31,33,35,37,39,41,43,45,-1,47,-1,-1,-1,-1,-1,-1,-1,-1,-1,-1,-1,-1,-1,-1,-1,-1,-1,-1],"loss_changes":[1.3943042E2,5.710077E1,2.587107E2,0E0,1.9776794E1,1.3705078E2,6.898323E2,1.0933838E0,8.301422E0,0E0,4.5345312E2,0E0,2.6530151E0,0E0,8.378735E1,4.9407806E0,2.1335328E0,1.6655156E3,1.1616617E2,0E0,0E0,4.412893E1,4.9022217E0,1.7327881E0,1.683749E1,1.0733995E0,4.3147135E-1,1.173999E3,2.762268E0,0E0,3.1433838E2,0E0,0E0,0E0,0E0,0E0,0E0,0E0,0E0,0E0,0E0,0E0,0E0,0E0,0E0,0E0,0E0,0E0,0E0],"parents":[2147483647,0,0,1,1,2,2,4,4,5,5,6,6,7,7,8,8,10,10,12,12,14,14,15,15,16,16,17,17,18,18,21,21,22,22,23,23,24,24,25,25,26,26,27,27,28,28,30,30],"right_children":[2,4,6,-1,8,10,12,14,16,-1,18,-1,20,-1,22,24,26,28,30,-1,-1,32,34,36,38,40,42,44,46,-1,48,-1,-1,-1,-1,-1,-1,-1,-1,-1,-1,-1,-1,-1,-1,-1,-1,-1,-1],"split_conditions":[NaN,NaN,7.600001E1,-2.2797406E-1,3E0,NaN,NaN,NaN,2E0,-1.910748E-1,2E0,-2.4345286E0,NaN,-6.6794765E-1,NaN,NaN,6E0,NaN,NaN,-7.7217E-1,-6.161696E-1,2E0,NaN,2E0,2E0,4E0,3E0,2E0,NaN,-1.3658041E-1,4E0,1.5473706E0,-3.4042293E-1,-7.263087E-1,-4.1232422E-1,-4.051554E-2,-3.800377E-1,-3.143717E-1,-1.0334759E0,-4.051554E-2,2.6037067E-1,-4.051554E-2,-2.6735643E-1,-9.106573E0,-4.678689E-1,-7.504137E-1,-3.3523956E-1,-1.4128987E0,-3.6578652E-1],"split_indices":[4,4,1,0,1,4,3,2,0,0,1,0,2,0,5,2,1,2,4,0,0,0,2,0,0,1,0,0,5,0,1,0,0,0,0,0,0,0,0,0,0,0,0,0,0,0,0,0,0],"split_type":[1,1,0,0,0,1,1,1,0,0,0,0,1,0,1,1,0,1,1,0,0,0,1,0,0,0,0,0,1,0,0,0,0,0,0,0,0,0,0,0,0,0,0,0,0,0,0,0,0],"sum_hessian":[7.548319E2,2.728393E2,4.819926E2,9.940657E1,1.7343274E2,3.3229526E2,1.4969736E2,9.5176506E1,7.825623E1,8.084128E1,2.5145396E2,2.467539E1,1.2502197E2,5.264083E1,4.253567E1,7.214614E1,6.1100965E0,3.995063E1,2.1150334E2,7.449618E1,5.05258E1,3.0550482E0,3.948062E1,5.8280922E1,1.3865219E1,2.8200445E0,3.290052E0,5.4050856E0,3.4545544E1,6.768107E1,1.4382227E2,1.645026E0,1.4100223E0,2.8200445E1,1.1280178E1,1.645026E0,5.6635895E1,9.400148E0,4.4650707E0,1.645026E0,1.1750185E0,1.645026E0,1.645026E0,3.0550482E0,2.350037E0,3.0550482E1,3.995063E0,3.3135525E1,1.10686745E2],"tree_param":{"num_deleted":"0","num_feature":"6","num_nodes":"49","size_leaf_vector":"0"}}]},"name":"gbtree"},"learner_model_param":{"base_score":"5E-1","num_class":"0","num_feature":"6","num_target":"1"},"objective":{"name":"reg:squarederror","reg_loss_param":{"scale_pos_weight":"1"}}},"version":[1,6,2]}