{"learner":{"attributes":{"best_ntree_limit":"1"},"feature_names":[],"feature_types":["q","q","c","c","c","c"],"gradient_booster":{"model":{"gbtree_model_param":{"num_parallel_tree":"1","num_trees":"1","size_leaf_vector":"0"},"tree_info":[0],"trees":[{"base_weights":[-7.117874E-1,3.3030972E-2,-1.307421E0,1.4349309E-1,-2.8083104E-1,-4.467694E-1,-5.589155E0,-7.647669E-1,5.7320718E-2,1.7586766E-1,-9.7537696E-1,-4.8374944E0,-8.9714795E-1,1.1981382E-1,-8.555145E-1,4.8793715E-1,-3.8211234E-2,-4.858528E0,7.153644E-2,-2.2389399E-1,-2.9594445E-1,1.3425156E-1,-1.3452421E-1,-6.662302E-1,-1.0614837E0,6.08685E-1,-5.1589316E-1,-4.3873483E-1,6.557133E-2,-5.283719E0,-4.742717E-2,2.1908255E-1,-5.8443093E-1,3.0915263E-1,-1.0450197E0,-1.0027654E-1,6.943862E-2,-6.626316E-2,-2.5061995E-1,-3.4657624E-1,-2.2544491E-1,1.19993776E-1,2.764728E-1,-2.1594276E-1,-4.051554E-2,-2.0965242E-1,7.199647E-2,7.579176E-3,1.8996587E-1,7.5450465E-2,-7.593988E-2,-2.7178714E0,1.6390386E-1,-4.2012018E-1,-5.7989832E-2],"categories":[1,2,1,2,2,1,2,1,1,1,2,2,2,1],"categories_nodes":[0,1,5,6,13,14,17,18,19,22,24,27,30,34],"categories_segments":[0,1,2,3,4,5,6,7,8,9,10,11,12,13],"categories_sizes":[1,1,1,1,1,1,1,1,1,1,1,1,1,1],"default_left":[0,0,0,0,1,0,0,0,0,0,1,0,0,0,0,0,0,0,0,0,0,0,0,0,0,0,0,0,0,0,0,0,1,0,0,0,0,0,0,0,0,0,0,0,0,0,0,0,0,0,0,0,0,0,0],"id":0,"left_children":[1,3,5,-1,7,9,11,13,15,-1,17,-1,19,21,23,25,27,29,31,33,-1,-1,35,37,39,41,43,45,47,-1,49,-1,51,-1,53,-1,-1,-1,-1,-1,-1,-1,-1,-1,-1,-1,-1,-1,-1,-1,-1,-1,-1,-1,-1],"loss_changes":[5.153067E2,7.2397835E1,2.3757812E3,0E0,4.977841E1,2.9459372E2,5.3208E3,1.0143288E1,7.4167466E0,0E0,1.4498817E3,0E0,4.3339233E0,1.1032704E0,3.7204056E0,4.2806854E0,6.1854076E0,4.646041E3,1.2220843E2,1.154723E1,0E0,0E0,6.48642E-1,4.476473E0,6.638031E-1,1.5689335E0,2.1770215E-1,5.5716963E0,2.6953752E0,0E0,3.5066175E0,0E0,1.3635751E3,0E0,1.7391591E0,0E0,0E0,0E0,0E0,0E0,0E0,0E0,0E0,0E0,0E0,0E0,0E0,0E0,0E0,0E0,0E0,0E0,0E0,0E0,0E0],"parents":[2147483647,0,0,1,1,2,2,4,4,5,5,6,6,7,7,8,8,10,10,12,12,13,13,14,14,15,15,16,16,17,17,18,18,19,19,22,22,23,23,24,24,25,25,26,26,27,27,28,28,30,30,32,32,34,34],"right_children":[2,4,6,-1,8,10,12,14,16,-1,18,-1,20,22,24,26,28,30,32,34,-1,-1,36,38,40,42,44,46,48,-1,50,-1,52,-1,54,-1,-1,-1,-1,-1,-1,-1,-1,-1,-1,-1,-1,-1,-1,-1,-1,-1,-1,-1,-1],"split_conditions":[NaN,NaN,3.6E1,1.4349309E-1,2E0,NaN,NaN,3E0,5E0,1.7586766E-1,3E0,-4.8374944E0,4E0,NaN,NaN,1.4E1,3E0,NaN,NaN,NaN,-2.9594445E-1,1.3425156E-1,NaN,2E0,NaN,7E0,1.7E1,NaN,1.7E1,-5.283719E0,NaN,2.1908255E-1,7E0,3.0915263E-1,NaN,-1.0027654E-1,6.943862E-2,-6.626316E-2,-2.5061995E-1,-3.4657624E-1,-2.2544491E-1,1.19993776E-1,2.764728E-1,-2.1594276E-1,-4.051554E-2,-2.0965242E-1,7.199647E-2,7.579176E-3,1.8996587E-1,7.5450465E-2,-7.593988E-2,-2.7178714E0,1.6390386E-1,-4.2012018E-1,-5.7989832E-2],"split_indices":[4,4,1,0,1,4,2,0,0,0,1,0,0,5,5,1,1,2,4,4,0,0,3,1,2,1,1,2,1,0,5,0,1,0,3,0,0,0,0,0,0,0,0,0,0,0,0,0,0,0,0,0,0,0,0],"split_type":[1,1,0,0,0,1,1,0,0,0,0,0,0,1,1,0,0,1,1,1,0,0,1,0,1,0,0,1,0,0,1,0,0,0,1,0,0,0,0,0,0,0,0,0,0,0,0,0,0,0,0,0,0,0,0],"sum_hessian":[1.1604484E3,5.160682E2,6.443802E2,2.1314836E2,3.0291977E2,5.374535E2,1.0692669E2,1.24081955E2,1.7883783E2,1.8189287E2,3.555606E2,3.2195507E1,7.473118E1,1.1515182E1,1.1256678E2,3.17255E1,1.4711232E2,7.473118E1,2.8082944E2,9.165145E0,6.556603E1,4.700074E0,6.8151073E0,6.086596E1,5.1700817E1,2.8670452E1,3.0550482E0,2.9610468E1,1.17501854E2,1.974031E1,5.4990868E1,1.4006221E2,1.4076723E2,3.5250556E0,5.640089E0,4.4650707E0,2.350037E0,1.7390274E1,4.3475685E1,3.7600594E1,1.4100223E1,1.8565292E1,1.010516E1,1.4100223E0,1.645026E0,2.1385338E1,8.22513E0,1.10686745E2,6.8151073E0,2.2325352E1,3.2665516E1,1.5745249E1,1.2502197E2,3.5250556E0,2.1150334E0],"tree_param":{"num_deleted":"0","num_feature":"6","num_nodes":"55","size_leaf_vector":"0"}}]},"name":"gbtree"},"learner_model_param":{"base_score":"5E-1","num_class":"0","num_feature":"6","num_target":"1"},"objective":{"name":"reg:squarederror","reg_loss_param":{"scale_pos_weight":"1"}}},"version":[1,6,2]}