{"learner":{"attributes":{"best_ntree_limit":"1"},"feature_names":[],"feature_types":["q","q","c","c","c","c"],"gradient_booster":{"model":{"gbtree_model_param":{"num_parallel_tree":"1","num_trees":"1","size_leaf_vector":"0"},"tree_info":[0],"trees":[{"base_weights":[-1.4827025E0,-1.1172189E0,-1.6915957E0,-2.1241571E-1,-1.3572569E0,-1.3767595E0,-2.3301437E0,-1.5665841E0,-1.0773871E0,-1.8919289E-1,-1.6275264E0,-1.5105549E0,-1.7210382E0,-1.0852666E0,-4.7734597E-1,-6.5376526E-1,-3.529972E-1,-4.0387745E0,-1.227784E0,-5.515736E-1,-4.6018162E-1,-1.2968905E-1,-1.2816488E0,-7.4828553E-1,2.1965627E-1,-2.4587657E0,-4.1867635E-1,-1.5537156E-1,-1.5793489E0,-5.17712E-1,-1.2968905E-1,-2.4200986E-1,1.68947E-2,1.2119498E-1,-2.0532556E-2,-1.2307072E0,-2.9916808E-1],"categories":[1,2,1,1,2,2,2,1],"categories_nodes":[0,1,5,6,12,13,17,18],"categories_segments":[0,1,2,3,4,5,6,7],"categories_sizes":[1,1,1,1,1,1,1,1],"default_left":[0,0,0,0,1,0,0,0,0,0,1,0,0,0,0,0,0,0,0,0,0,0,1,0,0,0,0,0,1,0,0,0,0,0,0,0,0],"id":0,"left_children":[1,3,5,-1,7,9,11,13,15,-1,17,-1,19,21,-1,23,-1,25,27,-1,-1,-1,29,31,33,-1,-1,-1,35,-1,-1,-1,-1,-1,-1,-1,-1],"loss_changes":[8.944263E1,4.205902E1,1.494331E2,0E0,1.4421356E1,9.4578064E1,4.020747E2,1.07421875E-1,4.3134155E0,0E0,3.630573E2,0E0,1.6878052E0,8.152542E-1,0E0,2.2444458E0,0E0,5.803648E2,8.127722E1,0E0,0E0,0E0,2.158286E0,1.1246662E0,1.9936068E-1,0E0,0E0,0E0,3.1830054E2,0E0,0E0,0E0,0E0,0E0,0E0,0E0,0E0],"parents":[2147483647,0,0,1,1,2,2,4,4,5,5,6,6,7,7,8,8,10,10,12,12,13,13,15,15,17,17,18,18,22,22,23,23,24,24,28,28],"right_children":[2,4,6,-1,8,10,12,14,16,-1,18,-1,20,22,-1,24,-1,26,28,-1,-1,-1,30,32,34,-1,-1,-1,36,-1,-1,-1,-1,-1,-1,-1,-1],"split_conditions":[NaN,NaN,7.600001E1,-2.1241571E-1,3E0,NaN,NaN,2E0,6E0,-1.8919289E-1,2E0,-1.5105549E0,NaN,NaN,-4.7734597E-1,4E0,-3.529972E-1,NaN,NaN,-5.515736E-1,-4.6018162E-1,-1.2968905E-1,2E0,1.7E1,5E0,-2.4587657E0,-4.1867635E-1,-1.5537156E-1,4E0,-5.17712E-1,-1.2968905E-1,-2.4200986E-1,1.68947E-2,1.2119498E-1,-2.0532556E-2,-1.2307072E0,-2.9916808E-1],"split_indices":[4,4,1,0,1,4,3,0,0,0,1,0,2,5,0,0,0,2,4,0,0,0,1,1,1,0,0,0,1,0,0,0,0,0,0,0,0],"split_type":[1,1,0,0,0,1,1,0,0,0,0,0,1,1,0,0,0,1,1,0,0,0,0,0,0,0,0,0,0,0,0,0,0,0,0,0,0],"sum_hessian":[1.1952815E3,4.3701666E2,7.5826483E2,1.630437E2,2.7397296E2,5.0997687E2,2.48288E2,1.5410979E2,1.19863174E2,1.2916933E2,3.8080753E2,4.429726E1,2.0399074E2,9.678392E0,1.444314E2,2.4195982E1,9.566719E1,5.2858913E1,3.279486E2,1.19863174E2,8.412757E1,2.977967E0,6.7004256E0,2.1962507E1,2.2334752E0,1.972903E1,3.3129883E1,1.09440285E2,2.1850833E2,3.7224588E0,2.977967E0,2.0473524E1,1.4889835E0,1.1167376E0,1.1167376E0,3.983031E1,1.7867802E2],"tree_param":{"num_deleted":"0","num_feature":"6","num_nodes":"37","size_leaf_vector":"0"}}]},"name":"gbtree"},"learner_model_param":{"base_score":"5E-1","num_class":"0","num_feature":"6","num_target":"1"},"objective":{"name":"reg:squarederror","reg_loss_param":{"scale_pos_weight":"1"}}},"version":[1,6,2]}