{"learner":{"attributes":{"best_ntree_limit":"6"},"feature_names":[],"feature_types":["q","q","c","c","c","c"],"gradient_booster":{"model":{"gbtree_model_param":{"num_parallel_tree":"1","num_trees":"1","size_leaf_vector":"0"},"tree_info":[0],"trees":[{"base_weights":[-1.4177539E0,-9.981885E-1,-1.6576897E0,-1.5874304E-1,-1.2739466E0,-1.2961806E0,-2.3908312E0,-1.5144316E0,-9.533115E-1,-1.3219666E-1,-1.5841755E0,-1.645972E0,-1.6916234E0,-9.7433865E-1,-4.6279505E-1,-4.7405702E-1,-1.0674613E0,-4.3470464E0,-1.1252364E0,-5.4797596E-1,-4.4319525E-1,-8.180862E-2,-1.2006372E0,-5.827546E-1,1.2891269E-1,-2.9808202E-1,-3.829148E-1,-2.7232547E0,-3.9607167E-1,-9.349016E-2,-1.52897E0,-5.1108956E-1,-8.180862E-2,-2.4476406E-1,-6.950937E-2,-1.3253058E0,-2.5827664E-1],"categories":[1,2,1,1,2,2,1,2,1,1],"categories_nodes":[0,1,5,6,12,13,16,17,18,23],"categories_segments":[0,1,2,3,4,5,6,7,8,9],"categories_sizes":[1,1,1,1,1,1,1,1,1,1],"default_left":[0,0,0,0,1,0,0,0,0,0,1,0,0,0,0,0,0,0,0,0,0,0,1,0,0,0,0,0,0,0,1,0,0,0,0,0,0],"id":0,"left_children":[1,3,5,-1,7,9,11,13,15,-1,17,-1,19,21,-1,23,25,27,29,-1,-1,-1,31,33,-1,-1,-1,-1,-1,-1,35,-1,-1,-1,-1,-1,-1],"loss_changes":[1.0320068E2,4.8664856E1,1.7212537E2,0E0,1.702481E1,1.0893811E2,4.607649E2,5.569458E-1,5.2573547E0,0E0,4.1674524E2,0E0,2.46698E0,1.1692314E0,0E0,2.417975E0,3.2295227E-2,6.6122906E2,9.363458E1,0E0,0E0,0E0,2.7248516E0,1.4576006E0,0E0,0E0,0E0,0E0,0E0,0E0,3.652309E2,0E0,0E0,0E0,0E0,0E0,0E0],"parents":[2147483647,0,0,1,1,2,2,4,4,5,5,6,6,7,7,8,8,10,10,12,12,13,13,15,15,16,16,17,17,18,18,22,22,23,23,30,30],"right_children":[2,4,6,-1,8,10,12,14,16,-1,18,-1,20,22,-1,24,26,28,30,-1,-1,-1,32,34,-1,-1,-1,-1,-1,-1,36,-1,-1,-1,-1,-1,-1],"split_conditions":[NaN,NaN,7.600001E1,-1.5874304E-1,3E0,NaN,NaN,2E0,6E0,-1.3219666E-1,2E0,-1.645972E0,NaN,NaN,-4.6279505E-1,4E0,NaN,NaN,NaN,-5.4797596E-1,-4.4319525E-1,-8.180862E-2,2E0,NaN,1.2891269E-1,-2.9808202E-1,-3.829148E-1,-2.7232547E0,-3.9607167E-1,-9.349016E-2,4E0,-5.1108956E-1,-8.180862E-2,-2.4476406E-1,-6.950937E-2,-1.3253058E0,-2.5827664E-1],"split_indices":[4,4,1,0,1,4,3,0,0,0,1,0,2,5,0,0,2,2,4,0,0,0,1,3,0,0,0,0,0,0,1,0,0,0,0,0,0],"split_type":[1,1,0,0,0,1,1,0,0,0,0,0,1,1,0,0,1,1,1,0,0,0,0,1,0,0,0,0,0,0,0,0,0,0,0,0,0],"sum_hessian":[1.0405891E3,3.8045828E2,6.601308E2,1.419427E2,2.385156E2,4.4397604E2,2.1615475E2,1.3416502E2,1.0435057E2,1.12452324E2,3.315237E2,3.8564342E1,1.7759041E2,8.425822E0,1.257392E2,2.1064556E1,8.328602E1,4.6017952E1,2.8550577E2,1.0435057E2,7.3239845E1,2.5925608E0,5.8332615E0,1.9120136E1,1.9444206E0,6.578623E1,1.7499784E1,1.7175714E1,2.884224E1,9.527661E1,1.9022914E2,3.240701E0,2.5925608E0,1.0694313E1,8.425822E0,3.46755E1,1.5555365E2],"tree_param":{"num_deleted":"0","num_feature":"6","num_nodes":"37","size_leaf_vector":"0"}}]},"name":"gbtree"},"learner_model_param":{"base_score":"5E-1","num_class":"0","num_feature":"6","num_target":"1"},"objective":{"name":"reg:squarederror","reg_loss_param":{"scale_pos_weight":"1"}}},"version":[1,6,2]}