{"learner":{"attributes":{"best_ntree_limit":"4"},"feature_names":[],"feature_types":["q","q","c","c","c","c"],"gradient_booster":{"model":{"gbtree_model_param":{"num_parallel_tree":"1","num_trees":"4","size_leaf_vector":"0"},"tree_info":[0,0,0,0],"trees":[{"base_weights":[-6.6290665E-1,-1.2885497E-2,-1.1874775E0,1.2151315E-1,-3.1305662E-1,-4.4410095E-1,-5.330373E0,-6.425031E-1,2.1785026E-2,1.4808317E-1,-9.23993E-1,-6.493426E0,-2.3044224E-1,-9.0377045E-1,-3.5721064E-1,4.4645205E-2,-3.035357E-1,-4.2856355E0,7.72194E-3,-9.111446E-1,-9.2192166E-2,1.6040539E0,-8.774586E-1,2.2622064E-1,-1.7271373E0,-4.998324E0,-1.3977279E-1,1.8562025E-1,-6.033376E-1,-1.0087432E-1,-2.7645925E-1,-5.395857E-2,1.4206249E0,-3.9469755E-1,-2.4560282E-2,7.947339E-3,1.5603934E-1,-3.3907602E0,8.4372265E-3,3.4829214E-2,-9.9713825E-2,-3.6521583E0,1.3525142E-1],"categories":[1,2,1,2,2,1,2,1,2,1,2,2],"categories_nodes":[0,1,5,6,7,8,13,14,17,18,22,26],"categories_segments":[0,1,2,3,4,5,6,7,8,9,10,11],"categories_sizes":[1,1,1,1,1,1,1,1,1,1,1,1],"default_left":[0,0,0,0,1,0,0,0,0,0,1,0,0,0,0,0,0,0,0,0,0,0,0,0,1,0,0,0,1,0,0,0,0,0,0,0,0,0,0,0,0,0,0],"id":0,"left_children":[1,3,5,-1,7,9,11,13,15,-1,17,-1,-1,19,21,-1,23,25,27,29,-1,31,33,35,37,-1,39,-1,41,-1,-1,-1,-1,-1,-1,-1,-1,-1,-1,-1,-1,-1,-1],"loss_changes":[4.541845E2,7.488203E1,2.2678223E3,0E0,3.8333298E1,2.8219437E2,8.323571E3,1.273085E1,7.2046113E0,0E0,1.2982494E3,0E0,0E0,1.1919403E-1,8.851312E1,0E0,3.7329388E1,4.61279E3,1.21917465E2,2.2241211E-1,0E0,1.0280422E2,2.3640038E1,2.1335912E0,2.2552364E2,0E0,3.408871E0,0E0,1.9969353E3,0E0,0E0,0E0,0E0,0E0,0E0,0E0,0E0,0E0,0E0,0E0,0E0,0E0,0E0],"parents":[2147483647,0,0,1,1,2,2,4,4,5,5,6,6,7,7,8,8,10,10,13,13,14,14,16,16,17,17,18,18,19,19,21,21,22,22,23,23,24,24,26,26,28,28],"right_children":[2,4,6,-1,8,10,12,14,16,-1,18,-1,-1,20,22,-1,24,26,28,30,-1,32,34,36,38,-1,40,-1,42,-1,-1,-1,-1,-1,-1,-1,-1,-1,-1,-1,-1,-1,-1],"split_conditions":[NaN,NaN,7.600001E1,1.2151315E-1,3E0,NaN,NaN,NaN,NaN,1.4808317E-1,3E0,-6.493426E0,-2.3044224E-1,NaN,NaN,4.4645205E-2,1.1E1,NaN,NaN,2E0,-9.2192166E-2,6E0,NaN,2E0,1.5E1,-4.998324E0,NaN,1.8562025E-1,7E0,-1.0087432E-1,-2.7645925E-1,-5.395857E-2,1.4206249E0,-3.9469755E-1,-2.4560282E-2,7.947339E-3,1.5603934E-1,-3.3907602E0,8.4372265E-3,3.4829214E-2,-9.9713825E-2,-3.6521583E0,1.3525142E-1],"split_indices":[4,4,1,0,1,4,2,2,3,0,1,0,0,5,5,0,0,2,4,1,0,0,2,0,1,0,5,0,1,0,0,0,0,0,0,0,0,0,0,0,0,0,0],"split_type":[1,1,0,0,0,1,1,1,1,0,0,0,0,1,1,0,0,1,1,0,0,0,1,0,0,0,1,0,0,0,0,0,0,0,0,0,0,0,0,0,0,0,0],"sum_hessian":[1.331034E3,5.9489514E2,7.361389E2,2.4852438E2,3.4637076E2,6.2508466E2,1.11054276E2,1.741288E2,1.7224196E2,2.1159615E2,4.134885E2,2.3450783E1,8.76035E1,8.975989E1,8.4368904E1,1.2426219E2,4.7979763E1,8.895124E1,3.2453726E2,8.814259E1,1.6172953E0,1.725115E1,6.711776E1,3.5580498E1,1.2399264E1,2.1563938E1,6.738731E1,1.6226863E2,1.6226863E2,2.1563938E0,8.59862E1,1.1590616E1,5.6605334E0,4.2858326E1,2.425943E1,2.1833487E1,1.374701E1,1.0781969E0,1.1321067E1,2.9111317E1,3.827599E1,1.2668814E1,1.4959982E2],"tree_param":{"num_deleted":"0","num_feature":"6","num_nodes":"43","size_leaf_vector":"0"}},{"base_weights":[2.8219926E-1,-7.1478724E-1,2.9157202E0,-9.622168E-1,9.558278E0,8.7295265E0,8.818157E-1,3.6322128E-2,-1.0517317E0,-8.085486E-1,1.78753E1,3.2813115E0,1.13146715E1,3.3093107E-1,2.8511477E0,3.7030837E-1,-7.7660614E-1,-9.793959E-1,-1.9470404E0,-1.0264486E0,1.3629493E-1,3.9793441E0,1.1603934E-1,3.6007779E0,7.931529E0,-5.467841E-1,5.9657574E-1,2.3295565E1,5.826887E-1,1.7884603E-1,-2.2315504E-1,-1.8679249E0,1.7261802E-1,-1.0232463E0,-5.1911396E-1,-6.0727966E-1,-5.952696E0,-1.2676953E0,-5.740078E-3,-6.631302E-2,1.1834986E-1,2.2475545E0,-3.6683424E0,4.4483086E-1,3.3924186E0,-2.123467E-1,-1.0660973E-1,1.8240906E-1,8.267296E-2,1.0177424E1,2.1463156E-1,8.7205756E-1,1.1076061E-1,-1.112246E-1,3.4315588E-3,2.3764062E-1,-1.7772625E-1,-3.0891895E-1,-2.4150636E-2,-9.0179734E-2,-1.81387E-1,9.220727E-2,-4.026581E-1,-2.922422E0,-1.1415076E-1,-4.5109832E-1,-1.0217914E-1,2.1242785E-1,-2.1423665E-1,3.7201111E0,1.0646353E-2,2.4629103E-1,-1.2015109E-1,-1.197009E-1,1.939493E-1,2.1520497E-1,3.3177826E-1,-4.959254E-1,1.2251099E-1],"categories":[1,2,1,2,2,2,1,2,2,2,1,1,1,2,1,2],"categories_nodes":[1,6,7,8,9,11,12,15,17,19,25,28,32,35,36,41],"categories_segments":[0,1,2,3,4,5,6,7,8,9,10,11,12,13,14,15],"categories_sizes":[1,1,1,1,1,1,1,1,1,1,1,1,1,1,1,1],"default_left":[1,0,0,0,0,0,0,0,0,0,0,0,0,0,1,0,1,0,0,0,0,0,0,0,1,0,1,1,0,0,1,0,0,1,0,0,0,1,0,0,0,0,0,0,0,0,1,0,0,0,0,1,1,0,0,0,0,0,0,0,0,0,0,0,0,0,0,0,0,0,0,0,0,0,0,0,0,0,0],"id":1,"left_children":[1,3,5,7,9,11,13,15,17,19,-1,21,23,25,27,29,31,33,35,37,39,-1,41,-1,43,45,47,49,51,-1,53,-1,55,57,59,61,63,65,67,-1,-1,69,-1,-1,-1,-1,71,-1,73,-1,-1,75,77,-1,-1,-1,-1,-1,-1,-1,-1,-1,-1,-1,-1,-1,-1,-1,-1,-1,-1,-1,-1,-1,-1,-1,-1,-1,-1],"loss_changes":[2.363831E3,1.6697876E3,2.9155544E3,5.714044E1,8.063959E3,8.636968E2,1.9895155E2,1.4819858E1,3.6064636E1,2.97894E0,0E0,6.933482E2,4.8027344E0,3.4160515E1,1.8482249E3,5.308645E0,8.337574E1,1.045874E1,2.2617122E2,2.7808523E0,4.0708834E-1,0E0,4.9333295E2,0E0,2.0552747E2,2.3513966E0,6.082878E-1,9.318755E2,4.978135E0,0E0,3.9799094E-1,0E0,7.352274E0,2.949524E0,7.411299E-1,2.2728615E1,2.2045657E2,1.4903297E0,2.1081703E0,0E0,0E0,3.5762018E2,0E0,0E0,0E0,0E0,3.1497138E0,0E0,1.2347244E0,0E0,0E0,3.487587E-2,8.691014E0,0E0,0E0,0E0,0E0,0E0,0E0,0E0,0E0,0E0,0E0,0E0,0E0,0E0,0E0,0E0,0E0,0E0,0E0,0E0,0E0,0E0,0E0,0E0,0E0,0E0,0E0],"parents":[2147483647,0,0,1,1,2,2,3,3,4,4,5,5,6,6,7,7,8,8,9,9,11,11,12,12,13,13,14,14,15,15,16,16,17,17,18,18,19,19,20,20,22,22,24,24,25,25,26,26,27,27,28,28,30,30,32,32,33,33,34,34,35,35,36,36,37,37,38,38,41,41,46,46,48,48,51,51,52,52],"right_children":[2,4,6,8,10,12,14,16,18,20,-1,22,24,26,28,30,32,34,36,38,40,-1,42,-1,44,46,48,50,52,-1,54,-1,56,58,60,62,64,66,68,-1,-1,70,-1,-1,-1,-1,72,-1,74,-1,-1,76,78,-1,-1,-1,-1,-1,-1,-1,-1,-1,-1,-1,-1,-1,-1,-1,-1,-1,-1,-1,-1,-1,-1,-1,-1,-1,-1],"split_conditions":[3E0,NaN,7E0,1.1E1,3E0,8E0,NaN,NaN,NaN,NaN,1.78753E1,NaN,NaN,1.3E1,1.7E1,NaN,2E0,NaN,3E0,NaN,2E0,3.9793441E0,3E0,3.6007779E0,6E0,NaN,1.7E1,9E0,NaN,1.7884603E-1,2E0,-1.8679249E0,NaN,2E0,3E0,NaN,NaN,2E0,2E0,-6.631302E-2,1.1834986E-1,NaN,-3.6683424E0,4.4483086E-1,3.3924186E0,-2.123467E-1,1E1,1.8240906E-1,2E1,1.0177424E1,2.1463156E-1,2.1E1,2.1E1,-1.112246E-1,3.4315588E-3,2.3764062E-1,-1.7772625E-1,-3.0891895E-1,-2.4150636E-2,-9.0179734E-2,-1.81387E-1,9.220727E-2,-4.026581E-1,-2.922422E0,-1.1415076E-1,-4.5109832E-1,-1.0217914E-1,2.1242785E-1,-2.1423665E-1,3.7201111E0,1.0646353E-2,2.4629103E-1,-1.2015109E-1,-1.197009E-1,1.939493E-1,2.1520497E-1,3.3177826E-1,-4.959254E-1,1.2251099E-1],"split_indices":[1,2,1,0,0,0,4,4,4,5,0,4,2,1,1,5,0,5,1,4,1,0,0,0,1,3,1,0,5,0,1,0,4,1,1,4,5,1,1,0,0,4,0,0,0,0,1,0,1,0,0,1,1,0,0,0,0,0,0,0,0,0,0,0,0,0,0,0,0,0,0,0,0,0,0,0,0,0,0],"split_type":[0,1,0,0,0,0,1,1,1,1,0,1,1,0,0,1,0,1,0,1,0,0,0,0,0,1,0,0,1,0,0,0,1,0,0,1,1,0,0,0,0,1,0,0,0,0,0,0,0,0,0,0,0,0,0,0,0,0,0,0,0,0,0,0,0,0,0,0,0,0,0,0,0,0,0,0,0,0,0],"sum_hessian":[8.985127E2,6.522974E2,2.4621526E2,6.378412E2,1.4456241E1,6.2958836E1,1.8325642E2,5.2524517E1,5.853167E2,1.2789689E1,1.6665516E0,2.0990496E1,4.1968338E1,1.4411182E2,3.9144604E1,3.761508E1,1.4909433E1,5.43499E2,4.1817673E1,1.0322698E1,2.4669914E0,4.2850275E0,1.670547E1,3.2759365E1,9.208974E0,3.32366E1,1.1087521E2,2.983806E0,3.6160797E1,2.7243078E1,1.03720045E1,1.3869598E0,1.3522473E1,4.9510776E2,4.8391247E1,3.2199574E1,9.618099E0,8.153601E0,2.1690962E0,1.0952115E0,1.3717799E0,1.49430485E1,1.7624202E0,3.6593008E0,5.549673E0,2.3888805E1,9.347794E0,1.0827861E2,2.5966094E0,1.6871803E0,1.2966257E0,2.1890493E1,1.4270303E1,6.0102763E0,4.3617287E0,7.452295E0,6.070179E0,4.9163437E2,3.4733887E0,1.4880429E1,3.351082E1,1.4604866E1,1.7594707E1,5.2799063E0,4.3381925E0,6.003647E0,2.149954E0,1.0805948E0,1.0885015E0,1.8493276E0,1.309372E1,1.8176265E0,7.530167E0,1.5579655E0,1.0386437E0,1.5623E1,6.267493E0,1.4026504E0,1.2867652E1],"tree_param":{"num_deleted":"0","num_feature":"6","num_nodes":"79",