{"learner":{"attributes":{"best_ntree_limit":"6"},"feature_names":[],"feature_types":["q","q","c","c","c","c"],"gradient_booster":{"model":{"gbtree_model_param":{"num_parallel_tree":"1","num_trees":"1","size_leaf_vector":"0"},"tree_info":[0],"trees":[{"base_weights":[-3.6331007E-1,1.3936179E-2,-6.632351E-1,7.3086284E-2,-1.5067066E-1,-2.2590232E-1,-2.8518302E0,-3.5679635E-1,7.101436E-2,9.100804E-2,-4.9598172E-1,-2.4373116E0,-4.5228362E-1,9.304844E-2,-4.0946466E-1,4.1344583E-2,3.4929195E-1,-2.5350304E0,2.8341748E-2,-5.7142735E-2,-1.512072E-1,2.750234E-1,-4.6250034E-2,-1.54196E-1,-2.759693E-1,7.002275E-2,-7.989446E-2,4.1102302E-1,-8.456303E-2,-1.0381126E1,-3.555414E-2,1.1130244E-1,-3.0551225E-1,1.7687619E-1,-5.114454E-1,1.0639517E-1,-5.1699173E-2,-7.314297E-2,7.314408E-2,4.6566454E-1,-1.5180314E-1,2.3741504E-2,-6.754011E-2,-3.683298E-1,-3.0689917E-3,1.4969571E-1,-5.856741E-2,-1.572427E-1,1.4265828E-1,-3.2665865E0,-2.6278624E-1,4.6572484E-2,-4.7384005E-2,-1.3997025E0,7.91613E-2,-3.0944297E-1,-5.070952E-2],"categories":[1,2,1,2,2,2,1,2,1,1,1,1,2,2,2],"categories_nodes":[0,1,5,6,13,14,15,17,18,19,24,25,29,30,34],"categories_segments":[0,1,2,3,4,5,6,7,8,9,10,11,12,13,14],"categories_sizes":[1,1,1,1,1,1,1,1,1,1,1,1,1,1,1],"default_left":[0,0,0,0,1,0,0,0,1,0,1,0,0,0,0,0,0,0,0,0,0,1,1,0,0,0,1,0,0,0,0,0,1,0,0,0,0,0,0,0,0,0,0,0,0,0,0,0,0,0,0,0,0,0,0,0,0],"id":0,"left_children":[1,3,5,-1,7,9,11,13,15,-1,17,-1,19,21,23,25,27,29,31,33,-1,35,37,-1,39,41,43,45,47,49,51,-1,53,-1,55,-1,-1,-1,-1,-1,-1,-1,-1,-1,-1,-1,-1,-1,-1,-1,-1,-1,-1,-1,-1,-1,-1],"loss_changes":[2.574696E2,3.8177425E1,1.2126991E3,0E0,2.6906517E1,1.5133157E2,2.6663032E3,7.264347E0,2.3326437E0,0E0,7.4916486E2,0E0,2.9579964E0,8.437028E-1,3.670433E0,9.027037E-1,7.6469946E-1,2.8104478E3,6.3987152E1,5.6026206E0,0E0,5.725572E-1,1.1725516E0,0E0,5.215222E1,5.806601E-1,3.9716897E0,1.3788857E0,1.2892727E0,1.5748389E2,2.5863092E0,0E0,7.0468243E2,0E0,1.8081179E0,0E0,0E0,0E0,0E0,0E0,0E0,0E0,0E0,0E0,0E0,0E0,0E0,0E0,0E0,0E0,0E0,0E0,0E0,0E0,0E0,0E0,0E0],"parents":[2147483647,0,0,1,1,2,2,4,4,5,5,6,6,7,7,8,8,10,10,12,12,13,13,14,14,15,15,16,16,17,17,18,18,19,19,21,21,22,22,24,24,25,25,26,26,27,27,28,28,29,29,30,30,32,32,34,34],"right_children":[2,4,6,-1,8,10,12,14,16,-1,18,-1,20,22,24,26,28,30,32,34,-1,36,38,-1,40,42,44,46,48,50,52,-1,54,-1,56,-1,-1,-1,-1,-1,-1,-1,-1,-1,-1,-1,-1,-1,-1,-1,-1,-1,-1,-1,-1,-1,-1],"split_conditions":[NaN,NaN,3.6E1,7.3086284E-2,3E0,NaN,NaN,3E0,2E0,9.100804E-2,3E0,-2.4373116E0,4E0,NaN,NaN,NaN,5E0,NaN,NaN,NaN,-1.512072E-1,2E0,2E0,-1.54196E-1,NaN,NaN,1.1E1,1.4E1,1.4E1,NaN,NaN,1.1130244E-1,7E0,1.7687619E-1,NaN,1.0639517E-1,-5.1699173E-2,-7.314297E-2,7.314408E-2,4.6566454E-1,-1.5180314E-1,2.3741504E-2,-6.754011E-2,-3.683298E-1,-3.0689917E-3,1.4969571E-1,-5.856741E-2,-1.572427E-1,1.4265828E-1,-3.2665865E0,-2.6278624E-1,4.6572484E-2,-4.7384005E-2,-1.3997025E0,7.91613E-2,-3.0944297E-1,-5.070952E-2],"split_indices":[4,4,1,0,1,4,2,0,0,0,1,0,0,5,2,2,0,2,4,4,0,1,1,0,5,3,1,1,1,5,5,0,1,0,5,0,0,0,0,0,0,0,0,0,0,0,0,0,0,0,0,0,0,0,0,0,0],"split_type":[1,1,0,0,0,1,1,0,0,0,0,0,0,1,1,1,0,1,1,1,0,0,0,0,1,1,0,0,0,1,1,0,0,0,1,0,0,0,0,0,0,0,0,0,0,0,0,0,0,0,0,0,0,0,0,0,0],"sum_hessian":[2.2744788E3,1.0078087E3,1.2666699E3,4.2053442E2,5.8727423E2,1.056633E3,2.1003691E2,3.040008E2,2.8327347E2,3.5697064E2,6.996624E2,6.4945625E1,1.450913E2,3.17819E1,2.722189E2,2.5701886E2,2.6254614E1,1.4232764E2,5.573348E2,1.7042469E1,1.2804881E2,1.3357611E1,1.842429E1,1.5107918E2,1.2113971E2,2.0819449E2,4.882437E1,2.3030363E1,3.2242508E0,3.362433E1,1.08703316E2,2.7498254E2,2.8235226E2,6.909109E0,1.013336E1,1.1515182E1,1.842429E0,1.1054574E1,7.369716E0,1.2897003E1,1.0824271E2,2.0266719E2,5.527287E0,1.842429E0,4.698194E1,2.026672E1,2.7636435E0,1.842429E0,1.3818218E0,3.17819E1,1.842429E0,4.237587E1,6.6327446E1,3.17819E1,2.5057034E2,3.2242508E0,6.909109E0],"tree_param":{"num_deleted":"0","num_feature":"6","num_nodes":"57","size_leaf_vector":"0"}}]},"name":"gbtree"},"learner_model_param":{"base_score":"5E-1","num_class":"0","num_feature":"6","num_target":"1"},"objective":{"name":"reg:squarederror","reg_loss_param":{"scale_pos_weight":"1"}}},"version":[1,6,2]}