{"learner":{"attributes":{"best_ntree_limit":"1"},"feature_names":[],"feature_types":["q","q","q","c","c","c","c","c","c"],"gradient_booster":{"model":{"gbtree_model_param":{"num_parallel_tree":"1","num_trees":"1","size_leaf_vector":"0"},"tree_info":[0],"trees":[{"base_weights":[-7.117874E-1,3.842472E-2,-1.3087989E0,5.41443E-1,-3.642272E-1,-6.3331956E-1,-6.874484E1,1.5462855E-1,3.321554E-1,-8.7996894E-1,1.7032744E-1,1.5940109E-1,-1.1640112E0,7.2575206E-1,-6.1256348E1,-5.6616473E-1,-1.1247576E0,4.089229E-1,-1.4233968E-1,-4.3002498E-1,-2.4450802E1,3.1461397E-1,2.3146206E-1,-2.2752745E-1,-8.996971E-1,-5.7989832E-2,-1.1472424E0,-9.124314E-2,5.4946804E-1,-1.8297088E-1,2.8197798E-1,1.4986534E-1,-9.9788755E-1,-8.860355E1,8.913052E-1,-1.5489077E-2,1.2244079E-1,1.0553541E-2,-2.6143E-1,3.831733E-2,-2.9228607E-1,-3.6453393E-1,-2.7044713E-1,8.4934205E-2,1.3988512E0,-4.1446395E-2,-3.1037962E-1,5.2146465E-3,-3.0664036E1,-3.8490044E1,1.2244079E-1,3.3465564E-1,8.9898854E-2],"categories":[1,1,1,1,1,1,0,1,2,4,5,1],"categories_nodes":[0,3,5,13,17,19,23,34],"categories_segments":[0,1,2,3,4,5,6,11],"categories_sizes":[1,1,1,1,1,1,5,1],"default_left":[0,1,0,0,1,0,0,0,0,0,0,0,0,0,0,0,0,0,0,0,1,0,1,0,0,0,1,0,0,0,0,0,0,1,0,0,0,0,0,0,0,0,0,0,0,0,0,0,0,0,0,0,0],"id":0,"left_children":[1,3,5,7,9,11,13,-1,-1,15,17,-1,19,21,-1,23,25,27,29,31,33,-1,35,37,39,-1,41,-1,43,45,-1,-1,47,49,51,-1,-1,-1,-1,-1,-1,-1,-1,-1,-1,-1,-1,-1,-1,-1,-1,-1,-1],"loss_changes":[5.202459E2,1.04639275E2,2.9418826E4,2.8093262E0,7.927339E1,3.970417E2,6.0415586E4,0E0,0E0,1.0596146E1,1.0634176E1,0E0,7.525889E3,5.9217215E-1,0E0,7.2606106E0,1.4775162E0,8.251334E0,2.9027932E0,2.2667651E2,2.1953973E4,0E0,1.8862432E-1,5.8049483E0,2.6503716E0,0E0,2.226181E-1,0E0,7.289782E1,2.173442E0,0E0,0E0,2.7369027E4,1.355034E4,1.076519E0,0E0,0E0,0E0,0E0,0E0,0E0,0E0,0E0,0E0,0E0,0E0,0E0,0E0,0E0,0E0,0E0,0E0,0E0],"parents":[2147483647,0,0,1,1,2,2,3,3,4,4,5,5,6,6,9,9,10,10,12,12,13,13,15,15,16,16,17,17,18,18,19,19,20,20,22,22,23,23,24,24,26,26,28,28,29,29,32,32,33,33,34,34],"right_children":[2,4,6,8,10,12,14,-1,-1,16,18,-1,20,22,-1,24,26,28,30,32,34,-1,36,38,40,-1,42,-1,44,46,-1,-1,48,50,52,-1,-1,-1,-1,-1,-1,-1,-1,-1,-1,-1,-1,-1,-1,-1,-1,-1,-1],"split_conditions":[NaN,2.1E1,4.4E1,NaN,3E0,NaN,6E0,1.5462855E-1,3.321554E-1,2.5E1,3.4E1,1.5940109E-1,3.3E1,NaN,-6.1256348E1,3E0,2E0,NaN,2.8E1,NaN,1.7E1,3.1461397E-1,5E1,NaN,2E0,-5.7989832E-2,2E0,-9.124314E-2,9E0,6.1E1,2.8197798E-1,1.4986534E-1,2E1,4E0,NaN,-1.5489077E-2,1.2244079E-1,1.0553541E-2,-2.6143E-1,3.831733E-2,-2.9228607E-1,-3.6453393E-1,-2.7044713E-1,8.4934205E-2,1.3988512E0,-4.1446395E-2,-3.1037962E-1,5.2146465E-3,-3.0664036E1,-3.8490044E1,1.2244079E-1,3.3465564E-1,8.9898854E-2],"split_indices":[7,0,0,3,2,7,1,0,0,0,0,0,0,8,0,2,1,3,2,7,2,0,0,5,1,0,2,0,2,0,0,0,2,1,8,0,0,0,0,0,0,0,0,0,0,0,0,0,0,0,0,0,0],"split_type":[1,0,0,1,0,1,0,0,0,0,0,0,0,1,0,0,0,1,0,1,0,0,0,1,0,0,0,0,0,0,0,0,0,0,1,0,0,0,0,0,0,0,0,0,0,0,0,0,0,0,0,0,0],"sum_hessian":[1.1604484E3,5.1465814E2,6.457902E2,2.2865862E2,2.859995E2,6.4038513E2,5.4050856E0,2.2043349E2,8.22513E0,1.452323E2,1.4076723E2,2.0045816E2,4.3992694E2,4.230067E0,1.1750185E0,6.509603E1,8.013627E1,7.966626E1,6.1100964E1,4.2747174E2,1.2455196E1,1.8800297E0,2.350037E0,3.3135525E1,3.1960505E1,2.1150334E0,7.802123E1,1.2925204E1,6.674105E1,5.969094E1,1.4100223E0,1.6215256E2,2.6531918E2,2.8200445E0,9.635152E0,1.1750185E0,1.1750185E0,2.4205381E1,8.930141E0,2.1150334E0,2.984547E1,5.8045918E1,1.9975315E1,6.3686005E1,3.0550482E0,5.7810913E1,1.8800297E0,2.6367416E2,1.645026E0,1.645026E0,1.1750185E0,6.3451004E0,3.290052E0],"tree_param":{"num_deleted":"0","num_feature":"9","num_nodes":"53","size_leaf_vector":"0"}}]},"name":"gbtree"},"learner_model_param":{"base_score":"5E-1","num_class":"0","num_feature":"9","num_target":"1"},"objective":{"name":"reg:squarederror","reg_loss_param":{"scale_pos_weight":"1"}}},"version":[1,6,2]}