{"learner":{"attributes":{"best_ntree_limit":"1"},"feature_names":[],"feature_types":["q","q","c","c","c","c"],"gradient_booster":{"model":{"gbtree_model_param":{"num_parallel_tree":"1","num_trees":"1","size_leaf_vector":"0"},"tree_info":[0],"trees":[{"base_weights":[-1.9556948E0,-1.3824459E0,-2.2781212E0,-2.1332803E-1,-1.7722542E0,-1.7672226E0,-3.2833693E0,-2.0125606E0,-1.3025622E0,-1.7112628E-1,-2.1586678E0,-2.204664E0,-2.357773E0,-6.094409E-1,-9.146257E-2,-5.5491585E-1,-1.4950392E0,-5.7873435E0,-1.5412883E0,-7.5852233E-1,-6.176129E-1,1.574978E-1,-7.1551645E-1,-3.8862088E-1,-2.001083E0,-1.2192692E1,-6.878307E-1,-1.2141182E-1,-2.0883744E0,-2.6856694E-1,3.831733E-2,-3.722793E-1,-1.1173686E0,-1.664499E0,-3.4792382E-1],"categories":[1,2,1,1,2,1,1,1],"categories_nodes":[0,1,5,6,12,16,17,18],"categories_segments":[0,1,2,3,4,5,6,7],"categories_sizes":[1,1,1,1,1,1,1,1],"default_left":[0,0,0,0,1,0,0,1,0,0,1,0,0,0,0,0,0,0,0,0,0,0,0,0,0,0,0,0,1,0,0,0,0,0,0],"id":0,"left_children":[1,3,5,-1,7,9,11,13,15,-1,17,-1,19,-1,-1,21,23,25,27,-1,-1,-1,29,-1,31,-1,-1,-1,33,-1,-1,-1,-1,-1,-1],"loss_changes":[1.3650806E2,7.058765E1,2.4177026E2,0E0,1.6907593E1,1.495169E2,5.895449E2,3.0174255E0,8.005547E0,0E0,5.334806E2,0E0,1.5735474E0,0E0,0E0,2.831502E0,2.2807922E0,4.1505073E3,1.2866089E2,0E0,0E0,0E0,2.0464535E0,0E0,1.0850647E1,0E0,0E0,0E0,4.445348E2,0E0,0E0,0E0,0E0,0E0,0E0],"parents":[2147483647,0,0,1,1,2,2,4,4,5,5,6,6,7,7,8,8,10,10,12,12,15,15,16,16,17,17,18,18,22,22,24,24,28,28],"right_children":[2,4,6,-1,8,10,12,14,16,-1,18,-1,20,-1,-1,22,24,26,28,-1,-1,-1,30,-1,32,-1,-1,-1,34,-1,-1,-1,-1,-1,-1],"split_conditions":[NaN,NaN,7.600001E1,-2.1332803E-1,4E0,NaN,NaN,3E0,6E0,-1.7112628E-1,2E0,-2.204664E0,NaN,-6.094409E-1,-9.146257E-2,5E0,NaN,NaN,NaN,-7.5852233E-1,-6.176129E-1,1.574978E-1,1.7E1,-3.8862088E-1,5E0,-1.2192692E1,-6.878307E-1,-1.2141182E-1,4E0,-2.6856694E-1,3.831733E-2,-3.722793E-1,-1.1173686E0,-1.664499E0,-3.4792382E-1],"split_indices":[4,4,1,0,1,4,3,0,0,0,1,0,2,0,0,1,2,2,4,0,0,0,1,0,1,0,0,0,1,0,0,0,0,0,0],"split_type":[1,1,0,0,0,1,1,0,0,0,0,0,1,0,0,0,1,1,1,0,0,0,0,0,0,0,0,0,0,0,0,0,0,0,0],"sum_hessian":[7.545969E2,2.735443E2,4.8105258E2,1.0152161E2,1.7202272E2,3.2078006E2,1.6027254E2,1.1162676E2,6.0395954E1,7.966626E1,2.411138E2,2.843545E1,1.3183708E2,1.1021674E2,1.4100223E0,1.3160208E1,4.7235744E1,3.3840534E1,2.0727327E2,7.919625E1,5.264083E1,1.4100223E0,1.1750185E1,3.6425575E1,1.0810171E1,2.1150334E0,3.17255E1,6.791607E1,1.393572E2,9.635152E0,2.1150334E0,8.695137E0,2.1150334E0,2.843545E1,1.1092175E2],"tree_param":{"num_deleted":"0","num_feature":"6","num_nodes":"35","size_leaf_vector":"0"}}]},"name":"gbtree"},"learner_model_param":{"base_score":"5E-1","num_class":"0","num_feature":"6","num_target":"1"},"objective":{"name":"reg:squarederror","reg_loss_param":{"scale_pos_weight":"1"}}},"version":[1,6,2]}