{"learner":{"attributes":{"best_ntree_limit":"3"},"feature_names":[],"feature_types":["q","q","q","c","c","c","c","c","c"],"gradient_booster":{"model":{"gbtree_model_param":{"num_parallel_tree":"1","num_trees":"3","size_leaf_vector":"0"},"tree_info":[0,0,0],"trees":[{"base_weights":[-7.113954E-1,3.8832687E-2,-1.3209937E0,5.225029E-1,-3.262693E-1,-6.7571276E-1,-8.738533E1,1.4957766E-1,1.0138824E0,-9.285775E-1,7.4002415E-2,1.5777072E-1,-1.2064099E0,-5.6704662E1,-4.0560654E-1,5.2294517E-1,6.030443E-1,4.0523592E-2,-9.8998463E-1,2.656825E-1,-3.7350187E-1,-4.466886E-1,-2.6754353E1,3.388761E-1,-1.54297E-1,4.705316E-1,-3.1667447E-1,-7.6536584E-1,-1.1239386E0,-2.310854E-3,5.628437E-1,-7.881856E-1,-8.053493E-2,1.556024E-1,-1.0016394E0,-1.0394649E2,6.828389E-1,3.301761E-2,1.8632534E-1,3.831733E-2,-2.0621401E-1,-8.896962E-2,-2.8078568E-1,-4.4350985E-1,-2.8050163E-1,6.2248312E-2,-9.97325E-2,-9.591208E-4,1.9765945E-1,-3.640445E-1,-3.190247E-2,-2.8679562E-1,2.9667439E-2,1.0070523E-2,-1.4308404E1,-4.7601295E1,-4.2927867E-1,3.0660346E-1,4.5643684E-2],"categories":[1,1,1,2,2,1,1,1,0,1,2,3,1,1],"categories_nodes":[0,3,5,8,17,21,25,28,31,35,36],"categories_segments":[0,1,2,3,4,5,6,7,8,12,13],"categories_sizes":[1,1,1,1,1,1,1,1,4,1,1],"default_left":[0,1,0,0,1,0,1,0,0,0,0,0,0,0,0,0,0,0,0,0,0,0,1,0,0,0,0,0,0,0,0,0,0,0,0,0,0,0,0,0,0,0,0,0,0,0,0,0,0,0,0,0,0,0,0,0,0,0,0],"id":0,"left_children":[1,3,5,7,9,11,13,-1,15,17,19,-1,21,-1,-1,-1,23,25,27,29,31,33,35,-1,-1,37,39,41,43,45,47,49,51,-1,53,55,57,-1,-1,-1,-1,-1,-1,-1,-1,-1,-1,-1,-1,-1,-1,-1,-1,-1,-1,-1,-1,-1,-1],"loss_changes":[5.31118E2,9.226749E1,3.552155E4,2.1348228E0,7.186674E1,4.0679443E2,4.1364418E4,0E0,1.783165E0,7.120102E0,1.55253E1,0E0,8.568946E3,0E0,0E0,0E0,5.0406647E0,1.3854866E0,2.507347E0,1.0074771E1,6.538925E0,2.3107149E2,2.7075047E4,0E0,0E0,1.5171266E-1,9.1068757E-1,3.31678E0,3.169609E0,4.7446623E0,3.262453E0,6.36238E0,5.2719383E0,0E0,1.32268125E4,1.8567031E4,1.716497E0,0E0,0E0,0E0,0E0,0E0,0E0,0E0,0E0,0E0,0E0,0E0,0E0,0E0,0E0,0E0,0E0,0E0,0E0,0E0,0E0,0E0,0E0],"parents":[2147483647,0,0,1,1,2,2,3,3,4,4,5,5,6,6,8,8,9,9,10,10,12,12,16,16,17,17,18,18,19,19,20,20,21,21,22,22,25,25,26,26,27,27,28,28,29,29,30,30,31,31,32,32,34,34,35,35,36,36],"right_children":[2,4,6,8,10,12,14,-1,16,18,20,-1,22,-1,-1,-1,24,26,28,30,32,34,36,-1,-1,38,40,42,44,46,48,50,52,-1,54,56,58,-1,-1,-1,-1,-1,-1,-1,-1,-1,-1,-1,-1,-1,-1,-1,-1,-1,-1,-1,-1,-1,-1],"split_conditions":[NaN,2.1E1,4.4E1,NaN,2E0,NaN,7.4E1,1.4957766E-1,NaN,2E0,3.7E1,1.5777072E-1,3.3E1,-5.6704662E1,-4.0560654E-1,5.2294517E-1,5E0,NaN,2E0,5E0,7E0,NaN,1.7E1,3.388761E-1,-1.54297E-1,NaN,2.2E1,2.4E1,NaN,2.8E1,2.6E1,NaN,3.9E1,1.556024E-1,3E1,NaN,NaN,3.301761E-2,1.8632534E-1,3.831733E-2,-2.0621401E-1,-8.896962E-2,-2.8078568E-1,-4.4350985E-1,-2.8050163E-1,6.2248312E-2,-9.97325E-2,-9.591208E-4,1.9765945E-1,-3.640445E-1,-3.190247E-2,-2.8679562E-1,2.9667439E-2,1.0070523E-2,-1.4308404E1,-4.7601295E1,-4.2927867E-1,3.0660346E-1,4.5643684E-2],"split_indices":[7,0,0,3,2,7,0,0,8,1,0,0,0,0,0,0,1,8,2,2,2,7,2,0,0,3,0,0,3,0,0,5,0,0,2,5,8,0,0,0,0,0,0,0,0,0,0,0,0,0,0,0,0,0,0,0,0,0,0],"split_type":[1,0,0,1,0,1,0,0,1,0,0,0,0,0,0,0,0,1,0,0,0,1,0,0,0,1,0,0,1,0,0,1,0,0,0,1,1,0,0,0,0,0,0,0,0,0,0,0,0,0,0,0,0,0,0,0,0,0,0],"sum_hessian":[1.1602133E3,5.205332E2,6.396801E2,2.2372353E2,2.968097E2,6.3592004E2,3.7600594E0,2.152634E2,8.460134E0,1.1797186E2,1.7883783E2,1.9481807E2,4.4110196E2,1.1750185E0,2.5850408E0,1.8800297E0,6.580104E0,7.0501113E0,1.1092175E2,1.2549198E2,5.334584E1,4.2935178E2,1.1750185E1,4.4650707E0,2.1150334E0,3.0550482E0,3.995063E0,4.3945694E1,6.697606E1,6.650605E1,5.898593E1,2.1385338E1,3.1960505E1,1.5674747E2,2.726043E2,2.350037E0,9.400148E0,1.4100223E0,1.645026E0,2.1150334E0,1.8800297E0,1.2455196E1,3.1490498E1,2.091533E1,4.6060726E1,4.0890644E1,2.5615404E1,8.695137E0,5.0290794E1,1.2690201E1,8.695137E0,4.700074E0,2.726043E1,2.6766922E2,4.9350777E0,1.1750185E0,1.1750185E0,5.1700816E0,4.230067E0],"tree_param":{"num_deleted":"0","num_feature":"9","num_nodes":"59","size_leaf_vector":"0"}},{"base_weights":[7.6801884E-1,4.4018912E-1,5.38055E0,3.6520246E-2,1.5198306E0,6.951087E1,-4.222392E-1,-3.3802456E-1,4.3997037E-1,5.5906016E-1,7.3723054E0,3.4894066E1,-1.3716127E-1,8.8025177E-1,-7.427E0,8.172464E-1,-4.0687662E-1,7.356386E-2,8.6081994E-1,6.8584496E-1,-4.3264556E-1,4.660574E1,1.045494E0,1.0939515E-1,3.947139E0,3.5065222E-1,-1.5702063E-1,-4.8959348E-1,2.4732368E-1,1.8026832E0,2.9891643E-1,4.6626455E-1,-6.7406505E-1,2.1780838E1,4.5520064E-1,1.2003851E0,5.3154093E-1,-3.9694047E-1,9.894977E-1,2.2327158E0,1.9542391E0,-5.2764982E-2,-2.0369627E-1,-2.8367844E-1,1.5927591E0,-1.5767267E0,2.3604822E-1,2.50458E-1,1.0454195E-2,1.1846337E-1,-2.3907416E-1,1.2160357E-1,3.8661525E-1,3.1056327E-1,-2.6461205E-1,-1.6676681E-2,-2.7668315E-1,4.573646E-1,-9.609758E-2,1.1024263E0,-1.6182595E-1],"categories":[2,1,0,1,2,3,4,5,1,1,1,1,0,1,2,3,4,5,0,1,2,4,5,1,1],"categories_nodes":[2,4,8,15,18,22,24,28,30,37,38],"categories_segments":[0,1,2,8,9,10,11,12,18,23,24],"categories_sizes":[1,1,6,1,1,1,1,6,5,1,1],"default_left":[0,0,0,0,0,1,0,0,0,1,1,0,0,1,0,0,0,0,0,0,0,1,0,1,0,0,0,0,0,0,0,0,0,0,0,0,0,0,0,0,0,0,0,0,0,0,0,0,0,0,0,0,0,0,0,0,0,0,0,0,0],"id":1,"left_children":[1,3,5,7,9,11,13,15,17,19,21,-1,-1,23,-1,25,27,-1,29,-1,31,33,35,37,39,-1,-1,41,43,-1,45,47,49,-1,-1,51,53,55,57,-1,59,-1,-1,-1,-1,-1,-1,-1,-1,-1,-1,-1,-1,-1,-1,-1,-1,-1,-1,-1,-1],"loss_changes":[1.0261772E3,2.7719067E2,1.6792967E4,7.027195E1,9.691888E2,1.2313246E4,1.3626102E3,1.951927E1,1.8135708E1,2.5751102E2,5.989879E3,0E0,0E0,9.678058E1,0E0,7.163574E0,1.2475899E1,0E0,2.0190369E2,0E0,2.114362E1,3.82283E3,1.1110706E0,1.549456E1,4.278946E1,0E0,0E0,1.1943062E1,1.6378142E2,0E0,1.7905132E2,3.296196E0,1.0304066E1,0E0,0E0,6.0752106E-1,5.813652E0,3.9344196E0,9.362655E0,0E0,3.0290579E1,0E0,0E0,0E0,0E0,0E0,0E0,0E0,0E0,0E0,0E0,0E0,0E0,0E0,0E0,0E0,0E0,0E0,0E0,0E0,0E0],"parents":[2147483647,0,0,1,1,2,2,3,3,4,4,5,5,6,6,7,7,8,8,9,9,10,10,13,13,15,15,16,16,18,18,20,20,21,21,22,22,23,23,24,24,27,27,28,28,30,30,31,31,32,32,35,35,36,36,37,37,38,38,40,40],"right_children":[2,4,6,8,10,12,14,16,18,20,22,-1,-1,24,-1,26,28,-1,30,-1,32,34,36,38,40,-1,-1,42,44,-1,46,48,50,-1,-1,52,54,56,58,-1,60,-1,-1,-1,-1,-1,-1,-1,-1,-1,-1,-1,-1,-1,-1,-1,-1,-1,-1,-1,-1],"split_conditions":[4.4E1,1E1,NaN,3E0,NaN,7.5E1,6.5E1,2.1E1,NaN,2E1,1.6E1,3.4894066E1,-1.3716127E-1,1.4E1,-7.427E0,NaN,3.6E1,7.356386E-2,NaN,6.8584496E-1,2.3E1,4.3E1,NaN,7E0,NaN,3.5065222E-1,-1.5702063E-1,2.5E1,NaN,1.8026832E0,NaN,3.4E1,2.1E1,2.1780838E1,4.5520064E-1,3E0,1.8E1,NaN,NaN,2.2327158E0,5.6E1,-5.2764982E-2,-2.0369627E-1,-2.8367844E-1,1.5927591E0,-1.5767267E0,2.3604822E-1,2.50458E-1,1.0454195E-2,1.1846337E-1,-2.3907416E-1,1.2160357E-1,3.8661525E-1,3.1056327E-1,-2.6461205E-1,-1.6676681E-2,-2.7668315E-1,4.573646E-1,-9.609758E-2,1.1024263E0,-1.6182595E-1],"split_indices":[0,2,7,2,7,0,0,0,5,0,2,0,0,2,0,7,0,0,6,0,2,0,8,2,8,0,0,0,5,0,5,0,0,0,0,1,2,6,6,0,0,0,0,0,0,0,0,0,0,0,0,0,0,0,0,0,0,0,0,0,0],"split_type":[0,0,1,0,1,0,0,0,1,0,0,0,0,0,0,1,0,0,1,0,0,0,1,0,1,0,0,0,1,0,1,0,0,0,0,0,0,1,1,0,0,0,0,0,0,0,0,0,0,0,0,0,0,0,0,0,0,0,0,0,0],"sum_hessian":[6.791989E2,6.3515173E2,4.4047165E1,4.6305368E2,1.7209805E2,2.7438834E0,4.130328E1,2.40213E2,2.2284068E2,1.4877068E2,2.3327385E1,1.2472198E0,1.4966637E0,4.0119713E1,1.1835657E0,1.2899656E1,2.2731334E2,1.534233E2,6.941739E1,5.3789368E1,9.498131E1,2.3553216E0,2.0972063E1,3.2888836E1,7.23088E0,1.0321045E1,2.5786114E0,2.0202144E2,2.52919E1,5.8771753E0,6.3540215E1,1.9911343E1,7.506996E1,1.1068834E0,1.2484384E0,1.5089051E1,5.883011E0,2.1226124E1,1.166271E1,1.6327794E0,5.5981007E0,7.677718E1,1.25244255E2,2.112631E1,4.1655893E0,4.3415413E0,5.9198673E1,1.0233156E1,9.678187E0,7.509889E0,6.7560074E1,2.067678E0,1.3021374E1,4.5348697E0,1.3481417E0,1.3536341E1,7.689783E0,8.163897E0,3.498813E0,3.0323045E0,2.5657961E0],"tree_param":{"num_deleted":"0","num_feature":"9","num_nodes":"61",