{"learner":{"attributes":{"best_ntree_limit":"1"},"feature_names":[],"feature_types":["q","q","q","c","c","c","c","c","c"],"gradient_booster":{"model":{"gbtree_model_param":{"num_parallel_tree":"1","num_trees":"1","size_leaf_vector":"0"},"tree_info":[0],"trees":[{"base_weights":[-7.105342E-1,2.063487E-2,-1.3026776E0,4.9812165E-1,-3.422116E-1,-6.441819E-1,-2.5149187E1,1.4144029E-1,1.1585206E0,-8.135936E-1,1.20401226E-1,1.4971182E-1,-1.1616826E0,-5.4987225E1,5.558324E-1,8.120901E-1,5.001411E-1,-5.810704E-1,-1.0983955E0,3.4742028E-1,-3.410903E-1,-2.082407E-1,-1.0844224E1,2.913889E-1,-2.0554997E-1,3.47523E-1,-1.66532E-1,-1.09855734E-1,-9.107599E-1,-6.433878E-1,-1.276372E0,1.4398038E-1,6.8762463E-1,-1.1119719E0,-1.9903547E-1,1.9605489E-1,-8.233174E-1,-2.1475853E-1,-4.8346592E1,-5.187108E-1,8.09517E-1,2.6037067E-1,-2.5060415E-1,4.6537027E-2,-2.2783448E-1,-1.2986434E-1,-3.095828E-1,1.0628278E-1,-2.2939286E-1,-4.4253567E-1,-2.481043E-1,9.4825245E-2,-7.461655E-2,-8.0786094E-2,2.3396532E-1,-7.088228E-2,-4.5535818E-1,-2.1287139E-1,2.6624689E-2,1.4918074E-2,-1.9319422E1,1.6173019E-1,-1.9301635E-1,-1.765353E-1,-5.0754898E1,3.380924E-1,-1.5489077E-2],"categories":[1,1,1,2,1,1,0,1,2,4,5,1,1,1],"categories_nodes":[0,3,5,8,14,21,27,28,31,37],"categories_segments":[0,1,2,3,4,5,6,11,12,13],"categories_sizes":[1,1,1,1,1,1,5,1,1,1],"default_left":[0,1,0,0,1,0,1,0,0,0,0,0,0,0,0,0,0,0,0,0,0,0,0,0,1,0,0,0,0,0,0,0,0,0,0,0,0,0,0,0,0,0,0,0,0,0,0,0,0,0,0,0,0,0,0,0,0,0,0,0,0,0,0,0,0,0,0],"id":0,"left_children":[1,3,5,7,9,11,13,-1,15,17,19,-1,21,-1,23,-1,25,27,29,31,33,35,37,-1,39,-1,41,43,45,47,49,51,53,55,57,-1,59,61,63,-1,65,-1,-1,-1,-1,-1,-1,-1,-1,-1,-1,-1,-1,-1,-1,-1,-1,-1,-1,-1,-1,-1,-1,-1,-1,-1,-1],"loss_changes":[5.0278235E2,9.0365524E1,1.0059048E4,3.4177208E0,6.4733055E1,3.7058032E2,7.008244E4,0E0,6.8529434E0,9.092392E0,1.5882047E1,0E0,3.9749768E3,0E0,5.199271E0,0E0,3.2100477E0,1.27969055E1,4.436142E0,6.915307E0,5.2667284E0,2.0896362E2,1.5376977E4,0E0,1.1304766E1,0E0,3.6930513E0,6.1957574E0,2.3738747E0,2.7230282E0,2.857048E0,4.4504547E0,3.5348568E0,2.3356085E0,6.459419E0,0E0,1.2763119E4,1.0389764E1,4.9069375E4,0E0,1.2952352E0,0E0,0E0,0E0,0E0,0E0,0E0,0E0,0E0,0E0,0E0,0E0,0E0,0E0,0E0,0E0,0E0,0E0,0E0,0E0,0E0,0E0,0E0,0E0,0E0,0E0,0E0],"parents":[2147483647,0,0,1,1,2,2,3,3,4,4,5,5,6,6,8,8,9,9,10,10,12,12,14,14,16,16,17,17,18,18,19,19,20,20,21,21,22,22,24,24,26,26,27,27,28,28,29,29,30,30,31,31,32,32,33,33,34,34,36,36,37,37,38,38,40,40],"right_children":[2,4,6,8,10,12,14,-1,16,18,20,-1,22,-1,24,-1,26,28,30,32,34,36,38,-1,40,-1,42,44,46,48,50,52,54,56,58,-1,60,62,64,-1,66,-1,-1,-1,-1,-1,-1,-1,-1,-1,-1,-1,-1,-1,-1,-1,-1,-1,-1,-1,-1,-1,-1,-1,-1,-1,-1],"split_conditions":[NaN,2.1E1,4.3E1,NaN,3E0,NaN,1.3E1,1.4144029E-1,NaN,3E0,3.7E1,1.4971182E-1,3.3E1,-5.4987225E1,NaN,8.120901E-1,8E0,2.5E1,2.3E1,7E0,3.9E1,NaN,2.2E1,2.913889E-1,2.3E1,3.47523E-1,4E0,NaN,NaN,2E0,3.2E1,NaN,2.6E1,8E0,7E0,1.9605489E-1,3.1E1,NaN,4E0,-5.187108E-1,5.6E1,2.6037067E-1,-2.5060415E-1,4.6537027E-2,-2.2783448E-1,-1.2986434E-1,-3.095828E-1,1.0628278E-1,-2.2939286E-1,-4.4253567E-1,-2.481043E-1,9.4825245E-2,-7.461655E-2,-8.0786094E-2,2.3396532E-1,-7.088228E-2,-4.5535818E-1,-2.1287139E-1,2.6624689E-2,1.4918074E-2,-1.9319422E1,1.6173019E-1,-1.9301635E-1,-1.765353E-1,-5.0754898E1,3.380924E-1,-1.5489077E-2],"split_indices":[7,0,0,3,2,7,2,0,8,2,0,0,2,0,7,0,1,0,0,2,0,7,0,0,2,0,2,5,3,1,0,6,0,2,2,0,0,7,1,0,0,0,0,0,0,0,0,0,0,0,0,0,0,0,0,0,0,0,0,0,0,0,0,0,0,0,0],"split_type":[1,0,0,1,0,1,0,0,1,0,0,0,0,0,1,0,0,0,0,0,0,1,0,0,0,0,0,1,1,0,0,1,0,0,0,0,0,1,0,0,0,0,0,0,0,0,0,0,0,0,0,0,0,0,0,0,0,0,0,0,0,0,0,0,0,0,0],"sum_hessian":[1.1602133E3,5.195932E2,6.406201E2,2.2419354E2,2.9539966E2,6.2440485E2,1.6215256E1,2.1714343E2,7.0501113E0,1.459373E2,1.4946236E2,1.9458307E2,4.2982178E2,1.4100223E0,1.4805234E1,1.1750185E0,5.8750925E0,8.20163E1,6.392101E1,1.0034658E2,4.9115776E1,3.922212E2,3.7600594E1,9.400148E0,5.4050856E0,2.5850408E0,3.290052E0,3.4310543E1,4.7705753E1,1.9270304E1,4.4650703E1,6.3686005E1,3.666058E1,6.580104E0,4.253567E1,1.6332758E2,2.2889362E2,3.0080475E1,7.5201187E0,1.8800297E0,3.5250556E0,1.1750185E0,2.1150334E0,2.4910393E1,9.400148E0,1.0575167E1,3.7130585E1,1.8800297E0,1.7390274E1,2.9375463E1,1.5275241E1,4.4415703E1,1.9270304E1,3.0550482E0,3.360553E1,2.5850408E0,3.995063E0,1.4805234E1,2.7730438E1,2.2677858E2,2.1150334E0,1.0810171E1,1.9270304E1,6.1100965E0,1.4100223E0,2.350037E0,1.1750185E0],"tree_param":{"num_deleted":"0","num_feature":"9","num_nodes":"67","size_leaf_vector":"0"}}]},"name":"gbtree"},"learner_model_param":{"base_score":"5E-1","num_class":"0","num_feature":"9","num_target":"1"},"objective":{"name":"reg:squarederror","reg_loss_param":{"scale_pos_weight":"1"}}},"version":[1,6,2]}