{"learner":{"attributes":{"best_ntree_limit":"11"},"feature_names":[],"feature_types":["q","q","c","c","c","c"],"gradient_booster":{"model":{"gbtree_model_param":{"num_parallel_tree":"1","num_trees":"6","size_leaf_vector":"0"},"tree_info":[0,0,0,0,0,0],"trees":[{"base_weights":[-1.4180667E0,-1.0054525E0,-1.6471611E0,-1.596874E-1,-1.2928314E0,-1.2958106E0,-2.3573375E0,-1.5099233E0,-8.813787E-1,-1.387349E-1,-1.5735381E0,-1.7519011E0,-1.667228E0,-4.9237484E-1,-1.3171582E0,-5.529646E-1,-1.0688338E0,-4.199157E0,-1.1297979E0,-5.4734904E-1,-1.398571E0,2.358532E0,-1.5846748E0,-6.6901743E-1,5.2256506E-2,-9.548158E-1,-7.8807586E-1,-1.1230617E1,-1.748736E0,-1.0148021E-1,-1.5264138E0,-1.0940198E0,-1.5291367E0,1.5899824E0,-2.1635817E-1,-2.111695E-1,-4.9733654E-1,-1.5581359E-1,-3.162883E-1,1.0051794E-2,-3.0961722E-1,-5.692449E-1,-2.1850933E-1,-1.164171E0,-2.658982E-1,4.7009677E-1,-4.8072615E-1,-1.6531453E-1,-4.7176352E-1],"categories":[1,2,1,1,2,1,2,1,1,1,2,1,2,2],"categories_nodes":[0,1,5,6,7,8,12,14,17,18,20,25,28,31],"categories_segments":[0,1,2,3,4,5,6,7,8,9,10,11,12,13],"categories_sizes":[1,1,1,1,1,1,1,1,1,1,1,1,1,1],"default_left":[0,0,0,0,1,0,0,0,0,0,1,0,0,0,0,0,0,0,0,0,0,1,0,0,0,0,0,0,0,0,1,0,0,0,0,0,0,0,0,0,0,0,0,0,0,0,0,0,0],"id":0,"left_children":[1,3,5,-1,7,9,11,13,15,-1,17,-1,19,-1,21,23,25,27,29,-1,31,33,35,37,-1,39,-1,-1,41,-1,43,45,47,-1,-1,-1,-1,-1,-1,-1,-1,-1,-1,-1,-1,-1,-1,-1,-1],"loss_changes":[9.686401E1,5.025583E1,1.6377112E2,0E0,1.9426636E1,1.0331085E2,5.191376E2,1.6536865E0,4.498108E0,0E0,3.8758514E2,0E0,5.2678223E0,0E0,6.877163E1,2.8262997E0,6.6505013E0,3.8693801E3,9.034308E1,0E0,1.2147217E0,4.8109E1,2.8417358E0,1.0607977E0,0E0,3.8218231E0,0E0,0E0,5.6066284E0,0E0,2.8667014E2,3.6745407E1,1.1847458E0,0E0,0E0,0E0,0E0,0E0,0E0,0E0,0E0,0E0,0E0,0E0,0E0,0E0,0E0,0E0,0E0],"parents":[2147483647,0,0,1,1,2,2,4,4,5,5,6,6,7,7,8,8,10,10,12,12,14,14,15,15,16,16,17,17,18,18,20,20,21,21,22,22,23,23,25,25,28,28,30,30,31,31,32,32],"right_children":[2,4,6,-1,8,10,12,14,16,-1,18,-1,20,-1,22,24,26,28,30,-1,32,34,36,38,-1,40,-1,-1,42,-1,44,46,48,-1,-1,-1,-1,-1,-1,-1,-1,-1,-1,-1,-1,-1,-1,-1,-1],"split_conditions":[NaN,NaN,3.7E1,-1.596874E-1,4E0,NaN,NaN,NaN,NaN,-1.387349E-1,2E0,-1.7519011E0,NaN,-4.9237484E-1,NaN,2.1E1,1.5E1,NaN,NaN,-5.4734904E-1,NaN,2E0,4E0,1E1,5.2256506E-2,NaN,-7.8807586E-1,-1.1230617E1,NaN,-1.0148021E-1,4E0,NaN,2E0,1.5899824E0,-2.1635817E-1,-2.111695E-1,-4.9733654E-1,-1.5581359E-1,-3.162883E-1,1.0051794E-2,-3.0961722E-1,-5.692449E-1,-2.1850933E-1,-1.164171E0,-2.658982E-1,4.7009677E-1,-4.8072615E-1,-1.6531453E-1,-4.7176352E-1],"split_indices":[4,4,1,0,1,4,3,2,5,0,1,0,2,0,5,1,1,2,4,0,5,0,0,1,0,5,0,0,5,0,1,2,0,0,0,0,0,0,0,0,0,0,0,0,0,0,0,0,0],"split_type":[1,1,0,0,0,1,1,1,1,0,0,0,1,0,1,0,0,1,1,0,1,0,0,0,0,1,0,0,1,0,0,1,0,0,0,0,0,0,0,0,0,0,0,0,0,0,0,0,0],"sum_hessian":[1.0412372E3,3.7365283E2,6.675844E2,1.4226677E2,2.3138605E2,4.48513E2,2.1907138E2,1.4972038E2,8.1665665E1,1.1277639E2,3.3573663E2,3.499957E1,1.8407181E2,8.45823E1,6.513809E1,3.111073E1,5.0554935E1,4.7314236E1,2.884224E2,1.12452324E2,7.161949E1,3.8888412E0,6.124925E1,2.6897818E1,4.212911E0,4.8610516E1,1.9444206E0,2.2684908E0,4.5045742E1,9.689696E1,1.9152542E2,2.4305258E1,4.7314236E1,1.6203505E0,2.2684908E0,5.5091915E0,5.5740055E1,2.1064556E1,5.8332615E0,3.5647712E0,4.5045742E1,3.8564342E1,6.481402E0,3.9860622E1,1.5166481E2,3.5647712E0,2.0740486E1,2.5925608E0,4.4721672E1],"tree_param":{"num_deleted":"0","num_feature":"6","num_nodes":"49","size_leaf_vector":"0"}},{"base_weights":[-1.0756129E0,-9.245986E-1,-1.6741487E0,-1.9324273E-2,-1.0995318E0,-1.7818031E1,-4.609848E-1,-7.873704E-1,-3.8155386E-1,-8.144925E-1,-2.023432E1,-1.1139083E-2,-8.2797503E-1,-8.901842E-1,9.74534E-1,2.6155406E-1,-2.423262E0,-4.058385E0,-3.3460823E-1,-3.710501E-1,-7.972801E-1,-1.1527319E0,6.6253506E-2,-4.2724613E-2,-7.3361826E-1,-2.4853586E-1,-1.0954386E-1,-1.07823335E-1,1.23439446E-1,-1.3661493E-1,-1.5824851E0],"categories":[2,1,2,2,2,1,1,1],"categories_nodes":[0,1,6,7,9,16,18,20],"categories_segments":[0,1,2,3,4,5,6,7],"categories_sizes":[1,1,1,1,1,1,1,1],"default_left":[0,0,1,0,0,0,0,0,0,0,0,0,1,0,0,0,0,0,0,0,0,0,0,0,0,0,0,0,0,0,0],"id":1,"left_children":[1,3,5,-1,7,9,11,13,-1,15,-1,-1,17,19,-1,-1,21,-1,23,-1,25,-1,-1,27,29,-1,-1,-1,-1,-1,-1],"loss_changes":[9.040491E1,1.2250433E2,3.9818535E3,0E0,3.540692E1,1.1939134E4,2.9604103E1,1.0387358E2,0E0,3.3578186E1,0E0,0E0,6.3495795E2,6.6821136E0,0E0,0E0,2.4114841E1,0E0,1.1529992E1,0E0,2.264946E0,0E0,0E0,8.546812E0,5.0511482E1,0E0,0E0,0E0,0E0,0E0,0E0],"parents":[2147483647,0,0,1,1,2,2,4,4,5,5,6,6,7,7,9,9,12,12,13,13,16,16,18,18,20,20,23,23,24,24],"right_children":[2,4,6,-1,8,10,12,14,-1,16,-1,-1,18,20,-1,-1,22,-1,24,-1,26,-1,-1,28,30,-1,-1,-1,-1,-1,-1],"split_conditions":[NaN,NaN,3E0,-1.9324273E-2,4E0,2E0,NaN,NaN,-3.8155386E-1,NaN,-2.023432E1,-1.1139083E-2,7E0,2E0,9.74534E-1,2.6155406E-1,NaN,-4.058385E0,NaN,-3.710501E-1,NaN,-1.1527319E0,6.6253506E-2,2.1E1,1.3E1,-2.4853586E-1,-1.0954386E-1,-1.07823335E-1,1.23439446E-1,-1.3661493E-1,-1.5824851E0],"split_indices":[4,4,1,0,1,0,4,2,0,4,0,0,1,1,0,0,3,0,5,0,3,0,0,1,1,0,0,0,0,0,0],"split_type":[1,1,0,0,0,0,1,1,0,1,0,0,0,0,0,0,1,0,1,0,1,0,0,0,0,0,0,0,0,0,0],"sum_hessian":[1.01631824E3,8.1358923E2,2.0272897E2,1.3772646E2,6.758628E2,1.32129965E1,1.8951598E2,2.4236632E2,4.3349646E2,1.0598332E1,2.6146636E0,8.845558E1,1.01060394E2,2.371054E2,5.2609115E0,5.39806E0,5.2002726E0,2.7912009E0,9.8269196E1,4.7512184E1,1.8959322E2,3.0890634E0,2.1112092E0,5.7392525E1,4.087667E1,1.7598134E2,1.3611873E1,3.393783E1,2.3454693E1,3.9553604E1,1.3230675E0],"tree_param":{"num_deleted":"0","num_feature":"6","num_nodes":"31","size_leaf_vector":"0"}},{"base_weights":[-6.4600235E-1,2.6427312E0,-1.2028505E0,4.4723396E0,-4.400134E-1,-1.4104338E0,5.0317943E-1,7.986804E-1,1.2558591E1,-5.536978E-1,8.799324E-1,-5.027847E-1,-9.728662E-1,1.658703E0,1.0313966E-1,-8.720733E-1,2.6341969E1,-2.4371263E-1,-7.3072994E-1,4.9797633E-1,-9.728241E-2,1.1481353E-1,-1.0037426E0,1.6981883E-1,-8.577363E-1,-2.6797645E0,1.3413333E0,1.112404E1,3.468266E0,1.7087716E-1,-2.433439E-1,-9.0801495E-1,1.2277802E-1,-1.0186659E0,2.157275E-1,-1.0326048E1,8.722746E-1,-1.4339007E-1,-1.4078109E0,-8.5468404E-2,1.9267304E-1,-1.8806382E-1,-8.0907923E-1,-2.6049164E-1,-3.3112976E-1,-5.326906E0,2.1615843E-1,4.5722765E-1,2.1078464E-2],"categories":[1,2,2,1,1,1,1,2,2],"categories_nodes":[0,2,3,5,9,12,14,25,36],"categories_segments":[0,1,2,3,4,5,6,7,8],"categories_sizes":[1,1,1,1,1,1,1,1,1],"default_left":[0,1,0,0,0,0,1,0,0,0,0,0,0,0,0,1,1,1,1,0,0,0,1,0,1,0,0,0,0,0,0,0,0,0,0,1,0,0,0,0,0,0,0,0,0,0,0,0,0],"id":2,"left_children":[1,3,5,7,9,11,13,-1,15,17,19,-1,21,-1,23,25,27,29,31,-1,-1,-1,33,-1,35,37,-1,-1,-1,39,-1,41,-1,43,-1,45,47,-1,-1,-1,-1,-1,-1,-1,-1,-1,-1,-1,-1],"loss_changes":[1.398404E3,6.2595966E2,2.3169403E2,9.840648E2,6.8069687E0,6.595715E1,1.4316176E2,0E0,2.3269536E3,1.9835129E0,4.037904E0,0E0,9.679199E0,0E0,3.0393667E1,8.2216194E1,5.513213E2,3.8599849E0,5.337493E0,0E0,0E0,0E0,6.3221283E0,0E0,3.7361154E2,2.4609287E1,0E0,0E0,0E0,2.3240988E0,0E0,9.159925E0,0E0,1.8048553E0,0E0,3.014353E2,1.0213432E1,0E0,0E0,0E0,0E0,0E0,0E0,0E0,0E0,0E0,0E0,0E0,0E0],"parents":[2147483647,0,0,1,1,2,2,3,3,4,4,5,5,6,6,8,8,9,9,10,10,12,12,14,14,15,15,16,16,17,17,18,18,22,22,24,24,25,25,29,29,31,31,33,33,35,35,36,36],"right_children":[2,4,6,8,10,12,14,-1,16,18,20,-1,22,-1,24,26,28,30,32,-1,-1,-1,34,-1,36,38,-1,-1,-1,40,-1,42,-1,44,-1,46,48,-1,-1,-1,-1,-1,-1,-1,-1,-1,-1,-1,-1],"split_conditions":[NaN,7E0,NaN,NaN,1.7E1,NaN,6E0,7.986804E-1,2E0,NaN,6E0,-5.027847E-1,NaN,1.658703E0,NaN,3E0,4E0,1E1,1.3E1,4.9797633E-1,-9.728241E-2,1.1481353E-1,2.3E1,1.6981883E-1,1.2E1,NaN,1.3413333E0,1.112404E1,3.468266E0,9E0,-2.433439E-1,1.1E1,1.2277802E-1,4E0,2.157275E-1,6E0,NaN,-1.4339007E-1,-1.4078109E0,-8.5468404E-2,1.9267304E-1,-1.8806382E-1,-8.0907923E-1,-2.6049164E-1,-3.3112976E-1,-5.326906E0,2.1615843E-1,4.5722765E-1,2.1078464E-2],