{"learner":{"attributes":{"best_ntree_limit":"5"},"feature_names":[],"feature_types":["q","q","c","c","c","c"],"gradient_booster":{"model":{"gbtree_model_param":{"num_parallel_tree":"1","num_trees":"5","size_leaf_vector":"0"},"tree_info":[0,0,0,0,0],"trees":[{"base_weights":[-7.117874E-1,3.1162992E-2,-1.3152394E0,1.617192E-1,-3.2957762E-1,-4.312579E-1,-5.9915094E0,-7.404168E-1,9.234897E-2,1.9882557E-1,-9.9844277E-1,-6.778937E0,-8.5083455E-1,4.553995E-2,-8.35608E-1,6.323468E-2,-2.0883474E-1,-4.9725943E0,6.217946E-2,-6.7327917E-1,-9.215162E-1,3.2633948E-1,-1.8253337E-1,-3.0154803E-1,-5.96055E-1,3.0213743E-1,-1.7610873E0,-6.41204E0,-8.7143704E-2,2.3682825E-1,-6.7768806E-1,6.9583064E-1,-3.838736E-1,-3.4256557E-1,-1.0084882E0,-3.687226E-2,1.7419386E-1,-1.5540811E-1,1.1026006E-1,1.5584126E0,-3.0764884E-1,-8.237035E-2,1.252074E-1,-2.8300266E0,1.1389258E-1,8.566177E-2,-1.0813825E-1,-4.3151455E0,1.8127593E-1,2.772602E-1,-3.394265E-1,-3.7035277E-1,-2.1572965E-1],"categories":[1,2,1,2,1,2,2,2,2,1,2,1,2,1,1],"categories_nodes":[0,1,5,6,8,12,13,14,17,18,19,24,28,33,34],"categories_segments":[0,1,2,3,4,5,6,7,8,9,10,11,12,13,14],"categories_sizes":[1,1,1,1,1,1,1,1,1,1,1,1,1,1,1],"default_left":[0,0,0,0,1,0,0,0,0,0,1,0,0,0,0,0,0,0,0,0,0,0,1,0,0,0,1,0,0,0,1,0,0,0,0,0,0,0,0,0,0,0,0,0,0,0,0,0,0,0,0,0,0],"id":0,"left_children":[1,3,5,-1,7,9,11,13,15,-1,17,-1,19,21,23,-1,25,27,29,31,33,35,37,-1,39,41,43,-1,45,-1,47,-1,-1,49,51,-1,-1,-1,-1,-1,-1,-1,-1,-1,-1,-1,-1,-1,-1,-1,-1,-1,-1],"loss_changes":[5.2075885E2,9.573325E1,2.64679E3,0E0,5.3036194E1,3.3579596E2,8.671902E3,1.16291275E1,5.4529505E0,0E0,1.5012572E3,0E0,3.6832047E-1,1.192183E0,5.0158157E0,0E0,3.4876354E1,6.009658E3,1.523046E2,5.0408237E1,2.3554802E0,1.0179114E0,2.1096768E0,0E0,1.5391528E2,2.3359926E0,1.8211699E2,0E0,6.0934415E0,0E0,2.4748306E3,0E0,0E0,9.559783E0,2.128933E0,0E0,0E0,0E0,0E0,0E0,0E0,0E0,0E0,0E0,0E0,0E0,0E0,0E0,0E0,0E0,0E0,0E0,0E0],"parents":[2147483647,0,0,1,1,2,2,4,4,5,5,6,6,7,7,8,8,10,10,12,12,13,13,14,14,16,16,17,17,18,18,19,19,20,20,21,21,22,22,24,24,25,25,26,26,28,28,30,30,33,33,34,34],"right_children":[2,4,6,-1,8,10,12,14,16,-1,18,-1,20,22,24,-1,26,28,30,32,34,36,38,-1,40,42,44,-1,46,-1,48,-1,-1,50,52,-1,-1,-1,-1,-1,-1,-1,-1,-1,-1,-1,-1,-1,-1,-1,-1,-1,-1],"split_conditions":[NaN,NaN,7.600001E1,1.617192E-1,3E0,NaN,NaN,4E0,NaN,1.9882557E-1,3E0,-6.778937E0,NaN,NaN,NaN,6.323468E-2,1.1E1,NaN,NaN,NaN,4E0,3E0,2E0,-3.0154803E-1,NaN,4E0,1.6E1,-6.41204E0,NaN,2.3682825E-1,7E0,6.9583064E-1,-3.838736E-1,NaN,NaN,-3.687226E-2,1.7419386E-1,-1.5540811E-1,1.1026006E-1,1.5584126E0,-3.0764884E-1,-8.237035E-2,1.252074E-1,-2.8300266E0,1.1389258E-1,8.566177E-2,-1.0813825E-1,-4.3151455E0,1.8127593E-1,2.772602E-1,-3.394265E-1,-3.7035277E-1,-2.1572965E-1],"split_indices":[4,4,1,0,1,4,2,0,3,0,1,0,5,5,2,0,0,2,4,2,0,0,0,0,5,1,1,0,5,0,1,0,0,4,3,0,0,0,0,0,0,0,0,0,0,0,0,0,0,0,0,0,0],"split_type":[1,1,0,0,0,1,1,0,1,0,0,0,1,1,1,0,0,1,1,1,0,0,0,0,1,0,0,0,1,0,0,0,0,1,1,0,0,0,0,0,0,0,0,0,0,0,0,0,0,0,0,0,0],"sum_hessian":[1.1604484E3,5.205332E2,6.399151E2,2.1596841E2,3.0456482E2,5.390985E2,1.0081659E2,1.5392743E2,1.5063737E2,1.840079E2,3.550906E2,2.3030363E1,7.7786224E1,1.6685263E1,1.3724217E2,1.0833671E2,4.2300667E1,7.402617E1,2.8106442E2,2.5145397E1,5.264083E1,7.2851152E0,9.400148E0,7.849124E1,5.8750927E1,3.243051E1,9.870155E0,1.6215256E1,5.7810913E1,1.4170723E2,1.393572E2,3.7600594E0,2.1385338E1,7.5201187E0,4.5120712E1,2.8200445E0,4.4650707E0,5.8750925E0,3.5250556E0,3.290052E0,5.5460876E1,5.1700816E0,2.726043E1,1.4100223E0,8.460134E0,2.4440386E1,3.3370525E1,1.1045175E1,1.2831203E2,2.8200445E0,4.700074E0,2.350037E1,2.1620342E1],"tree_param":{"num_deleted":"0","num_feature":"6","num_nodes":"53","size_leaf_vector":"0"}},{"base_weights":[2.4061784E-1,-7.996104E-1,3.012296E0,-9.999499E-1,8.058151E0,8.996983E0,1.009499E0,1.7571233E-1,-1.1043637E0,-7.224612E-1,1.6019041E1,2.2430473E1,3.8103812E0,4.5145288E-1,2.7100093E0,5.55762E-1,-7.424506E-1,-1.0180962E0,-2.2431505E0,2.174938E-1,-1.0566713E0,8.569824E0,4.9924784E0,6.7268443E0,-1.9902424E1,-5.8392715E-1,7.492494E-1,6.393287E-1,1.01435585E1,2.570327E-1,-2.812415E-1,-2.105493E0,4.0148684E-1,-3.2036597E-1,-7.4839866E-1,-4.904281E-1,-6.806798E0,-2.3040995E-2,1.4265351E-1,-2.2503245E-1,-1.3695335E0,7.986164E0,3.7695477E0,-1.4018331E1,4.323777E0,-8.911324E-1,-4.8398E-2,2.3166081E-1,-8.808709E-2,2.496966E-1,2.1295834E-1,-1.7290051E-1,3.4021728E-2,3.2520294E-1,-1.6158547E-1,-1.9392261E-1,-2.581847E-1,1.2593612E-1,-4.5591727E-1,-3.193895E0,-1.4117832E-1,2.8948907E-2,-1.424483E-1,-5.65683E-1,-7.189284E-2,2.0020638E0,-1.7762655E0,1.567467E0,3.4064168E-1,-3.4948945E-1,-1.4443606E-1,5.593497E-2,-2.4908923E-1,-1.2624863E-1,9.641532E-2,-5.6265503E-1,2.0659365E-1],"categories":[1,2,2,1,2,1,1,2,2,1,1,2,2,2,1,1,2,1,1],"categories_nodes":[1,5,6,7,8,9,11,15,17,19,20,23,24,27,32,34,35,36,45],"categories_segments":[0,1,2,3,4,5,6,7,8,9,10,11,12,13,14,15,16,17,18],"categories_sizes":[1,1,1,1,1,1,1,1,1,1,1,1,1,1,1,1,1,1,1],"default_left":[1,0,0,0,0,0,0,0,0,0,0,0,0,0,0,0,1,0,0,0,0,0,0,0,0,0,1,0,0,0,1,0,0,0,0,0,0,0,0,1,1,0,0,0,1,0,0,0,0,0,1,0,0,0,0,0,0,0,0,0,0,0,0,0,0,0,0,0,0,0,0,0,0,0,0,0,0],"id":1,"left_children":[1,3,5,7,9,11,13,15,17,19,-1,21,23,25,27,29,31,33,35,37,39,-1,-1,41,43,45,47,49,-1,-1,51,-1,53,-1,55,57,59,-1,-1,61,63,-1,65,-1,67,69,71,-1,73,-1,75,-1,-1,-1,-1,-1,-1,-1,-1,-1,-1,-1,-1,-1,-1,-1,-1,-1,-1,-1,-1,-1,-1,-1,-1,-1,-1],"loss_changes":[2.261907E3,1.0206475E3,2.5567666E3,6.880011E1,5.1067114E3,3.6455518E3,1.5205208E2,1.6621256E1,4.815619E1,3.8901792E0,0E0,4.714258E1,2.888981E3,3.8304012E1,2.5356804E3,8.662065E0,1.03515076E2,5.63443E0,2.7921652E2,3.3156744E-1,1.9727106E0,0E0,0E0,2.0306696E3,3.2016812E3,4.562477E0,1.9095688E0,2.970127E0,0E0,0E0,1.1826208E0,0E0,8.803115E0,0E0,3.3650208E-1,2.5559057E1,2.3156833E2,0E0,0E0,3.343957E-1,3.1478643E0,0E0,9.597106E2,0E0,3.6650696E0,1.4283838E0,2.2228997E0,0E0,6.0585713E-1,0E0,1.4467023E1,0E0,0E0,0E0,0E0,0E0,0E0,0E0,0E0,0E0,0E0,0E0,0E0,0E0,0E0,0E0,0E0,0E0,0E0,0E0,0E0,0E0,0E0,0E0,0E0,0E0,0E0],"parents":[2147483647,0,0,1,1,2,2,3,3,4,4,5,5,6,6,7,7,8,8,9,9,11,11,12,12,13,13,14,14,15,15,16,16,17,17,18,18,19,19,20,20,23,23,24,24,25,25,26,26,27,27,30,30,32,32,34,34,35,35,36,36,39,39,40,40,42,42,44,44,45,45,46,46,48,48,50,50],"right_children":[2,4,6,8,10,12,14,16,18,20,-1,22,24,26,28,30,32,34,36,38,40,-1,-1,42,44,46,48,50,-1,-1,52,-1,54,-1,56,58,60,-1,-1,62,64,-1,66,-1,68,70,72,-1,74,-1,76,-1,-1,-1,-1,-1,-1,-1,-1,-1,-1,-1,-1,-1,-1,-1,-1,-1,-1,-1,-1,-1,-1,-1,-1,-1,-1],"split_conditions":[3E0,NaN,7E0,1.1E1,3E0,NaN,NaN,NaN,NaN,NaN,1.6019041E1,NaN,6E0,1.2E1,3E0,NaN,2E0,NaN,3E0,NaN,NaN,8.569824E0,4.9924784E0,NaN,NaN,9E0,1.7E1,NaN,1.01435585E1,2.570327E-1,2E0,-2.105493E0,NaN,-3.2036597E-1,NaN,NaN,NaN,-2.3040995E-2,1.4265351E-1,2E0,2E0,7.986164E0,5E0,-1.4018331E1,2E0,NaN,1.1E1,2.3166081E-1,2E1,2.496966E-1,2E0,-1.7290051E-1,3.4021728E-2,3.2520294E-1,-1.6158547E-1,-1.9392261E-1,-2.581847E-1,1.2593612E-1,-4.5591727E-1,-3.193895E0,-1.4117832E-1,2.8948907E-2,-1.424483E-1,-5.65683E-1,-7.189284E-2,2.0020638E0,-1.7762655E0,1.567467E0,3.4064168E-1,-3.4948945E-1,-1.4443606E-1,5.593497E-2,-2.4908923E-1,-1.2624863E-1,9.641532E-2,-5.6265503E-1,2.0659365E-1],"split_indices":[1,2,1,0,0,4,4,4,4,5,0,5,1,1,0,5,0,2,1,3,4,0,0,4,5,1,1,4,0,0,1,0,4,0,5,5,5,0,0,1,1,0,1,0,0,2,1,0,1,0,0,0,0,0,0,0,0,0,0,0,0,0,0,0,0,0,0,0,0,0,0,0,0,0,0,0,0],"split_type":[0,1,0,0,0,1,1,1,1,1,0,1,0,0,0,1,0,1,0,1,1,0,0,1,1,0,0,1,0,0,0,0,1,0,1,1,1,0,0,0,0,0,0,0,0,1,0,0,0,0,0,0,0,0,0,0,0,0,0,0,0,0,0,0,0,0,0,0,0,0,0,0,0,0,0,0,0],