{"learner":{"attributes":{"best_ntree_limit":"8"},"feature_names":[],"feature_types":["q","q","c","c","c","c"],"gradient_booster":{"model":{"gbtree_model_param":{"num_parallel_tree":"1","num_trees":"3","size_leaf_vector":"0"},"tree_info":[0,0,0],"trees":[{"base_weights":[-3.6267045E-1,1.0537909E-2,-6.6513926E-1,7.3985815E-2,-1.5596355E-1,-2.2874275E-1,-2.798134E0,-3.6842662E-1,6.399803E-2,9.3913324E-2,-5.116957E-1,-2.6625776E0,-4.4497654E-1,-5.3462255E-1,-1.8994656E-1,3.5262085E-2,-7.201446E-2,-2.6031666E0,1.8036295E-2,-2.2905539E-1,-4.749499E-1,-5.410759E-1,-2.0911515E-1,1.0399088E0,-2.9503173E-1,2.0524819E-1,-8.7496597E-1,-1.3467853E1,-2.281308E-3,1.1608385E-1,-3.5654652E-1,2.0822531E-1,-6.0843945E-1,-1.6369736E-1,-4.4038782E-1,-1.6332605E-1,-5.1699173E-2,5.3844366E-2,-1.572427E-1,-3.9729246E-1,-5.7763368E-2,-7.25955E-2,8.857211E-2,-2.62833E0,2.7377652E-2,-4.2380104E0,-2.3520376E-1,7.632479E-2,-5.2216697E-2,-1.60279E0,8.087784E-2,-2.649122E-1,-4.6879858E-2,-1.6648011E-1,-8.494717E-2],"categories":[1,2,1,2,2,1,2,2,1,1,2,2,1,2,2,2,1],"categories_nodes":[0,1,5,6,7,8,14,17,18,19,20,21,22,24,27,28,34],"categories_segments":[0,1,2,3,4,5,6,7,8,9,10,11,12,13,14,15,16],"categories_sizes":[1,1,1,1,1,1,1,1,1,1,1,1,1,1,1,1,1],"default_left":[0,0,0,0,1,0,0,0,0,0,1,0,0,1,0,0,0,0,0,0,0,0,0,0,0,0,1,0,0,0,1,0,1,0,0,0,0,0,0,0,0,0,0,0,0,0,0,0,0,0,0,0,0,0,0],"id":0,"left_children":[1,3,5,-1,7,9,11,13,15,-1,17,-1,19,21,23,-1,25,27,29,31,33,35,37,-1,39,41,43,45,47,-1,49,-1,51,-1,53,-1,-1,-1,-1,-1,-1,-1,-1,-1,-1,-1,-1,-1,-1,-1,-1,-1,-1,-1,-1],"loss_changes":[2.568199E2,4.010905E1,1.169057E3,0E0,2.7989388E1,1.6024788E2,3.0469043E3,8.931923E0,2.1558113E0,0E0,7.605044E2,0E0,8.9333344E-1,2.1695328E-1,5.8039318E1,0E0,1.8860186E1,3.9199355E3,7.595609E1,7.709118E0,8.970451E-2,9.542847E-2,6.675866E-1,0E0,1.5058659E1,2.6143591E0,1.6635693E2,2.1283496E2,5.0237117E0,0E0,8.529877E2,0E0,1.7591405E0,0E0,1.5697689E0,0E0,0E0,0E0,0E0,0E0,0E0,0E0,0E0,0E0,0E0,0E0,0E0,0E0,0E0,0E0,0E0,0E0,0E0,0E0,0E0],"parents":[2147483647,0,0,1,1,2,2,4,4,5,5,6,6,7,7,8,8,10,10,12,12,13,13,14,14,16,16,17,17,18,18,19,19,20,20,21,21,22,22,24,24,25,25,26,26,27,27,28,28,30,30,32,32,34,34],"right_children":[2,4,6,-1,8,10,12,14,16,-1,18,-1,20,22,24,-1,26,28,30,32,34,36,38,-1,40,42,44,46,48,-1,50,-1,52,-1,54,-1,-1,-1,-1,-1,-1,-1,-1,-1,-1,-1,-1,-1,-1,-1,-1,-1,-1,-1,-1],"split_conditions":[NaN,NaN,7.600001E1,7.3985815E-2,3E0,NaN,NaN,NaN,NaN,9.3913324E-2,3E0,-2.6625776E0,4E0,2E0,NaN,3.5262085E-2,1.1E1,NaN,NaN,NaN,NaN,NaN,NaN,1.0399088E0,NaN,4E0,1.5E1,NaN,NaN,1.1608385E-1,7E0,2.0822531E-1,2E0,-1.6369736E-1,NaN,-1.6332605E-1,-5.1699173E-2,5.3844366E-2,-1.572427E-1,-3.9729246E-1,-5.7763368E-2,-7.25955E-2,8.857211E-2,-2.62833E0,2.7377652E-2,-4.2380104E0,-2.3520376E-1,7.632479E-2,-5.2216697E-2,-1.60279E0,8.087784E-2,-2.649122E-1,-4.6879858E-2,-1.6648011E-1,-8.494717E-2],"split_indices":[4,4,1,0,1,4,2,2,3,0,1,0,0,1,5,0,0,2,4,4,5,5,3,0,2,1,1,5,5,0,1,0,0,0,3,0,0,0,0,0,0,0,0,0,0,0,0,0,0,0,0,0,0,0,0],"split_type":[1,1,0,0,0,1,1,1,1,0,0,0,0,0,1,0,0,1,1,1,1,1,1,0,1,0,0,1,1,0,0,0,0,0,1,0,0,0,0,0,0,0,0,0,0,0,0,0,0,0,0,0,0,0,0],"sum_hessian":[2.274018E3,1.01840265E3,1.2556154E3,4.2099503E2,5.974076E2,1.0432754E3,2.1233995E2,3.035402E2,2.9386743E2,3.5789185E2,6.853836E2,5.8497124E1,1.5384282E2,1.5614586E2,1.4739432E2,2.1095813E2,8.290931E1,1.3772157E2,5.4766205E2,1.9806112E1,1.3403671E2,1.52461E2,3.684858E0,3.2242508E0,1.4417007E2,6.218198E1,2.0727327E1,2.5794006E1,1.1192757E2,2.7590375E2,2.7175827E2,5.527287E0,1.4278825E1,3.915162E1,9.488509E1,1.5061858E2,1.842429E0,1.842429E0,1.842429E0,1.1975789E1,1.3219429E2,1.013336E1,5.2048622E1,1.3818218E0,1.9345505E1,2.4412186E1,1.3818218E0,4.4678905E1,6.724866E1,2.9478865E1,2.4227942E2,8.290931E0,5.9878945E0,5.3430443E1,4.1454655E1],"tree_param":{"num_deleted":"0","num_feature":"6","num_nodes":"55","size_leaf_vector":"0"}},{"base_weights":[2.1096641E-1,-3.7226596E-1,1.3010591E0,-6.951403E-1,3.431743E0,8.3401144E-1,2.6373827E0,-2.7204284E-1,-3.3412275E-1,1.9616096E1,-4.8253584E-1,1.0278442E0,-4.226802E-1,5.058498E-1,3.1420044E1,-2.3181336E-1,-7.3094356E-1,-8.79073E-1,1.852125E1,-5.4618675E-1,-3.7933487E-1,1.3062627E0,2.5256068E-1,-6.434632E-1,-1.8909368E-1,1.0980802E0,2.0102282E-1,3.6546584E-2,-3.4674555E-1,-1.3880627E-1,-4.8423066E0,-3.127488E-1,-4.6771201E-1,-1.7427857E-1,3.2752465E-2,-1.4923173E-1,-5.756289E-1,1.4508018E0,9.798335E-1,1.2102371E-2,-6.842718E-1,1.1528284E-2,-3.5434595E-1,6.914214E-1,-3.5558134E-2,1.3608983E-1,4.0320724E-1,-4.9107943E-2,-1.3992971E-1,7.139606E-2,-1.8134877E-1,-2.786173E-1,-4.926831E-2,2.577817E-3,1.3379746E-2,-5.7847623E-2,3.742185E-2,-1.23775035E-1,-2.2577561E-1,6.734728E-1,4.1312644E-1,-3.021587E-1,3.5316047E-1,-2.9248512E-1,-1.8504433E-1,-3.261521E-2,4.5372084E-2,-1.2879017E-1,3.6077634E-2,-3.6570804E0,4.4185188E-1,2.3216637E-2,1.0639593E-1,1.484613E-1,2.3754213E-3],"categories":[1,2,2,2,1,2,1,2,1,1,2,1,1,1,1,2,1],"categories_nodes":[1,2,3,4,8,15,19,20,21,23,25,29,32,35,36,44,46],"categories_segments":[0,1,2,3,4,5,6,7,8,9,10,11,12,13,14,15,16],"categories_sizes":[1,1,1,1,1,1,1,1,1,1,1,1,1,1,1,1,1],"default_left":[1,0,0,0,0,1,0,0,0,0,1,0,0,0,0,0,0,1,0,0,0,0,0,0,0,0,0,0,0,0,0,0,0,0,0,0,0,0,1,0,0,0,0,0,0,0,0,0,0,0,0,0,0,0,0,0,0,0,0,0,0,0,0,0,0,0,0,0,0,0,0,0,0,0,0],"id":1,"left_children":[1,3,5,7,9,11,13,-1,15,17,19,21,23,25,-1,27,29,31,-1,33,35,37,-1,39,41,43,45,-1,47,49,-1,-1,51,-1,53,55,57,59,61,-1,63,65,67,-1,69,71,73,-1,-1,-1,-1,-1,-1,-1,-1,-1,-1,-1,-1,-1,-1,-1,-1,-1,-1,-1,-1,-1,-1,-1,-1,-1,-1,-1,-1],"loss_changes":[1.1812666E3,1.4893546E3,4.019557E2,8.50376E1,6.0206074E3,1.17675354E2,3.6342992E4,0E0,1.6652763E1,1.6028256E4,3.011341E-1,2.0506805E1,3.2318192E0,2.9535511E1,0E0,1.3490847E1,7.685219E2,4.1546822E-1,0E0,9.35997E-1,1.3953342E0,6.377411E0,0E0,9.488306E-1,1.0985656E0,7.639254E1,1.389821E0,0E0,5.4005756E0,1.45939245E1,0E0,0E0,6.355976E-1,0E0,6.264101E-4,2.2048473E-1,1.8999529E-1,3.4931488E0,2.228843E1,0E0,1.060009E-2,2.8320882E-1,6.967082E-1,0E0,5.6336115E2,1.0605594E0,9.46877E-1,0E0,0E0,0E0,0E0,0E0,0E0,0E0,0E0,0E0,0E0,0E0,0E0,0E0,0E0,0E0,0E0,0E0,0E0,0E0,0E0,0E0,0E0,0E0,0E0,0E0,0E0,0E0,0E0],"parents":[2147483647,0,0,1,1,2,2,3,3,4,4,5,5,6,6,8,8,9,9,10,10,11,11,12,12,13,13,15,15,16,16,17,17,19,19,20,20,21,21,23,23,24,24,25,25,26,26,28,28,29,29,32,32,34,34,35,35,36,36,37,37,38,38,40,40,41,41,42,42,44,44,45,45,46,46],"right_children":[2,4,6,8,10,12,14,-1,16,18,20,22,24,26,-1,28,30,32,-1,34,36,38,-1,40,42,44,46,-1,48,50,-1,-1,52,-1,54,56,58,60,62,-1,64,66,68,-1,70,72,74,-1,-1,-1,-1,-1,-1,-1,-1,-1,-1,-1,-1,-1,-1,-1,-1,-1,-1,-1,-1,-1,-1,-1,-1,-1,-1,-1,-1],"split_conditions":[3E0,NaN,NaN,NaN,NaN,7E0,4.000001E1,-2.7204284E-1,NaN,3E0,2E0,7E0,9E0,7E0,3.1420044E1,NaN,3E0,2E0,1.852125E1,NaN,NaN,NaN,2.5256068E-1,NaN,1.1E1,NaN,1.7E1,3.6546584E-2,3E0,NaN,-4.8423066E0,-3.127488E-1,NaN,-1.7427857E-1,2E0,NaN,NaN,6E0,5E0,1.2102371E-2,4E0,1E1,2E1,6.914214E-1,NaN,4E0,NaN,-4.9107943E-2,-1.3992971E-1,7.139606E-2,-1.8134877E-1,-2.786173E-1,-4.926831E-2,2.577817E-3,1.3379746E-2,-5.7847623E-2,3.742185E-2,-1.23775035E-1,-2.2577561E-1,6.734728E-1,4.1312644E-1,-3.021587E-1,3.5316047E-1,-2.9248512E-1,-1.8504433E-1,-3.261521E-2,4.5372084E-2,-1.2879017E-1,3.6077634E-2,-3.6570804E0,4.4185188E-1,2.3216637E-2,1.0639593E-1,1.484613E-1,2.3754213E-3],"split_indices":[1,2,4,2,5,1,0,0,5,0,1,1,1,1,0,2,1,1,0,2,4,2,0,5,1,4,1,0,1,5,0,0,4,0,0,3,3,1,1,0,0,1,1,0,2,0,5,0,0,0,0,0,0,0,0,0,0,0,0,0,0,0,0,0,0,0,0,0,0,0,0,0,0,0,0],"split_type":[0,1,1,1,1,0,0,0,1,0,0,0,0,0,0,1,0,0,0,1,1,1,0,1,0,1,0,0,0,1,0,0,1,0,0,1,1,0,0,0,0,0,0,0,1,0,1,0,0,0,0,0,0,0,0,0,0,0,0,0,0,0,0,0,0,0,0,0,0,0,0,0,0,0,0],