{"learner":{"attributes":{"best_ntree_limit":"1"},"feature_names":[],"feature_types":["q","q","q","c","c","c","c","c","c"],"gradient_booster":{"model":{"gbtree_model_param":{"num_parallel_tree":"1","num_trees":"1","size_leaf_vector":"0"},"tree_info":[0],"trees":[{"base_weights":[-7.117874E-1,2.728894E-2,-1.2989571E0,4.8830062E-1,-3.3155674E-1,-6.543695E-1,-3.9822735E1,1.3969633E-1,9.8289853E-1,-7.910693E-1,1.3396375E-1,1.3890722E-1,-1.1556158E0,-5.3742424E1,8.9038557E-1,4.3120405E-1,5.7507974E-1,-1.1780726E-1,-8.541657E-1,3.756269E-1,-1.8223915E-1,-4.545672E-1,-2.4636738E1,3.719805E-1,-5.7989832E-2,3.324469E-1,-2.913488E-1,2.7206892E-1,-3.5189918E-1,-6.358457E-1,-1.0010943E0,-9.33682E-2,5.131777E-1,-2.1595703E-1,2.6037067E-1,1.3381813E-1,-9.9144465E-1,-7.942988E1,8.2195884E-1,1.2798778E-2,1.3462448E-1,4.7935E-2,-3.7831762E-1,-3.4788977E-2,-3.0280986E-1,-2.6683E-1,-3.5206765E-1,7.3613405E-2,1.602739E0,-4.9524814E-2,-2.5974727E-1,1.4702542E-4,-3.320319E1,-3.364337E1,1.2244079E-1,3.2458544E-1,4.166086E-2],"categories":[1,1,1,2,1,2,1,1,1],"categories_nodes":[0,3,5,8,14,17,19,21,38],"categories_segments":[0,1,2,3,4,5,6,7,8],"categories_sizes":[1,1,1,1,1,1,1,1,1],"default_left":[0,1,0,0,1,0,1,0,0,0,0,0,0,0,0,0,0,0,0,0,0,0,1,0,0,0,0,0,0,0,0,0,0,0,0,0,0,1,0,0,0,0,0,0,0,0,0,0,0,0,0,0,0,0,0,0,0],"id":0,"left_children":[1,3,5,7,9,11,13,-1,15,17,19,-1,21,-1,23,-1,25,27,29,31,33,35,37,-1,-1,-1,-1,39,41,43,45,-1,47,49,-1,-1,51,53,55,-1,-1,-1,-1,-1,-1,-1,-1,-1,-1,-1,-1,-1,-1,-1,-1,-1,-1],"loss_changes":[5.0406134E2,8.5390526E1,1.6046674E4,2.072548E0,6.220255E1,3.576621E2,6.0483125E4,0E0,8.3957386E-1,6.1113815E0,1.1152945E1,0E0,7.239342E3,0E0,3.73417E0,0E0,6.355692E0,1.3452023E0,3.6471481E0,7.9584684E0,2.4362617E0,2.0773341E2,1.785131E4,0E0,0E0,0E0,0E0,2.11887E-1,4.3837123E0,1.0846905E1,4.5985413E-1,0E0,8.812084E1,1.9179914E0,0E0,0E0,2.925716E4,1.0637053E4,1.571588E0,0E0,0E0,0E0,0E0,0E0,0E0,0E0,0E0,0E0,0E0,0E0,0E0,0E0,0E0,0E0,0E0,0E0,0E0],"parents":[2147483647,0,0,1,1,2,2,3,3,4,4,5,5,6,6,8,8,9,9,10,10,12,12,14,14,16,16,17,17,18,18,19,19,20,20,21,21,22,22,27,27,28,28,29,29,30,30,32,32,33,33,36,36,37,37,38,38],"right_children":[2,4,6,8,10,12,14,-1,16,18,20,-1,22,-1,24,-1,26,28,30,32,34,36,38,-1,-1,-1,-1,40,42,44,46,-1,48,50,-1,-1,52,54,56,-1,-1,-1,-1,-1,-1,-1,-1,-1,-1,-1,-1,-1,-1,-1,-1,-1,-1],"split_conditions":[NaN,2.1E1,4.4E1,NaN,3E0,NaN,1.5E1,1.3969633E-1,NaN,3E0,3.4E1,1.3890722E-1,3.3E1,-5.3742424E1,NaN,4.3120405E-1,8E0,NaN,2.5E1,NaN,2.8E1,NaN,1.7E1,3.719805E-1,-5.7989832E-2,3.324469E-1,-2.913488E-1,3E1,2.3E1,3E0,3.5E1,-9.33682E-2,9E0,2E1,2.6037067E-1,1.3381813E-1,2.6E1,4E0,NaN,1.2798778E-2,1.3462448E-1,4.7935E-2,-3.7831762E-1,-3.4788977E-2,-3.0280986E-1,-2.6683E-1,-3.5206765E-1,7.3613405E-2,1.602739E0,-4.9524814E-2,-2.5974727E-1,1.4702542E-4,-3.320319E1,-3.364337E1,1.2244079E-1,3.2458544E-1,4.166086E-2],"split_indices":[7,0,0,3,2,7,2,0,8,1,0,0,0,0,7,0,1,8,0,3,2,7,2,0,0,0,0,0,0,2,0,0,2,2,0,0,2,1,8,0,0,0,0,0,0,0,0,0,0,0,0,0,0,0,0,0,0],"split_type":[1,0,0,1,0,1,0,0,1,0,0,0,0,0,1,0,0,1,0,1,0,1,0,0,0,0,0,0,0,0,0,0,0,0,0,0,0,0,1,0,0,0,0,0,0,0,0,0,0,0,0,0,0,0,0,0,0],"sum_hessian":[1.1604484E3,5.141881E2,6.462602E2,2.2489854E2,2.8928958E2,6.3662506E2,9.635152E0,2.1690842E2,7.990126E0,1.452323E2,1.4405728E2,1.971681E2,4.3945694E2,1.4100223E0,8.22513E0,2.5850408E0,5.4050856E0,1.2690201E1,1.325421E2,8.154629E1,6.2510986E1,4.2770676E2,1.1750185E1,6.1100965E0,2.1150334E0,4.230067E0,1.1750185E0,4.700074E0,7.990126E0,5.5460876E1,7.7081215E1,1.3395211E1,6.815108E1,6.1335968E1,1.1750185E0,1.5980252E2,2.6790424E2,3.0550482E0,8.695137E0,2.5850408E0,2.1150334E0,5.640089E0,2.350037E0,2.3735374E1,3.17255E1,5.05258E1,2.655542E1,6.556603E1,2.5850408E0,5.8045918E1,3.290052E0,2.664942E2,1.4100223E0,1.8800297E0,1.1750185E0,5.8750925E0,2.8200445E0],"tree_param":{"num_deleted":"0","num_feature":"9","num_nodes":"57","size_leaf_vector":"0"}}]},"name":"gbtree"},"learner_model_param":{"base_score":"5E-1","num_class":"0","num_feature":"9","num_target":"1"},"objective":{"name":"reg:squarederror","reg_loss_param":{"scale_pos_weight":"1"}}},"version":[1,6,2]}