{"learner":{"attributes":{"best_ntree_limit":"1"},"feature_names":[],"feature_types":["q","q","c","c","c","c"],"gradient_booster":{"model":{"gbtree_model_param":{"num_parallel_tree":"1","num_trees":"1","size_leaf_vector":"0"},"tree_info":[0],"trees":[{"base_weights":[-7.117874E-1,3.842472E-2,-1.3087989E0,1.5557551E-1,-3.1587186E-1,-4.3909213E-1,-5.7987747E0,-7.6118714E-1,1.7507322E-1,1.9204235E-1,-1.0027877E0,-5.2239084E0,-8.427174E-1,-1.1247576E0,-3.628527E-1,8.554604E-2,-9.3301505E-2,-5.413734E0,1.0595504E-1,-2.545986E-1,-2.74243E-1,-3.4757063E-1,-2.2068235E-1,2.202136E0,-1.1088189E0,3.9724597E-1,-9.7618514E-1,-4.066294E1,-1.6519449E0,2.3002328E-1,-5.7756436E-1,2.891232E-1,-9.861797E-1,-8.3910294E-2,2.11935E0,-5.175581E-1,8.228729E-3,1.7173235E-1,-1.5506166E-1,-2.195504E0,9.613874E-2,-2.9372581E1,1.4523487E-1,-5.5573267E-1,-1.8070945E-1,-4.3587766E0,1.6613579E-1,-4.2012018E-1,2.117185E-3],"categories":[1,2,1,2,2,1,1,1,1,1,1,2,2,1],"categories_nodes":[0,1,5,6,7,8,13,14,17,18,19,24,28,32],"categories_segments":[0,1,2,3,4,5,6,7,8,9,10,11,12,13],"categories_sizes":[1,1,1,1,1,1,1,1,1,1,1,1,1,1],"default_left":[0,0,0,0,1,0,0,0,0,0,1,0,0,0,0,0,0,0,0,0,0,0,0,0,0,0,1,1,0,0,1,0,0,0,0,0,0,0,0,0,0,0,0,0,0,0,0,0,0],"id":0,"left_children":[1,3,5,-1,7,9,11,13,15,-1,17,-1,19,21,23,-1,25,27,29,31,-1,-1,-1,33,35,37,39,41,43,-1,45,-1,47,-1,-1,-1,-1,-1,-1,-1,-1,-1,-1,-1,-1,-1,-1,-1,-1],"loss_changes":[5.202459E2,8.788714E1,2.5231455E3,0E0,6.513925E1,3.3093134E2,6.021831E3,2.219905E1,4.2286844E0,0E0,1.7466694E3,0E0,2.8991318E0,2.1530151E-1,1.4779507E2,0E0,1.8632252E1,9.445042E3,1.2975125E2,9.382398E0,0E0,0E0,0E0,2.1255856E2,4.172957E1,4.7464895E0,1.2845522E2,1.6241612E4,1.274382E1,0E0,2.2383164E3,0E0,2.6450596E0,0E0,0E0,0E0,0E0,0E0,0E0,0E0,0E0,0E0,0E0,0E0,0E0,0E0,0E0,0E0,0E0],"parents":[2147483647,0,0,1,1,2,2,4,4,5,5,6,6,7,7,8,8,10,10,12,12,13,13,14,14,16,16,17,17,18,18,19,19,23,23,24,24,25,25,26,26,27,27,28,28,30,30,32,32],"right_children":[2,4,6,-1,8,10,12,14,16,-1,18,-1,20,22,24,-1,26,28,30,32,-1,-1,-1,34,36,38,40,42,44,-1,46,-1,48,-1,-1,-1,-1,-1,-1,-1,-1,-1,-1,-1,-1,-1,-1,-1,-1],"split_conditions":[NaN,NaN,7.600001E1,1.5557551E-1,3E0,NaN,NaN,NaN,NaN,1.9204235E-1,3E0,-5.2239084E0,4E0,NaN,NaN,8.554604E-2,5E0,NaN,NaN,NaN,-2.74243E-1,-3.4757063E-1,-2.2068235E-1,6E0,NaN,1.4E1,1.4E1,3E0,NaN,2.3002328E-1,7E0,2.891232E-1,NaN,-8.3910294E-2,2.11935E0,-5.175581E-1,8.228729E-3,1.7173235E-1,-1.5506166E-1,-2.195504E0,9.613874E-2,-2.9372581E1,1.4523487E-1,-5.5573267E-1,-1.8070945E-1,-4.3587766E0,1.6613579E-1,-4.2012018E-1,2.117185E-3],"split_indices":[4,4,1,0,1,4,2,2,3,0,1,0,0,5,5,0,0,2,4,4,0,0,0,0,2,1,1,0,5,0,1,0,3,0,0,0,0,0,0,0,0,0,0,0,0,0,0,0,0],"split_type":[1,1,0,0,0,1,1,1,1,0,0,0,0,1,1,0,0,1,1,1,0,0,0,0,1,0,0,0,1,0,0,0,1,0,0,0,0,0,0,0,0,0,0,0,0,0,0,0,0],"sum_hessian":[1.1604484E3,5.1465814E2,6.457902E2,2.1831845E2,2.963397E2,5.419186E2,1.0387164E2,1.5510245E2,1.4123723E2,1.8588794E2,3.560306E2,3.031548E1,7.355616E1,8.013627E1,7.496619E1,1.0011158E2,4.112565E1,7.0736115E1,2.852945E2,8.460134E0,6.509603E1,7.191113E1,8.22513E0,1.645026E1,5.8515923E1,2.6790422E1,1.4335226E1,5.8750925E0,6.486102E1,1.4499728E2,1.4029721E2,3.0550482E0,5.4050856E0,1.1515182E1,4.9350777E0,3.7600594E1,2.091533E1,2.279536E1,3.995063E0,1.645026E0,1.2690201E1,1.8800297E0,3.995063E0,5.381585E1,1.1045175E1,9.635152E0,1.3066206E2,3.5250556E0,1.8800297E0],"tree_param":{"num_deleted":"0","num_feature":"6","num_nodes":"49","size_leaf_vector":"0"}}]},"name":"gbtree"},"learner_model_param":{"base_score":"5E-1","num_class":"0","num_feature":"6","num_target":"1"},"objective":{"name":"reg:squarederror","reg_loss_param":{"scale_pos_weight":"1"}}},"version":[1,6,2]}