{"learner":{"attributes":{"best_ntree_limit":"1"},"feature_names":[],"feature_types":["q","q","c","c","c","c"],"gradient_booster":{"model":{"gbtree_model_param":{"num_parallel_tree":"1","num_trees":"1","size_leaf_vector":"0"},"tree_info":[0],"trees":[{"base_weights":[-1.9545872E0,-1.3920525E0,-2.2673478E0,-2.276486E-1,-1.7416532E0,-1.7848413E0,-3.2522774E0,-2.0207167E0,-1.1766632E0,-1.9189174E-1,-2.146559E0,-2.1870556E0,-2.336644E0,-1.4558461E0,-6.2034124E-1,-3.923E-1,-1.3403279E0,-4.747343E0,-1.5784036E0,-7.54309E-1,-2.0208106E0,-5.866041E-1,-1.1002526E0,-6.392476E-1,1.4654179E-1,-3.428681E-1,-1.78298E0,-1.2717567E1,-2.2856753E0,-3.5403797E-1,-2.0698566E0,-1.1174651E0,-6.218146E-1,-4.9422643E-1,4.166086E-2,-8.8632524E-2,-2.4953575E-1,1.3462448E-1,-9.146257E-2,-3.351367E-1,-9.9137396E-1,-1.4157723E1,-5.32528E-1,-7.263087E-1,-4.038662E-1,-1.4158273E-1,9.187093E-2,-1.016257E0,-5.015028E-1,1.2244079E-1,-5.08071E-1],"categories":[1,2,1,1,2,2,1,1,1,1,1,2,1],"categories_nodes":[0,1,5,6,12,13,16,17,18,24,27,28,31],"categories_segments":[0,1,2,3,4,5,6,7,8,9,10,11,12],"categories_sizes":[1,1,1,1,1,1,1,1,1,1,1,1,1],"default_left":[0,0,0,0,1,0,0,0,0,0,1,0,0,0,0,0,0,0,0,0,0,0,0,0,0,0,0,0,0,1,1,0,0,0,0,0,0,0,0,0,0,0,0,0,0,0,0,0,0,0,0],"id":0,"left_children":[1,3,5,-1,7,9,11,13,15,-1,17,-1,19,21,-1,23,25,27,29,-1,31,-1,33,35,37,-1,39,41,43,45,47,49,-1,-1,-1,-1,-1,-1,-1,-1,-1,-1,-1,-1,-1,-1,-1,-1,-1,-1,-1],"loss_changes":[1.2982373E2,5.903955E1,2.2428857E2,0E0,2.5198914E1,1.3416016E2,5.6706506E2,6.652832E-2,7.2049026E0,0E0,3.5929468E2,0E0,2.2299194E0,2.9819489E-2,0E0,1.6652048E0,2.280487E0,8.3432526E2,1.2275073E2,0E0,1.21780396E-1,0E0,6.6428328E0,3.0269527E-1,7.5412554E-1,0E0,9.940769E0,3.7509287E3,1.171051E0,4.814388E0,7.106073E1,5.081397E0,0E0,0E0,0E0,0E0,0E0,0E0,0E0,0E0,0E0,0E0,0E0,0E0,0E0,0E0,0E0,0E0,0E0,0E0,0E0],"parents":[2147483647,0,0,1,1,2,2,4,4,5,5,6,6,7,7,8,8,10,10,12,12,13,13,15,15,16,16,17,17,18,18,20,20,22,22,23,23,24,24,26,26,27,27,28,28,29,29,30,30,31,31],"right_children":[2,4,6,-1,8,10,12,14,16,-1,18,-1,20,22,-1,24,26,28,30,-1,32,-1,34,36,38,-1,40,42,44,46,48,50,-1,-1,-1,-1,-1,-1,-1,-1,-1,-1,-1,-1,-1,-1,-1,-1,-1,-1,-1],"split_conditions":[NaN,NaN,7.600001E1,-2.276486E-1,4E0,NaN,NaN,5E0,5E0,-1.9189174E-1,2E0,-2.1870556E0,NaN,NaN,-6.2034124E-1,2E0,NaN,NaN,NaN,-7.54309E-1,2E0,-5.866041E-1,3E0,8E0,NaN,-3.428681E-1,5E0,NaN,NaN,1E1,3E0,NaN,-6.218146E-1,-4.9422643E-1,4.166086E-2,-8.8632524E-2,-2.4953575E-1,1.3462448E-1,-9.146257E-2,-3.351367E-1,-9.9137396E-1,-1.4157723E1,-5.32528E-1,-7.263087E-1,-4.038662E-1,-1.4158273E-1,9.187093E-2,-1.016257E0,-5.015028E-1,1.2244079E-1,-5.08071E-1],"split_indices":[4,4,1,0,1,4,3,0,0,0,1,0,2,2,0,0,2,2,5,0,0,0,1,1,3,0,1,5,5,1,1,4,0,0,0,0,0,0,0,0,0,0,0,0,0,0,0,0,0,0,0],"split_type":[1,1,0,0,0,1,1,0,0,0,0,0,1,1,0,0,1,1,1,0,0,0,0,0,1,0,0,1,1,0,0,1,0,0,0,0,0,0,0,0,0,0,0,0,0,0,0,0,0,0,0],"sum_hessian":[7.548319E2,2.7166428E2,4.8316763E2,9.776154E1,1.7390274E2,3.2618515E2,1.5698248E2,1.1468181E2,5.9220936E1,7.896124E1,2.472239E2,2.7730438E1,1.2925204E2,1.1280178E1,1.03401634E2,1.0810171E1,4.8410763E1,4.300568E1,2.0421823E2,7.825623E1,5.0995804E1,2.8200445E0,8.460134E0,7.2851152E0,3.5250556E0,3.5955566E1,1.2455196E1,9.165145E0,3.3840534E1,5.898593E1,1.452323E2,3.995063E0,4.700074E1,5.640089E0,2.8200445E0,3.5250556E0,3.7600594E0,2.1150334E0,1.4100223E0,9.870155E0,2.5850408E0,1.4100223E0,7.755122E0,2.8200445E1,5.640089E0,5.0290794E1,8.695137E0,3.1960505E1,1.1327179E2,1.1750185E0,2.8200445E0],"tree_param":{"num_deleted":"0","num_feature":"6","num_nodes":"51","size_leaf_vector":"0"}}]},"name":"gbtree"},"learner_model_param":{"base_score":"5E-1","num_class":"0","num_feature":"6","num_target":"1"},"objective":{"name":"reg:squarederror","reg_loss_param":{"scale_pos_weight":"1"}}},"version":[1,6,2]}