{"learner":{"attributes":{"best_ntree_limit":"4"},"feature_names":[],"feature_types":["q","q","c","c","c","c"],"gradient_booster":{"model":{"gbtree_model_param":{"num_parallel_tree":"1","num_trees":"4","size_leaf_vector":"0"},"tree_info":[0,0,0,0],"trees":[{"base_weights":[-6.9810885E-1,-5.4521468E-2,-1.2208428E0,1.1597157E-1,-3.6751357E-1,-4.5412928E-1,-5.2816606E0,-7.246208E-1,-5.368508E-4,1.4820862E-1,-9.4547117E-1,-5.9307914E0,-8.206896E-1,-3.7834268E-2,-8.0735123E-1,3.0816887E-2,-2.617305E-1,-4.3942084E0,-2.6370361E-2,-6.676461E-1,-8.817267E-1,2.1385519E-1,-2.344889E-1,-2.8626892E-1,-6.000377E-1,1.8361272E-1,-1.6211418E0,-5.616654E0,-1.5694243E-1,1.813116E-1,-6.6751915E-1,6.017696E-1,-3.5936403E-1,-3.7437147E-1,-9.5758635E-1,-5.2094117E-2,1.3409398E-1,-1.5814108E-1,7.832049E-2,1.3662091E0,-2.9146096E-1,1.6678127E-2,1.8117245E-1,-2.6053185E0,7.722784E-2,5.066926E-2,-1.1814301E-1,-3.799208E0,1.3309358E-1,2.3060067E-1,-3.2194752E-1,-3.46509E-1,-2.1195641E-1],"categories":[1,2,1,2,1,2,2,2,2,1,2,1,2,1,1],"categories_nodes":[0,1,5,6,8,12,13,14,17,18,19,24,28,33,34],"categories_segments":[0,1,2,3,4,5,6,7,8,9,10,11,12,13,14],"categories_sizes":[1,1,1,1,1,1,1,1,1,1,1,1,1,1,1],"default_left":[0,0,0,0,1,0,0,0,0,0,1,0,0,0,0,0,0,0,0,0,0,0,1,0,0,0,1,0,0,0,1,0,0,0,0,0,0,0,0,0,0,0,0,0,0,0,0,0,0,0,0,0,0],"id":0,"left_children":[1,3,5,-1,7,9,11,13,15,-1,17,-1,19,21,23,-1,25,27,29,31,33,35,37,-1,39,41,43,-1,45,-1,47,-1,-1,49,51,-1,-1,-1,-1,-1,-1,-1,-1,-1,-1,-1,-1,-1,-1,-1,-1,-1,-1],"loss_changes":[4.4806293E2,8.2708305E1,2.2859578E3,0E0,4.5911137E1,2.8900162E2,7.5218794E3,1.0057777E1,4.7139E0,0E0,1.2940527E3,0E0,2.541008E-1,1.0468949E0,4.2512054E0,0E0,3.0276606E1,5.2126587E3,1.3117856E2,4.4706627E1,2.003849E0,9.2280614E-1,1.8462849E0,0E0,1.3536765E2,2.0216887E0,1.6572137E2,0E0,5.2614927E0,0E0,2.149666E3,0E0,0E0,8.513251E0,1.7989998E0,0E0,0E0,0E0,0E0,0E0,0E0,0E0,0E0,0E0,0E0,0E0,0E0,0E0,0E0,0E0,0E0,0E0,0E0],"parents":[2147483647,0,0,1,1,2,2,4,4,5,5,6,6,7,7,8,8,10,10,12,12,13,13,14,14,16,16,17,17,18,18,19,19,20,20,21,21,22,22,24,24,25,25,26,26,28,28,30,30,33,33,34,34],"right_children":[2,4,6,-1,8,10,12,14,16,-1,18,-1,20,22,24,-1,26,28,30,32,34,36,38,-1,40,42,44,-1,46,-1,48,-1,-1,50,52,-1,-1,-1,-1,-1,-1,-1,-1,-1,-1,-1,-1,-1,-1,-1,-1,-1,-1],"split_conditions":[NaN,NaN,7.600001E1,1.1597157E-1,3E0,NaN,NaN,4E0,NaN,1.4820862E-1,3E0,-5.9307914E0,NaN,NaN,NaN,3.0816887E-2,1.1E1,NaN,NaN,NaN,4E0,3E0,2E0,-2.8626892E-1,NaN,3E0,1.6E1,-5.616654E0,NaN,1.813116E-1,7E0,6.017696E-1,-3.5936403E-1,NaN,NaN,-5.2094117E-2,1.3409398E-1,-1.5814108E-1,7.832049E-2,1.3662091E0,-2.9146096E-1,1.6678127E-2,1.8117245E-1,-2.6053185E0,7.722784E-2,5.066926E-2,-1.1814301E-1,-3.799208E0,1.3309358E-1,2.3060067E-1,-3.2194752E-1,-3.46509E-1,-2.1195641E-1],"split_indices":[4,4,1,0,1,4,2,0,3,0,1,0,5,5,2,0,0,2,4,2,0,0,0,0,5,0,1,0,5,0,1,0,0,4,3,0,0,0,0,0,0,0,0,0,0,0,0,0,0,0,0,0,0],"split_type":[1,1,0,0,0,1,1,0,1,0,0,0,1,1,1,0,0,1,1,1,0,0,0,0,1,0,0,0,1,0,0,0,0,1,1,0,0,0,0,0,0,0,0,0,0,0,0,0,0,0,0,0,0],"sum_hessian":[1.331034E3,5.970515E2,7.3398254E2,2.4771573E2,3.493358E2,6.183459E2,1.1563661E2,1.7655473E2,1.7278105E2,2.1105704E2,4.0728888E2,2.6415823E1,8.9220795E1,1.9137995E1,1.5741675E2,1.2426219E2,4.851886E1,8.4908005E1,3.2238086E2,2.8841766E1,6.0379025E1,8.356026E0,1.0781969E1,9.002944E1,6.738731E1,3.7197792E1,1.1321067E1,1.8598896E1,6.6309105E1,1.6253818E2,1.5984268E2,4.3127875E0,2.4528978E1,8.625575E0,5.175345E1,3.2345905E0,5.121435E0,6.7387304E0,4.043238E0,3.773689E0,6.3613617E1,2.9380865E1,7.8169274E0,1.6172953E0,9.703772E0,2.803312E1,3.827599E1,1.2668814E1,1.4717387E2,3.2345905E0,5.3909845E0,2.6954922E1,2.4798529E1],"tree_param":{"num_deleted":"0","num_feature":"6","num_nodes":"53","size_leaf_vector":"0"}},{"base_weights":[2.4351886E-1,-6.891136E-1,2.5602796E0,-9.272693E-1,8.770394E0,6.8423595E0,8.313303E-1,9.7337075E-2,-1.01751E0,-6.7852545E-1,1.1211856E1,1.3659036E1,3.1475708E0,3.254092E-1,2.2860339E0,4.2729697E-1,-6.997049E-1,-9.385631E-1,-1.9927428E0,1.5301134E-1,-9.706291E-1,5.3367715E0,3.177816E0,5.3569903E0,-2.7410238E1,-5.59933E-1,5.802343E-1,5.0667953E-1,1.6249567E1,2.0810993E-1,-3.047769E-1,-1.9513255E0,3.0537504E-1,-2.9449043E-1,-7.0480734E-1,-5.3520936E-1,-5.39067E0,-3.2658424E-2,1.2296259E-1,-2.492881E-1,-1.2438323E0,5.0979376E0,3.1169484E0,-1.4456225E1,1.6422828E0,-8.274115E-1,-9.3615584E-2,5.9979486E-1,-1.20603055E-1,1.962408E-1,1.8753237E-1,1.2049826E1,2.8743148E-1,-1.687768E-1,1.3847303E-2,2.7367613E-1,-1.5582441E-1,-1.8469489E-1,-2.4116471E-1,9.376993E-2,-4.2482573E-1,-2.3219893E0,-1.3781556E-1,6.828795E-2,-1.5227512E-1,-5.18267E-1,-6.9660276E-2,1.6001692E0,-1.7541565E0,-3.2216814E-1,-1.4017095E-1,3.37031E-2,-2.3719297E-1,4.0974353E-2,1.8090056E-1,-1.2667237E-1,8.02737E-2,-4.1924015E-1,1.6559552E-1],"categories":[1,2,2,1,2,1,1,2,2,1,1,2,2,2,1,1,2,1,1],"categories_nodes":[1,5,6,7,8,9,11,15,17,19,20,23,24,27,32,34,35,36,45],"categories_segments":[0,1,2,3,4,5,6,7,8,9,10,11,12,13,14,15,16,17,18],"categories_sizes":[1,1,1,1,1,1,1,1,1,1,1,1,1,1,1,1,1,1,1],"default_left":[1,0,0,0,0,0,0,0,0,0,0,0,0,0,0,0,1,0,0,0,0,0,0,0,0,0,1,0,1,0,1,0,0,0,0,0,0,0,0,0,1,0,0,0,0,0,0,0,0,0,1,0,0,0,0,0,0,0,0,0,0,0,0,0,0,0,0,0,0,0,0,0,0,0,0,0,0,0,0],"id":1,"left_children":[1,3,5,7,9,11,13,15,17,19,-1,21,23,25,27,29,31,33,35,37,39,-1,-1,41,43,45,47,49,51,-1,53,-1,55,-1,57,59,61,-1,-1,63,65,-1,67,-1,-1,69,71,73,75,-1,77,-1,-1,-1,-1,-1,-1,-1,-1,-1,-1,-1,-1,-1,-1,-1,-1,-1,-1,-1,-1,-1,-1,-1,-1,-1,-1,-1,-1],"loss_changes":[2.0063933E3,1.5001283E3,1.96734E3,5.9913635E1,4.446793E3,1.8841226E3,1.3981415E2,1.4310387E1,4.3911865E1,3.3740387E0,0E0,1.4838379E2,3.5846492E3,3.2557144E1,1.2121025E3,7.680852E0,9.5201614E1,4.865753E0,2.13255E2,3.3493736E-1,1.6534624E0,0E0,0E0,1.2065764E3,2.7213323E3,3.968751E0,1.5998955E0,1.9760599E0,1.9799825E3,0E0,1.0133636E0,0E0,7.7690115E0,0E0,2.950592E-1,2.4079472E1,1.4693826E2,0E0,0E0,6.0675794E-1,3.012498E0,0E0,8.6081335E2,0E0,0E0,1.317049E0,1.9482486E0,7.892609E-2,5.647371E-1,0E0,9.722399E0,0E0,0E0,0E0,0E0,0E0,0E0,0E0,0E0,0E0,0E0,0E0,0E0,0E0,0E0,0E0,0E0,0E0,0E0,0E0,0E0,0E0,0E0,0E0,0E0,0E0,0E0,0E0,0E0],"parents":[2147483647,0,0,1,1,2,2,3,3,4,4,5,5,6,6,7,7,8,8,9,9,11,11,12,12,13,13,14,14,15,15,16,16,17,17,18,18,19,19,20,20,23,23,24,24,25,25,26,26,27,27,28,28,30,30,32,32,34,34,35,35,36,36,39,39,40,40,42,42,45,45,46,46,47,47,48,48,50,50],"right_children":[2,4,6,8,10,12,14,16,18,20,-1,22,24,26,28,30,32,34,36,38,40,-1,-1,42,44,46,48,50,52,-1,54,-1,56,-1,58,60,62,-1,-1,64,66,-1,68,-1,-1,70,72,74,76,-1,78,-1,-1,-1,-1,-1,-1,-1,-1,-1,-1,-1,-1,-1,-1,-1,-1,-1,-1,-1,-1,-1,-1,-1,-1,-1,-1,-1,-1],"split_conditions":[3E0,NaN,7E0,1.1E1,3E0,NaN,NaN,NaN,NaN,NaN,1.1211856E1,NaN,6E0,1.2E1,3E0,NaN,2E0,NaN,3E0,NaN,NaN,5.3367715E0,3.177816E0,NaN,NaN,9E0,1.7E1,NaN,2.8E1,2.0810993E-1,2E0,-1.9513255E0,NaN,-2.9449043E-1,NaN,NaN,NaN,-3.2658424E-2,1.2296259E-1,2E0,2E0,5.0979376E0,5E0,-1.4456225E1,1.6422828E0,NaN,1.1E1,1.3E1,2E1,1.962408E-1,2E0,1.2049826E1,2.8743148E-1,-1.687768E-1,1.3847303E-2,2.7367613E-1,-1.5582441E-1,-1.8469489E-1,-2.4116471E-1,9.376993E-2,-4.2482573E-1,-2.3219893E0,-1.3781556E-1,6.828795E-2,-1.5227512E-1,-5.18267E-1,-6.9660276E-2,1.6001692E0,-1.7541565E0,-3.2216814E-1,-1.4017095E-1,3.37031E-2,-2.3719297E-1,4.0974353E-2,1.8090056E-1,-1.2667237E-1,8.02737E-2,-4.1924015E-1,1.6559552E-1],"split_indices":[1,2,1,0,0,4,4,4,4,5,0,5,1,1,0,5,0,2,1,3,4,0,0,4,2,1,1,4,1,0,1,0,4,0,5,5,5,0,0,1,1,0,1,0,0,2,1,1,1,0,0,0,0,0,0,0,0,0,0,0,0,0,0,0,0,0,0,0,0,0,0,0,0,0,0,0,0,0,0],"split_type":[0,1,0,0,0,1,1,1,1,1,0,1,0,0,0,1,0,1,0,1,1,0,0,1,1,0,0,1,0,0,0,0,1,0,1,1,1,0,0,0,0,0,0,0,0,1,0,0,0,0,0,0,0,0,0,0,0,0,0,0,0,0,0,0,0,0,0,0,0,0,0,0,0,0,0,0,0,0,0],