{"learner":{"attributes":{"best_ntree_limit":"1"},"feature_names":[],"feature_types":["q","q","q","q","q","q","q","q","q","q","q","q","q","q","c","c","c","c","c","c"],"gradient_booster":{"model":{"gbtree_model_param":{"num_parallel_tree":"1","num_trees":"1","size_leaf_vector":"0"},"tree_info":[0],"trees":[{"base_weights":[-1.7072988E0,-9.5619607E-1,-2.0592687E0,-1.8395065E0,-1.6544063E-1,3.2916138E1,-2.1042724E0,-1.4467058E0,-6.258969E-1,3.595179E-1,-9.4885355E-1,2.3570518E1,-5.08071E-1,-1.8464626E0,-2.207463E0,-1.1633312E0,-1.8032022E0,6.658428E-1,1.2132834E-1,-5.246441E-1,-1.1756613E0,-1.4591042E0,-1.9016311E0,-1.8964386E0,-2.253433E0,-1.2523609E0,-2.371813E-1,-1.5564247E0,-4.3504925E0,6.9653124E-1,-5.18027E-1,-2.7061882E0,2.0313305E-1,-3.4293723E-1,-3.7784427E-1,-1.8085773E0,-1.1281773E0,-1.1783164E0,-1.8074815E0,-1.9344405E0,-1.3233981E0,-1.5224277E0,-1.9857519E0,-2.1271033E0,-2.3040822E0,-3.775333E-1,-9.146257E-2,1.41336E-1,-2.0978768E-1,-5.9780496E-1,-3.8982663E-1,3.038954E-1,1.8355677E-1,9.647984E-2,-3.296765E-1,7.191606E-2,-3.4924513E-1,-1.2568216E-1,2.2049059E-1,-2.9690605E-1,-4.8947015E-1,-2.4671042E-1,-4.528728E-1,-5.56317E-1,3.301761E-2,-5.2847326E-1,-6.0278994E-1,2.053459E0,-4.8897955E-1,-5.8489805E-1,-3.9276448E-1,-5.4061294E-1,-6.425967E-1,-4.818509E-1,-6.5696394E-1,-7.0747656E-1,-6.3949746E-1],"categories":[1,2,3,7,8,1,2,0,1,2,5,9,1,2,5,1,2,1,2,5,1,2],"categories_nodes":[0,4,7,9,10,13,37,43],"categories_segments":[0,2,5,7,12,15,17,20],"categories_sizes":[2,3,2,5,3,2,3,2],"default_left":[0,1,1,0,0,1,0,0,0,0,0,0,0,0,0,1,0,1,1,0,1,0,0,0,0,1,0,0,0,0,0,0,1,0,0,0,0,0,1,1,1,0,1,0,1,0,0,0,0,0,0,0,0,0,0,0,0,0,0,0,0,0,0,0,0,0,0,0,0,0,0,0,0,0,0,0,0],"id":0,"left_children":[1,3,5,7,9,11,13,15,-1,17,19,-1,-1,21,23,25,27,29,31,33,35,37,39,41,43,45,47,49,-1,51,53,-1,55,57,-1,-1,59,61,63,65,67,69,71,73,75,-1,-1,-1,-1,-1,-1,-1,-1,-1,-1,-1,-1,-1,-1,-1,-1,-1,-1,-1,-1,-1,-1,-1,-1,-1,-1,-1,-1,-1,-1,-1,-1],"loss_changes":[1.4893398E3,1.2582448E3,6.113885E3,7.948657E1,3.91788E2,8.025316E3,9.798242E1,3.140625E1,0E0,4.1555702E1,3.615387E1,0E0,0E0,2.0789795E1,3.482422E1,1.5170914E1,4.319935E2,9.421768E0,2.428287E2,1.758754E1,5.039856E1,1.1737915E1,1.5689209E1,8.950195E0,1.030957E1,6.014099E-1,6.118081E0,1.3490021E1,0E0,5.9056168E0,3.7066326E0,0E0,1.6305576E1,9.284505E0,0E0,0E0,1.5608185E1,8.353165E0,5.7265625E0,8.211914E0,1.4840715E2,4.1318665E0,4.350586E0,1.9155762E1,1.0709961E1,0E0,0E0,0E0,0E0,0E0,0E0,0E0,0E0,0E0,0E0,0E0,0E0,0E0,0E0,0E0,0E0,0E0,0E0,0E0,0E0,0E0,0E0,0E0,0E0,0E0,0E0,0E0,0E0,0E0,0E0,0E0,0E0],"parents":[2147483647,0,0,1,1,2,2,3,3,4,4,5,5,6,6,7,7,9,9,10,10,13,13,14,14,15,15,16,16,17,17,18,18,19,19,20,20,21,21,22,22,23,23,24,24,25,25,26,26,27,27,29,29,30,30,32,32,33,33,36,36,37,37,38,38,39,39,40,40,41,41,42,42,43,43,44,44],"right_children":[2,4,6,8,10,12,14,16,-1,18,20,-1,-1,22,24,26,28,30,32,34,36,38,40,42,44,46,48,50,-1,52,54,-1,56,58,-1,-1,60,62,64,66,68,70,72,74,76,-1,-1,-1,-1,-1,-1,-1,-1,-1,-1,-1,-1,-1,-1,-1,-1,-1,-1,-1,-1,-1,-1,-1,-1,-1,-1,-1,-1,-1,-1,-1,-1],"split_conditions":[NaN,3.89E2,3.26E2,5.2E5,NaN,1.62035E5,8E4,NaN,-6.258969E-1,NaN,NaN,2.3570518E1,-5.08071E-1,NaN,2.015E3,2.6E1,1.8E5,1.2023E4,2.015E3,2.12123E5,3.222E3,4.9E1,6.9536E4,5.73E2,1.5E5,3.16E2,6E4,5.4807E4,-4.3504925E0,1.8088E4,1.57215E5,-2.7061882E0,1.8032E4,1.26207E5,-3.7784427E-1,-1.8085773E0,1.9E5,NaN,4.626E3,1.366E3,1.261E3,3.26E2,1.004E3,NaN,1.49838E5,-3.775333E-1,-9.146257E-2,1.41336E-1,-2.0978768E-1,-5.9780496E-1,-3.8982663E-1,3.038954E-1,1.8355677E-1,9.647984E-2,-3.296765E-1,7.191606E-2,-3.4924513E-1,-1.2568216E-1,2.2049059E-1,-2.9690605E-1,-4.8947015E-1,-2.4671042E-1,-4.528728E-1,-5.56317E-1,3.301761E-2,-5.2847326E-1,-6.0278994E-1,2.053459E0,-4.8897955E-1,-5.8489805E-1,-3.9276448E-1,-5.4061294E-1,-6.425967E-1,-4.818509E-1,-6.5696394E-1,-7.0747656E-1,-6.3949746E-1],"split_indices":[14,2,8,0,14,6,0,17,0,19,19,0,0,18,2,1,0,10,2,6,3,1,10,13,0,3,0,11,0,7,2,0,12,5,0,0,0,17,9,9,6,13,10,17,2,0,0,0,0,0,0,0,0,0,0,0,0,0,0,0,0,0,0,0,0,0,0,0,0,0,0,0,0,0,0,0,0],"split_type":[1,0,0,0,1,0,0,1,0,1,1,0,0,1,0,0,0,0,0,0,0,0,0,0,0,0,0,0,0,0,0,0,0,0,0,0,0,1,0,0,0,0,0,1,0,0,0,0,0,0,0,0,0,0,0,0,0,0,0,0,0,0,0,0,0,0,0,0,0,0,0,0,0,0,0,0,0],"sum_hessian":[5.640089E3,1.8008334E3,3.8392556E3,8.500084E2,9.50825E2,3.995063E0,3.8352605E3,3.306502E2,5.193582E2,5.69649E2,3.8117603E2,1.1750185E0,2.8200445E0,1.1016974E3,2.7335632E3,1.8659294E2,1.4405728E2,2.4839893E2,3.2125006E2,1.3395212E2,2.472239E2,1.4076723E2,9.609302E2,3.5744064E2,2.3761226E3,1.6990768E2,1.6685263E1,1.4241225E2,1.645026E0,2.4252383E2,5.8750925E0,1.8800297E0,3.1937006E2,1.0857172E2,2.5380402E1,1.1750185E0,2.4604889E2,8.037127E1,6.0395954E1,9.071143E2,5.381585E1,7.238114E1,2.850595E2,6.923209E2,1.6838016E3,1.6849767E2,1.4100223E0,6.580104E0,1.010516E1,5.0290794E1,9.212145E1,4.888077E1,1.9364305E2,2.5850408E0,3.290052E0,3.118499E2,7.5201187E0,1.0199161E2,6.580104E0,1.9528809E2,5.0760803E1,4.042064E1,3.995063E1,5.898593E1,1.4100223E0,2.8153445E2,6.255799E2,1.1750185E0,5.264083E1,2.1385338E1,5.0995804E1,1.3677216E2,1.4828734E2,7.731622E1,6.150047E2,1.2716051E3,4.121965E2],"tree_param":{"num_deleted":"0","num_feature":"20","num_nodes":"77","size_leaf_vector":"0"}}]},"name":"gbtree"},"learner_model_param":{"base_score":"5E-1","num_class":"0","num_feature":"20","num_target":"1"},"objective":{"name":"reg:squarederror","reg_loss_param":{"scale_pos_weight":"1"}}},"version":[1,6,2]}