{"learner":{"attributes":{"best_ntree_limit":"6"},"feature_names":[],"feature_types":["q","q","q","q","q","q","q","q","q","q","q","q","q","q","c","c","c","c","c","c"],"gradient_booster":{"model":{"gbtree_model_param":{"num_parallel_tree":"1","num_trees":"1","size_leaf_vector":"0"},"tree_info":[0],"trees":[{"base_weights":[-1.3780123E0,-7.8269833E-1,-1.6584193E0,-1.4962333E0,-1.2870377E-1,1.9734537E1,-1.6848933E0,-5.075444E-1,-1.18267E0,3.0814746E-1,-7.6957583E-1,-5.0731194E-1,1.7394293E1,-1.4753133E0,-1.7642097E0,-9.4883615E-1,-1.4559163E0,5.594244E-1,1.4437388E-1,-4.2953694E-1,-9.673775E-1,-1.5239093E0,-9.7622305E-1,-1.4951267E0,-1.8134094E0,-9.945433E-1,2.063422E-1,-1.2731502E1,-1.1209341E0,5.9336704E-1,-9.941061E-1,1.776382E-1,-3.7569494E0,-1.7337112E-1,-7.053197E-1,-9.278721E-1,-4.1989117E0,-1.2214687E0,-1.5785844E0,-4.6122965E-1,-1.2109823E0,-1.3095775E0,-1.6198726E0,-1.8309506E0,-1.5441802E0,1.158284E-1,-3.0394232E-1,-2.6849106E-1,2.078141E-1,-9.076154E0,-2.0322227E-1,-2.5211415E-1,-4.3580776E-1,-1.5689166E-1,1.845018E-1,-1.318424E-1,-4.3024498E-1,-1.9614202E-1,6.5352485E-2,-2.0081282E0,1.0843953E-1,-1.5504293E-1,5.5399287E-2,-2.3155095E-1,2.2505698E-1,-2.3762202E-1,-3.9456066E-1,-6.788594E-2,-1.8695394E0,-5.2043045E-1,-3.3469835E-1,-4.3459782E-1,-4.9636564E-1,-4.5543306E-2,-2.9804376E-1,5.9468314E-2,-3.798048E-1,6.3470535E-2,-3.9740837E-1,-3.660655E-1,-5.072466E-1,-5.5427176E-1,-4.8498678E-1,-5.2433825E-1,-4.0028423E-1],"categories":[1,2,3,7,8,10,1,2,9,0,1,2,4,5,6,7,9,1,2,1,2,2,4,2,3],"categories_nodes":[0,4,8,9,10,22,39,40],"categories_segments":[0,2,6,9,17,19,21,23],"categories_sizes":[2,4,3,8,2,2,2,2],"default_left":[0,1,1,1,0,0,0,0,0,0,0,0,0,0,0,1,1,1,0,0,0,1,0,1,0,0,0,1,1,0,0,0,1,0,1,0,0,1,0,0,0,0,1,1,1,0,0,0,0,0,0,0,0,0,0,0,0,0,0,0,0,0,0,0,0,0,0,0,0,0,0,0,0,0,0,0,0,0,0,0,0,0,0,0,0],"id":0,"left_children":[1,3,5,7,9,11,13,-1,15,17,19,-1,-1,21,23,25,27,29,31,33,35,37,39,41,43,45,47,49,51,53,55,57,59,61,63,65,67,69,71,73,75,77,79,81,83,-1,-1,-1,-1,-1,-1,-1,-1,-1,-1,-1,-1,-1,-1,-1,-1,-1,-1,-1,-1,-1,-1,-1,-1,-1,-1,-1,-1,-1,-1,-1,-1,-1,-1,-1,-1,-1,-1,-1,-1],"loss_changes":[1.1653887E3,1.0450072E3,2.7235918E3,6.3683594E1,3.277284E2,4.973692E3,7.62793E1,0E0,2.5118835E1,2.8574272E1,3.1495544E1,0E0,0E0,3.0259033E1,4.27959E1,1.2157288E1,7.0106506E2,1.5059662E1,5.554979E1,1.2331505E1,3.4295288E1,1.7766357E1,1.3819275E1,1.0309326E1,1.0874023E1,5.986664E0,5.678563E0,1.1132166E3,1.6000046E1,6.823738E0,8.9293194E-1,1.4191222E1,4.620984E1,1.1496389E1,8.766319E0,1.4571121E1,2.547736E1,8.208038E0,7.5249023E0,6.2476416E0,6.5383835E0,5.365082E0,6.9231567E0,6.698242E0,5.525635E0,0E0,0E0,0E0,0E0,0E0,0E0,0E0,0E0,0E0,0E0,0E0,0E0,0E0,0E0,0E0,0E0,0E0,0E0,0E0,0E0,0E0,0E0,0E0,0E0,0E0,0E0,0E0,0E0,0E0,0E0,0E0,0E0,0E0,0E0,0E0,0E0,0E0,0E0,0E0,0E0],"parents":[2147483647,0,0,1,1,2,2,3,3,4,4,5,5,6,6,8,8,9,9,10,10,13,13,14,14,15,15,16,16,17,17,18,18,19,19,20,20,21,21,22,22,23,23,24,24,25,25,26,26,27,27,28,28,29,29,30,30,31,31,32,32,33,33,34,34,35,35,36,36,37,37,38,38,39,39,40,40,41,41,42,42,43,43,44,44],"right_children":[2,4,6,8,10,12,14,-1,16,18,20,-1,-1,22,24,26,28,30,32,34,36,38,40,42,44,46,48,50,52,54,56,58,60,62,64,66,68,70,72,74,76,78,80,82,84,-1,-1,-1,-1,-1,-1,-1,-1,-1,-1,-1,-1,-1,-1,-1,-1,-1,-1,-1,-1,-1,-1,-1,-1,-1,-1,-1,-1,-1,-1,-1,-1,-1,-1,-1,-1,-1,-1,-1,-1],"split_conditions":[NaN,5.65E2,-1.5E1,2.3E1,NaN,-1.045E3,8E4,-5.075444E-1,NaN,NaN,NaN,-5.0731194E-1,1.7394293E1,8.695E4,2.072E3,3.4E1,3.6E1,1.2079E4,5.4E1,5.7E3,3.6E5,4E2,NaN,5.56E2,1.79208E6,4E2,1.192E3,4.0282E4,-5E1,2.1E1,1.2577E4,1E3,4.4E5,3.01E3,9.606E3,1.4E5,2.7E1,1.7E2,5E4,NaN,NaN,5E1,1.5E2,2.20847E5,3.16E2,1.158284E-1,-3.0394232E-1,-2.6849106E-1,2.078141E-1,-9.076154E0,-2.0322227E-1,-2.5211415E-1,-4.3580776E-1,-1.5689166E-1,1.845018E-1,-1.318424E-1,-4.3024498E-1,-1.9614202E-1,6.5352485E-2,-2.0081282E0,1.0843953E-1,-1.5504293E-1,5.5399287E-2,-2.3155095E-1,2.2505698E-1,-2.3762202E-1,-3.9456066E-1,-6.788594E-2,-1.8695394E0,-5.2043045E-1,-3.3469835E-1,-4.3459782E-1,-4.9636564E-1,-4.5543306E-2,-2.9804376E-1,5.9468314E-2,-3.798048E-1,6.3470535E-2,-3.9740837E-1,-3.660655E-1,-5.072466E-1,-5.5427176E-1,-4.8498678E-1,-5.2433825E-1,-4.0028423E-1],"split_indices":[14,2,6,1,14,3,0,0,17,18,18,0,0,11,2,1,1,10,1,9,0,10,16,10,10,12,8,11,6,11,13,8,0,12,13,0,1,5,0,18,18,8,11,3,5,0,0,0,0,0,0,0,0,0,0,0,0,0,0,0,0,0,0,0,0,0,0,0,0,0,0,0,0,0,0,0,0,0,0,0,0,0,0,0,0],"split_type":[1,0,0,0,1,0,0,0,1,1,1,0,0,0,0,0,0,0,0,0,0,0,1,0,0,0,0,0,0,0,0,0,0,0,0,0,0,0,0,1,1,0,0,0,0,0,0,0,0,0,0,0,0,0,0,0,0,0,0,0,0,0,0,0,0,0,0,0,0,0,0,0,0,0,0,0,0,0,0,0,0,0,0,0,0],"sum_hessian":[6.98807E3,2.238803E3,4.749267E3,1.0700482E3,1.1687548E3,4.949883E0,4.7443174E3,6.5629626E2,4.1375198E2,6.95313E2,4.7344174E2,3.7852046E0,1.1646783E0,1.3079337E3,3.4363835E3,2.2536526E2,1.8838672E2,2.7340823E2,4.2190472E2,1.7528409E2,2.9815765E2,1.1900101E3,1.1792368E2,5.360432E2,2.9003403E3,2.1692134E2,8.443918E0,4.3675437E0,1.8401918E2,2.6816718E2,5.2410526E0,4.192842E2,2.6205263E0,9.171842E1,8.3565674E1,2.958283E2,2.3293567E0,1.8576619E2,1.0042439E3,3.7852047E1,8.007163E1,2.201242E2,3.15919E2,2.7174858E3,1.8285449E2,2.6205263E0,2.1430081E2,2.3293567E0,6.114561E0,1.1646783E0,3.2028654E0,1.0161819E2,8.240099E1,4.6587133E0,2.6350848E2,3.2028654E0,2.038187E0,1.8634853E1,4.0064935E2,1.1646783E0,1.455848E0,4.6587135E1,4.5131287E1,8.036281E1,3.2028654E0,2.2128888E2,7.453941E1,1.1646783E0,1.1646783E0,2.9116959E1,1.5664923E2,3.779381E2,6.263058E2,2.4749414E1,1.3102632E1,2.911696E0,7.715994E1,2.038187E0,2.1808601E2,5.0372337E1,2.6554666E2,2.5148318E3,2.0265404E2,8.909789E1,9.375661E1],"tree_param":{"num_deleted":"0","num_feature":"20","num_nodes":"85","size_leaf_vector":"0"}}]},"name":"gbtree"},"learner_model_param":{"base_score":"5E-1","num_class":"0","num_feature":"20","num_target":"1"},"objective":{"name":"reg:squarederror","reg_loss_param":{"scale_pos_weight":"1"}}},"version":[1,6,2]}