{"learner":{"attributes":{"best_ntree_limit":"7"},"feature_names":[],"feature_types":["q","q","q","q","q","q","q","q","q","q","q","q","q","q","c","c","c","c","c","c"],"gradient_booster":{"model":{"gbtree_model_param":{"num_parallel_tree":"1","num_trees":"2","size_leaf_vector":"0"},"tree_info":[0,0],"trees":[{"base_weights":[-1.3777262E0,-7.799257E-1,-1.6571012E0,-1.4881331E0,-1.21713445E-1,4.238845E1,-1.6956513E0,-1.1738318E0,-1.6751729E0,2.8290346E-1,-7.045845E-1,2.5155262E1,-3.3150187E-1,-1.4835042E0,-1.781123E0,-9.369115E-1,-1.466271E0,-5.0540805E-1,-9.6382266E-1,4.7728854E-1,1.3517332E-1,-3.5984197E-1,-8.568172E-1,-1.0762184E0,-1.5360758E0,-1.5142457E0,-1.820477E0,-3.058179E-1,-2.2042976E-1,-1.0677072E1,-1.2062094E0,-3.5318854E-1,-1.4423492E0,5.079485E-1,-6.048653E-1,-1.3574493E0,1.6432314E-1,-6.381971E-1,-1.9349629E-2,-5.487565E-1,-1.0331877E0,-7.578983E-1,-1.4848838E0,1.5951787E0,-1.5470464E0,-1.3303958E0,-1.659208E0,-1.7593127E0,-1.8856729E0,-8.027661E-3,-3.4598202E-1,-6.7201447E0,-2.1561514E-1,-2.9710972E-1,-5.120585E-1,-2.1561514E-1,3.2967515E-2,-5.0731194E-1,-6.788594E-2,2.9122293E-1,1.3833739E-1,3.5412796E-2,-3.3770743E-1,-2.2076523E-1,5.845788E-2,-3.5263784E-2,-2.3219214E-1,7.6650806E-2,-8.738867E-2,-4.1670948E-1,-1.1321308E-1,-3.1972027E-1,7.636464E-1,-3.7176433E-1,-1.6882005E-1,-5.389355E-1,-1.8759176E-1,-3.7221736E-1,-4.7540605E-1,-3.6887595E-1,-4.5757025E-1,-8.024224E-2,-5.004569E-1,-4.6766177E-1,-5.3853697E-1,-5.7876986E-1,-4.7338197E-1],"categories":[1,2,3,7,8,10,1,2,0,1,2,5,6,7,9,1,2,1,2,0,1,2,3,4,5,6,7,8,9,1,2,1,2],"categories_nodes":[0,4,7,9,13,22,39,44,47],"categories_segments":[0,2,6,8,15,17,19,29,31],"categories_sizes":[2,4,2,7,2,2,10,2,2],"default_left":[0,1,1,0,0,1,0,0,1,0,0,0,0,0,0,1,1,0,1,1,1,0,0,0,1,1,0,0,1,1,1,0,1,0,0,0,0,0,0,0,0,0,1,0,0,1,0,0,1,0,0,0,0,0,0,0,0,0,0,0,0,0,0,0,0,0,0,0,0,0,0,0,0,0,0,0,0,0,0,0,0,0,0,0,0,0,0],"id":0,"left_children":[1,3,5,7,9,11,13,15,17,19,21,-1,-1,23,25,27,29,-1,31,33,35,37,39,41,43,45,47,-1,49,51,53,55,57,59,61,-1,63,65,67,69,71,73,75,-1,77,79,81,83,85,-1,-1,-1,-1,-1,-1,-1,-1,-1,-1,-1,-1,-1,-1,-1,-1,-1,-1,-1,-1,-1,-1,-1,-1,-1,-1,-1,-1,-1,-1,-1,-1,-1,-1,-1,-1,-1,-1],"loss_changes":[1.165956E3,1.0383398E3,8.1579297E3,6.1116943E1,2.7277756E2,7.671868E3,8.365039E1,2.6595642E1,2.916504E0,1.9546555E1,2.4560333E1,0E0,0E0,2.7738525E1,3.281836E1,1.3118256E1,4.1566495E2,0E0,2.760623E0,1.00783615E1,5.3641697E1,1.390823E1,1.7253311E1,1.9723526E1,9.945776E1,9.55249E0,8.43457E0,0E0,4.410733E0,5.425533E2,1.7233444E1,1.1353981E0,1.4167242E0,5.7700653E0,3.3597186E0,0E0,1.0808201E1,5.6195793E0,5.089477E0,1.69789E1,2.6873886E1,7.957546E0,1.739183E1,0E0,1.2011475E1,2.0445862E0,2.5872192E0,8.223145E0,1.5891113E1,0E0,0E0,0E0,0E0,0E0,0E0,0E0,0E0,0E0,0E0,0E0,0E0,0E0,0E0,0E0,0E0,0E0,0E0,0E0,0E0,0E0,0E0,0E0,0E0,0E0,0E0,0E0,0E0,0E0,0E0,0E0,0E0,0E0,0E0,0E0,0E0,0E0,0E0],"parents":[2147483647,0,0,1,1,2,2,3,3,4,4,5,5,6,6,7,7,8,8,9,9,10,10,13,13,14,14,15,15,16,16,18,18,19,19,20,20,21,21,22,22,23,23,24,24,25,25,26,26,28,28,29,29,30,30,31,31,32,32,33,33,34,34,36,36,37,37,38,38,39,39,40,40,41,41,42,42,44,44,45,45,46,46,47,47,48,48],"right_children":[2,4,6,8,10,12,14,16,18,20,22,-1,-1,24,26,28,30,-1,32,34,36,38,40,42,44,46,48,-1,50,52,54,56,58,60,62,-1,64,66,68,70,72,74,76,-1,78,80,82,84,86,-1,-1,-1,-1,-1,-1,-1,-1,-1,-1,-1,-1,-1,-1,-1,-1,-1,-1,-1,-1,-1,-1,-1,-1,-1,-1,-1,-1,-1,-1,-1,-1,-1,-1,-1,-1,-1,-1],"split_conditions":[NaN,5.6E2,3.5E2,4E5,NaN,2.42378E5,8E4,NaN,4.9E5,NaN,5E4,2.5155262E1,-3.3150187E-1,NaN,2.084E3,2.4E1,1.9E5,-5.0540805E-1,7.51E2,1.2145E4,1.89E3,2.013E3,NaN,2.7393E4,4.1E2,7.92E2,2.1E5,-3.058179E-1,3.031E3,5.4264E4,1.017E3,4E1,5.464E3,2.8E3,1.2124E4,-1.3574493E0,7.85E2,8.73E3,1.6827E4,NaN,1.83718E5,1.418E3,3.3622E4,1.5951787E0,NaN,8.04E2,1.2E1,NaN,2.27311E5,-8.027661E-3,-3.4598202E-1,-6.7201447E0,-2.1561514E-1,-2.9710972E-1,-5.120585E-1,-2.1561514E-1,3.2967515E-2,-5.0731194E-1,-6.788594E-2,2.9122293E-1,1.3833739E-1,3.5412796E-2,-3.3770743E-1,-2.2076523E-1,5.845788E-2,-3.5263784E-2,-2.3219214E-1,7.6650806E-2,-8.738867E-2,-4.1670948E-1,-1.1321308E-1,-3.1972027E-1,7.636464E-1,-3.7176433E-1,-1.6882005E-1,-5.389355E-1,-1.8759176E-1,-3.7221736E-1,-4.7540605E-1,-3.6887595E-1,-4.5757025E-1,-8.024224E-2,-5.004569E-1,-4.6766177E-1,-5.3853697E-1,-5.7876986E-1,-4.7338197E-1],"split_indices":[14,2,8,0,14,4,0,17,0,18,0,0,0,16,2,1,0,0,13,10,2,13,18,3,3,10,0,0,12,6,7,1,4,5,9,0,8,2,3,19,2,9,7,0,18,13,12,19,3,0,0,0,0,0,0,0,0,0,0,0,0,0,0,0,0,0,0,0,0,0,0,0,0,0,0,0,0,0,0,0,0,0,0,0,0,0,0],"split_type":[1,0,0,0,1,0,0,1,0,1,0,0,0,1,0,0,0,0,0,0,0,0,1,0,0,0,0,0,0,0,0,0,0,0,0,0,0,0,0,1,0,0,0,0,1,0,0,1,0,0,0,0,0,0,0,0,0,0,0,0,0,0,0,0,0,0,0,0,0,0,0,0,0,0,0,0,0,0,0,0,0,0,0,0,0,0,0],"sum_hessian":[6.98807E3,2.226865E3,4.761205E3,1.0720864E3,1.1547786E3,3.2028654E0,4.758002E3,4.0268753E2,6.6939886E2,6.819192E2,4.728594E2,1.1646783E0,2.038187E0,1.3717E3,3.3863022E3,2.2478291E2,1.7790462E2,6.5920795E2,1.0190935E1,2.9349893E2,3.8842023E2,1.4587596E2,3.2698343E2,1.5926976E2,1.2124302E3,4.402484E2,2.946054E3,2.0119818E2,2.3584736E1,3.7852046E0,1.7411942E2,5.2410526E0,4.949883E0,2.8592853E2,7.5704093E0,1.455848E0,3.869644E2,7.9780464E1,6.60955E1,1.20544205E2,2.0643924E2,9.113608E1,6.813368E1,1.1646783E0,1.2112655E3,1.9857765E2,2.4167076E2,1.5344637E3,1.4115901E3,2.038187E1,3.2028654E0,1.1646783E0,2.6205263E0,1.2374707E2,5.0372337E1,2.6205263E0,2.6205263E0,3.7852046E0,1.1646783E0,2.4458244E1,2.6147028E2,3.494035E0,4.076374E0,1.1937953E1,3.7502643E2,1.6887836E1,6.289263E1,3.2902164E1,3.3193333E1,1.9217192E1,1.0132702E2,2.0527455E2,1.1646783E0,2.4749414E1,6.6386665E1,4.920766E1,1.8926023E1,1.3626736E2,1.074998E3,1.3568503E2,6.289263E1,1.7470175E0,2.3992374E2,2.393414E2,1.2951223E3,1.2319385E3,1.7965163E2],"tree_param":{"num_deleted":"0","num_feature":"20","num_nodes":"87","size_leaf_vector":"0"}},{"base_weights":[-1.2731056E0,-8.601153E0,-1.0269505E0,-3.784585E0,-7.814395E1,-4.5759606E-1,-1.2256043E0,2.762371E-1,-2.4880445E1,-1.5150316E2,-1.4582167E0,-4.0325335E-1,-1.3847151E-1,-1.1900098E0,-4.450913E1,6.227329E0,-7.994993E-1,-1.1962798E0,-8.298117E-1,-1.549445E-1,2.511044E0,-3.5954187E0,-1.1811129E0,-1.8795235E-1,-2.2478367E1,8.40652E-1,2.7146687E1,-6.0081357E-1,-1.19138E0,-1.0928355E0,-2.8843343E-1,1.5935804E-1,-5.4251367E-1,-1.269176E0,-5.8528533E0,-1.1057817E0,-1.260705E0,2.5098693E0,-5.87868E-2,1.7628416E1,1.1502962E0,-1.9957198E-1,1.375599E-1,-3.7012464E-1,-5.6722546E-3,-3.9855912E-1,6.9080815E-3,1.4336376E-1,-3.1096718E-1,2.833248E-1,3.64389E-2,-9.719671E-2,-3.4110242E-1,-2.2296017E-2,-5.527683E-1,-3.2803857E0,-5.373212E-1,-6.6676277E-1,-3.27743E-1,-3.2479447E-1,-3.8733768E-1],"categories":[1,2,1,2,0,1,2,3,4,5,6,7,8,9,3,7,1],"categories_nodes":[1,2,5,19,34],"categories_segments":[0,2,4,14,16],"categories_sizes":[2,2,10,2,1],"default_left":[1,0,0,0,1,0,0,0,0,0,0,0,0,0,0,0,1,0,1,0,0,1,0,0,0,0,1,0,0,0,0,0,0,0,0,0,1,0,0,0,0,0,0,0,0,0,0,0,0,0,0,0,0,0,0,0,0,0,0,0,0],"id":1,"left_children":[1,3,5,7,9,11,13,15,-1,-1,17,-1,19,21,23,25,27,-1,29,31,-1,33,35,-1,-1,37,39,41,43,45,47,49,51,53,55,57,59,-1,-1,-1,-1,-1,-1,-1,-1,-1,-1,-1,-1,-1,-1,-1,-1,-1,-1,-1,-1,-1,-1,-1,-1],"loss_changes":[1.1582835E4,6.961252E4,7.0276904E2,6.309733E4,4.401323E5,4.5534714E2,7.04846E3,1.2063396E3,0E0,0E0,1.6432098E1,0E0,1.6739262E2,9.433789E1,4.9720415E3,3.227329E3,1.1727737E1,0E0,1.2811928E0,1.4427962E2,0E0,7.914761E1,2.6132812E1,0E0,0E0,1.8861913E2,4.1040005E3,7.6805763E0,2.5971146E0,1.9207125E0,3.3758025E0,1.9353964E1,6.8524124E1,6.3006268E0,1.474028E2,3.2739502E1,1.0655518E1,0E0,0E0,0E0,0E0,0E0,0E0,0E0,0E0,0E0,0E0,0E0,0E0,0E0,0E0,0E0,0E0,0E0,0E0,0E0,0E0,0E0,0E0,0E0,0E0],"parents":[2147483647,0,0,1,1,2,2,3,3,4,4,5,5,6,6,7,7,10,10,12,12,13,13,14,14,15,15,16,16,18,18,19,19,21,21,22,22,25,25,26,26,27,27,28,28,29,29,30,30,31,31,32,32,33,33,34,34,35,35,36,36],"right_children":[2,4,6,8,10,12,14,16,-1,-1,18,-1,20,22,24,26,28,-1,30,32,-1,34,36,-1,-1,38,40,42,44,46,48,50,52,54,56,58,60,-1,-1,-1,-1,-1,-1,-1,-1,-1,-1,-1,-1,-1,-1,-1,-1,-1,-1,-1,-1,-1,-1,-1,-1],