{"learner":{"attributes":{"best_ntree_limit":"1"},"feature_names":[],"feature_types":["q","q","q","q","q","q","q","q","q","q","q","q","q","q","c","c","c","c","c","c"],"gradient_booster":{"model":{"gbtree_model_param":{"num_parallel_tree":"1","num_trees":"1","size_leaf_vector":"0"},"tree_info":[0],"trees":[{"base_weights":[-1.707175E0,-9.896335E-1,-2.0444427E0,-1.8385484E0,-2.1222574E-1,2.125963E1,-2.0891027E0,-6.2175333E-1,-1.4679185E0,2.91588E-1,-9.6161795E-1,-1.8280228E0,-2.1922462E0,-1.1478025E0,-1.8482727E0,5.844811E-1,9.724222E-2,-5.519372E-1,-1.1983478E0,-1.3225489E0,-1.8920646E0,-1.8422884E0,-2.2316802E0,3.5173577E-1,-1.2088885E0,-1.08041935E1,-1.4183527E0,6.239619E-1,-1.2028067E0,1.3582921E-1,-3.8690226E0,-4.0451267E-1,-4.3416533E-1,-1.2360182E0,1.0617933E0,-1.1235843E0,-7.145111E-1,1.062032E0,-1.9075195E0,-1.5983995E0,-2.0483766E0,-2.0960417E0,-2.2850645E0,1.9886482E-1,-1.6128002E-1,1.0904511E-2,-3.7127304E-1,-3.4554577E-1,-9.441607E0,-3.3341634E-1,-5.4910594E-1,-2.0121497E-1,1.9310178E-1,-1.1156862E-1,-4.6965432E-1,-2.5598216E-1,5.5540252E-2,-1.9091151E0,1.1145203E-1,-2.0369129E-1,3.4754362E-2,-3.1057465E-1,-5.5783325E-1,-1.4130834E-1,-4.18535E-1,-4.7738373E-1,-5.834571E-1,-4.372935E-1,-5.921606E-1,2.1074181E-2,-6.2067336E-1,-4.9193507E-1,-6.4520967E-1,-7.008172E-1,-6.320983E-1],"categories":[1,2,3,7,8,1,2,9,0,1,2,4,5,6,7,9,1,2,1,2,1,2,1,2],"categories_nodes":[0,4,8,9,10,11,38,41],"categories_segments":[0,2,5,8,16,18,20,22],"categories_sizes":[2,3,3,8,2,2,2,2],"default_left":[0,1,1,1,0,0,0,0,0,0,0,0,0,0,1,1,0,0,0,0,1,1,0,0,0,0,1,0,0,0,1,0,0,0,0,1,0,0,0,0,0,0,1,0,0,0,0,0,0,0,0,0,0,0,0,0,0,0,0,0,0,0,0,0,0,0,0,0,0,0,0,0,0,0,0],"id":0,"left_children":[1,3,5,7,9,-1,11,-1,13,15,17,19,21,23,25,27,29,31,33,35,37,39,41,43,45,47,49,51,53,55,57,59,-1,61,-1,63,-1,-1,65,67,69,71,73,-1,-1,-1,-1,-1,-1,-1,-1,-1,-1,-1,-1,-1,-1,-1,-1,-1,-1,-1,-1,-1,-1,-1,-1,-1,-1,-1,-1,-1,-1,-1,-1],"loss_changes":[1.4109121E3,1.2328997E3,1.3077396E4,7.440723E1,3.6899628E2,0E0,1.0288086E2,0E0,4.0379333E1,3.322858E1,3.7437805E1,3.407959E1,3.5083984E1,1.8028885E1,5.925757E2,1.7194656E1,5.45063E1,1.8647781E1,4.8656586E1,2.4803238E1,9.0762695E1,1.1470947E1,1.365918E1,2.652225E0,6.6495667E0,1.3763087E3,1.7164093E1,6.2669373E0,1.0386386E0,1.724015E1,3.8673733E1,1.8145908E1,0E0,2.897876E1,0E0,1.9129547E1,0E0,0E0,8.695068E0,4.4641113E0,6.908142E0,1.4719482E1,1.1578125E1,0E0,0E0,0E0,0E0,0E0,0E0,0E0,0E0,0E0,0E0,0E0,0E0,0E0,0E0,0E0,0E0,0E0,0E0,0E0,0E0,0E0,0E0,0E0,0E0,0E0,0E0,0E0,0E0,0E0,0E0,0E0,0E0],"parents":[2147483647,0,0,1,1,2,2,3,3,4,4,6,6,8,8,9,9,10,10,11,11,12,12,13,13,14,14,15,15,16,16,17,17,18,18,19,19,20,20,21,21,22,22,23,23,24,24,25,25,26,26,27,27,28,28,29,29,30,30,31,31,33,33,35,35,38,38,39,39,40,40,41,41,42,42],"right_children":[2,4,6,8,10,-1,12,-1,14,16,18,20,22,24,26,28,30,32,34,36,38,40,42,44,46,48,50,52,54,56,58,60,-1,62,-1,64,-1,-1,66,68,70,72,74,-1,-1,-1,-1,-1,-1,-1,-1,-1,-1,-1,-1,-1,-1,-1,-1,-1,-1,-1,-1,-1,-1,-1,-1,-1,-1,-1,-1,-1,-1,-1,-1],"split_conditions":[NaN,5.6E2,3.53E2,2.3E1,NaN,2.125963E1,8E4,-6.2175333E-1,NaN,NaN,NaN,NaN,1.494E3,3.26E2,3.6E1,1.2028E4,5.4E1,3.1371E5,2.61073E5,2.6894E4,5.5E2,8E2,1.5E5,4.11E2,8E4,2.57E2,1.07E2,8E0,1.2063E4,1E3,3.6E5,1E4,-4.3416533E-1,1.8E5,1.0617933E0,1.5E2,-7.145111E-1,1.062032E0,NaN,3.647E3,1.2E1,NaN,1.55458E5,1.9886482E-1,-1.6128002E-1,1.0904511E-2,-3.7127304E-1,-3.4554577E-1,-9.441607E0,-3.3341634E-1,-5.4910594E-1,-2.0121497E-1,1.9310178E-1,-1.1156862E-1,-4.6965432E-1,-2.5598216E-1,5.5540252E-2,-1.9091151E0,1.1145203E-1,-2.0369129E-1,3.4754362E-2,-3.1057465E-1,-5.5783325E-1,-1.4130834E-1,-4.18535E-1,-4.7738373E-1,-5.834571E-1,-4.372935E-1,-5.921606E-1,2.1074181E-2,-6.2067336E-1,-4.9193507E-1,-6.4520967E-1,-7.008172E-1,-6.320983E-1],"split_indices":[14,2,8,1,14,0,0,0,17,18,18,16,2,3,1,10,1,6,6,8,8,10,0,5,0,9,6,11,9,8,0,12,0,0,0,11,0,0,18,4,12,17,2,0,0,0,0,0,0,0,0,0,0,0,0,0,0,0,0,0,0,0,0,0,0,0,0,0,0,0,0,0,0,0,0],"split_type":[1,0,0,0,1,0,0,0,1,1,1,1,0,0,0,0,0,0,0,0,0,0,0,0,0,0,0,0,0,0,0,0,0,0,0,0,0,0,1,0,0,1,0,0,0,0,0,0,0,0,0,0,0,0,0,0,0,0,0,0,0,0,0,0,0,0,0,0,0,0,0,0,0,0,0],"sum_hessian":[5.8374917E3,1.8677542E3,3.9697375E3,8.921633E2,9.755908E2,1.459373E0,3.9682783E3,5.441029E2,3.4806046E2,5.8374915E2,3.9184164E2,1.1290682E3,2.83921E3,1.9117786E2,1.5688258E2,2.320403E2,3.517089E2,1.4472115E2,2.4712048E2,1.2939774E2,9.996705E2,2.9236105E2,2.546849E3,7.2968645E0,1.83881E2,6.0807204E0,1.5080186E2,2.2766219E2,4.378119E0,3.4927658E2,2.4322882E0,1.2550607E2,1.9215076E1,2.4590434E2,1.2161441E0,1.1066911E2,1.8728619E1,2.1890595E0,9.974814E2,1.3791074E2,1.544503E2,7.3065936E2,1.8161896E3,5.594263E0,1.7026018E0,4.13489E0,1.797461E2,4.8645763E0,1.2161441E0,8.853529E1,6.226658E1,2.918746E0,2.2474344E2,1.9458306E0,2.4322882E0,1.5809874E1,3.334667E2,1.2161441E0,1.2161441E0,8.196812E1,4.353796E1,1.8801588E2,5.788846E1,3.332235E1,7.734676E1,1.0993943E2,8.87542E2,1.038587E2,3.4052036E1,1.459373E0,1.5299094E2,8.148166E1,6.4917773E2,1.4024574E3,4.1373224E2],"tree_param":{"num_deleted":"0","num_feature":"20","num_nodes":"75","size_leaf_vector":"0"}}]},"name":"gbtree"},"learner_model_param":{"base_score":"5E-1","num_class":"0","num_feature":"20","num_target":"1"},"objective":{"name":"reg:squarederror","reg_loss_param":{"scale_pos_weight":"1"}}},"version":[1,6,2]}