{"learner":{"attributes":{"best_ntree_limit":"1"},"feature_names":[],"feature_types":["q","q","q","q","q","q","q","q","q","q","q","q","q","q","c","c","c","c","c","c"],"gradient_booster":{"model":{"gbtree_model_param":{"num_parallel_tree":"1","num_trees":"1","size_leaf_vector":"0"},"tree_info":[0],"trees":[{"base_weights":[-1.7072988E0,-9.562843E-1,-2.054523E0,-1.8571632E0,-1.7865233E-1,3.0447115E1,-2.1020844E0,-6.227369E-1,-1.4863316E0,3.2375973E-1,-9.643904E-1,2.5225677E1,-6.190127E-1,-1.8492653E0,-2.204964E0,-1.2139169E0,-1.8333808E0,6.170696E-1,9.2185356E-2,-5.509431E-1,-1.1880499E0,-1.4066056E0,-1.9196892E0,-1.9930174E0,-2.2610831E0,-1.2443471E0,2.9966283E-1,-7.0888057E0,-1.3385379E0,6.4553744E-1,-5.18027E-1,-2.6020226E0,1.6917287E-1,-3.769701E-1,-3.7025255E-1,-1.1203647E0,-4.494285E0,2.0923589E-1,-1.4705902E0,-2.5810661E0,-1.9009569E0,-1.8509462E0,-2.1231735E0,-1.934842E0,-2.2808814E0,-3.687226E-2,-3.78647E-1,2.997458E-1,-1.5393597E-1,-3.0326912E-1,-9.67058E0,-4.2876235E-1,-5.459923E-3,4.3244354E-2,2.1656108E-1,1.8632534E-1,-2.985202E-1,6.0355913E-2,-2.4035859E-1,-1.343203E-1,2.5798175E-1,-3.0395532E-1,-4.859597E-1,-2.456586E0,-5.7989832E-2,2.3951337E-1,-4.2927867E-1,-3.582994E-1,-5.083408E-1,-4.3180963E-1,-5.835884E-1,-4.8139855E-1,-6.069503E-1,-9.146257E-2,-6.3925123E-1,-6.556345E-1,-4.6965957E-1,-6.9088507E-1,-6.1312675E-1],"categories":[1,2,3,4,3,1,2,0,1,2,5,6,9,1,2,5,1,2,1,2],"categories_nodes":[0,3,4,8,9,10,13,40],"categories_segments":[0,2,4,5,7,13,16,18],"categories_sizes":[2,2,1,2,6,3,2,2],"default_left":[0,1,1,0,0,1,0,0,0,0,0,0,0,0,1,1,1,1,1,0,0,0,1,0,1,0,1,0,0,1,0,0,1,0,0,0,1,0,0,0,0,0,0,1,0,0,0,0,0,0,0,0,0,0,0,0,0,0,0,0,0,0,0,0,0,0,0,0,0,0,0,0,0,0,0,0,0,0,0],"id":0,"left_children":[1,3,5,7,9,11,13,-1,15,17,19,-1,-1,21,23,25,27,29,31,33,35,37,39,41,43,45,47,49,51,53,55,-1,57,59,-1,61,63,65,67,-1,69,71,73,75,77,-1,-1,-1,-1,-1,-1,-1,-1,-1,-1,-1,-1,-1,-1,-1,-1,-1,-1,-1,-1,-1,-1,-1,-1,-1,-1,-1,-1,-1,-1,-1,-1,-1,-1],"loss_changes":[1.4690645E3,1.2504224E3,6.0258027E3,6.3965576E1,3.790274E2,1.0113363E4,9.611328E1,0E0,2.71073E1,3.974088E1,3.396869E1,0E0,0E0,3.2224365E1,2.7996094E1,8.515228E0,3.4024677E2,8.681992E0,2.2321689E2,1.538015E1,4.9145844E1,1.6592773E1,1.0431787E2,6.8046875E0,9.494141E0,3.3099365E0,2.951722E0,1.7006199E3,1.4835617E1,9.557991E0,4.35396E0,0E0,1.0310556E1,9.811159E0,0E0,1.1132019E1,7.031703E1,7.785754E0,7.354767E0,0E0,1.6896484E1,8.856873E0,3.477539E0,8.590149E0,5.8867188E0,0E0,0E0,0E0,0E0,0E0,0E0,0E0,0E0,0E0,0E0,0E0,0E0,0E0,0E0,0E0,0E0,0E0,0E0,0E0,0E0,0E0,0E0,0E0,0E0,0E0,0E0,0E0,0E0,0E0,0E0,0E0,0E0,0E0,0E0],"parents":[2147483647,0,0,1,1,2,2,3,3,4,4,5,5,6,6,8,8,9,9,10,10,13,13,14,14,15,15,16,16,17,17,18,18,19,19,20,20,21,21,22,22,23,23,24,24,25,25,26,26,27,27,28,28,29,29,30,30,32,32,33,33,35,35,36,36,37,37,38,38,40,40,41,41,42,42,43,43,44,44],"right_children":[2,4,6,8,10,12,14,-1,16,18,20,-1,-1,22,24,26,28,30,32,34,36,38,40,42,44,46,48,50,52,54,56,-1,58,60,-1,62,64,66,68,-1,70,72,74,76,78,-1,-1,-1,-1,-1,-1,-1,-1,-1,-1,-1,-1,-1,-1,-1,-1,-1,-1,-1,-1,-1,-1,-1,-1,-1,-1,-1,-1,-1,-1,-1,-1,-1,-1],"split_conditions":[NaN,1.07E2,8.8E2,NaN,NaN,6.1225E4,8E4,-6.227369E-1,NaN,NaN,NaN,2.5225677E1,-6.190127E-1,NaN,1.003E3,3.82E3,3.7E1,1.1773E4,1.532E3,1.94724E5,3E5,7.035E3,1.516E3,8.685E3,4.32E2,7.84E2,6.28E3,-2.5E1,5.8E1,1.026E3,3.017E3,-2.6020226E0,1.6271E4,1.39798E5,-3.7025255E-1,1.8E5,3.08378E5,8.139E3,4.3615E4,-2.5810661E0,NaN,1.9E5,2.7E1,2.162E3,2.2159E5,-3.687226E-2,-3.78647E-1,2.997458E-1,-1.5393597E-1,-3.0326912E-1,-9.67058E0,-4.2876235E-1,-5.459923E-3,4.3244354E-2,2.1656108E-1,1.8632534E-1,-2.985202E-1,6.0355913E-2,-2.4035859E-1,-1.343203E-1,2.5798175E-1,-3.0395532E-1,-4.859597E-1,-2.456586E0,-5.7989832E-2,2.3951337E-1,-4.2927867E-1,-3.582994E-1,-5.083408E-1,-4.3180963E-1,-5.835884E-1,-4.8139855E-1,-6.069503E-1,-9.146257E-2,-6.3925123E-1,-6.556345E-1,-4.6965957E-1,-6.9088507E-1,-6.1312675E-1],"split_indices":[14,2,2,14,14,3,0,0,17,19,19,0,0,18,10,4,1,10,2,2,0,4,3,2,9,8,6,7,1,7,13,0,12,7,0,0,7,3,4,0,16,0,9,4,2,0,0,0,0,0,0,0,0,0,0,0,0,0,0,0,0,0,0,0,0,0,0,0,0,0,0,0,0,0,0,0,0,0,0],"split_type":[1,0,0,1,1,0,0,0,1,1,1,0,0,1,0,0,0,0,0,0,0,0,0,0,0,0,0,0,0,0,0,0,0,0,0,0,0,0,0,0,1,0,0,0,0,0,0,0,0,0,0,0,0,0,0,0,0,0,0,0,0,0,0,0,0,0,0,0,0,0,0,0,0,0,0,0,0,0,0],"sum_hessian":[5.640089E3,1.7843832E3,3.8557058E3,8.26038E2,9.5834515E2,4.700074E0,3.8510059E3,5.1677313E2,3.092649E2,5.8492426E2,3.734209E2,1.1750185E0,3.5250556E0,1.1193226E3,2.731683E3,1.7578278E2,1.334821E2,2.5732907E2,3.2759518E2,1.3230708E2,2.411138E2,1.5651247E2,9.628102E2,5.7951917E2,2.152164E3,1.7249272E2,3.290052E0,1.0340163E1,1.23141945E2,2.5145396E2,5.8750925E0,1.8800297E0,3.2571515E2,1.0669168E2,2.5615404E1,2.3758875E2,3.5250556E0,5.8750925E0,1.5063737E2,1.4100223E0,9.6140015E2,2.843545E2,2.9516467E2,1.2878203E2,2.023382E3,2.8200445E0,1.6967268E2,1.645026E0,1.645026E0,9.165145E0,1.1750185E0,1.1515182E2,7.990126E0,3.360553E1,2.1784843E2,1.645026E0,4.230067E0,3.1608E2,9.635152E0,1.0152161E2,5.1700816E0,1.9810812E2,3.948062E1,1.4100223E0,2.1150334E0,4.700074E0,1.1750185E0,7.0266106E1,8.037127E1,8.718638E1,8.742138E2,1.2126192E2,1.6309258E2,1.4100223E0,2.9375464E2,7.379117E1,5.4990868E1,1.8431342E3,1.8024785E2],"tree_param":{"num_deleted":"0","num_feature":"20","num_nodes":"79","size_leaf_vector":"0"}}]},"name":"gbtree"},"learner_model_param":{"base_score":"5E-1","num_class":"0","num_feature":"20","num_target":"1"},"objective":{"name":"reg:squarederror","reg_loss_param":{"scale_pos_weight":"1"}}},"version":[1,6,2]}