{"learner":{"attributes":{"best_ntree_limit":"3"},"feature_names":[],"feature_types":["q","q","q","q","q","q","q","q","q","q","q","q","q","q","c","c","c","c","c","c"],"gradient_booster":{"model":{"gbtree_model_param":{"num_parallel_tree":"1","num_trees":"3","size_leaf_vector":"0"},"tree_info":[0,0,0],"trees":[{"base_weights":[-1.7063984E0,-9.90735E-1,-2.0407884E0,-1.8390734E0,-2.0205611E-1,4.8464016E1,-2.0869677E0,-1.4620533E0,-2.062861E0,2.822716E-1,-8.99463E-1,2.463032E1,-4.6566328E-1,-1.8318622E0,-2.1896203E0,-1.1780461E0,-1.8106245E0,-6.222659E-1,-1.1873195E0,5.148524E-1,1.0548647E-1,-4.8551226E-1,-1.0816927E0,-1.3424617E0,-1.8947642E0,-1.8694692E0,-2.2366836E0,-1.2359421E0,2.3028842E-1,-8.927335E0,-1.3571293E0,-4.585475E-1,-1.7193861E0,5.515755E-1,-7.5808173E-1,-1.5135896E0,1.4036497E-1,-8.170593E-1,-7.790306E-2,-7.1211344E-1,-1.292148E0,-9.659726E-1,-1.8427756E0,1.4866073E0,-1.9095341E0,-1.6482319E0,-2.0422368E0,-2.1629698E0,-2.3149133E0,-2.5329163E-2,-3.7917975E-1,1.984939E-1,-2.7222633E-1,-4.4341788E-1,-9.100526E0,-4.368007E-1,-5.580885E-2,-2.5743893E-1,2.5446722E-2,-5.853056E-1,-1.6018534E-1,2.2899258E-1,1.2304691E-1,9.261657E-2,-3.6043802E-1,-2.757376E-1,5.3072475E-2,-5.732098E-2,-2.9353216E-1,7.503585E-2,-1.2013099E-1,-5.103229E-1,-1.5206379E-1,-4.3436643E-1,-5.3264342E-2,-3.2330325E-1,3.3092745E-2,-6.619046E-1,-2.562094E-1,-4.6248308E-1,-5.864969E-1,-4.020285E-1,-5.1921815E-1,-1.0007935E-1,-6.158881E-1,-5.7651883E-1,-6.617208E-1,-7.1012187E-1,-5.829758E-1],"categories":[1,2,3,7,8,10,1,2,0,1,2,5,6,7,9,1,2,1,2,0,1,4,0,1,2,3,4,5,6,7,8,9,1,2,1,2],"categories_nodes":[0,4,7,9,13,22,34,39,44,47],"categories_segments":[0,2,6,8,15,17,19,22,32,34],"categories_sizes":[2,4,2,7,2,2,3,10,2,2],"default_left":[0,1,1,0,0,1,0,0,1,0,0,0,0,0,0,1,1,0,1,1,1,0,0,0,1,1,0,0,1,0,0,0,1,1,0,0,0,0,0,0,0,1,1,0,0,0,0,0,1,0,0,0,0,0,0,0,0,0,0,0,0,0,0,0,0,0,0,0,0,0,0,0,0,0,0,0,0,0,0,0,0,0,0,0,0,0,0,0,0],"id":0,"left_children":[1,3,5,7,9,11,13,15,17,19,21,-1,-1,23,25,27,29,-1,31,33,35,37,39,41,43,45,47,49,51,53,55,57,59,61,63,-1,65,67,69,71,73,75,77,-1,79,81,83,85,87,-1,-1,-1,-1,-1,-1,-1,-1,-1,-1,-1,-1,-1,-1,-1,-1,-1,-1,-1,-1,-1,-1,-1,-1,-1,-1,-1,-1,-1,-1,-1,-1,-1,-1,-1,-1,-1,-1,-1,-1],"loss_changes":[1.3951895E3,1.2449045E3,9.379584E3,7.262964E1,3.2642334E2,6.311122E3,1.0009961E2,3.126709E1,3.1079102E0,2.340868E1,2.9347015E1,0E0,0E0,3.276123E1,3.845508E1,1.5676544E1,4.707439E2,0E0,2.900298E0,1.1925827E1,5.9178932E1,1.6539528E1,2.0402893E1,2.3469223E1,1.1203491E2,1.0729004E1,9.19043E0,5.742462E0,4.6721606E0,1.3558591E3,1.615158E1,1.2404907E0,3.682165E-1,6.868805E0,3.8351274E0,0E0,1.2716703E1,6.6467133E0,6.0473895E0,1.9779045E1,2.9851593E1,9.567436E0,1.8410614E1,0E0,1.3916748E1,1.9227905E0,3.0324707E0,8.995605E0,1.8278809E1,0E0,0E0,0E0,0E0,0E0,0E0,0E0,0E0,0E0,0E0,0E0,0E0,0E0,0E0,0E0,0E0,0E0,0E0,0E0,0E0,0E0,0E0,0E0,0E0,0E0,0E0,0E0,0E0,0E0,0E0,0E0,0E0,0E0,0E0,0E0,0E0,0E0,0E0,0E0,0E0],"parents":[2147483647,0,0,1,1,2,2,3,3,4,4,5,5,6,6,7,7,8,8,9,9,10,10,13,13,14,14,15,15,16,16,18,18,19,19,20,20,21,21,22,22,23,23,24,24,25,25,26,26,27,27,28,28,29,29,30,30,31,31,32,32,33,33,34,34,36,36,37,37,38,38,39,39,40,40,41,41,42,42,44,44,45,45,46,46,47,47,48,48],"right_children":[2,4,6,8,10,12,14,16,18,20,22,-1,-1,24,26,28,30,-1,32,34,36,38,40,42,44,46,48,50,52,54,56,58,60,62,64,-1,66,68,70,72,74,76,78,-1,80,82,84,86,88,-1,-1,-1,-1,-1,-1,-1,-1,-1,-1,-1,-1,-1,-1,-1,-1,-1,-1,-1,-1,-1,-1,-1,-1,-1,-1,-1,-1,-1,-1,-1,-1,-1,-1,-1,-1,-1,-1,-1,-1],"split_conditions":[NaN,5.6E2,3.5E2,4E5,NaN,1.96341E5,8E4,NaN,4.9E5,NaN,5E4,2.463032E1,-4.6566328E-1,NaN,2.084E3,3.7E1,3.6E1,-6.222659E-1,7.51E2,1.2145E4,1.89E3,2.015E3,NaN,2.7791E4,5.13E2,7.92E2,2.1E5,3.89E2,2.36E3,3.02E2,5.7E1,4E1,2.948E3,1E3,NaN,-1.5135896E0,7.85E2,8.73E3,1.6809E4,NaN,1.684259E6,1.5E3,3.3614E4,1.4866073E0,NaN,1.5E5,1.2E1,NaN,2.27397E5,-2.5329163E-2,-3.7917975E-1,1.984939E-1,-2.7222633E-1,-4.4341788E-1,-9.100526E0,-4.368007E-1,-5.580885E-2,-2.5743893E-1,2.5446722E-2,-5.853056E-1,-1.6018534E-1,2.2899258E-1,1.2304691E-1,9.261657E-2,-3.6043802E-1,-2.757376E-1,5.3072475E-2,-5.732098E-2,-2.9353216E-1,7.503585E-2,-1.2013099E-1,-5.103229E-1,-1.5206379E-1,-4.3436643E-1,-5.3264342E-2,-3.2330325E-1,3.3092745E-2,-6.619046E-1,-2.562094E-1,-4.6248308E-1,-5.864969E-1,-4.020285E-1,-5.1921815E-1,-1.0007935E-1,-6.158881E-1,-5.7651883E-1,-6.617208E-1,-7.1012187E-1,-5.829758E-1],"split_indices":[14,2,8,0,14,6,0,17,0,18,0,0,0,16,2,1,1,0,13,10,2,13,18,3,8,10,0,7,7,12,1,1,4,10,16,0,8,2,3,19,9,9,7,0,18,0,12,19,3,0,0,0,0,0,0,0,0,0,0,0,0,0,0,0,0,0,0,0,0,0,0,0,0,0,0,0,0,0,0,0,0,0,0,0,0,0,0,0,0],"split_type":[1,0,0,0,1,0,0,1,0,1,0,0,0,1,0,0,0,0,0,0,0,0,1,0,0,0,0,0,0,0,0,0,0,0,1,0,0,0,0,1,0,0,0,0,1,0,0,1,0,0,0,0,0,0,0,0,0,0,0,0,0,0,0,0,0,0,0,0,0,0,0,0,0,0,0,0,0,0,0,0,0,0,0,0,0,0,0,0,0],"sum_hessian":[5.8374917E3,1.860214E3,3.9772778E3,8.9556854E2,9.646455E2,2.675517E0,3.9746023E3,3.3638547E2,5.5918304E2,5.696419E2,3.950036E2,1.2161441E0,1.459373E0,1.145851E3,2.8287512E3,1.8777264E2,1.4861281E2,5.5067004E2,8.513009E0,2.4517465E2,3.2446725E2,1.2185764E2,2.7314597E2,1.3304617E2,1.0128048E3,3.67762E2,2.4609893E3,1.8047578E2,7.2968645E0,7.7833223E0,1.4082948E2,4.378119E0,4.13489E0,2.3885071E2,6.3239493E0,1.2161441E0,3.232511E2,6.66447E1,5.5212944E1,1.0069673E2,1.7244923E2,7.759E1,5.5456173E1,1.459373E0,1.01134546E3,1.6588206E2,2.0187993E2,1.2818159E3,1.1791733E3,4.378119E0,1.7609767E2,5.594263E0,1.7026018E0,6.5671782E0,1.2161441E0,1.2964096E2,1.1188526E1,2.1890595E0,2.1890595E0,2.918746E0,1.2161441E0,9.388632E1,1.4496439E2,1.9458306E0,4.378119E0,9.972382E0,3.1327872E2,1.4107272E1,5.2537426E1,2.7484858E1,2.7728086E1,1.6053102E1,8.464363E1,1.510451E2,2.1404137E1,7.029313E1,7.2968645E0,3.9646297E1,1.5809874E1,1.1504723E2,8.962982E2,3.867338E1,1.2720867E2,1.459373E0,2.0042055E2,1.999341E2,1.0818818E3,1.0293444E3,1.4982895E2],"tree_param":{"num_deleted":"0","num_feature":"20","num_nodes":"89","size_leaf_vector":"0"}},{"base_weights":[-1.4291365E0,-9.572414E0,-1.1585263E0,-4.3335905E0,-8.046553E1,-4.85902E-1,-1.3953639E0,8.959995E-2,-2.2848824E1,-1.1202422E2,-9.870052E-1,-4.6175835E-1,-1.1248643E-1,-1.3577528E0,-4.276886E1,4.002334E0,-7.489263E-1,1.4944946E-2,-1.1764365E0,2.9672533E-1,-5.9164053E-1,-3.9408636E0,-1.3480979E0,-1.8216619E-1,-2.0270456E1,1.1131344E1,-5.3018683E-1,-4.791992E-1,-1.2476114E0,-4.0514168E-1,1.9228712E-2,3.9816573E0,2.3867112E-1,-4.8628265E-1,-1.0668485E0,-1.9311818E0,-7.5174775E0,-1.1994714E0,-1.4080813E0,6.6407335E-1,7.7637253E0,-7.289669E-3,-4.5199642E-1,-1.571448E-1,2.857844E-1,-2.1305288E-1,-3.494613E0,1.281103E-1,2.9209426E-2,-1.8845019E-1,-6.476327E-2,-4.2830822E-1,-2.1102719E-1,-2.5610757E-1,-8.7260157E-1,-4.2609916E0,-4.808746E-1,-4.0709502E-1,-3.3356073E-1,-4.2973855E-1,-3.2608998E-1],"categories":[1,2,1,2,0,1,2,3,4,5,6,7,8,9,3,7,8,10,0,1,2,4,0,1,2,6,9,1],"categories_nodes":[1,2,5,12,16,32,36],"categories_segments":[0,2,4,14,18,22,27],"categories_sizes":[2,2,10,4,4,5,1],"default_left":[1,0,0,0,1,0,0,0,0,0,0,0,0,0,0,1,0,0,1,1,0,1,1,0,0,0,0,1,0,0,0,0,0,0,0,0,0,1,0,0,0,0,0,0,0,0,0,0,0,0,0,0,0,0,0,0,0,0,0,0,0],"id":1,"left_children":[1,3,5,7,9,11,13,15,-1,-1,17,-1,19,21,23,25,27,-1,29,31,33,35,37,-1,-1,39,41,43,45,-1,-1,-1,47,49,51,53,55,57,59,-1,-1,-1,-1,-1,-1,-1,-1,-1,-1,-1,-1,-1,-1,-1,-1,-1,-1,-1,-1,-1,-1],"loss_changes":[1.1784834E4,6.3540324E4,8.248081E2,5.123609E4,2.7391706E5,5.311852E2,5.9047637E3,5.0461517E2,0E0,0E0,2.0755186E0,0E0,1.9594853E2,9.0191895E1,3.5635962E3,8.8286694E2,1.6450966E1,0E0,1.9699001E0,4.0300082E2,2.2524887E1,8.42437E1,3.233789E1,0E0,0E0,1.336022E3,8.630865E0,5.8575706E0,2.3694318E2,0E0,0E0,0E0,1.4273434E1,1.4388741E1,9.839363E0,8.199566E0,1.5902783E2,1.3727417E1,1.9686523E1,0E0,0E0,0E0,0E0,0E0,0E0,0E0,0E0,0E0,0E0,0E0,0E0,0E0,0E0,0E0,0E0,0E0,0E0,0E0,0E0,0E0,0E0],"parents":[2147483647,0,0,1,1,2,2,3,3,4,4,5,5,6,6,7,7,10,10,12,12,13,13,14,14,15,15,16,16,18,18,19,19,20,20,21,21,22,22,25,25,26,26,27,27,28,28,32,32,33,33,34,34,35,35,36,36,37,37,38,38],