{"learner":{"attributes":{"best_ntree_limit":"3"},"feature_names":[],"feature_types":["q","q","q","q","q","q","q","q","q","q","q","q","q","q","c","c","c","c","c","c"],"gradient_booster":{"model":{"gbtree_model_param":{"num_parallel_tree":"1","num_trees":"3","size_leaf_vector":"0"},"tree_info":[0,0,0],"trees":[{"base_weights":[-1.706296E0,-9.80557E-1,-2.0418313E0,-1.8528879E0,-2.2754942E-1,-2.0711172E0,1.5483745E1,-6.192552E-1,-1.4944887E0,2.580408E-1,-9.86878E-1,-1.8238839E0,-2.1735039E0,-1.2311261E0,-1.8299718E0,5.414769E-1,3.446151E-2,-5.8715975E-1,-1.2029976E0,-1.6887239E0,-2.0001318E0,-1.9496691E0,-2.240331E0,-1.2606254E0,2.505604E-1,-6.96587E0,-1.3478411E0,5.69099E-1,-5.54158E-1,-2.559287E0,1.0898585E-1,-3.815517E-1,-4.0907088E-1,-1.1373751E0,-4.429784E0,-1.4771376E0,-1.8676007E0,-1.780215E0,-2.1294553E0,-2.0046294E0,-1.4465983E0,-2.2622392E0,-1.8614061E0,-4.8894417E-2,-3.8335282E-1,2.8304273E-1,-1.6051973E-1,-3.1133378E-1,-9.561609E0,-4.3066624E-1,-1.9573955E-2,2.5823623E-2,1.9287035E-1,1.7158653E-1,-3.0510324E-1,4.2002566E-2,-2.4861595E-1,-3.3315492E-1,-9.045199E-2,-3.0997396E-1,-4.868142E-1,-2.4239943E0,-6.771884E-2,-6.120255E-1,-4.1096225E-1,-5.7297134E-1,1.7472055E0,-6.1640096E-1,-4.7481337E-1,-6.4442396E-1,-2.1910192E-1,-6.046096E-1,-3.995865E-1,-4.4876346E-1,1.4326215E-1,-5.680427E-1,-6.83545E-1,-2.7632716E-1,-5.7003605E-1],"categories":[1,2,3,4,3,1,2,0,1,2,5,6,9,1,2,5,4,5,6,2,1,2,0,1,2,3,4,5],"categories_nodes":[0,3,4,8,9,10,17,19,35,37],"categories_segments":[0,2,4,5,7,13,16,19,20,22],"categories_sizes":[2,2,1,2,6,3,3,1,2,6],"default_left":[0,1,0,0,0,1,0,0,0,0,0,0,0,1,1,1,1,0,0,0,1,0,0,0,1,0,0,1,0,0,1,0,0,0,1,0,0,0,0,0,1,1,0,0,0,0,0,0,0,0,0,0,0,0,0,0,0,0,0,0,0,0,0,0,0,0,0,0,0,0,0,0,0,0,0,0,0,0,0],"id":0,"left_children":[1,3,5,7,9,11,-1,-1,13,15,17,19,21,23,25,27,29,31,33,35,37,39,41,43,45,47,49,51,53,-1,55,-1,57,59,61,63,65,67,69,71,73,75,77,-1,-1,-1,-1,-1,-1,-1,-1,-1,-1,-1,-1,-1,-1,-1,-1,-1,-1,-1,-1,-1,-1,-1,-1,-1,-1,-1,-1,-1,-1,-1,-1,-1,-1,-1,-1],"loss_changes":[1.4197324E3,1.21337E3,6.3790586E3,6.173462E1,3.6635452E2,9.7046875E1,0E0,0E0,2.6116516E1,3.8408955E1,3.276776E1,2.4608398E1,3.776367E1,8.311707E0,3.3518048E2,8.405945E0,2.1800157E2,1.6299004E1,4.8016205E1,2.2650024E1,1.0556885E1,1.5218262E1,1.3739258E1,3.1845703E0,2.9028928E0,1.694687E3,1.4357193E1,9.257851E0,4.27233E0,0E0,9.951856E0,0E0,8.035601E0,1.08013E1,6.950921E1,1.6065125E1,1.2826343E2,7.204712E0,6.576172E0,1.5632324E0,7.1746216E0,7.9023438E0,2.7576904E0,0E0,0E0,0E0,0E0,0E0,0E0,0E0,0E0,0E0,0E0,0E0,0E0,0E0,0E0,0E0,0E0,0E0,0E0,0E0,0E0,0E0,0E0,0E0,0E0,0E0,0E0,0E0,0E0,0E0,0E0,0E0,0E0,0E0,0E0,0E0,0E0],"parents":[2147483647,0,0,1,1,2,2,3,3,4,4,5,5,8,8,9,9,10,10,11,11,12,12,13,13,14,14,15,15,16,16,17,17,18,18,19,19,20,20,21,21,22,22,23,23,24,24,25,25,26,26,27,27,28,28,30,30,32,32,33,33,34,34,35,35,36,36,37,37,38,38,39,39,40,40,41,41,42,42],"right_children":[2,4,6,8,10,12,-1,-1,14,16,18,20,22,24,26,28,30,32,34,36,38,40,42,44,46,48,50,52,54,-1,56,-1,58,60,62,64,66,68,70,72,74,76,78,-1,-1,-1,-1,-1,-1,-1,-1,-1,-1,-1,-1,-1,-1,-1,-1,-1,-1,-1,-1,-1,-1,-1,-1,-1,-1,-1,-1,-1,-1,-1,-1,-1,-1,-1,-1],"split_conditions":[NaN,1.07E2,2.588E5,NaN,NaN,1.501E3,1.5483745E1,-6.192552E-1,NaN,NaN,NaN,1.5E5,8E4,3.82E3,3.7E1,1.1773E4,1.532E3,NaN,3E5,NaN,4.52E2,2.84E4,5.08229E5,7.84E2,6.28E3,-2.5E1,5.8E1,1.026E3,3.017E3,-2.559287E0,1.6271E4,-3.815517E-1,1.28E3,1.8E5,3.08523E5,NaN,2E4,NaN,1.75407E5,6.9324E4,5.8992E4,7E0,3.45E2,-4.8894417E-2,-3.8335282E-1,2.8304273E-1,-1.6051973E-1,-3.1133378E-1,-9.561609E0,-4.3066624E-1,-1.9573955E-2,2.5823623E-2,1.9287035E-1,1.7158653E-1,-3.0510324E-1,4.2002566E-2,-2.4861595E-1,-3.3315492E-1,-9.045199E-2,-3.0997396E-1,-4.868142E-1,-2.4239943E0,-6.771884E-2,-6.120255E-1,-4.1096225E-1,-5.7297134E-1,1.7472055E0,-6.1640096E-1,-4.7481337E-1,-6.4442396E-1,-2.1910192E-1,-6.046096E-1,-3.995865E-1,-4.4876346E-1,1.4326215E-1,-5.680427E-1,-6.83545E-1,-2.7632716E-1,-5.7003605E-1],"split_indices":[14,2,6,14,14,9,0,0,17,19,19,0,0,4,1,10,2,15,0,16,10,10,10,8,6,7,1,7,13,0,12,0,9,0,7,14,11,16,5,5,7,11,11,0,0,0,0,0,0,0,0,0,0,0,0,0,0,0,0,0,0,0,0,0,0,0,0,0,0,0,0,0,0,0,0,0,0,0,0],"split_type":[1,0,0,1,1,0,0,0,1,1,1,0,0,0,0,0,0,1,0,1,0,0,0,0,0,0,0,0,0,0,0,0,0,0,0,1,0,1,0,0,0,0,0,0,0,0,0,0,0,0,0,0,0,0,0,0,0,0,0,0,0,0,0,0,0,0,0,0,0,0,0,0,0,0,0,0,0,0,0],"sum_hessian":[5.8374917E3,1.8468364E3,3.9906553E3,8.5494934E2,9.9188715E2,3.9894392E3,1.2161441E0,5.3486017E2,3.2008914E2,6.0539655E2,3.864906E2,1.1738223E3,2.815617E3,1.8193517E2,1.3815398E2,2.6633557E2,3.3906097E2,1.3693782E2,2.4955276E2,6.703386E2,5.0348367E2,6.542855E2,2.1613313E3,1.7852995E2,3.4052036E0,1.0702068E1,1.27451904E2,2.6025485E2,6.0807204E0,1.9458306E0,3.3711514E2,2.69984E1,1.0993943E2,2.4590434E2,3.6484323E0,3.113329E2,3.5900574E2,1.9190755E2,3.115761E2,5.8715436E2,6.713116E1,2.0385007E3,1.2283056E2,2.918746E0,1.756112E2,1.7026018E0,1.7026018E0,9.485924E0,1.2161441E0,1.1918212E2,8.26978E0,3.4781723E1,2.2547311E2,1.7026018E0,4.378119E0,3.2714276E2,9.972382E0,1.3377585E1,9.6561844E1,2.050419E2,4.0862442E1,1.459373E0,2.1890595E0,4.694316E1,2.6438974E2,3.577896E2,1.2161441E0,7.637385E1,1.1553369E2,3.0695477E2,4.6213474E0,5.759659E2,1.1188526E1,6.567178E1,1.459373E0,9.096758E1,1.9475332E3,5.837492E0,1.16993065E2],"tree_param":{"num_deleted":"0","num_feature":"20","num_nodes":"79","size_leaf_vector":"0"}},{"base_weights":[-1.4403119E0,-1.1335789E0,-1.3455441E1,-5.024027E-1,-1.3630724E0,-3.630236E0,-3.3391907E2,-1.4831803E0,-9.382718E-2,2.8147379E1,-1.3893911E0,5.7499576E-1,-7.887588E1,-1.6140141E2,1.9526375E1,2.884112E-1,-1.4932727E0,2.8384468E-1,-5.4158825E-1,-3.1405994E-1,1.4452279E1,-1.1439154E0,-1.4254239E0,3.1423624E0,-3.335447E-1,-9.362138E-2,-1.5045483E0,1.6697917E0,2.234629E-1,-5.7479906E-1,3.1060728E-1,-1.0338527E0,-1.3017203E0,-1.3560135E0,-1.5339041E0,-1.4928363E-1,1.1821161E1,1.048081E0,-6.0441923E-1,-2.1495114E-1,1.8915495E-1,-4.5296782E-1,-4.0273443E-2,9.5514405E-1,1.2126377E-1,1.5307777E-1,8.50637E-3,-9.652679E-2,-2.1014014E-1,1.9951504E0,-3.2447997E-1,-2.9015705E-1,-4.511077E-1,-4.1517884E-1,-2.9199898E-1,-3.0077785E-1,-4.1750923E-1,-4.6781456E-1,-3.826329E-1,2.64216E-1,-1.2834653E-1,4.3686256E-1,8.807693E-2,-2.1075054E-1,2.2672538E-1],"categories":[1,2,0,1,2,5,3,7,10,3,0,3,4,5,6,7,8,9,0,1,2,4,6,7,1,2,1,2],"categories_nodes":[1,2,8,24,27,28,29,33],"categories_segments":[0,2,6,9,10,18,24,26],"categories_sizes":[2,4,3,1,8,6,2,2],"default_left":[0,0,0,1,1,0,0,0,0,0,1,0,0,0,0,0,0,0,0,0,0,1,0,0,0,0,1,0,0,0,0,0,1,0,1,0,0,0,0,0,0,0,0,0,0,0,0,0,0,0,0,0,0,0,0,0,0,0,0,0,0,0,0,0,0],"id":1,"left_children":[1,3,5,7,9,11,13,15,17,19,21,23,-1,-1,-1,-1,25,27,29,-1,-1,31,33,35,37,39,41,43,45,47,49,51,53,55,57,59,-1,61,63,-1,-1,-1,-1,-1,-1,-1,-1,-1,-1,-1,-1,-1,-1,-1,-1,-1,-1,-1,-1,-1,-1,-1,-1,-1,-1],"loss_changes":[1.9566072E4,7.4993066E2,4.1494316E5,5.5419415E2,2.9902104E3,1.4108166E5,3.5428897E5,1.1470337E1,1.6547221E2,2.057437E3,3.1956543E1,3.0004688E2,0E0,0E0,0E0,0E0,6.2579956E0,4.406078E1,1.2847641E1,0E0,0E0,7.183899E0,2.282129E1,4.0165278E3,3.6405434E1,2.3942845E0,2.7424927E0,4.089094E1,2.8520359E1,1.3486481E1,1.6112387E2,7.75943E0,3.9963684E0,2.414746E1,6.458008E0,9.50039E0,0E0,4.509693E0,1.1277021E1,0E0,0E0,0E0,0E0,0E0,0E0,0E0,0E0,0E0,0E0,0E0,0E0,0E0,0E0,0E0,0E0,0E0,0E0,0E0,0E0,0E0,0E0,0E0,0E0,0E0,0E0],"parents":[2147483647,0,0,1,1,2,2,3,3,4,4,5,5,6,6,7,7,8,8,9,9,10,10,11,11,16,16,17,17,18,18,21,21,22,22,23,23,24,24,25,25,26,26,27,27,28,28,29,29,30,30,31,31,32,32,33,33,34,34,35,35,37,37,38,38],"right_children":[2,4,6,8,10,12,14,16,18,20,22,24,-1,-1,-1,-1,26,28,30,-1,-1,32,34,36,38,40,42,44,46,48,50,52,54,56,58,60,-1,62,64,-1,-1,-1,-1,-1,-1,-1,-1,-1,-1,-1,-1,-1,-1,-1,-1,-1,-1,-1,-1,-1,-1,-1,-1,-1,-1],