{"learner":{"attributes":{"best_ntree_limit":"10"},"feature_names":[],"feature_types":["c","c","c"],"gradient_booster":{"model":{"gbtree_model_param":{"num_parallel_tree":"1","num_trees":"10","size_leaf_vector":"0"},"tree_info":[0,0,0,0,0,0,0,0,0,0],"trees":[{"base_weights":[-1.7072988E0,-1.6973222E0,-2.3212378E0,-1.7225062E0,-1.5691094E0,-7.255603E-1,-4.4791386E-1,-5.474908E-1,-1.6445227E0,-1.5150801E0,-4.9513444E-1,-4.6076196E-1,-1.7103571E0,-4.4897214E-1,-5.4138005E-1,-1.885412E0,-5.004454E-1,-5.76382E-1,-4.5052204E-1],"categories":[3,2,2,1,1,1,2,1,1],"categories_nodes":[0,1,2,3,4,8,9,12,15],"categories_segments":[0,1,2,3,4,5,6,7,8],"categories_sizes":[1,1,1,1,1,1,1,1,1],"default_left":[0,0,0,0,0,0,0,0,0,0,0,0,0,0,0,0,0,0,0],"id":0,"left_children":[1,3,5,7,9,-1,-1,-1,11,13,-1,-1,15,-1,-1,17,-1,-1,-1],"loss_changes":[3.0611328E1,1.5231445E1,3.4382935E0,3.401367E1,1.5563965E0,0E0,0E0,0E0,1.6260742E1,3.3666992E-1,0E0,0E0,8.938477E0,0E0,0E0,1.3803711E0,0E0,0E0,0E0],"parents":[2147483647,0,0,1,1,2,2,3,3,4,4,8,8,9,9,12,12,15,15],"right_children":[2,4,6,8,10,-1,-1,-1,12,14,-1,-1,16,-1,-1,18,-1,-1,-1],"split_conditions":[NaN,NaN,NaN,NaN,NaN,-7.255603E-1,-4.4791386E-1,-5.474908E-1,NaN,NaN,-4.9513444E-1,-4.6076196E-1,NaN,-4.4897214E-1,-5.4138005E-1,NaN,-5.004454E-1,-5.76382E-1,-4.5052204E-1],"split_indices":[1,1,2,1,2,0,0,0,0,1,0,0,2,0,0,1,0,0,0],"split_type":[1,1,1,1,1,0,0,0,1,1,0,0,1,0,0,1,0,0,0],"sum_hessian":[5.640089E3,5.553608E3,8.648137E1,4.631453E3,9.2215454E2,7.5671196E1,1.0810171E1,1.9918915E3,2.6395618E3,5.658889E2,3.5626562E2,1.00511084E3,1.6344508E3,5.376885E2,2.8200445E1,3.0902988E2,1.3254209E3,2.789494E2,3.0080475E1],"tree_param":{"num_deleted":"0","num_feature":"3","num_nodes":"19","size_leaf_vector":"0"}},{"base_weights":[-1.0729657E0,-1.0640146E0,-1.6319184E0,-1.078758E0,-9.8921E-1,-1.7079784E0,-3.0256128E-1,-3.1700498E-1,-1.118379E0,-9.3790567E-1,-3.2040513E-1,-5.7637876E-1,-4.447069E-1,-1.2868221E0,-3.234668E-1,-2.7685145E-1,-3.5587746E-1,-3.9468136E-1,-2.9638466E-1],"categories":[3,2,2,1,1,3,1,2,1],"categories_nodes":[0,1,2,3,4,5,8,9,13],"categories_segments":[0,1,2,3,4,5,6,7,8],"categories_sizes":[1,1,1,1,1,1,1,1,1],"default_left":[0,0,0,0,0,0,0,0,0,0,0,0,0,0,0,0,0,0,0],"id":1,"left_children":[1,3,5,7,9,11,-1,-1,13,15,-1,-1,-1,17,-1,-1,-1,-1,-1],"loss_changes":[2.81958E1,5.430176E0,2.659546E0,3.112793E0,2.968628E0,1.0464325E0,0E0,0E0,1.0380127E1,1.1616821E0,0E0,0E0,0E0,1.5367432E0,0E0,0E0,0E0,0E0,0E0],"parents":[2147483647,0,0,1,1,2,2,3,3,4,4,5,5,8,8,9,9,13,13],"right_children":[2,4,6,8,10,12,-1,-1,14,16,-1,-1,-1,18,-1,-1,-1,-1,-1],"split_conditions":[NaN,NaN,NaN,NaN,NaN,NaN,-3.0256128E-1,-3.1700498E-1,NaN,NaN,-3.2040513E-1,-5.7637876E-1,-4.447069E-1,NaN,-3.234668E-1,-2.7685145E-1,-3.5587746E-1,-3.9468136E-1,-2.9638466E-1],"split_indices":[1,1,2,0,2,1,0,0,2,1,0,0,0,1,0,0,0,0,0],"split_type":[1,1,1,1,1,1,0,0,1,1,0,0,0,1,0,0,0,0,0],"sum_hessian":[5.981564E3,5.8901426E3,9.142147E1,4.909161E3,9.8098157E2,7.992927E1,1.1492204E1,3.1704229E3,1.7387383E3,6.0198376E2,3.7899777E2,3.7224747E1,4.270452E1,3.2873822E2,1.41E3,5.7199664E2,2.9987162E1,2.967578E2,3.1980423E1],"tree_param":{"num_deleted":"0","num_feature":"3","num_nodes":"19","size_leaf_vector":"0"}},{"base_weights":[-7.607802E-1,-7.516029E-1,-1.3439606E0,-2.1626228E-1,-7.974167E-1,-1.4235505E0,-2.2240405E-1,-8.772099E-1,-6.878127E-1,-4.954762E-1,-3.5145706E-1,-8.8074917E-1,-2.1347661E-1,-6.349167E-1,-2.3094995E-1,-2.7642924E-1,-2.5666583E-1,-1.8622388E-1,-2.6371202E-1],"categories":[3,1,2,2,3,2,1,1,2],"categories_nodes":[0,1,2,4,5,7,8,11,13],"categories_segments":[0,1,2,3,4,5,6,7,8],"categories_sizes":[1,1,1,1,1,1,1,1,1],"default_left":[0,0,0,0,0,0,0,0,0,0,0,0,0,0,0,0,0,0,0],"id":2,"left_children":[1,3,5,-1,7,9,-1,11,13,-1,-1,15,-1,17,-1,-1,-1,-1,-1],"loss_changes":[2.973413E1,7.3898926E0,3.152237E0,0E0,1.9178223E1,2.4562988E0,0E0,1.383667E-1,3.6656494E0,0E0,0E0,5.17334E-1,0E0,1.4878845E0,0E0,0E0,0E0,0E0,0E0],"parents":[2147483647,0,0,1,1,2,2,4,4,5,5,7,7,8,8,11,11,13,13],"right_children":[2,4,6,-1,8,10,-1,12,14,-1,-1,16,-1,18,-1,-1,-1,-1,-1],"split_conditions":[NaN,NaN,NaN,-2.1626228E-1,NaN,NaN,-2.2240405E-1,NaN,NaN,-4.954762E-1,-3.5145706E-1,NaN,-2.1347661E-1,NaN,-2.3094995E-1,-2.7642924E-1,-2.5666583E-1,-1.8622388E-1,-2.6371202E-1],"split_indices":[1,0,2,0,1,1,0,2,2,0,0,0,0,1,0,0,0,0,0],"split_type":[1,1,1,0,1,1,0,1,1,0,0,1,0,1,0,0,0,0,0],"sum_hessian":[5.7433354E3,5.656608E3,8.6727554E1,3.3957302E3,2.2608777E3,7.540606E1,1.1321498E1,1.3043151E3,9.5656256E2,3.667181E1,3.873425E1,1.2727979E3,3.151721E1,5.8684204E2,3.6972058E2,4.7320505E2,7.9959283E2,5.579952E2,2.884685E1],"tree_param":{"num_deleted":"0","num_feature":"3","num_nodes":"19","size_leaf_vector":"0"}},{"base_weights":[-5.47192E-1,-5.375444E-1,-1.1716073E0,-1.4859551E-1,-5.9886825E-1,-1.2586639E0,-1.6820264E-1,-6.82276E-1,-4.8468557E-1,-4.48693E-1,-2.9239142E-1,-6.8574125E-1,-1.5804738E-1,-4.288097E-1,-1.7154805E-1,-2.2749114E-1,-1.9236107E-1,-1.24524966E-1,-2.0247547E-1],"categories":[3,1,2,2,3,2,1,1,2],"categories_nodes":[0,1,2,4,5,7,8,11,13],"categories_segments":[0,1,2,3,4,5,6,7,8],"categories_sizes":[1,1,1,1,1,1,1,1,1],"default_left":[0,0,0,0,0,0,0,0,0,0,0,0,0,0,0,0,0,0,0],"id":3,"left_children":[1,3,5,-1,7,9,-1,11,13,-1,-1,15,-1,17,-1,-1,-1,-1,-1],"loss_changes":[3.1693848E1,1.3391113E1,3.5913925E0,0E0,2.0152405E1,3.2480698E0,0E0,3.0688477E-1,4.192169E0,0E0,0E0,3.4243774E0,0E0,1.6092148E0,0E0,0E0,0E0,0E0,0E0],"parents":[2147483647,0,0,1,1,2,2,4,4,5,5,7,7,8,8,11,11,13,13],"right_children":[2,4,6,-1,8,10,-1,12,14,-1,-1,16,-1,18,-1,-1,-1,-1,-1],"split_conditions":[NaN,NaN,NaN,-1.4859551E-1,NaN,NaN,-1.6820264E-1,NaN,NaN,-4.48693E-1,-2.9239142E-1,NaN,-1.5804738E-1,NaN,-1.7154805E-1,-2.2749114E-1,-1.9236107E-1,-1.24524966E-1,-2.0247547E-1],"split_indices":[1,0,2,0,1,1,0,2,2,0,0,0,0,1,0,0,0,0,0],"split_type":[1,1,1,0,1,1,0,1,1,0,0,1,0,1,0,0,0,0,0],"sum_hessian":[5.364734E3,5.28494E3,7.979413E1,3.1351973E3,2.1497427E3,6.8913795E1,1.0880331E1,1.2394084E3,9.103341E2,3.524281E1,3.3670986E1,1.2090459E3,3.0362526E1,5.5828015E2,3.52054E2,4.5375095E2,7.55295E2,5.3133215E2,2.6948008E1],"tree_param":{"num_deleted":"0","num_feature":"3","num_nodes":"19","size_leaf_vector":"0"}},{"base_weights":[-3.8402286E-1,-3.7387285E-1,-1.0536977E0,-9.52166E-2,-4.535255E-1,-1.1494155E0,-1.2821797E-1,-5.411262E-1,-3.3397177E-1,-4.1884735E-1,-2.4739645E-1,-5.44569E-1,-1.1768562E-1,-2.7471852E-1,-1.2802188E-1,-1.9256414E-1,-1.4523189E-1,-7.8426965E-2,-1.5663931E-1],"categories":[3,1,2,2,3,2,1,1,2],"categories_nodes":[0,1,2,4,5,7,8,11,13],"categories_segments":[0,1,2,3,4,5,6,7,8],"categories_sizes":[1,1,1,1,1,1,1,1,1],"default_left":[0,0,0,0,0,0,0,0,0,0,0,0,0,0,0,0,0,0,0],"id":4,"left_children":[1,3,5,-1,7,9,-1,11,13,-1,-1,15,-1,17,-1,-1,-1,-1,-1],"loss_changes":[3.352118E1,2.1976501E1,3.9416962E0,0E0,2.115918E1,3.9411316E0,0E0,3.8815308E-1,4.633484E0,0E0,0E0,6.4273987E0,0E0,1.6075935E0,0E0,0E0,0E0,0E0,0E0],"parents":[2147483647,0,0,1,1,2,2,4,4,5,5,7,7,8,8,11,11,13,13],"right_children":[2,4,6,-1,8,10,-1,12,14,-1,-1,16,-1,18,-1,-1,-1,-1,-1],"split_conditions":[NaN,NaN,NaN,-9.52166E-2,NaN,NaN,-1.2821797E-1,NaN,NaN,-4.1884735E-1,-2.4739645E-1,NaN,-1.1768562E-1,NaN,-1.2802188E-1,-1.9256414E-1,-1.4523189E-1,-7.8426965E-2,-1.5663931E-1],"split_indices":[1,0,2,0,1,1,0,2,2,0,0,0,0,1,0,0,0,0,0],"split_type":[1,1,1,0,1,1,0,1,1,0,0,1,0,1,0,0,0,0,0],"sum_hessian":[4.9885693E3,4.9156235E3,7.294589E1,2.8790107E3,2.0366127E3,6.2551018E1,1.0394878E1,1.1733427E3,8.632701E2,3.367037E1,2.888065E1,1.1442173E3,2.9125315E1,5.292106E2,3.3405948E2,4.3480554E2,7.0941174E2,5.041742E2,2.5036394E1],"tree_param":{"num_deleted":"0","num_feature":"3","num_nodes":"19","size_leaf_vector":"0"}},{"base_weights":[-2.5394616E-1,-3.4176493E-1,-1.6206744E-1,-1.0176937E-1,-4.9009484E-1,-1.3805892E-1,-2.871879E-1,-3.0936006E-1,-2.9120728E-1,3.3522937E-1,-3.4159845E-1,6.594843E-2,-1.4373013E-1,-1.634612E-1,-2.806592E-1,-1.08418524E-1,-2.1267428E-1,-4.29682E-2,-9.501293E-2],