{"learner":{"attributes":{"best_ntree_limit":"1"},"feature_names":[],"feature_types":["q","q","q","q","q","q","q","q","q","q","q","q","q","q","c","c","c","c","c","c","c","c","c"],"gradient_booster":{"model":{"gbtree_model_param":{"num_parallel_tree":"1","num_trees":"1","size_leaf_vector":"0"},"tree_info":[0],"trees":[{"base_weights":[-1.7069442E0,-9.595513E-1,-2.0561671E0,-1.8465482E0,-1.9085582E-1,1.9010828E1,-2.1086826E0,-1.4844509E0,-6.2177765E-1,3.0173278E-1,-9.384124E-1,-1.8193549E0,-2.204217E0,-1.1709352E0,-1.8277422E0,5.7887155E-1,9.612211E-2,-7.050471E-1,-8.762628E-1,-1.6183031E0,-1.9351946E0,-2.0653393E0,-2.2961192E0,-1.1898378E0,1.0628278E-1,-8.770479E0,-1.3487853E0,5.47393E-2,6.588772E-1,-2.08044E0,1.6154589E-1,-9.4349545E-1,2.3979259E0,-1.4897195E0,-2.0368037E0,-1.8120527E0,-2.110671E0,-1.5962988E0,-2.1087801E0,-2.3178816E0,-1.8248935E0,-1.5489077E-2,-3.5923028E-1,-3.8445592E-1,-1.02223E1,-4.3498757E-1,-1.0269998E-2,6.4390935E-2,-3.296765E-1,2.0751454E-1,-1.5534057E-1,5.626199E-2,-3.741007E-1,-7.00799E-1,-2.6465675E-1,-4.5121536E-1,-8.8632524E-2,-1.54297E-1,-6.2131345E-1,-4.913251E-1,-5.75965E-1,-3.722793E-1,-6.413017E-1,-6.341788E-1,-3.711756E-1,8.087746E-1,-6.3629115E-1,-6.429411E-1,-7.1486E-1,-4.051554E-2,-5.574791E-1],"categories":[1,2,3,8,10,1,2,0,1,2,5,6,9,1,3,4,5,6,7,9,1,2,3,1,3,4,5,6,7,9],"categories_nodes":[0,4,7,9,10,21,30,31],"categories_segments":[0,2,5,7,13,20,22,23],"categories_sizes":[2,3,2,6,7,2,1,7],"default_left":[0,1,1,0,0,0,1,0,0,0,0,1,0,1,1,1,1,0,0,1,0,0,1,0,0,0,0,1,1,0,0,0,0,0,0,0,0,1,1,1,1,0,0,0,0,0,0,0,0,0,0,0,0,0,0,0,0,0,0,0,0,0,0,0,0,0,0,0,0,0,0],"id":0,"left_children":[1,3,5,7,9,-1,11,13,-1,15,17,19,21,23,25,27,29,-1,31,33,35,37,39,41,-1,43,45,47,49,-1,51,53,-1,55,57,59,61,63,65,67,69,-1,-1,-1,-1,-1,-1,-1,-1,-1,-1,-1,-1,-1,-1,-1,-1,-1,-1,-1,-1,-1,-1,-1,-1,-1,-1,-1,-1,-1,-1],"loss_changes":[1.4703906E3,1.225789E3,1.334029E4,6.525098E1,3.5545416E2,0E0,1.02177734E2,3.2770325E1,0E0,3.3117638E1,3.1575623E1,1.9211182E1,3.2057617E1,5.3895416E0,4.970948E2,1.0353127E1,1.554055E2,0E0,2.2744919E2,1.6165771E1,9.217285E0,2.0231445E1,1.347168E1,1.4118195E0,0E0,1.7935565E3,1.9148865E1,6.4893985E0,8.660049E0,0E0,1.2437105E1,2.926123E1,0E0,4.2908936E0,3.1645508E0,3.654419E0,3.0496826E0,1.6394867E1,6.7620605E1,1.3587891E1,4.3110657E0,0E0,0E0,0E0,0E0,0E0,0E0,0E0,0E0,0E0,0E0,0E0,0E0,0E0,0E0,0E0,0E0,0E0,0E0,0E0,0E0,0E0,0E0,0E0,0E0,0E0,0E0,0E0,0E0,0E0,0E0],"parents":[2147483647,0,0,1,1,2,2,3,3,4,4,6,6,7,7,9,9,10,10,11,11,12,12,13,13,14,14,15,15,16,16,18,18,19,19,20,20,21,21,22,22,23,23,25,25,26,26,27,27,28,28,30,30,31,31,33,33,34,34,35,35,36,36,37,37,38,38,39,39,40,40],"right_children":[2,4,6,8,10,-1,12,14,-1,16,18,20,22,24,26,28,30,-1,32,34,36,38,40,42,-1,44,46,48,50,-1,52,54,-1,56,58,60,62,64,66,68,70,-1,-1,-1,-1,-1,-1,-1,-1,-1,-1,-1,-1,-1,-1,-1,-1,-1,-1,-1,-1,-1,-1,-1,-1,-1,-1,-1,-1,-1,-1],"split_conditions":[NaN,1.05E2,5E4,5.2E5,NaN,1.9010828E1,8.27E2,NaN,-6.2177765E-1,NaN,NaN,1.243E3,1.5E5,2.021E3,3.6E1,1.035E3,1.544E3,-7.050471E-1,5.4E1,9E2,1.9E5,NaN,2.83744E5,1E2,1.0628278E-1,-3.78E2,5.7E1,6.26E2,1.2023E4,-2.08044E0,NaN,NaN,2.3979259E0,6.3E1,-5.71E2,1.3123E4,-9E0,1.219E3,3.9E2,6.961E3,4.883E3,-1.5489077E-2,-3.5923028E-1,-3.8445592E-1,-1.02223E1,-4.3498757E-1,-1.0269998E-2,6.4390935E-2,-3.296765E-1,2.0751454E-1,-1.5534057E-1,5.626199E-2,-3.741007E-1,-7.00799E-1,-2.6465675E-1,-4.5121536E-1,-8.8632524E-2,-1.54297E-1,-6.2131345E-1,-4.913251E-1,-5.75965E-1,-3.722793E-1,-6.413017E-1,-6.341788E-1,-3.711756E-1,8.087746E-1,-6.3629115E-1,-6.429411E-1,-7.1486E-1,-4.051554E-2,-5.574791E-1],"split_indices":[17,2,0,0,17,0,10,21,0,22,18,2,0,4,1,7,2,0,1,13,0,19,3,5,0,3,1,6,10,0,15,18,0,1,5,2,3,10,8,2,6,0,0,0,0,0,0,0,0,0,0,0,0,0,0,0,0,0,0,0,0,0,0,0,0,0,0,0,0,0,0],"split_type":[1,0,0,0,1,0,0,1,0,1,1,0,0,0,0,0,0,0,0,0,0,1,0,0,0,0,0,0,0,0,1,1,0,0,0,0,0,0,0,0,0,0,0,0,0,0,0,0,0,0,0,0,0,0,0,0,0,0,0,0,0,0,0,0,0,0,0,0,0,0,0],"sum_hessian":[5.640089E3,1.7973083E3,3.8427808E3,8.3379315E2,9.635152E2,2.1150334E0,3.8406655E3,3.233651E2,5.1042807E2,5.811642E2,3.8235104E2,9.5834515E2,2.8823206E3,1.713177E2,1.520474E2,2.4675389E2,3.3441028E2,1.45702305E1,3.677808E2,3.5579562E2,6.025495E2,1.1571583E3,1.7251622E3,1.6943767E2,1.8800297E0,8.695137E0,1.4335226E2,3.290052E1,2.1385338E2,2.1150334E0,3.3229526E2,3.659008E2,1.8800297E0,2.7565936E2,8.013627E1,3.6073068E2,2.4181882E2,1.012866E2,1.0558717E3,1.645261E3,7.990126E1,1.1750185E0,1.6826265E2,7.5201187E0,1.1750185E0,1.330121E2,1.0340163E1,2.9610468E1,3.290052E0,2.0844829E2,5.4050856E0,3.2712515E2,5.1700816E0,1.3865219E1,3.5203555E2,2.721343E2,3.5250556E0,2.1150334E0,7.802123E1,1.4405728E2,2.1667342E2,8.695137E0,2.3312369E2,3.948062E1,6.1805977E1,2.1150334E0,1.0537566E3,4.5520218E2,1.1900588E3,1.645026E0,7.825623E1],"tree_param":{"num_deleted":"0","num_feature":"23","num_nodes":"71","size_leaf_vector":"0"}}]},"name":"gbtree"},"learner_model_param":{"base_score":"5E-1","num_class":"0","num_feature":"23","num_target":"1"},"objective":{"name":"reg:squarederror","reg_loss_param":{"scale_pos_weight":"1"}}},"version":[1,6,2]}