{"learner":{"attributes":{"best_ntree_limit":"7"},"feature_names":[],"feature_types":["q","q","q","q","q","q","q","q","q","q","q","q","q","q","c","c","c","c","c","c"],"gradient_booster":{"model":{"gbtree_model_param":{"num_parallel_tree":"1","num_trees":"2","size_leaf_vector":"0"},"tree_info":[0,0],"trees":[{"base_weights":[-1.3777262E0,-7.7649164E-1,-1.6624453E0,-1.4840482E0,-1.2372227E-1,2.0630993E1,-1.7024494E0,-1.1945547E0,-5.023797E-1,2.975461E-1,-7.46738E-1,2.6125383E1,-1.5790616E0,-1.4951737E0,-1.7853464E0,-9.232425E-1,-1.5228986E0,4.7843695E-1,1.5734608E-1,-3.7437484E-1,-9.167812E-1,-5.3857595E-1,-6.788594E-2,-1.1369666E0,-1.5471675E0,-1.5182542E0,-1.8239925E0,-9.9755365E-1,-4.2648576E-2,-9.822628E0,-1.1326661E0,5.0730103E-1,-5.423867E-1,-2.0081282E0,1.9457999E-1,-3.4476653E-2,-5.8321416E-1,-6.1088645E-1,-1.0766541E0,-8.633652E-1,-1.6034905E0,1.7337675E0,-1.55927E0,-1.3390158E0,-1.6539261E0,-1.7220734E0,-1.8644176E0,1.0843953E-1,-3.024746E-1,-1.2819703E-1,1.4197011E-1,-1.060063E1,-3.1168187E-1,-2.4191421E-1,-4.4817176E-1,1.5936305E-1,-1.4964516E-1,8.229722E-2,-3.159384E-1,7.234736E-2,-7.2331786E-2,-4.173619E-1,2.1023914E-2,-5.0666224E-2,-2.239327E-1,-3.8074097E-1,-1.1778823E-1,-3.3937877E-1,1.2078562E0,-6.2297136E-2,-3.1258392E-1,-4.9660945E-1,-1.6485266E-1,-4.1414544E-1,-4.865388E-1,-3.442475E-1,-4.2764917E-1,-3.5272565E-2,-4.999443E-1,-4.2482924E-1,-5.313043E-1,-5.726405E-1,-5.1696736E-1],"categories":[1,2,3,7,1,2,0,1,2,5,9,1,2,1,2,1,2,1,2,0,1,3,6,7,1,2],"categories_nodes":[0,4,7,9,13,19,20,30,31,45],"categories_segments":[0,2,4,6,11,13,15,17,19,24],"categories_sizes":[2,2,2,5,2,2,2,2,5,2],"default_left":[0,1,1,0,0,1,0,0,0,0,0,0,1,0,0,1,1,1,1,0,0,0,0,0,1,1,0,0,0,1,0,0,0,0,0,0,1,1,0,1,1,0,1,0,0,0,1,0,0,0,0,0,0,0,0,0,0,0,0,0,0,0,0,0,0,0,0,0,0,0,0,0,0,0,0,0,0,0,0,0,0,0,0],"id":0,"left_children":[1,3,5,7,9,11,13,15,-1,17,19,-1,21,23,25,27,29,31,33,35,37,-1,-1,39,41,43,45,47,49,51,53,55,57,-1,59,61,63,65,67,69,71,-1,73,75,77,79,81,-1,-1,-1,-1,-1,-1,-1,-1,-1,-1,-1,-1,-1,-1,-1,-1,-1,-1,-1,-1,-1,-1,-1,-1,-1,-1,-1,-1,-1,-1,-1,-1,-1,-1,-1,-1],"loss_changes":[1.1951191E3,1.0380826E3,4.264285E3,5.749951E1,3.0738513E2,1.2786908E4,7.868262E1,3.704608E1,0E0,1.7650303E1,2.9568329E1,0E0,1.7596264E0,2.354663E1,3.2086914E1,1.5589645E1,6.1641016E2,9.252876E0,1.021265E2,1.0612436E1,1.5168488E1,0E0,0E0,2.107962E1,1.139707E2,8.31012E0,8.922852E0,3.5657043E0,4.0987005E0,1.8838873E3,2.0740326E1,7.4052887E0,3.9853106E0,0E0,8.055316E0,8.334891E0,6.1444626E0,1.57925415E1,6.3414154E1,1.3027359E1,2.583664E0,0E0,1.0980713E1,1.5397034E0,4.473633E0,1.02126465E1,9.848633E0,0E0,0E0,0E0,0E0,0E0,0E0,0E0,0E0,0E0,0E0,0E0,0E0,0E0,0E0,0E0,0E0,0E0,0E0,0E0,0E0,0E0,0E0,0E0,0E0,0E0,0E0,0E0,0E0,0E0,0E0,0E0,0E0,0E0,0E0,0E0,0E0],"parents":[2147483647,0,0,1,1,2,2,3,3,4,4,5,5,6,6,7,7,9,9,10,10,12,12,13,13,14,14,15,15,16,16,17,17,18,18,19,19,20,20,23,23,24,24,25,25,26,26,27,27,28,28,29,29,30,30,31,31,32,32,34,34,35,35,36,36,37,37,38,38,39,39,40,40,42,42,43,43,44,44,45,45,46,46],"right_children":[2,4,6,8,10,12,14,16,-1,18,20,-1,22,24,26,28,30,32,34,36,38,-1,-1,40,42,44,46,48,50,52,54,56,58,-1,60,62,64,66,68,70,72,-1,74,76,78,80,82,-1,-1,-1,-1,-1,-1,-1,-1,-1,-1,-1,-1,-1,-1,-1,-1,-1,-1,-1,-1,-1,-1,-1,-1,-1,-1,-1,-1,-1,-1,-1,-1,-1,-1,-1,-1],"split_conditions":[NaN,6E2,3.45E2,5.1E5,NaN,9.7129E4,8E4,NaN,-5.023797E-1,NaN,5E4,2.6125383E1,2.61E2,NaN,2.025E3,-2E0,3.6E1,1.2176E4,1.68E3,NaN,NaN,-5.3857595E-1,-6.788594E-2,4.8529E4,8.16E2,7.9E2,1.5E5,3.011E3,3.5E1,3.16E2,NaN,NaN,1.2148E4,-2.0081282E0,5.1E1,5.03E2,3.9E2,8.441E3,1.83613E5,2.9E2,5.18E4,1.7337675E0,1.298E3,3.96E2,1.2E1,NaN,1.49803E5,1.0843953E-1,-3.024746E-1,-1.2819703E-1,1.4197011E-1,-1.060063E1,-3.1168187E-1,-2.4191421E-1,-4.4817176E-1,1.5936305E-1,-1.4964516E-1,8.229722E-2,-3.159384E-1,7.234736E-2,-7.2331786E-2,-4.173619E-1,2.1023914E-2,-5.0666224E-2,-2.239327E-1,-3.8074097E-1,-1.1778823E-1,-3.3937877E-1,1.2078562E0,-6.2297136E-2,-3.1258392E-1,-4.9660945E-1,-1.6485266E-1,-4.1414544E-1,-4.865388E-1,-3.442475E-1,-4.2764917E-1,-3.5272565E-2,-4.999443E-1,-4.2482924E-1,-5.313043E-1,-5.726405E-1,-5.1696736E-1],"split_indices":[14,2,8,0,14,6,0,17,0,19,0,0,3,17,2,5,1,10,3,19,19,0,0,7,2,10,0,12,1,2,18,15,9,0,1,13,10,7,3,12,6,0,9,2,12,19,2,0,0,0,0,0,0,0,0,0,0,0,0,0,0,0,0,0,0,0,0,0,0,0,0,0,0,0,0,0,0,0,0,0,0,0,0],"split_type":[1,0,0,0,1,0,0,1,0,1,0,0,0,1,0,0,0,0,0,1,1,0,0,0,0,0,0,0,0,0,1,1,0,0,0,0,0,0,0,0,0,0,0,0,0,1,0,0,0,0,0,0,0,0,0,0,0,0,0,0,0,0,0,0,0,0,0,0,0,0,0,0,0,0,0,0,0,0,0,0,0,0,0],"sum_hessian":[6.98807E3,2.2469556E3,4.7411143E3,1.0776187E3,1.169337E3,7.5704093E0,4.733544E3,4.306398E2,6.469788E2,6.979335E2,4.7140356E2,1.1646783E0,6.4057307E0,1.3577238E3,3.37582E3,2.3788554E2,1.9275426E2,3.0368988E2,3.9424362E2,1.4878766E2,3.226159E2,5.2410526E0,1.1646783E0,1.7499292E2,1.1827308E3,4.318045E2,2.9440156E3,2.192507E2,1.8634853E1,7.5704093E0,1.8518385E2,2.958283E2,7.861579E0,1.1646783E0,3.9307895E2,5.7069237E1,9.171842E1,1.1239146E2,2.1022444E2,1.1210029E2,6.289263E1,1.1646783E0,1.1815662E3,1.9071608E2,2.4108841E2,8.4846814E2,2.0955476E3,1.455848E0,2.1779485E2,1.0773274E1,7.861579E0,1.1646783E0,6.4057307E0,9.899766E1,8.6186195E1,2.8942258E2,6.4057307E0,3.2028654E0,4.6587133E0,3.5551807E2,3.7560875E1,3.2028654E0,5.386637E1,2.6496431E1,6.5221985E1,2.6787601E1,8.560386E1,2.0876859E2,1.455848E0,2.4458244E1,8.7642044E1,5.9398594E1,3.494035E0,3.121338E2,8.694324E2,6.376614E1,1.26949936E2,2.038187E0,2.3905023E2,1.2112655E2,7.273416E2,1.584836E3,5.1071146E2],"tree_param":{"num_deleted":"0","num_feature":"20","num_nodes":"83","size_leaf_vector":"0"}},{"base_weights":[-1.2786438E0,-8.586744E0,-1.0434481E0,-3.5974422E0,-6.0511864E1,-4.6898368E-1,-1.2459611E0,6.861476E-1,-1.981458E1,-1.3470001E2,-1.0556116E0,-4.1157848E-1,-1.4775424E-1,-1.7024778E1,-1.214066E0,9.509783E0,-5.1720965E-1,-1.1863723E0,-4.4368118E-2,1.8462816E-1,-5.612626E-1,-1.1392665E0,-1.284764E0,4.6031498E1,-1.1546422E-1,1.2677983E0,-6.286038E-1,-1.2950946E0,-1.1716369E-2,3.5527651E0,1.475989E-1,-5.132353E-1,-2.2590787E0,-2.6218414E0,-1.1213918E0,-1.128639E0,-1.3138621E0,1.9442934E0,2.4280848E1,2.8761718E-1,-6.696138E-1,-1.21214956E-1,9.854555E-1,-1.1233434E-1,-3.36727E-1,-4.4819772E-1,-2.224559E-1,2.0551583E-1,3.295768E-2,-1.7142962E-1,5.8862388E-2,-2.8277573E-1,-9.6495825E-1,-1.6349887E0,-3.268571E-1,-2.461888E-1,-3.4836704E-1,-3.454612E-1,-1.5767132E-1,-4.0046358E-1,-3.409816E-1],"categories":[1,2,1,2,7,0,1,2,3,4,5,6,7,8,9,3,3,3,0,1,2,4,2,1,2],"categories_nodes":[1,2,5,12,16,24,26,32,34],"categories_segments":[0,2,5,15,16,17,18,22,23],"categories_sizes":[2,3,10,1,1,1,4,1,2],"default_left":[1,0,0,0,1,0,1,0,0,0,0,0,0,0,0,1,0,1,0,1,1,1,1,0,0,0,0,1,0,0,0,0,0,0,0,1,0,0,0,0,0,0,0,0,0,0,0,0,0,0,0,0,0,0,0,0,0,0,0,0,0],"id":1,"left_children":[1,3,5,7,9,11,13,15,-1,-1,17,-1,19,-1,21,23,25,27,-1,29,31,33,35,37,39,41,43,45,-1,-1,47,49,51,53,55,57,59,-1,-1,-1,-1,-1,-1,-1,-1,-1,-1,-1,-1,-1,-1,-1,-1,-1,-1,-1,-1,-1,-1,-1,-1],"loss_changes":[1.0961808E4,5.130359E4,7.189346E2,4.8866734E4,4.00748E5,4.67833E2,8.025169E3,1.8288232E3,0E0,0E0,1.7316132E0,0E0,1.638424E2,0E0,2.2706543E1,7.270259E3,3.1042091E1,1.6834965E0,0E0,2.836815E2,4.214911E1,5.614868E1,9.15625E0,5.4296836E3,4.159496E1,3.2575043E1,1.7632935E1,2.8689575E-1,0E0,0E0,1.3314268E1,2.1490906E1,1.501429E1,1.0593327E2,2.5461426E1,4.5731506E0,5.8137207E0,0E0,0E0,0E0,0E0,0E0,0E0,0E0,0E0,0E0,0E0,0E0,0E0,0E0,0E0,0E0,0E0,0E0,0E0,0E0,0E0,0E0,0E0,0E0,0E0],"parents":[2147483647,0,0,1,1,2,2,3,3,4,4,5,5,6,6,7,7,10,10,12,12,14,14,15,15,16,16,17,17,19,19,20,20,21,21,22,22,23,23,24,24,25,25,26,26,27,27,30,30,31,31,32,32,33,33,34,34,35,35,36,36],"right_children":[2,4,6,8,10,12,14,16,-1,-1,18,-1,20,-1,22,24,26,28,-1,30,32,34,36,38,40,42,44,46,-1,-1,48,50,52,54,56,58,60,-1,-1,-1,-1,-1,-1,-1,-1,-1,-1,-1,-1,-1,-1,-1,-1,-1,-1,-1,-1,-1,-1,-1,-1],