{"learner":{"attributes":{"best_ntree_limit":"10"},"feature_names":[],"feature_types":["c","c","c"],"gradient_booster":{"model":{"gbtree_model_param":{"num_parallel_tree":"1","num_trees":"10","size_leaf_vector":"0"},"tree_info":[0,0,0,0,0,0,0,0,0,0],"trees":[{"base_weights":[-1.7069442E0,-1.6963793E0,-2.340937E0,-1.7508937E0,-1.6350889E0,-7.306495E-1,-4.734747E-1,-5.465163E-1,-1.5969204E0,-4.5782962E-1,-1.701922E0,-4.449316E-1,-5.019275E-1,-5.5702484E-1,-4.99591E-1],"categories":[3,1,2,2,1,1,1],"categories_nodes":[0,1,2,3,4,8,10],"categories_segments":[0,1,2,3,4,5,6],"categories_sizes":[1,1,1,1,1,1,1],"default_left":[0,0,0,0,0,0,0,0,0,0,0,0,0,0,0],"id":0,"left_children":[1,3,5,7,9,-1,-1,-1,11,-1,13,-1,-1,-1,-1],"loss_changes":[3.3814453E1,1.5688477E1,2.6348877E0,2.8983398E1,1.6550781E1,0E0,0E0,0E0,5.5769043E0,0E0,6.0976562E0,0E0,0E0,0E0,0E0],"parents":[2147483647,0,0,1,1,2,2,3,3,4,4,8,8,10,10],"right_children":[2,4,6,8,10,-1,-1,-1,12,-1,14,-1,-1,-1,-1],"split_conditions":[NaN,NaN,NaN,NaN,NaN,-7.306495E-1,-4.734747E-1,-5.465163E-1,NaN,-4.5782962E-1,NaN,-4.449316E-1,-5.019275E-1,-5.5702484E-1,-4.99591E-1],"split_indices":[1,1,2,1,0,0,0,0,0,0,2,0,0,0,0],"split_type":[1,1,1,1,1,0,0,0,1,0,1,0,0,0,0],"sum_hessian":[5.640089E3,5.551258E3,8.8831406E1,2.923446E3,2.6278115E3,7.7081215E1,1.1750185E1,1.9949465E3,9.2849963E2,1.0079309E3,1.6198806E3,3.80471E2,5.480286E2,3.0033475E2,1.3195458E3],"tree_param":{"num_deleted":"0","num_feature":"3","num_nodes":"15","size_leaf_vector":"0"}},{"base_weights":[-1.0675697E0,-1.0582432E0,-1.6349715E0,-3.0864906E-1,-1.1034509E0,-5.127048E-1,-3.185307E-1,-1.1726722E0,-1.0099592E0,-1.1783905E0,-2.770458E-1,-2.711425E-1,-3.2459432E-1,-3.7146693E-1,-3.42849E-1],"categories":[3,1,2,2,2,1,1],"categories_nodes":[0,1,2,4,7,8,9],"categories_segments":[0,1,2,3,4,5,6],"categories_sizes":[1,1,1,1,1,1,1],"default_left":[0,0,0,0,0,0,0,0,0,0,0,0,0,0,0],"id":1,"left_children":[1,3,5,-1,7,-1,-1,9,11,13,-1,-1,-1,-1,-1],"loss_changes":[2.9927734E1,6.694336E0,2.2135468E0,0E0,1.374707E1,0E0,0E0,7.919922E-1,6.581238E0,1.3216553E0,0E0,0E0,0E0,0E0,0E0],"parents":[2147483647,0,0,1,1,2,2,4,4,7,7,8,8,9,9],"right_children":[2,4,6,-1,8,-1,-1,10,12,14,-1,-1,-1,-1,-1],"split_conditions":[NaN,NaN,NaN,-3.0864906E-1,NaN,-5.127048E-1,-3.185307E-1,NaN,NaN,NaN,-2.770458E-1,-2.711425E-1,-3.2459432E-1,-3.7146693E-1,-3.42849E-1],"split_indices":[1,0,2,0,1,0,0,2,0,0,0,0,0,0,0],"split_type":[1,1,1,0,1,0,0,1,1,1,0,0,0,0,0],"sum_hessian":[5.9813237E3,5.887416E3,9.390783E1,3.5811829E3,2.306233E3,8.141003E1,1.2497802E1,1.3184839E3,9.877491E2,1.2852609E3,3.3222984E1,4.047496E2,5.8299945E2,4.665109E2,8.1874994E2],"tree_param":{"num_deleted":"0","num_feature":"3","num_nodes":"15","size_leaf_vector":"0"}},{"base_weights":[-7.483955E-1,-7.3911285E-1,-1.3277241E0,-2.0678261E-1,-8.135172E-1,-1.4043676E0,-2.3514609E-1,-9.960185E-1,-7.588029E-1,-4.7070456E-1,-3.6341298E-1,-3.0850387E-1,-7.441107E-1,-2.4667202E-1,-7.034301E-1,-1.2545255E-1,-9.193995E-1,-1.8016993E-1,-2.3226613E-1,-5.714495E-1,-2.0241274E-1],"categories":[3,1,2,1,3,2,2,1,1,1],"categories_nodes":[0,1,2,4,5,7,8,12,14,16],"categories_segments":[0,1,2,3,4,5,6,7,8,9],"categories_sizes":[1,1,1,1,1,1,1,1,1,1],"default_left":[0,0,0,0,0,0,0,0,0,0,0,0,0,0,0,0,0,0,0,0,0],"id":2,"left_children":[1,3,5,-1,7,9,-1,11,13,-1,-1,-1,15,-1,17,-1,19,-1,-1,-1,-1],"loss_changes":[2.9745605E1,2.0300781E1,2.6032104E0,0E0,2.1723267E1,5.3382874E-1,0E0,3.4372253E0,5.5201416E0,0E0,0E0,0E0,3.1754875E0,0E0,6.3355713E0,0E0,8.283802E0,0E0,0E0,0E0,0E0],"parents":[2147483647,0,0,1,1,2,2,4,4,5,5,7,7,8,8,12,12,14,14,16,16],"right_children":[2,4,6,-1,8,10,-1,12,14,-1,-1,-1,16,-1,18,-1,20,-1,-1,-1,-1],"split_conditions":[NaN,NaN,NaN,-2.0678261E-1,NaN,NaN,-2.3514609E-1,NaN,NaN,-4.7070456E-1,-3.6341298E-1,-3.0850387E-1,NaN,-2.4667202E-1,NaN,-1.2545255E-1,NaN,-1.8016993E-1,-2.3226613E-1,-5.714495E-1,-2.0241274E-1],"split_indices":[1,0,2,0,2,1,0,2,1,0,0,0,0,0,0,0,1,0,0,0,0],"split_type":[1,1,1,0,1,1,0,1,1,0,0,0,1,0,1,0,1,0,0,0,0],"sum_hessian":[5.7127466E3,5.6248936E3,8.785287E1,3.374711E3,2.2501829E3,7.5615585E1,1.2237281E1,5.1504156E2,1.7351412E3,3.695659E1,3.8658997E1,4.5373132E2,6.1310207E1,8.022289E2,9.3291235E2,2.262551E1,3.8684696E1,3.84169E2,5.4874335E2,6.3454113E0,3.2339287E1],"tree_param":{"num_deleted":"0","num_feature":"3","num_nodes":"21","size_leaf_vector":"0"}},{"base_weights":[-5.2654064E-1,-5.166956E-1,-1.1558764E0,-1.3665904E-1,-6.0508585E-1,-1.2414558E0,-1.7897952E-1,-7.842144E-1,-5.5091685E-1,-4.225363E-1,-3.0817455E-1,-2.482454E-1,-4.3449733E-1,-1.8251094E-1,-5.013703E-1,-2.8641261E-2,-6.2579924E-1,-1.1805433E-1,-5.759817E-1,-3.680984E-1,-9.9468E-2,-1.8344061E-1,-1.6722266E-1],"categories":[3,1,2,1,3,2,2,1,1,2,1],"categories_nodes":[0,1,2,4,5,7,8,12,14,16,18],"categories_segments":[0,1,2,3,4,5,6,7,8,9,10],"categories_sizes":[1,1,1,1,1,1,1,1,1,1,1],"default_left":[0,0,0,0,0,0,0,0,0,0,0,0,0,0,0,0,0,0,0,0,0,0,0],"id":3,"left_children":[1,3,5,-1,7,9,-1,11,13,-1,-1,-1,15,-1,17,-1,19,-1,21,-1,-1,-1,-1],"loss_changes":[3.2297485E1,2.799585E1,3.1346283E0,0E0,2.0290161E1,1.0320587E0,0E0,7.108307E0,4.372223E0,0E0,0E0,0E0,3.6009607E0,0E0,6.9188538E0,0E0,5.9442177E0,0E0,3.6773682E-3,0E0,0E0,0E0,0E0],"parents":[2147483647,0,0,1,1,2,2,4,4,5,5,7,7,8,8,12,12,14,14,16,16,18,18],"right_children":[2,4,6,-1,8,10,-1,12,14,-1,-1,-1,16,-1,18,-1,20,-1,22,-1,-1,-1,-1],"split_conditions":[NaN,NaN,NaN,-1.3665904E-1,NaN,NaN,-1.7897952E-1,NaN,NaN,-4.225363E-1,-3.0817455E-1,-2.482454E-1,NaN,-1.8251094E-1,NaN,-2.8641261E-2,NaN,-1.1805433E-1,NaN,-3.680984E-1,-9.9468E-2,-1.8344061E-1,-1.6722266E-1],"split_indices":[1,0,2,0,2,1,0,2,1,0,0,0,0,0,0,0,1,0,2,0,0,0,0],"split_type":[1,1,1,0,1,1,0,1,1,0,0,0,1,0,1,0,1,0,1,0,0,0,0],"sum_hessian":[5.3081865E3,5.22822E3,7.9966606E1,3.0936133E3,2.1346067E3,6.829632E1,1.1670289E1,4.9250204E2,1.6421047E3,3.5244274E1,3.3052044E1,4.3705878E2,5.5443253E1,7.551608E2,8.869439E2,2.054043E1,3.490282E1,3.652394E2,5.2170447E2,1.0427366E1,2.4475454E1,1.6826936E2,3.5343512E2],"tree_param":{"num_deleted":"0","num_feature":"3","num_nodes":"23","size_leaf_vector":"0"}},{"base_weights":[-3.5686326E-1,-3.4648916E-1,-1.0369838E0,-8.061567E-2,-4.5503363E-1,-1.1325629E0,-1.3735007E-1,-6.384029E-1,-3.992143E-1,-3.9145067E-1,-2.6630953E-1,-2.065544E-1,-2.2015272E-1,-1.3486856E-1,-3.5643634E-1,4.5161776E-2,-4.3539128E-1,-7.292863E-2,-4.351354E-1,-4.7648534E-1,-5.64236E-2,-1.4192851E-1,-1.2471328E-1],"categories":[3,1,2,1,3,2,2,1,1,1,1],"categories_nodes":[0,1,2,4,5,7,8,12,14,16,18],"categories_segments":[0,1,2,3,4,5,6,7,8,9,10],"categories_sizes":[1,1,1,1,1,1,1,1,1,1,1],"default_left":[0,0,0,0,0,0,0,0,0,0,0,0,0,0,0,0,0,0,0,0,0,0,0],"id":4,"left_children":[1,3,5,-1,7,9,-1,11,13,-1,-1,-1,15,-1,17,-1,19,-1,21,-1,-1,-1,-1],"loss_changes":[3.4302246E1,4.0737305E1,3.5392838E0,0E0,2.041037E1,1.4673309E0,0E0,9.688705E0,3.1790924E0,0E0,0E0,0E0,4.190792E0,0E0,7.4143143E0,0E0,9.101044E0,0E0,1.69281E-1,0E0,0E0,0E0,0E0],"parents":[2147483647,0,0,1,1,2,2,4,4,5,5,7,7,8,8,12,12,14,14,16,16,18,18],"right_children":[2,4,6,-1,8,10,-1,12,14,-1,-1,-1,16,-1,18,-1,20,-1,22,-1,-1,-1,-1],"split_conditions":[NaN,NaN,NaN,-8.061567E-2,NaN,NaN,-1.3735007E-1,NaN,NaN,-3.9145067E-1,-2.6630953E-1,-2.065544E-1,NaN,-1.3486856E-1,NaN,4.5161776E-2,NaN,-7.292863E-2,NaN,-4.7648534E-1,-5.64236E-2,-1.4192851E-1,-1.2471328E-1],"split_indices":[1,0,2,0,2,1,0,2,1,0,0,0,0,0,0,0,1,0,2,0,0,0,0],"split_type":[1,1,1,0,1,1,0,1,1,0,0,0,1,0,1,0,1,0,1,0,0,0,0],"sum_hessian":[4.911609E3,4.839303E3,7.2305855E1,2.8213376E3,2.0179655E3,6.124314E1,1.1062713E1,4.6849603E2,1.5494694E3,3.3409393E1,2.783375E1,4.177929E2,5.0703133E1,7.0739276E2,8.4207666E2,1.8735956E1,3.1967176E1,3.467633E2,4.9531335E2,4.6885357E0,2.727864E1,1.5975723E2,3.3555612E2],"tree_param":{"num_deleted":"0","num_feature":"3","num_nodes":"23",