{"learner":{"attributes":{"best_ntree_limit":"2"},"feature_names":[],"feature_types":["q","q","q","q","q","q","q","q","q","q","q","q","q","q","c","c","c","c","c","c"],"gradient_booster":{"model":{"gbtree_model_param":{"num_parallel_tree":"1","num_trees":"2","size_leaf_vector":"0"},"tree_info":[0,0],"trees":[{"base_weights":[-1.7071215E0,-9.689608E-1,-2.0530193E0,-1.8415344E0,-1.6879374E-1,2.4868307E1,-2.102407E0,-2.077339E0,-1.4512206E0,3.6684546E-1,-9.546199E-1,2.6053255E1,-6.101848E-1,-1.8352334E0,-2.209393E0,-1.54297E-1,-2.0825782E0,-1.8729968E0,-1.211925E0,6.534992E-1,1.5341984E-1,-5.460066E-1,-1.1854705E0,-1.3680898E0,-1.9018135E0,-1.9667804E0,-2.2698028E0,-1.5341894E-1,-6.2552667E-1,-1.399102E0,-2.076153E0,-1.2910186E0,2.8282639E-2,6.8712455E-1,-6.739278E-1,-1.9465072E0,1.97902E-1,-4.1985098E-1,-4.2980346E-1,-1.1379486E0,-4.2461004E0,-2.0398955E0,-1.0550061E0,1.4339502E0,-1.918233E0,-1.7203485E0,-2.0556986E0,-2.2837553E0,-1.8708807E0,-3.1080642E-1,-5.867476E-1,-6.3025886E-1,-2.0621401E-1,-3.3653045E-1,-5.181545E-1,1.3403784E-1,-3.5100472E-1,2.163766E-1,-1.1713164E-1,2.6037067E-1,-3.5588083E-1,7.63162E-2,-8.883554E-2,-2.2902493E-1,-2.9153632E-2,-2.757007E-1,-4.2218965E-1,-1.5341894E-1,-1.8085773E0,-6.2101614E-1,-1.5341894E-1,2.4854112E-1,-3.3293283E-1,-5.338905E-1,-6.133473E-1,-4.4058928E-1,-6.637973E-1,-6.2782174E-1,-4.4803232E-1,-6.685741E-1,-7.218137E-1,1.2244079E-1,-5.731212E-1],"categories":[1,2,3,7,8,10,0,1,2,5,9,1,2,1,2,1,5,1,0,1,6,7],"categories_nodes":[0,4,9,10,13,31,32,33],"categories_segments":[0,2,6,11,13,15,17,18],"categories_sizes":[2,4,5,2,2,2,1,4],"default_left":[0,1,1,1,0,1,0,0,0,0,0,0,0,0,1,0,0,0,0,1,1,0,0,1,1,0,1,0,0,1,1,0,0,0,0,0,0,0,0,1,0,1,0,0,1,1,1,0,0,0,0,0,0,0,0,0,0,0,0,0,0,0,0,0,0,0,0,0,0,0,0,0,0,0,0,0,0,0,0,0,0,0,0],"id":0,"left_children":[1,3,5,7,9,11,13,15,17,19,21,-1,-1,23,25,-1,27,29,31,33,35,37,39,41,43,45,47,-1,-1,49,51,53,55,57,59,-1,61,63,-1,65,67,69,71,-1,73,75,77,79,81,-1,-1,-1,-1,-1,-1,-1,-1,-1,-1,-1,-1,-1,-1,-1,-1,-1,-1,-1,-1,-1,-1,-1,-1,-1,-1,-1,-1,-1,-1,-1,-1,-1,-1],"loss_changes":[1.4383398E3,1.2577378E3,5.1582344E3,7.6305176E1,3.964415E2,1.2031234E4,1.05541016E2,3.3093262E0,3.082373E1,3.4179016E1,3.535855E1,0E0,0E0,3.1680176E1,3.5589844E1,0E0,1.0354004E0,8.345612E0,2.0835388E1,1.1123016E1,9.655926E1,1.5019791E1,3.0519562E1,2.75177E1,1.1472778E2,8.566162E0,7.8691406E0,0E0,0E0,5.681267E0,1.2917786E0,1.2778198E1,7.3883905E0,8.866287E0,6.0892224E0,0E0,9.041456E0,1.3635962E1,0E0,1.2901764E1,1.9218441E1,9.590759E-1,1.105896E1,0E0,1.3169678E1,1.5658264E1,5.220581E0,8.830078E0,7.91864E0,0E0,0E0,0E0,0E0,0E0,0E0,0E0,0E0,0E0,0E0,0E0,0E0,0E0,0E0,0E0,0E0,0E0,0E0,0E0,0E0,0E0,0E0,0E0,0E0,0E0,0E0,0E0,0E0,0E0,0E0,0E0,0E0,0E0,0E0],"parents":[2147483647,0,0,1,1,2,2,3,3,4,4,5,5,6,6,7,7,8,8,9,9,10,10,13,13,14,14,16,16,17,17,18,18,19,19,20,20,21,21,22,22,23,23,24,24,25,25,26,26,29,29,30,30,31,31,32,32,33,33,34,34,36,36,37,37,39,39,40,40,41,41,42,42,44,44,45,45,46,46,47,47,48,48],"right_children":[2,4,6,8,10,12,14,16,18,20,22,-1,-1,24,26,-1,28,30,32,34,36,38,40,42,44,46,48,-1,-1,50,52,54,56,58,60,-1,62,64,-1,66,68,70,72,-1,74,76,78,80,82,-1,-1,-1,-1,-1,-1,-1,-1,-1,-1,-1,-1,-1,-1,-1,-1,-1,-1,-1,-1,-1,-1,-1,-1,-1,-1,-1,-1,-1,-1,-1,-1,-1,-1],"split_conditions":[NaN,6E2,3.45E2,2.5E1,NaN,5.39E4,8E4,3.2E2,4.7376E4,NaN,NaN,2.6053255E1,-6.101848E-1,NaN,1.403E3,-1.54297E-1,-3.78E2,1.303E3,5.3E1,1.2133E4,2.322E3,3.1834E5,3.6E5,3.9E2,1.079E3,1.208E3,2.84176E5,-1.5341894E-1,-6.2552667E-1,6.96E2,4.3215E4,NaN,NaN,NaN,3.004E3,-1.9465072E0,5.1E1,3.011E3,-4.2980346E-1,1.523E3,2.9E1,4.567E3,2.75E2,1.4339502E0,1.642E3,8.86E2,5.6167E4,2.7E5,2.6E1,-3.1080642E-1,-5.867476E-1,-6.3025886E-1,-2.0621401E-1,-3.3653045E-1,-5.181545E-1,1.3403784E-1,-3.5100472E-1,2.163766E-1,-1.1713164E-1,2.6037067E-1,-3.5588083E-1,7.63162E-2,-8.883554E-2,-2.2902493E-1,-2.9153632E-2,-2.757007E-1,-4.2218965E-1,-1.5341894E-1,-1.8085773E0,-6.2101614E-1,-1.5341894E-1,2.4854112E-1,-3.3293283E-1,-5.338905E-1,-6.133473E-1,-4.4058928E-1,-6.637973E-1,-6.2782174E-1,-4.4803232E-1,-6.685741E-1,-7.218137E-1,1.2244079E-1,-5.731212E-1],"split_indices":[14,2,8,1,14,11,0,12,11,19,18,0,0,17,9,0,3,7,1,10,3,6,0,6,3,2,3,0,0,10,13,16,17,16,13,0,1,12,0,10,1,5,12,0,9,11,4,0,1,0,0,0,0,0,0,0,0,0,0,0,0,0,0,0,0,0,0,0,0,0,0,0,0,0,0,0,0,0,0,0,0,0,0],"split_type":[1,0,0,0,1,0,0,0,0,1,1,0,0,1,0,0,0,0,0,0,0,0,0,0,0,0,0,0,0,0,0,1,1,1,0,0,0,0,0,0,0,0,0,0,0,0,0,0,0,0,0,0,0,0,0,0,0,0,0,0,0,0,0,0,0,0,0,0,0,0,0,0,0,0,0,0,0,0,0,0,0,0,0],"sum_hessian":[5.640089E3,1.8008334E3,3.8392556E3,8.608186E2,9.4001483E2,6.1100965E0,3.8331455E3,5.339284E2,3.2689017E2,5.5930884E2,3.8070602E2,1.1750185E0,4.9350777E0,1.1012274E3,2.7319182E3,2.1150334E0,5.318134E2,1.1585683E2,2.1103333E2,2.3782376E2,3.2148508E2,1.3865219E2,2.4205382E2,1.4006221E2,9.6116516E2,5.513187E2,2.1805994E3,1.1750185E0,5.3063837E2,3.7130585E1,7.872624E1,1.9834312E2,1.2690201E1,2.3241867E2,5.4050856E0,1.1750185E0,3.2031006E2,1.22671936E2,1.5980252E1,2.3970378E2,2.350037E0,4.2770676E1,9.7291534E1,1.645026E0,9.5952014E2,1.515774E2,3.997413E2,2.1023433E3,7.825623E1,2.4205381E1,1.2925204E1,7.6846214E1,1.8800297E0,1.454673E2,5.2875835E1,9.870155E0,2.8200445E0,2.2560356E2,6.8151073E0,1.1750185E0,4.230067E0,2.8787955E2,3.243051E1,5.8750927E1,6.392101E1,1.3465712E2,1.0504666E2,1.1750185E0,1.1750185E0,4.1595657E1,1.1750185E0,2.350037E0,9.49415E1,4.6460233E2,4.9491782E2,1.02931625E2,4.8645767E1,3.7248087E2,2.726043E1,1.4619581E3,6.4038513E2,1.1750185E0,7.7081215E1],"tree_param":{"num_deleted":"0","num_feature":"20","num_nodes":"83","size_leaf_vector":"0"}},{"base_weights":[-1.44435E0,-6.0042667E0,-1.177383E0,-2.9939513E0,-6.52885E1,-5.2027404E-1,-1.4179722E0,-7.065927E-1,-2.3156513E1,-1.2702827E2,-1.4939872E0,-1.485608E0,-6.6602364E-2,1.2496839E1,-1.4425992E0,9.5249146E-1,-8.0831826E-1,-1.1033808E0,-9.8402417E-1,-9.638603E-1,-1.5837723E0,3.112133E-1,-5.878514E-1,-1.4122816E0,-2.0675165E1,-6.75628E-1,2.7397392E0,-1.3304243E0,-6.061339E-1,-1.4307034E-1,-1.3132641E0,-1.0499048E0,2.0427284E-1,-7.386507E-1,-1.5952685E0,1.0108378E0,2.5391266E-1,-5.353594E-1,-1.273803E0,-1.3058093E0,-1.5073231E0,-1.6795458E1,-3.67461E-1,-4.5465794E-1,-4.6084724E-2,1.6144274E-1,9.3686265E-1,-3.2994986E-1,-5.062369E-1,-1.9884358E-1,2.724746E-1,2.2043557E-1,-2.1208358E-1,-4.7903046E-1,-1.08562976E-1,-3.2825765E-1,2.0918874E-1,2.9359573E-1,-1.7037798E-1,9.6408226E-2,-4.307539E-1,-2.7707735E-1,-4.8122448E-1,3.8808608E-1,-2.6034862E-1,1.4550403E-1,3.50631E-2,-1.1537532E-1,-2.2139601E-1,-2.3943841E-1,-1.7857879E0,-2.5427306E-1,-4.039331E-1,-3.769922E-1,-4.6346948E-1],"categories":[1,2,1,2,3,5,3,7,8,10,4,1,1,0,1,2,4,5,6,7,8,9,1,2,1,2],"categories_nodes":[1,2,7,12,14,22,29,36,37,39],"categories_segments":[0,2,4,6,10,11,12,13,22,24],"categories_sizes":[2,2,2,4,1,1,1,9,2,2],"default_left":[1,0,0,0,1,1,1,0,0,0,0,0,0,0,0,0,0,0,0,0,0,0,0,0,1,0,0,0,0,0,1,0,0,0,0,1,0,0,0,0,0,0,0,0,0,0,0,0,0,0,0,0,0,0,0,0,0,0,0,0,0,0,0,0,0,0,0,0,0,0,0,0,0,0,0],"id":1,"left_children":[1,3,5,7,9,11,13,15,-1,-1,17,19,21,-1,23,25,27,-1,29,31,33,35,37,39,41,43,45,47,49,51,53,55,57,59,61,63,65,67,69,71,73,-1,-1,-1,-1,-1,-1,-1,-1,-1,-1,-1,-1,-1,-1,-1,-1,-1,-1,-1,-1,-1,-1,-1,-1,-1,-1,-1,-1,-1,-1,-1,-1,-1,-1],"loss_changes":[6.480045E3,5.236017E4,7.953257E2,4.7685625E4,3.2340538E5,5.9160913E2,3.969401E3,4.699666E1,0E0,0E0,1.0906052E1,2.0594849E1,1.8140092E2,0E0,2.118976E3,4.9231953E1,2.6493835E1,0E0,3.117547E0,7.3457108E0,2.338379E0,2.1156796E1,1.3254135E1,3.5265137E1,3.8633484E3,3.8547273E0,5.03376E0,4.018715E0,1.6761002E1,2.737638E0,1.7032537E0,5.8889236E0,3.967081E0,5.427739E0,6.272583E-1,2.242625E1,1.5621021E1,1.0752792E1,5.4867294E1,3.1310547E1,1.630957E1,0E0,0E0,0E0,0E0,0E0,0E0,0E0,0E0,0E0,0E0,0E0,0E0,0E0,0E0,0E0,0E0,0E0,0E0,0E0,0E0,0E0,0E0,0E0,0E0,0E0,0E0,0E0,0E0,0E0,0E0,0E0,0E0,0E0,0E0],"parents":[2147483647,0,0,1,1,2,2,3,3,4,4,5,5,6,6,7,7,10,10,11,11,12,12,14,14,15,15,16,16,18,18,19,19,20,20,21,21,22,22,23,23,24,24,25,25,26,26,27,27,28,28,29,29,30,30,31,31,32,32,33,33,34,34,35,35,36,36,37,37,38,38,39,39,40,40],