{"learner":{"attributes":{"best_ntree_limit":"1"},"feature_names":[],"feature_types":["q","q","q","q","q","q","q","q","q","q","q","q","q","q","c","c","c","c","c","c"],"gradient_booster":{"model":{"gbtree_model_param":{"num_parallel_tree":"1","num_trees":"1","size_leaf_vector":"0"},"tree_info":[0],"trees":[{"base_weights":[-1.7077271E0,-9.854878E-1,-2.0451932E0,-1.8442173E0,-2.412696E-1,1.8707571E1,-2.0963345E0,-1.4940332E0,-6.18847E-1,2.348348E-1,-9.6370447E-1,-1.817202E0,-2.1885035E0,-1.190889E0,-1.825921E0,5.025125E-1,3.6442712E-2,-6.995426E-1,-9.0353703E-1,-1.6245626E0,-1.9284061E0,-2.0530984E0,-2.278127E0,-1.2091658E0,9.228429E-2,-8.612239E0,-1.3593905E0,-2.9103905E-3,5.799332E-1,-2.0458117E0,9.972349E-2,-9.687124E-1,2.3412163E0,-1.4999757E0,-2.0293405E0,-1.8092885E0,-2.0985205E0,-1.6007919E0,-2.0949836E0,-2.2990706E0,-1.8272986E0,-3.6494017E-1,-2.5948616E-2,-3.897006E-1,-1.0113274E1,-4.371815E-1,-2.5004506E-2,4.5462605E-2,-3.3354914E-1,1.8353918E-1,-1.6660134E-1,-2.3573449E-1,3.833092E-2,-6.955488E-1,-2.7280495E-1,-4.541699E-1,-9.896704E-2,-1.6244243E-1,-6.1873764E-1,-5.444117E-1,-2.4230164E-2,-3.7674847E-1,-6.374074E-1,-6.30334E-1,-3.7613222E-1,7.742966E-1,-6.3201743E-1,-6.393447E-1,-7.084635E-1,-5.185647E-2,-5.578063E-1],"categories":[1,2,3,8,10,1,2,0,1,2,5,6,9,1,3,4,5,6,7,9,1,2,1,3,4,5,6,7,9],"categories_nodes":[0,4,7,9,10,21,31],"categories_segments":[0,2,5,7,13,20,22],"categories_sizes":[2,3,2,6,7,2,7],"default_left":[0,1,1,0,0,0,1,0,0,0,0,1,0,1,1,1,1,0,0,1,0,0,1,1,0,0,0,1,1,0,0,0,0,0,0,1,0,1,1,1,1,0,0,0,0,0,0,0,0,0,0,0,0,0,0,0,0,0,0,0,0,0,0,0,0,0,0,0,0,0,0],"id":0,"left_children":[1,3,5,7,9,-1,11,13,-1,15,17,19,21,23,25,27,29,-1,31,33,35,37,39,41,-1,43,45,47,49,-1,51,53,-1,55,57,59,61,63,65,67,69,-1,-1,-1,-1,-1,-1,-1,-1,-1,-1,-1,-1,-1,-1,-1,-1,-1,-1,-1,-1,-1,-1,-1,-1,-1,-1,-1,-1,-1,-1],"loss_changes":[1.4210098E3,1.1890237E3,1.32339375E4,6.3057373E1,3.4357474E2,0E0,9.831641E1,3.1598572E1,0E0,3.1977795E1,3.0550323E1,1.8136963E1,3.1538086E1,5.2555847E0,4.8969293E2,1.0034294E1,1.5127269E2,0E0,2.2415576E2,1.5601807E1,8.85083E0,1.935498E1,1.2666992E1,1.3404541E0,0E0,1.791637E3,1.8534882E1,6.1720395E0,8.38269E0,0E0,8.666653E0,2.8316376E1,0E0,4.1690674E0,3.0314636E0,3.3587646E0,2.862793E0,1.5740204E1,6.5489746E1,1.2836914E1,4.1432495E0,0E0,0E0,0E0,0E0,0E0,0E0,0E0,0E0,0E0,0E0,0E0,0E0,0E0,0E0,0E0,0E0,0E0,0E0,0E0,0E0,0E0,0E0,0E0,0E0,0E0,0E0,0E0,0E0,0E0,0E0],"parents":[2147483647,0,0,1,1,2,2,3,3,4,4,6,6,7,7,9,9,10,10,11,11,12,12,13,13,14,14,15,15,16,16,18,18,19,19,20,20,21,21,22,22,23,23,25,25,26,26,27,27,28,28,30,30,31,31,33,33,34,34,35,35,36,36,37,37,38,38,39,39,40,40],"right_children":[2,4,6,8,10,-1,12,14,-1,16,18,20,22,24,26,28,30,-1,32,34,36,38,40,42,-1,44,46,48,50,-1,52,54,-1,56,58,60,62,64,66,68,70,-1,-1,-1,-1,-1,-1,-1,-1,-1,-1,-1,-1,-1,-1,-1,-1,-1,-1,-1,-1,-1,-1,-1,-1,-1,-1,-1,-1,-1,-1],"split_conditions":[NaN,1.05E2,5E4,5.2E5,NaN,1.8707571E1,8.27E2,NaN,-6.18847E-1,NaN,NaN,1.245E3,1.5E5,2.047E3,3.6E1,1.035E3,1.544E3,-6.995426E-1,5.4E1,9E2,1.9E5,NaN,2.83222E5,9.42E2,9.228429E-2,3.5E2,5.7E1,6.26E2,1.2023E4,-2.0458117E0,6.5E2,NaN,2.3412163E0,6.3E1,-5.71E2,1.39798E5,-9E0,1.219E3,3.9E2,6.961E3,4.883E3,-3.6494017E-1,-2.5948616E-2,-3.897006E-1,-1.0113274E1,-4.371815E-1,-2.5004506E-2,4.5462605E-2,-3.3354914E-1,1.8353918E-1,-1.6660134E-1,-2.3573449E-1,3.833092E-2,-6.955488E-1,-2.7280495E-1,-4.541699E-1,-9.896704E-2,-1.6244243E-1,-6.1873764E-1,-5.444117E-1,-2.4230164E-2,-3.7674847E-1,-6.374074E-1,-6.30334E-1,-3.7613222E-1,7.742966E-1,-6.3201743E-1,-6.393447E-1,-7.084635E-1,-5.185647E-2,-5.578063E-1],"split_indices":[14,2,0,0,14,0,10,18,0,19,15,2,0,9,1,7,2,0,1,13,0,16,3,3,0,12,1,6,10,0,8,15,0,1,5,6,3,10,8,2,6,0,0,0,0,0,0,0,0,0,0,0,0,0,0,0,0,0,0,0,0,0,0,0,0,0,0,0,0,0,0],"split_type":[1,0,0,0,1,0,0,1,0,1,1,0,0,0,0,0,0,0,0,0,0,1,0,0,0,0,0,0,0,0,0,1,0,0,0,0,0,0,0,0,0,0,0,0,0,0,0,0,0,0,0,0,0,0,0,0,0,0,0,0,0,0,0,0,0,0,0,0,0,0,0],"sum_hessian":[5.8374917E3,1.860214E3,3.9772778E3,8.629759E2,9.9723816E2,2.1890595E0,3.9750886E3,3.3468286E2,5.28293E2,6.015049E2,3.957333E2,9.9188715E2,2.9832014E3,1.7731381E2,1.5736905E2,2.5539026E2,3.4611462E2,1.5080187E1,3.806531E2,3.687349E2,6.231522E2,1.1976587E3,1.7855428E3,1.7536798E2,1.9458306E0,8.999467E0,1.4836958E2,3.4052036E1,2.2133823E2,2.1890595E0,3.4392557E2,3.7870728E2,1.9458306E0,2.8555063E2,8.318426E1,3.7335623E2,2.49796E2,1.0483162E2,1.0928271E3,1.7023585E3,8.318426E1,1.7415184E2,1.2161441E0,7.7833223E0,1.2161441E0,1.3766751E2,1.0702068E1,3.0646832E1,3.4052036E0,2.1574397E2,5.594263E0,9.729153E0,3.341964E2,1.43505E1,3.6435678E2,2.819022E2,3.6484323E0,2.1890595E0,8.09952E1,3.721401E2,1.2161441E0,8.999467E0,2.4079654E2,4.0862442E1,6.396918E1,2.1890595E0,1.0906381E3,4.7113422E2,1.2312242E3,1.7026018E0,8.148166E1],"tree_param":{"num_deleted":"0","num_feature":"20","num_nodes":"71","size_leaf_vector":"0"}}]},"name":"gbtree"},"learner_model_param":{"base_score":"5E-1","num_class":"0","num_feature":"20","num_target":"1"},"objective":{"name":"reg:squarederror","reg_loss_param":{"scale_pos_weight":"1"}}},"version":[1,6,2]}