{"learner":{"attributes":{"best_ntree_limit":"11"},"feature_names":[],"feature_types":["c","c","c"],"gradient_booster":{"model":{"gbtree_model_param":{"num_parallel_tree":"1","num_trees":"11","size_leaf_vector":"0"},"tree_info":[0,0,0,0,0,0,0,0,0,0,0],"trees":[{"base_weights":[-1.7071215E0,-1.6965569E0,-2.3262649E0,-1.7517164E0,-1.6350728E0,-7.2423613E-1,-4.9030158E-1,-5.479577E-1,-1.5886078E0,-4.6023715E-1,-1.6976688E0,-4.4621274E-1,-4.9622896E-1,-5.5716413E-1,-4.9809018E-1],"categories":[3,1,2,2,1,1,1],"categories_nodes":[0,1,2,3,4,8,10],"categories_segments":[0,1,2,3,4,5,6],"categories_sizes":[1,1,1,1,1,1,1],"default_left":[0,0,0,0,0,0,0,0,0,0,0,0,0,0,0],"id":0,"left_children":[1,3,5,7,9,-1,-1,-1,11,-1,13,-1,-1,-1,-1],"loss_changes":[3.2953125E1,1.5958008E1,1.6438904E0,3.2625E1,1.4075195E1,0E0,0E0,0E0,3.659912E0,0E0,6.574707E0,0E0,0E0,0E0,0E0],"parents":[2147483647,0,0,1,1,2,2,3,3,4,4,8,8,10,10],"right_children":[2,4,6,8,10,-1,-1,-1,12,-1,14,-1,-1,-1,-1],"split_conditions":[NaN,NaN,NaN,NaN,NaN,-7.2423613E-1,-4.9030158E-1,-5.479577E-1,NaN,-4.6023715E-1,NaN,-4.4621274E-1,-4.9622896E-1,-5.5716413E-1,-4.9809018E-1],"split_indices":[1,1,2,1,0,0,0,0,0,0,2,0,0,0,0],"split_type":[1,1,1,1,1,0,0,0,1,0,1,0,0,0,0],"sum_hessian":[5.640089E3,5.5491426E3,9.0946434E1,2.910521E3,2.6386216E3,7.849124E1,1.2455196E1,1.9883663E3,9.2215454E2,1.0196811E3,1.6189406E3,3.7154086E2,5.506137E2,2.979847E2,1.3209558E3],"tree_param":{"num_deleted":"0","num_feature":"3","num_nodes":"15","size_leaf_vector":"0"}},{"base_weights":[-1.0683825E0,-1.0592062E0,-1.6133054E0,-3.100805E-1,-1.098439E0,-5.045351E-1,-3.2902834E-1,-1.1646034E0,-1.0078441E0,-1.1697817E0,-2.814137E-1,-2.740632E-1,-3.209431E-1,-3.6744043E-1,-3.4074458E-1],"categories":[3,1,2,2,2,1,1],"categories_nodes":[0,1,2,4,7,8,9],"categories_segments":[0,1,2,3,4,5,6],"categories_sizes":[1,1,1,1,1,1,1],"default_left":[0,0,0,0,0,0,0,0,0,0,0,0,0,0,0],"id":1,"left_children":[1,3,5,-1,7,-1,-1,9,11,13,-1,-1,-1,-1,-1],"loss_changes":[2.821045E1,4.7788086E0,1.5928802E0,0E0,1.2666504E1,0E0,0E0,4.6069336E-1,4.7608643E0,1.0275879E0,0E0,0E0,0E0,0E0,0E0],"parents":[2147483647,0,0,1,1,2,2,4,4,7,7,8,8,9,9],"right_children":[2,4,6,-1,8,-1,-1,10,12,14,-1,-1,-1,-1,-1],"split_conditions":[NaN,NaN,NaN,-3.100805E-1,NaN,-5.045351E-1,-3.2902834E-1,NaN,NaN,NaN,-2.814137E-1,-2.740632E-1,-3.209431E-1,-3.6744043E-1,-3.4074458E-1],"split_indices":[1,0,2,0,1,0,0,2,0,0,0,0,0,0,0],"split_type":[1,1,1,0,1,0,0,1,1,1,0,0,0,0,0],"sum_hessian":[5.9824575E3,5.8862793E3,9.617848E1,3.5782998E3,2.3079795E3,8.2928795E1,1.3249688E1,1.3269829E3,9.809965E2,1.2932605E3,3.3722443E1,3.952486E2,5.857479E2,4.8026123E2,8.1299927E2],"tree_param":{"num_deleted":"0","num_feature":"3","num_nodes":"15","size_leaf_vector":"0"}},{"base_weights":[-7.491206E-1,-1.9851866E-1,-8.068929E-1,-1.3626188E0,-7.1879405E-1,-4.4106236E-1,-7.7506876E-1,-3.036712E-1,-7.5876504E-1,-1.4872259E-1,-9.409505E-1,6.07169E-2,-3.880209E-1,-5.037784E-1,-2.1126892E-1,-4.5973828E-1,-6.8580675E-1,-3.4549423E-2,-2.5964093E-1],"categories":[1,1,2,1,1,3,1,1,1],"categories_nodes":[0,2,3,4,6,7,8,10,16],"categories_segments":[0,1,2,3,4,5,6,7,8],"categories_sizes":[1,1,1,1,1,1,1,1,1],"default_left":[0,0,0,0,0,0,0,0,0,0,0,0,0,0,0,0,0,0,0],"id":2,"left_children":[1,-1,3,5,7,-1,9,11,13,-1,15,-1,-1,-1,-1,-1,17,-1,-1],"loss_changes":[2.8338135E1,0E0,1.6734888E2,2.8529907E1,4.904712E1,0E0,2.9974518E0,1.3174173E2,1.3477295E2,0E0,5.859661E0,0E0,0E0,0E0,0E0,0E0,3.3657103E0,0E0,0E0],"parents":[2147483647,0,0,2,2,3,3,4,4,6,6,7,7,8,8,10,10,16,16],"right_children":[2,-1,4,6,8,-1,10,12,14,-1,16,-1,-1,-1,-1,-1,18,-1,-1],"split_conditions":[NaN,-1.9851866E-1,NaN,NaN,NaN,-4.4106236E-1,NaN,NaN,NaN,-1.4872259E-1,NaN,6.07169E-2,-3.880209E-1,-5.037784E-1,-2.1126892E-1,-4.5973828E-1,NaN,-3.4549423E-2,-2.5964093E-1],"split_indices":[0,0,2,2,1,0,0,1,2,0,1,0,0,0,0,0,0,0,0],"split_type":[1,0,1,1,1,0,1,1,1,0,1,0,0,0,0,0,1,0,0],"sum_hessian":[5.717604E3,2.2804468E3,3.4371575E3,4.6834958E2,2.9688079E3,3.9459186E2,7.375773E1,2.6150604E2,2.7073018E3,2.8967743E1,4.478999E1,1.7355893E2,8.7947105E1,1.4975806E2,2.5575437E3,1.19890375E1,3.2800953E1,8.247237E0,2.4553715E1],"tree_param":{"num_deleted":"0","num_feature":"3","num_nodes":"19","size_leaf_vector":"0"}},{"base_weights":[-6.090177E-1,-1.555707E-1,-6.6889095E-1,-1.2135707E0,-5.759536E-1,-3.995092E-1,-4.9120283E-1,-4.8462078E-1,-2.2733477E-1,-6.2092904E-2,-6.6707724E-1,2.127033E-1,-6.535854E-1,-3.5412103E-1,-4.667883E-1,-2.841098E-1,-5.866105E-1,3.486266E-2,-1.9769841E-1,-1.6707344E-1,-3.172209E-1],"categories":[1,1,2,2,1,1,1,1,1,3],"categories_nodes":[0,2,3,4,6,7,10,12,14,16],"categories_segments":[0,1,2,3,4,5,6,7,8,9],"categories_sizes":[1,1,1,1,1,1,1,1,1,1],"default_left":[0,0,0,0,0,0,0,0,0,0,0,0,0,0,0,0,0,0,0,0,0],"id":3,"left_children":[1,-1,3,5,7,-1,9,11,-1,-1,13,-1,15,-1,17,-1,19,-1,-1,-1,-1],"loss_changes":[2.9270142E1,0E0,1.6570483E2,4.0154175E1,4.629834E1,0E0,3.3010025E0,3.7826144E2,0E0,0E0,3.7722912E0,0E0,3.1705383E1,0E0,3.651371E0,0E0,1.8134216E1,0E0,0E0,0E0,0E0],"parents":[2147483647,0,0,2,2,3,3,4,4,6,6,7,7,10,10,12,12,14,14,16,16],"right_children":[2,-1,4,6,8,-1,10,12,-1,-1,14,-1,16,-1,18,-1,20,-1,-1,-1,-1],"split_conditions":[NaN,-1.555707E-1,NaN,NaN,NaN,-3.995092E-1,NaN,NaN,-2.2733477E-1,-6.2092904E-2,NaN,2.127033E-1,NaN,-3.5412103E-1,NaN,-2.841098E-1,NaN,3.486266E-2,-1.9769841E-1,-1.6707344E-1,-3.172209E-1],"split_indices":[0,0,2,2,1,0,0,0,0,0,1,0,2,0,0,0,1,0,0,0,0],"split_type":[1,0,1,1,1,0,1,1,0,0,1,0,1,0,1,0,1,0,0,0,0],"sum_hessian":[5.467987E3,2.181747E3,3.28624E3,4.772361E2,2.8090037E3,4.0943842E2,6.77977E1,1.872241E3,9.367629E2,2.67479E1,4.10498E1,2.3176515E2,1.6404757E3,1.0147921E1,3.090188E1,3.023971E2,1.3380786E3,7.759945E0,2.3141935E1,1.2607308E3,7.734781E1],"tree_param":{"num_deleted":"0","num_feature":"3","num_nodes":"21","size_leaf_vector":"0"}},{"base_weights":[-4.4251132E-1,-1.03606395E-1,-5.0688636E-1,-1.0282326E0,-4.12188E-1,-3.419035E-1,-2.7525285E-1,-3.3554107E-1,-1.6726494E-1,6.737057E-3,-4.6669883E-1,4.3778902E-1,-5.1229435E-1,-2.6247504E-1,-1.3761471E-1,-2.425336E-1,-4.438515E-1,3.1999585E-1,-1.1719802E-1,-1.2555242E-1,-2.6648262E-1],"categories":[1,1,2,2,1,1,2,1,1,3],"categories_nodes":[0,2,3,4,6,7,10,12,14,16],"categories_segments":[0,1,2,3,4,5,6,7,8,9],"categories_sizes":[1,1,1,1,1,1,1,1,1,1],"default_left":[0,0,0,0,0,0,0,0,0,0,0,0,0,0,0,0,0,0,0,0,0],"id":4,"left_children":[1,-1,3,5,7,-1,9,11,-1,-1,13,-1,15,-1,17,-1,19,-1,-1,-1,-1],"loss_changes":[3.1899109E1,0E0,1.5175256E2,3.939102E1,2.8894348E1,0E0,3.5623522E0,5.437241E2,0E0,0E0,4.9809866E0,0E0,3.1238037E1,0E0,7.1853476E0,0E0,1.3914871E1,0E0,0E0,0E0,0E0],"parents":[2147483647,0,0,2,2,3,3,4,4,6,6,7,7,10,10,12,12,14,14,16,16],"right_children":[2,-1,4,6,8,-1,10,12,-1,-1,14,-1,16,-1,18,-1,20,-1,-1,-1,-1],"split_conditions":[NaN,-1.03606395E-1,NaN,NaN,NaN,-3.419035E-1,NaN,NaN,-1.6726494E-1,6.737057E-3,NaN,4.3778902E-1,NaN,-2.6247504E-1,NaN,-2.425336E-1,NaN,3.1999585E-1,-1.1719802E-1,-1.2555242E-1,-2.6648262E-1],"split_indices":[0,0,2,2,1,0,0,0,0,0,1,0,2,0,0,0,1,0,0,0,0],"split_type":[1,0,1,1,1,0,1,1,0,0,1,0,1,0,1,0,1,0,0,0,0],"sum_hessian":[5.1271997E3,2.0458738E3,3.0813257E3,4.7214615E2,2.6091797E3,4.108275E2,6.1318653E1,1.710545E3,8.9863446E2,2.4344395E1,3.697426E1,1.5269998E2,1.5578451E3,1.5762614E1,2.1211643E1,2.904146E2,1.2674305E3,3.124861E0,1.8086782E1,1.2008909E3,6.653963E1],"tree_param":{"num_deleted":"0","num_feature":"3","num_nodes":"21","size_leaf_vector":"0"}},{"base_weights":[-3.162268E-1,-6.381731E-2,-3.8484266E-1,-9.044353E-1,-2.8659418E-1,-3.045032E-1,-1.0606026E-1,7.7965844E-1,-3.2508057E-1,6.271829E-2,-3.1452563E-1,1.1616937E0,-2.249567E-1,5.428555E-1,-3.5819268E-1,-3.0436414E-1,-6.630685E-2,-3.8000193E-1,-7.4895E-2,2.002173E-1,-9.631293E-2],"categories":[1,1,2,1,1,3,1,1,1,1],"categories_nodes":[0,2,3,4,6,7,8,10,14,16],"categories_segments":[0,1,2,3,4,5,6,7,8,9],"categories_sizes":[1,1,1,1,1,1,1,1,1,1],"default_left":[0,0,0,0,0,0,0,0,0,0,0,0,0,0,0,0,0,0,0,0,0],"id":5,