{"learner":{"attributes":{"best_ntree_limit":"2"},"feature_names":[],"feature_types":["c","c","c"],"gradient_booster":{"model":{"gbtree_model_param":{"num_parallel_tree":"1","num_trees":"2","size_leaf_vector":"0"},"tree_info":[0,0],"trees":[{"base_weights":[-1.7072988E0,-1.6971589E0,-6.930593E-1,-1.7527287E0,-1.6353076E0,-5.501203E-1,-1.5755804E0,-4.588456E-1,-1.7004236E0,-4.461342E-1,-4.8934796E-1,-1.826106E0,-5.008857E-1,-5.5860555E-1,-4.4374818E-1],"categories":[3,1,2,1,1,1,1],"categories_nodes":[0,1,3,4,6,8,11],"categories_segments":[0,1,2,3,4,5,6],"categories_sizes":[1,1,1,1,1,1,1],"default_left":[0,0,0,0,0,0,0,0,0,0,0,0,0,0,0],"id":0,"left_children":[1,3,-1,5,7,-1,9,-1,11,-1,-1,13,-1,-1,-1],"loss_changes":[3.0564453E1,1.6213867E1,0E0,3.8874023E1,1.5605957E1,0E0,2.0996094E0,0E0,3.2490234E0,0E0,0E0,1.1027832E0,0E0,0E0,0E0],"parents":[2147483647,0,0,1,1,3,3,4,4,6,6,8,8,11,11],"right_children":[2,4,-1,6,8,-1,10,-1,12,-1,-1,14,-1,-1,-1],"split_conditions":[NaN,NaN,-6.930593E-1,NaN,NaN,-5.501203E-1,NaN,-4.588456E-1,NaN,-4.461342E-1,-4.8934796E-1,NaN,-5.008857E-1,-5.5860555E-1,-4.4374818E-1],"split_indices":[1,1,0,1,0,0,0,0,2,0,0,1,0,0,0],"split_type":[1,1,0,1,1,0,1,0,1,0,0,1,0,0,0],"sum_hessian":[5.640089E3,5.5505527E3,8.9536415E1,2.909346E3,2.6412068E3,1.9900115E3,9.1933453E2,1.01545105E3,1.6257556E3,3.6543076E2,5.5390375E2,3.0855988E2,1.3171958E3,2.7565936E2,3.290052E1],"tree_param":{"num_deleted":"0","num_feature":"3","num_nodes":"15","size_leaf_vector":"0"}},{"base_weights":[-1.049444E0,-2.8926048E-1,-1.1047391E0,-1.3020643E0,-1.0474218E0,-6.305075E-1,-1.102E0,4.1980413E-1,-3.2400736E-1,-1.0297827E0,-4.5351088E-1,1.4434469E0,-2.9743782E-1,-9.264554E-1,-3.228522E-1,-2.6536885E-1,-3.6019605E-1],"categories":[1,1,1,1,3,2,1,1],"categories_nodes":[0,2,3,4,6,7,9,13],"categories_segments":[0,1,2,3,4,5,6,7],"categories_sizes":[1,1,1,1,1,1,1,1],"default_left":[0,0,0,0,0,0,0,0,0,0,0,0,0,0,0,0,0],"id":1,"left_children":[1,-1,3,5,7,-1,9,11,-1,13,-1,-1,-1,15,-1,-1,-1],"loss_changes":[2.7124023E1,0E0,3.958496E1,1.27398926E2,1.3490552E2,0E0,1.7695007E1,3.879105E2,0E0,1.6695557E0,0E0,0E0,0E0,1.0005493E0,0E0,0E0,0E0],"parents":[2147483647,0,0,2,2,3,3,4,4,6,6,7,7,9,9,13,13],"right_children":[2,-1,4,6,8,-1,10,12,-1,14,-1,-1,-1,16,-1,-1,-1],"split_conditions":[NaN,-2.8926048E-1,NaN,NaN,NaN,-6.305075E-1,NaN,NaN,-3.2400736E-1,NaN,-4.5351088E-1,1.4434469E0,-2.9743782E-1,NaN,-3.228522E-1,-2.6536885E-1,-3.6019605E-1],"split_indices":[0,0,1,0,2,0,1,2,0,2,0,0,0,0,0,0,0],"split_type":[1,0,1,1,1,0,1,1,0,1,0,0,0,1,0,0,0],"sum_hessian":[5.9794575E3,2.3599006E3,3.619557E3,8.0983527E2,2.8097217E3,1.6016689E2,6.496684E2,6.081848E1,2.748903E3,5.553005E2,9.436794E1,1.4204964E1,4.6613518E1,1.7856114E2,3.7673932E2,1.585617E2,1.9999432E1],"tree_param":{"num_deleted":"0","num_feature":"3","num_nodes":"17","size_leaf_vector":"0"}}]},"name":"gbtree"},"learner_model_param":{"base_score":"5E-1","num_class":"0","num_feature":"3","num_target":"1"},"objective":{"name":"reg:squarederror","reg_loss_param":{"scale_pos_weight":"1"}}},"version":[1,6,2]}