{"learner":{"attributes":{"best_ntree_limit":"1"},"feature_names":[],"feature_types":["q","q","q","q","q","q","q","q","q","q","q","q","q","q","c","c","c","c","c","c"],"gradient_booster":{"model":{"gbtree_model_param":{"num_parallel_tree":"1","num_trees":"1","size_leaf_vector":"0"},"tree_info":[0],"trees":[{"base_weights":[-1.7072988E0,-9.646366E-1,-2.055175E0,-1.8413378E0,-1.4503399E-1,5.3877476E1,-2.1068838E0,-1.4601614E0,-6.2862957E-1,3.7909824E-1,-9.349384E-1,2.7156694E1,-4.6490312E-1,-1.8321904E0,-2.2173688E0,-1.1083852E0,-1.8173618E0,6.568945E-1,1.5999973E-1,-5.0187856E-1,-1.1659592E0,-1.3980051E0,-1.9033624E0,-2.018731E0,-2.2695165E0,-8.870709E-2,-1.186925E0,-1.5273633E0,-5.5186596E0,6.918104E-1,-6.634796E-1,-2.3602967E0,2.151331E-1,-3.177048E-1,-1.221574E0,-1.0960104E0,-1.9770292E0,-1.1067613E0,-1.8431405E0,-1.9128157E0,7.798987E-1,-1.8440385E0,-2.1764443E0,-2.2925894E0,-1.9763405E0,1.099075E-1,-3.1256014E-1,-3.5959697E-1,3.301761E-2,-3.6709398E-1,-5.413724E-1,2.1551439E-1,-1.3099207E-1,1.574978E-1,-3.1985286E-1,-2.1473128E-1,7.364718E-2,-1.1545121E-1,1.8091328E-1,-1.5489077E-2,-3.8221973E-1,-2.0750059E-1,-3.8595104E-1,-1.9063777E-1,-4.3517077E-1,-5.654214E-1,-1.0204841E-1,-4.3219885E-1,-5.850772E-1,-4.3658784E-1,-5.892743E-1,-2.2122759E-1,-6.573527E-1,-5.771899E-1,-6.941202E-1,-5.7989832E-2,-5.9950966E-1],"categories":[1,2,3,7,8,1,2,0,1,2,9,1,2,5,1,2,1,9,1,2,0,1,8],"categories_nodes":[0,4,7,9,10,13,25,27,29],"categories_segments":[0,2,5,7,11,14,16,18,20],"categories_sizes":[2,3,2,4,3,2,2,2,3],"default_left":[0,1,1,0,0,1,0,0,0,0,0,0,0,0,1,0,0,1,1,0,0,0,0,0,0,0,1,0,0,0,0,0,0,0,0,0,0,1,1,1,0,0,0,1,0,0,0,0,0,0,0,0,0,0,0,0,0,0,0,0,0,0,0,0,0,0,0,0,0,0,0,0,0,0,0,0,0],"id":0,"left_children":[1,3,5,7,9,11,13,15,-1,17,19,-1,-1,21,23,25,27,29,31,33,35,37,39,41,43,45,47,49,-1,51,53,-1,55,57,59,61,-1,63,65,67,-1,69,71,73,75,-1,-1,-1,-1,-1,-1,-1,-1,-1,-1,-1,-1,-1,-1,-1,-1,-1,-1,-1,-1,-1,-1,-1,-1,-1,-1,-1,-1,-1,-1,-1,-1],"loss_changes":[1.455418E3,1.2940966E3,1.1221698E4,8.123071E1,3.8625085E2,7.421925E3,1.1242383E2,4.2139465E1,0E0,3.4040863E1,3.6638977E1,0E0,0E0,3.1537842E1,2.3722656E1,1.4278275E1,8.026054E2,1.1848465E1,1.4109348E2,1.7001278E1,8.454898E1,1.8654663E1,4.5330566E1,1.1889893E1,1.00546875E1,6.4217563E0,2.6680145E0,1.2181213E1,0E0,7.545006E0,3.8501103E0,0E0,9.043387E0,6.7725306E0,1.5543022E0,1.7595886E1,0E0,1.5119362E1,3.2120514E0,1.3925537E1,0E0,1.02456665E1,4.6972656E0,1.1080078E1,6.076294E0,0E0,0E0,0E0,0E0,0E0,0E0,0E0,0E0,0E0,0E0,0E0,0E0,0E0,0E0,0E0,0E0,0E0,0E0,0E0,0E0,0E0,0E0,0E0,0E0,0E0,0E0,0E0,0E0,0E0,0E0,0E0,0E0],"parents":[2147483647,0,0,1,1,2,2,3,3,4,4,5,5,6,6,7,7,9,9,10,10,13,13,14,14,15,15,16,16,17,17,18,18,19,19,20,20,21,21,22,22,23,23,24,24,25,25,26,26,27,27,29,29,30,30,32,32,33,33,34,34,35,35,37,37,38,38,39,39,41,41,42,42,43,43,44,44],"right_children":[2,4,6,8,10,12,14,16,-1,18,20,-1,-1,22,24,26,28,30,32,34,36,38,40,42,44,46,48,50,-1,52,54,-1,56,58,60,62,-1,64,66,68,-1,70,72,74,76,-1,-1,-1,-1,-1,-1,-1,-1,-1,-1,-1,-1,-1,-1,-1,-1,-1,-1,-1,-1,-1,-1,-1,-1,-1,-1,-1,-1,-1,-1,-1,-1],"split_conditions":[NaN,7.8E2,8.6E2,5.2E5,NaN,1.11077E5,8E4,NaN,-6.2862957E-1,NaN,NaN,2.7156694E1,-4.6490312E-1,NaN,1.008E3,1.3E5,1.9E5,1.2162E4,2.542E3,2.13408E5,3E5,5E1,2.9205E4,1.9E5,2.31357E5,NaN,-2E2,NaN,-5.5186596E0,NaN,3.003E3,-2.3602967E0,7.92E2,1.26996E5,1.0001E4,5E4,-1.9770292E0,2.11E3,4.729E3,8E0,7.798987E-1,3.072E3,-1.52E2,1.81E2,2.6E1,1.099075E-1,-3.1256014E-1,-3.5959697E-1,3.301761E-2,-3.6709398E-1,-5.413724E-1,2.1551439E-1,-1.3099207E-1,1.574978E-1,-3.1985286E-1,-2.1473128E-1,7.364718E-2,-1.1545121E-1,1.8091328E-1,-1.5489077E-2,-3.8221973E-1,-2.0750059E-1,-3.8595104E-1,-1.9063777E-1,-4.3517077E-1,-5.654214E-1,-1.0204841E-1,-4.3219885E-1,-5.850772E-1,-4.3658784E-1,-5.892743E-1,-2.2122759E-1,-6.573527E-1,-5.771899E-1,-6.941202E-1,-5.7989832E-2,-5.9950966E-1],"split_indices":[14,2,2,0,14,3,0,18,0,19,19,0,0,17,10,0,0,10,2,6,0,1,8,0,2,17,2,18,0,16,13,0,8,5,11,0,0,9,9,9,0,2,3,9,1,0,0,0,0,0,0,0,0,0,0,0,0,0,0,0,0,0,0,0,0,0,0,0,0,0,0,0,0,0,0,0,0],"split_type":[1,0,0,0,1,0,0,1,0,1,1,0,0,1,0,0,0,0,0,0,0,0,0,0,0,1,0,1,0,1,0,0,0,0,0,0,0,0,0,0,0,0,0,0,0,0,0,0,0,0,0,0,0,0,0,0,0,0,0,0,0,0,0,0,0,0,0,0,0,0,0,0,0,0,0,0,0],"sum_hessian":[5.640089E3,1.8003634E3,3.8397256E3,8.6927875E2,9.310847E2,2.5850408E0,3.8371406E3,3.5039053E2,5.188882E2,5.6001385E2,3.7107086E2,1.1750185E0,1.4100223E0,1.1056925E3,2.731448E3,1.7860281E2,1.717877E2,2.4604889E2,3.1396497E2,1.3019206E2,2.408788E2,1.586275E2,9.4706494E2,5.762291E2,2.155219E3,1.2925204E1,1.6567761E2,1.6990768E2,1.8800297E0,2.401738E2,5.8750925E0,1.1750185E0,3.1278995E2,1.0481165E2,2.5380402E1,2.3899878E2,1.8800297E0,9.7996544E1,6.063096E1,9.456549E2,1.4100223E0,2.794194E2,2.968097E2,1.9916565E3,1.6356258E2,9.165145E0,3.7600594E0,1.642676E2,1.4100223E0,8.366132E1,8.624636E1,2.3500371E2,5.1700816E0,1.4100223E0,4.4650707E0,9.165145E0,3.036248E2,9.823155E1,6.580104E0,1.1750185E0,2.4205381E1,7.802123E1,1.6097754E2,4.253567E1,5.5460876E1,5.8750927E1,1.8800297E0,7.238114E1,8.732738E2,6.909109E1,2.1032832E2,3.5250556E0,2.9328464E2,1.1303678E2,1.8786196E3,2.1150334E0,1.6144756E2],"tree_param":{"num_deleted":"0","num_feature":"20","num_nodes":"77","size_leaf_vector":"0"}}]},"name":"gbtree"},"learner_model_param":{"base_score":"5E-1","num_class":"0","num_feature":"20","num_target":"1"},"objective":{"name":"reg:squarederror","reg_loss_param":{"scale_pos_weight":"1"}}},"version":[1,6,2]}