{"learner":{"attributes":{"best_ntree_limit":"2"},"feature_names":[],"feature_types":["q","q","q","q","q","q","q","q","q","q","q","q","q","q","c","c","c","c","c","c"],"gradient_booster":{"model":{"gbtree_model_param":{"num_parallel_tree":"1","num_trees":"2","size_leaf_vector":"0"},"tree_info":[0,0],"trees":[{"base_weights":[-1.6806903E0,-9.609764E-1,-2.0214555E0,-1.8086836E0,-1.787094E-1,2.4131248E1,-2.0693724E0,-1.4616485E0,-6.1096495E-1,3.2554072E-1,-9.242072E-1,2.5581417E1,-6.010819E-1,-1.8199873E0,-2.1689923E0,-1.136558E0,-1.853364E0,5.4181075E-1,1.5780984E-1,-4.7715917E-1,-1.1278557E0,-1.3900089E0,-1.8821356E0,-1.8469931E0,-2.2153049E0,-1.2254714E0,-7.961017E-2,-1.15288105E1,-1.3863193E0,5.7637835E-1,-6.632274E-1,-1.9264644E0,2.0653172E-1,-7.039955E-2,-7.2608626E-1,-7.6087886E-1,-1.3186319E0,-1.0621439E0,-1.9436431E0,-1.8966064E0,2.8256547E0,-1.6304033E0,-2.0092967E0,-2.0918434E0,-2.2640433E0,1.1472323E-1,-3.714753E-1,-1.5925127E-1,1.581522E-1,-1.0450616E1,-3.554237E-1,-2.9857773E-1,-5.447166E-1,1.8427138E-1,-1.020545E-1,8.711459E-2,-3.7325135E-1,7.811442E-2,-8.9656055E-2,-4.8411596E-1,1.6336E-2,-6.9015905E-2,-2.7594644E-1,-4.6172932E-1,-1.4984608E-1,-4.1516793E-1,1.3324248E0,-8.281632E-2,-3.8245258E-1,-6.015296E-1,-1.9615024E-1,-5.03192E-1,-5.953829E-1,1.7395602E0,-4.2667696E-1,-4.202289E-1,-5.1961476E-1,-4.6050455E-2,-6.072937E-1,-5.1690745E-1,-6.450995E-1,-6.951492E-1,-6.28252E-1],"categories":[1,2,3,7,1,2,0,1,2,5,9,1,2,1,2,1,2,1,2,0,1,3,6,7,9,1,2],"categories_nodes":[0,4,7,9,13,19,20,28,29,43],"categories_segments":[0,2,4,6,11,13,15,17,19,25],"categories_sizes":[2,2,2,5,2,2,2,2,6,2],"default_left":[0,1,1,0,0,1,0,0,0,0,0,0,0,0,0,1,1,1,1,0,0,0,0,1,0,0,0,1,0,0,0,0,0,0,1,1,0,1,1,1,1,0,0,0,1,0,0,0,0,0,0,0,0,0,0,0,0,0,0,0,0,0,0,0,0,0,0,0,0,0,0,0,0,0,0,0,0,0,0,0,0,0,0],"id":0,"left_children":[1,3,5,7,9,11,13,15,-1,17,19,-1,-1,21,23,25,27,29,31,33,35,37,39,41,43,45,47,49,51,53,55,-1,57,59,61,63,65,67,69,71,73,75,77,79,81,-1,-1,-1,-1,-1,-1,-1,-1,-1,-1,-1,-1,-1,-1,-1,-1,-1,-1,-1,-1,-1,-1,-1,-1,-1,-1,-1,-1,-1,-1,-1,-1,-1,-1,-1,-1,-1,-1],"loss_changes":[1.4299688E3,1.2450391E3,5.0143115E3,6.828735E1,3.6787546E2,1.1873706E4,9.43125E1,4.3830627E1,0E0,2.1099892E1,3.5403564E1,0E0,0E0,2.7718506E1,3.7976562E1,1.8671326E1,7.161528E2,1.0991348E1,1.0721698E2,1.2634922E1,1.7934326E1,2.4651398E1,7.273511E1,9.405029E0,1.0074219E1,4.257477E0,4.815751E0,1.724421E3,2.433731E1,8.818878E0,4.5534515E0,0E0,9.028026E0,9.466546E0,7.247322E0,1.8533031E1,7.253577E1,1.5472366E1,2.9326782E0,1.57109375E1,5.159175E1,1.3045349E0,5.3155518E0,1.1605713E1,1.09609375E1,0E0,0E0,0E0,0E0,0E0,0E0,0E0,0E0,0E0,0E0,0E0,0E0,0E0,0E0,0E0,0E0,0E0,0E0,0E0,0E0,0E0,0E0,0E0,0E0,0E0,0E0,0E0,0E0,0E0,0E0,0E0,0E0,0E0,0E0,0E0,0E0,0E0,0E0],"parents":[2147483647,0,0,1,1,2,2,3,3,4,4,5,5,6,6,7,7,9,9,10,10,13,13,14,14,15,15,16,16,17,17,18,18,19,19,20,20,21,21,22,22,23,23,24,24,25,25,26,26,27,27,28,28,29,29,30,30,32,32,33,33,34,34,35,35,36,36,37,37,38,38,39,39,40,40,41,41,42,42,43,43,44,44],"right_children":[2,4,6,8,10,12,14,16,-1,18,20,-1,-1,22,24,26,28,30,32,34,36,38,40,42,44,46,48,50,52,54,56,-1,58,60,62,64,66,68,70,72,74,76,78,80,82,-1,-1,-1,-1,-1,-1,-1,-1,-1,-1,-1,-1,-1,-1,-1,-1,-1,-1,-1,-1,-1,-1,-1,-1,-1,-1,-1,-1,-1,-1,-1,-1,-1,-1,-1,-1,-1,-1],"split_conditions":[NaN,6E2,3.45E2,5.1E5,NaN,5.8E4,8E4,NaN,-6.1096495E-1,NaN,5E4,2.5581417E1,-6.010819E-1,NaN,2.02E3,-2E0,3.6E1,1.2176E4,1.788E3,NaN,NaN,4.8525E4,6.4667E4,7.9E2,1.5E5,3.011E3,3.5E1,3.26E2,NaN,NaN,1.2148E4,-1.9264644E0,5.1E1,5.03E2,3.9E2,8.441E3,1.83569E5,2.9E2,5.1796E4,1.298E3,1.32214E5,3.96E2,1.2E1,NaN,1.49775E5,1.1472323E-1,-3.714753E-1,-1.5925127E-1,1.581522E-1,-1.0450616E1,-3.554237E-1,-2.9857773E-1,-5.447166E-1,1.8427138E-1,-1.020545E-1,8.711459E-2,-3.7325135E-1,7.811442E-2,-8.9656055E-2,-4.8411596E-1,1.6336E-2,-6.9015905E-2,-2.7594644E-1,-4.6172932E-1,-1.4984608E-1,-4.1516793E-1,1.3324248E0,-8.281632E-2,-3.8245258E-1,-6.015296E-1,-1.9615024E-1,-5.03192E-1,-5.953829E-1,1.7395602E0,-4.2667696E-1,-4.202289E-1,-5.1961476E-1,-4.6050455E-2,-6.072937E-1,-5.1690745E-1,-6.450995E-1,-6.951492E-1,-6.28252E-1],"split_indices":[14,2,8,0,14,11,0,17,0,19,0,0,0,17,2,5,1,10,3,19,19,7,3,10,0,12,1,2,18,15,9,0,1,13,10,7,3,12,6,9,2,2,12,19,2,0,0,0,0,0,0,0,0,0,0,0,0,0,0,0,0,0,0,0,0,0,0,0,0,0,0,0,0,0,0,0,0,0,0,0,0,0,0],"split_type":[1,0,0,0,1,0,0,1,0,1,0,0,0,1,0,0,0,0,0,1,1,0,0,0,0,0,0,0,1,1,0,0,0,0,0,0,0,0,0,0,0,0,0,1,0,0,0,0,0,0,0,0,0,0,0,0,0,0,0,0,0,0,0,0,0,0,0,0,0,0,0,0,0,0,0,0,0,0,0,0,0,0,0],"sum_hessian":[5.8374917E3,1.8769968E3,3.9604949E3,9.001899E2,9.7680695E2,6.3239493E0,3.954171E3,3.5973544E2,5.4045447E2,5.830195E2,3.9378748E2,1.2161441E0,5.1078053E0,1.134176E3,2.8199949E3,1.9871794E2,1.6101749E2,2.5368767E2,3.2933182E2,1.2428993E2,2.6949753E2,1.4618053E2,9.879955E2,3.5973544E2,2.4602595E3,1.831513E2,1.5566645E1,6.3239493E0,1.5469353E2,2.4712048E2,6.5671782E0,1.459373E0,3.2787247E2,4.7672848E1,7.661708E1,9.388632E1,1.756112E2,9.36431E1,5.2537426E1,9.855632E2,2.4322882E0,1.5882841E2,2.0090701E2,7.087688E2,1.7514907E3,1.2161441E0,1.8193517E2,8.999467E0,6.5671782E0,1.2161441E0,5.1078053E0,8.26978E1,7.1995735E1,2.3763457E2,9.485924E0,2.675517E0,3.8916612E0,2.9673917E2,3.113329E1,2.675517E0,4.4997334E1,2.2133823E1,5.4483257E1,2.2377052E1,7.150928E1,1.7439507E2,1.2161441E0,2.0431221E1,7.3211876E1,4.961868E1,2.918746E0,2.8798294E2,6.9758026E2,1.2161441E0,1.2161441E0,5.3267113E1,1.0556131E2,1.7026018E0,1.992044E2,1.0118319E2,6.075856E2,1.3246241E3,4.2686658E2],"tree_param":{"num_deleted":"0","num_feature":"20","num_nodes":"83","size_leaf_vector":"0"}},{"base_weights":[-1.4190935E0,-9.500853E0,-1.1601259E0,-4.0984945E0,-6.828762E1,-4.7672054E-1,-1.4025571E0,4.8919502E-1,-2.2894234E1,-1.3175949E2,-1.4042561E0,-4.498677E-1,-1.0988019E-1,-1.3638866E0,-1.4872762E1,7.913931E0,-5.4020286E-1,-7.5193816E-1,-8.5722756E-1,3.0565354E-1,-6.239143E-1,-3.2635512E0,-1.3561658E0,3.7770744E1,-2.4656393E-1,-1.9702783E-1,-1.218975E0,-2.535233E-1,-1.1958493E0,2.5727087E-1,3.665159E0,-5.710034E-1,-2.557181E0,-1.8539245E0,-1.5353576E0,-1.176097E0,-1.4297712E0,1.4018668E0,1.9365404E1,2.694664E-1,-7.5886863E-1,-7.1204126E-2,2.6695523E-1,-5.040066E0,-1.1263471E-1,-2.6453167E-1,1.2176772E-1,-4.2941734E-1,-5.2055538E-2,2.1652226E-1,6.0875233E-2,-1.4472987E-1,-3.3200896E-1,-2.9475087E-1,-1.1149887E0,-2.973414E-1,-1.0002269E0,-4.1874877E-1,-3.389748E-1,-3.4828997E-1,-4.3876043E-1],"categories":[1,2,1,2,7,0,1,2,3,4,5,6,7,8,9,3,0,1,2,4,1,3,2,1,2,4,5,1,2],"categories_nodes":[1,2,5,12,16,21,24,32,35,36],"categories_segments":[0,2,5,15,16,20,21,22,23,27],"categories_sizes":[2,3,10,1,4,1,1,1,4,2],"default_left":[1,0,0,0,1,0,0,0,0,0,0,0,0,0,0,1,0,0,0,0,1,0,1,0,0,1,1,0,0,1,0,0,0,0,0,0,0,0,0,0,0,0,0,0,0,0,0,0,0,0,0,0,0,0,0,0,0,0,0,0,0],"id":1,"left_children":[1,3,5,7,9,11,13,15,-1,-1,17,-1,19,21,-1,23,25,-1,27,29,31,33,35,37,39,41,43,45,47,49,-1,51,53,-1,55,57,59,-1,-1,-1,-1,-1,-1,-1,-1,-1,-1,-1,-1,-1,-1,-1,-1,-1,-1,-1,-1,-1,-1,-1,-1],"loss_changes":[1.1109829E4,5.2071113E4,8.525327E2,5.0405355E4,3.4196788E5,5.063717E2,7.0127686E3,1.1044293E3,0E0,0E0,5.5105324E0,0E0,2.1265639E2,5.129004E1,0E0,4.2952305E3,2.9424866E1,0E0,1.7430177E0,3.142438E2,4.405687E1,6.44234E1,4.848584E1,3.0509795E3,4.0974373E1,3.9702306E0,5.532319E2,2.3737283E0,1.2309942E0,1.3726315E1,0E0,2.0077362E1,1.7466003E1,0E0,7.012266E0,9.624756E0,2.1923828E1,0E0,0E0,0E0,0E0,0E0,0E0,0E0,0E0,0E0,0E0,0E0,0E0,0E0,0E0,0E0,0E0,0E0,0E0,0E0,0E0,0E0,0E0,0E0,0E0],"parents":[2147483647,0,0,1,1,2,2,3,3,4,4,5,5,6,6,7,7,10,10,12,12,13,13,15,15,16,16,18,18,19,19,20,20,21,21,22,22,23,23,24,24,25,25,26,26,27,27,28,28,29,29,31,31,32,32,34,34,35,35,36,36],"right_children":[2,4,6,8,10,12,14,16,-1,-1,18,-1,20,22,-1,24,26,-1,28,30,32,34,36,38,40,42,44,46,48,50,-1,52,54,-1,56,58,60,-1,-1,-1,-1,-1,-1,-1,-1,-1,-1,-1,-1,-1,-1,-1,-1,-1,-1,-1,-1,-1,-1,-1,-1],