{"learner":{"attributes":{"best_ntree_limit":"7"},"feature_names":[],"feature_types":["q","q","q","q","q","q","q","q","q","q","q","q","q","q","c","c","c","c","c","c"],"gradient_booster":{"model":{"gbtree_model_param":{"num_parallel_tree":"1","num_trees":"2","size_leaf_vector":"0"},"tree_info":[0,0],"trees":[{"base_weights":[-1.3778692E0,-7.821345E-1,-1.6570802E0,-1.4866399E0,-1.3626178E-1,2.0630993E1,-1.6969434E0,-1.6772304E0,-1.1719733E0,2.9618385E-1,-7.708657E-1,2.5986794E1,-1.4440311E0,-1.4814808E0,-1.7833325E0,-4.4251418E-1,-1.6814629E0,-1.5142E0,-9.790384E-1,5.2786726E-1,1.23899646E-1,-4.4129285E-1,-9.575562E-1,-5.280008E-1,-8.024224E-2,-1.1057007E0,-1.5352663E0,-1.5879481E0,-1.8321255E0,-3.450634E-1,1.0843953E-1,-1.3587528E-1,-5.050474E-1,-1.1349603E0,-1.6797326E0,-1.0429937E0,2.3153223E-2,5.550387E-1,-5.608186E-1,-1.7239217E0,1.5982315E-1,-3.3939216E-1,-3.5088152E-1,-9.1917783E-1,-3.6364262E0,-1.6536926E0,-8.531725E-1,1.2483877E0,-1.5485218E0,-1.3902552E0,-1.6599586E0,-1.849048E0,-1.6143776E0,-2.5278723E-1,-4.802176E-1,-6.788594E-2,-5.084378E-1,-2.7197278E-1,-4.1970655E-1,1.10136725E-1,-2.98363E-1,1.7158829E-1,-2.47304E-1,2.3059694E-1,-2.9823184E-1,6.1636154E-2,-7.2115496E-2,-1.854453E-1,-2.3600092E-2,-2.4633116E-1,-3.9684817E-1,-1.7309507E0,-1.894516E-1,-5.042636E-1,-6.788594E-2,2.1285449E-1,-2.6925227E-1,-4.3108296E-1,-4.9522674E-1,-3.5626197E-1,-5.378423E-1,-5.069784E-1,-3.640932E-1,-5.3783834E-1,-5.843562E-1,-1.3275427E-1,-4.8825273E-1],"categories":[1,2,3,7,8,10,0,1,2,5,9,1,2,1,2,1,5,1,1,7],"categories_nodes":[0,4,9,10,13,35,36,37],"categories_segments":[0,2,6,11,13,15,17,18],"categories_sizes":[2,4,5,2,2,2,1,2],"default_left":[0,1,1,1,0,1,0,0,0,0,0,0,1,0,1,0,0,0,0,1,1,0,0,0,0,1,1,0,1,0,0,0,0,1,0,0,0,0,0,0,0,0,0,0,1,1,0,0,1,1,1,0,0,0,0,0,0,0,0,0,0,0,0,0,0,0,0,0,0,0,0,0,0,0,0,0,0,0,0,0,0,0,0,0,0,0,0],"id":0,"left_children":[1,3,5,7,9,11,13,15,17,19,21,-1,23,25,27,29,31,33,35,37,39,41,43,-1,-1,45,47,49,51,-1,-1,-1,-1,53,55,57,59,61,63,-1,65,67,-1,69,71,73,75,-1,77,79,81,83,85,-1,-1,-1,-1,-1,-1,-1,-1,-1,-1,-1,-1,-1,-1,-1,-1,-1,-1,-1,-1,-1,-1,-1,-1,-1,-1,-1,-1,-1,-1,-1,-1,-1,-1],"loss_changes":[1.1612363E3,1.01550964E3,4.2622246E3,6.2058105E1,3.201274E2,1.2610178E4,8.577734E1,2.7183838E0,2.5325745E1,2.7635227E1,2.8661438E1,0E0,2.2823868E0,2.5899658E1,2.9370117E1,2.4757457E0,8.820801E-1,7.1677246E0,1.684729E1,9.057343E0,8.512778E1,1.2426754E1,2.7593689E1,0E0,0E0,2.2742157E1,9.64436E1,7.430908E0,6.973633E0,0E0,0E0,0E0,0E0,5.051365E0,1.773468E0,1.0715851E1,6.2191644E0,7.2166443E0,5.1978865E0,0E0,7.315091E0,1.1070635E1,0E0,1.0710632E1,2.1433128E1,1.7148438E0,9.05761E0,0E0,1.1200684E1,1.3278046E1,4.587036E0,1.0408203E1,2.4002686E0,0E0,0E0,0E0,0E0,0E0,0E0,0E0,0E0,0E0,0E0,0E0,0E0,0E0,0E0,0E0,0E0,0E0,0E0,0E0,0E0,0E0,0E0,0E0,0E0,0E0,0E0,0E0,0E0,0E0,0E0,0E0,0E0,0E0,0E0],"parents":[2147483647,0,0,1,1,2,2,3,3,4,4,5,5,6,6,7,7,8,8,9,9,10,10,12,12,13,13,14,14,15,15,16,16,17,17,18,18,19,19,20,20,21,21,22,22,25,25,26,26,27,27,28,28,33,33,34,34,35,35,36,36,37,37,38,38,40,40,41,41,43,43,44,44,45,45,46,46,48,48,49,49,50,50,51,51,52,52],"right_children":[2,4,6,8,10,12,14,16,18,20,22,-1,24,26,28,30,32,34,36,38,40,42,44,-1,-1,46,48,50,52,-1,-1,-1,-1,54,56,58,60,62,64,-1,66,68,-1,70,72,74,76,-1,78,80,82,84,86,-1,-1,-1,-1,-1,-1,-1,-1,-1,-1,-1,-1,-1,-1,-1,-1,-1,-1,-1,-1,-1,-1,-1,-1,-1,-1,-1,-1,-1,-1,-1,-1,-1,-1],"split_conditions":[NaN,6E2,3.45E2,2.5E1,NaN,1.43212E5,8E4,3.2E2,4.7376E4,NaN,NaN,2.5986794E1,7.724E3,NaN,1.403E3,8.023E3,-3.78E2,1.303E3,5.3E1,1.2133E4,2.321E3,3.1834E5,3.6E5,-5.280008E-1,-8.024224E-2,3.9E2,1.079E3,1.208E3,2.21336E5,-3.450634E-1,1.0843953E-1,-1.3587528E-1,-5.050474E-1,6.96E2,1.03E2,NaN,NaN,NaN,3.004E3,-1.7239217E0,5.1E1,3.011E3,-3.5088152E-1,1.8E5,3.6992E5,1.5304E4,2.75E2,1.2483877E0,1.642E3,8.86E2,5.6167E4,2.4E5,2.6E1,-2.5278723E-1,-4.802176E-1,-6.788594E-2,-5.084378E-1,-2.7197278E-1,-4.1970655E-1,1.10136725E-1,-2.98363E-1,1.7158829E-1,-2.47304E-1,2.3059694E-1,-2.9823184E-1,6.1636154E-2,-7.2115496E-2,-1.854453E-1,-2.3600092E-2,-2.4633116E-1,-3.9684817E-1,-1.7309507E0,-1.894516E-1,-5.042636E-1,-6.788594E-2,2.1285449E-1,-2.6925227E-1,-4.3108296E-1,-4.9522674E-1,-3.5626197E-1,-5.378423E-1,-5.069784E-1,-3.640932E-1,-5.3783834E-1,-5.843562E-1,-1.3275427E-1,-4.8825273E-1],"split_indices":[14,2,8,1,14,2,0,12,11,19,18,0,7,17,9,9,3,7,1,10,3,6,0,0,0,6,3,2,3,0,0,0,0,10,9,16,17,17,13,0,1,12,0,0,6,5,12,0,9,11,4,0,1,0,0,0,0,0,0,0,0,0,0,0,0,0,0,0,0,0,0,0,0,0,0,0,0,0,0,0,0,0,0,0,0,0,0],"split_type":[1,0,0,0,1,0,0,0,0,1,1,0,0,1,0,0,0,0,0,0,0,0,0,0,0,0,0,0,0,0,0,0,0,0,0,1,1,1,0,0,0,0,0,0,0,0,0,0,0,0,0,0,0,0,0,0,0,0,0,0,0,0,0,0,0,0,0,0,0,0,0,0,0,0,0,0,0,0,0,0,0,0,0,0,0,0,0],"sum_hessian":[6.98807E3,2.2312324E3,4.7568374E3,1.0665542E3,1.1646783E3,7.5704093E0,4.749267E3,6.615373E2,4.0501688E2,6.929836E2,4.7169473E2,1.1646783E0,6.4057307E0,1.3644207E3,3.3848464E3,2.6205263E0,6.5891675E2,1.435466E2,2.6147028E2,2.946636E2,3.9831998E2,1.7179005E2,2.9990466E2,4.6587133E0,1.7470175E0,1.7353708E2,1.1908835E3,6.8308386E2,2.7017625E3,1.1646783E0,1.455848E0,1.455848E0,6.5746094E2,4.6004795E1,9.754181E1,2.4574713E2,1.5723158E1,2.879667E2,6.6969004E0,1.455848E0,3.9686414E2,1.5199052E2,1.9799532E1,2.9699298E2,2.911696E0,5.2992863E1,1.20544205E2,2.038187E0,1.1888455E3,1.8780438E2,4.9527945E2,2.499982E3,2.0178052E2,2.9990467E1,1.6014328E1,1.1646783E0,9.637713E1,1.8023398E2,6.551315E1,1.2229122E1,3.494035E0,2.8505502E2,2.911696E0,1.455848E0,5.2410526E0,3.5668274E2,4.0181404E1,7.27924E1,7.919813E1,2.4137958E2,5.561339E1,1.1646783E0,1.7470175E0,5.1828186E1,1.1646783E0,2.911696E0,1.17632515E2,5.756423E2,6.132031E2,1.2753228E2,6.0272102E1,4.6150378E2,3.3775673E1,1.6052179E3,8.9476416E2,2.6205263E0,1.9915999E2],"tree_param":{"num_deleted":"0","num_feature":"20","num_nodes":"87","size_leaf_vector":"0"}},{"base_weights":[-1.2876657E0,-5.515013E0,-1.0401351E0,-3.3403711E0,-8.309269E1,-5.0465614E-1,-1.2361119E0,-2.3199862E1,-1.2850512E0,-1.1054202E2,-1.1936319E0,-1.2829992E0,-1.3799536E-1,-1.1999226E0,-1.301544E1,-6.4857113E-1,-2.2555172E1,1.3613126E-1,-1.5255456E0,-8.6820745E-1,-1.3606046E0,1.6073999E-1,-5.552669E-1,-4.627451E0,-1.1898817E0,-2.2792088E1,-1.0074245E0,7.6074326E-1,-7.394301E-1,-5.571795E1,-1.1287794E0,-5.9872645E-1,-7.4106014E-1,-9.390316E-1,1.0796264E-1,-6.9888484E-1,-1.3695892E0,7.609542E-1,1.1050367E-1,-3.7281814E-1,-6.8421954E-1,-5.6554775E0,-1.5754746E0,-8.197141E-1,-1.2160846E0,-1.5466261E-1,-1.2988598E0,-1.865646E-1,6.4469934E-1,-3.4807464E-1,-1.7297071E-1,-3.0990938E1,-4.5003983E-1,-4.0400067E-1,-1.2010287E-2,1.1366351E-2,-3.1727043E-1,-2.9246712E-1,1.6775182E-1,2.3656693E-1,-1.6243377E-1,5.7005353E-2,-3.8368466E-1,-4.1186336E-1,-1.433256E-1,2.9391715E-1,-2.0750764E-1,8.8295385E-2,3.5877348E-4,-2.2607677E-2,-1.6147746E-1,-2.1269473E-1,5.941271E-1,-6.8767583E-1,-2.8934643E-1,-1.0171918E-1,-2.7110398E-1,-3.4282458E-1,-3.8667428E-1,1.8504559E-1,-2.8529227E-1,-4.1507107E-1,-1.2335758E-1],"categories":[1,1,2,4,2,3,7,8,10,3,5,1,2,7,1,2,0,1,2,4,5,6,7,8,9],"categories_nodes":[1,2,6,8,12,15,22,24,38],"categories_segments":[0,1,3,4,5,9,11,14,16],"categories_sizes":[1,2,1,1,4,2,3,2,9],"default_left":[1,0,0,1,1,1,0,0,0,0,0,0,0,1,1,0,0,0,1,0,0,0,0,1,0,0,0,0,0,1,0,0,1,0,0,0,1,1,0,0,0,0,1,0,1,1,1,0,0,0,0,0,0,0,0,0,0,0,0,0,0,0,0,0,0,0,0,0,0,0,0,0,0,0,0,0,0,0,0,0,0,0,0],"id":1,"left_children":[1,3,5,7,9,11,13,-1,15,-1,17,19,21,23,25,27,29,-1,31,33,35,37,39,41,43,-1,45,47,49,51,53,-1,55,57,59,61,63,65,67,69,71,-1,73,75,77,79,81,-1,-1,-1,-1,-1,-1,-1,-1,-1,-1,-1,-1,-1,-1,-1,-1,-1,-1,-1,-1,-1,-1,-1,-1,-1,-1,-1,-1,-1,-1,-1,-1,-1,-1,-1,-1],