{"learner":{"attributes":{"best_ntree_limit":"6"},"feature_names":[],"feature_types":["q","q","q","q","q","q","q","q","q","q","q","q","q","q","c","c","c","c","c","c"],"gradient_booster":{"model":{"gbtree_model_param":{"num_parallel_tree":"1","num_trees":"1","size_leaf_vector":"0"},"tree_info":[0],"trees":[{"base_weights":[-1.3780123E0,-7.718309E-1,-1.6621245E0,-1.4850069E0,-1.3355462E-1,2.7633854E1,-1.6984489E0,-1.1683195E0,-5.053503E-1,2.9026595E-1,-7.662088E-1,2.3769375E1,-4.4461873E-1,-1.4905454E0,-1.7817748E0,-9.39894E-1,-1.457307E0,5.378193E-1,9.798306E-2,-4.240477E-1,-9.496172E-1,-1.1792513E0,-1.535119E0,-1.5314445E0,-1.8188992E0,-1.0119258E0,-1.9354063E-1,-1.2578863E0,-3.7875104E0,5.626178E-1,-4.301704E-1,-3.3940153E0,1.5982315E-1,-2.7727365E-1,-1.0240179E0,-1.7309507E0,-9.124328E-1,-9.53282E-1,-1.4634209E0,-1.5616236E0,-1.07189E0,-1.2319938E0,-1.6037868E0,-1.7172682E0,-1.8598435E0,-3.0505526E-1,-8.024224E-2,1.1705135E-1,-1.7231327E-1,-4.8431134E-1,-3.1528312E-1,2.4622695E-1,1.482961E-1,8.229722E-2,-2.7861014E-1,5.6755032E-2,-2.884062E-1,-1.01628736E-1,1.8260542E-1,-3.139456E-1,-6.788594E-2,-2.403499E-1,-3.9653036E-1,-2.0005226E-1,-3.6724472E-1,-4.5045334E-1,2.8967114E-2,-4.2682353E-1,-4.8666313E-1,2.5652997E0,-4.1068578E-1,-4.76176E-1,-3.181816E-1,-4.4930062E-1,-5.356847E-1,-3.898633E-1,-5.304033E-1,-5.710927E-1,-5.1638114E-1],"categories":[1,2,3,7,8,1,2,0,1,2,5,9,1,2,5,1,2,1,2,5,1,2],"categories_nodes":[0,4,7,9,10,13,37,43],"categories_segments":[0,2,5,7,12,15,17,20],"categories_sizes":[2,3,2,5,3,2,3,2],"default_left":[0,1,1,0,0,1,0,0,0,0,0,0,0,0,0,1,0,1,1,0,1,0,0,0,0,1,0,0,0,0,0,0,1,0,1,0,0,0,1,1,1,0,1,0,1,0,0,0,0,0,0,0,0,0,0,0,0,0,0,0,0,0,0,0,0,0,0,0,0,0,0,0,0,0,0,0,0,0,0],"id":0,"left_children":[1,3,5,7,9,11,13,15,-1,17,19,-1,-1,21,23,25,27,29,31,33,35,37,39,41,43,45,47,49,-1,51,53,-1,55,57,59,-1,61,63,65,67,69,71,73,75,77,-1,-1,-1,-1,-1,-1,-1,-1,-1,-1,-1,-1,-1,-1,-1,-1,-1,-1,-1,-1,-1,-1,-1,-1,-1,-1,-1,-1,-1,-1,-1,-1,-1,-1],"loss_changes":[1.2023994E3,1.0159215E3,5.1100215E3,6.463086E1,3.1636923E2,9.055967E3,7.968164E1,2.5739868E1,0E0,3.3590946E1,2.9297882E1,0E0,0E0,1.7143799E1,2.8699219E1,1.2286896E1,3.8385016E2,7.6538315E0,2.8339478E2,1.4419163E1,4.9816772E1,9.868698E0,1.2956055E1,7.6396484E0,9.061523E0,5.035248E-1,5.0420003E0,1.1394104E1,0E0,4.909569E0,3.1625304E0,0E0,1.3278792E1,7.5888767E0,3.4472656E-1,0E0,1.2884537E1,6.9874344E0,4.650818E0,7.1574707E0,2.0516978E2,3.8378448E0,4.159912E0,1.5905518E1,9.391113E0,0E0,0E0,0E0,0E0,0E0,0E0,0E0,0E0,0E0,0E0,0E0,0E0,0E0,0E0,0E0,0E0,0E0,0E0,0E0,0E0,0E0,0E0,0E0,0E0,0E0,0E0,0E0,0E0,0E0,0E0,0E0,0E0,0E0,0E0],"parents":[2147483647,0,0,1,1,2,2,3,3,4,4,5,5,6,6,7,7,9,9,10,10,13,13,14,14,15,15,16,16,17,17,18,18,19,19,20,20,21,21,22,22,23,23,24,24,25,25,26,26,27,27,29,29,30,30,32,32,33,33,34,34,36,36,37,37,38,38,39,39,40,40,41,41,42,42,43,43,44,44],"right_children":[2,4,6,8,10,12,14,16,-1,18,20,-1,-1,22,24,26,28,30,32,34,36,38,40,42,44,46,48,50,-1,52,54,-1,56,58,60,-1,62,64,66,68,70,72,74,76,78,-1,-1,-1,-1,-1,-1,-1,-1,-1,-1,-1,-1,-1,-1,-1,-1,-1,-1,-1,-1,-1,-1,-1,-1,-1,-1,-1,-1,-1,-1,-1,-1,-1,-1],"split_conditions":[NaN,3.89E2,3.26E2,5.2E5,NaN,1.56619E5,8E4,NaN,-5.053503E-1,NaN,NaN,2.3769375E1,-4.4461873E-1,NaN,2.015E3,2.6E1,1.8E5,1.2021E4,1.936E3,2.12257E5,3.09E3,4.9E1,6.9536E4,5.73E2,1.5E5,3.16E2,6E4,5.4807E4,-3.7875104E0,1.8088E4,1.57186E5,-3.3940153E0,1.8019E4,1.26207E5,4.1E1,-1.7309507E0,1.9E5,NaN,4.626E3,1.366E3,1.632E4,3.26E2,2.003E3,NaN,1.49838E5,-3.0505526E-1,-8.024224E-2,1.1705135E-1,-1.7231327E-1,-4.8431134E-1,-3.1528312E-1,2.4622695E-1,1.482961E-1,8.229722E-2,-2.7861014E-1,5.6755032E-2,-2.884062E-1,-1.01628736E-1,1.8260542E-1,-3.139456E-1,-6.788594E-2,-2.403499E-1,-3.9653036E-1,-2.0005226E-1,-3.6724472E-1,-4.5045334E-1,2.8967114E-2,-4.2682353E-1,-4.8666313E-1,2.5652997E0,-4.1068578E-1,-4.76176E-1,-3.181816E-1,-4.4930062E-1,-5.356847E-1,-3.898633E-1,-5.304033E-1,-5.710927E-1,-5.1638114E-1],"split_indices":[14,2,8,0,14,6,0,17,0,19,19,0,0,18,2,1,0,10,2,6,3,1,10,13,0,3,0,11,0,7,2,0,12,5,1,0,0,17,9,9,2,13,10,17,2,0,0,0,0,0,0,0,0,0,0,0,0,0,0,0,0,0,0,0,0,0,0,0,0,0,0,0,0,0,0,0,0,0,0],"split_type":[1,0,0,0,1,0,0,1,0,1,1,0,0,1,0,0,0,0,0,0,0,0,0,0,0,0,0,0,0,0,0,0,0,0,0,0,0,1,0,0,0,0,0,1,0,0,0,0,0,0,0,0,0,0,0,0,0,0,0,0,0,0,0,0,0,0,0,0,0,0,0,0,0,0,0,0,0,0,0],"sum_hessian":[6.98807E3,2.2312324E3,4.7568374E3,1.0531604E3,1.1780721E3,4.949883E0,4.7518877E3,4.096756E2,6.434848E2,7.0579504E2,4.7227707E2,1.1646783E0,3.7852046E0,1.365003E3,3.3868845E3,2.3118864E2,1.7848695E2,3.0776624E2,3.980288E2,1.6596666E2,3.063104E2,1.7441058E2,1.1905924E3,4.4286893E2,2.9440156E3,2.1051561E2,2.067304E1,1.7644876E2,2.038187E0,3.00487E2,7.2792397E0,1.1646783E0,3.9686414E2,1.3452036E2,3.1446316E1,1.1646783E0,3.0514572E2,9.9579994E1,7.483058E1,1.1239146E3,6.667783E1,8.968023E1,3.531887E2,8.577856E2,2.08623E3,2.0876859E2,1.7470175E0,8.152748E0,1.2520292E1,6.231029E1,1.1413847E2,6.0563274E1,2.3992374E2,3.2028654E0,4.076374E0,3.8754672E2,9.317427E0,1.263676E2,8.152748E0,3.0281637E1,1.1646783E0,2.422531E2,6.289263E1,5.008117E1,4.949883E1,7.3083565E1,1.7470175E0,3.4882117E2,7.7509344E2,1.1646783E0,6.551315E1,2.6496431E1,6.31838E1,2.288593E2,1.24329414E2,9.579479E1,7.619908E2,1.5755187E3,5.1071146E2],"tree_param":{"num_deleted":"0","num_feature":"20","num_nodes":"79","size_leaf_vector":"0"}}]},"name":"gbtree"},"learner_model_param":{"base_score":"5E-1","num_class":"0","num_feature":"20","num_target":"1"},"objective":{"name":"reg:squarederror","reg_loss_param":{"scale_pos_weight":"1"}}},"version":[1,6,2]}