{"learner":{"attributes":{"best_ntree_limit":"3"},"feature_names":[],"feature_types":["q","q","q","q","q","q","q","q","q","q","q","q","q","q","c","c","c","c","c","c"],"gradient_booster":{"model":{"gbtree_model_param":{"num_parallel_tree":"1","num_trees":"3","size_leaf_vector":"0"},"tree_info":[0,0,0],"trees":[{"base_weights":[-1.7047701E0,-9.91027E-1,-2.0392234E0,-1.837334E0,-2.1493058E-1,2.4125956E1,-2.0870004E0,-2.0654428E0,-1.4597621E0,3.0323645E-1,-9.750289E-1,2.5588882E1,-6.0569483E-1,-1.8254869E0,-2.191733E0,-1.6357976E-1,-2.0704887E0,-1.8670162E0,-1.2286906E0,5.7946676E-1,9.776664E-2,-5.7972175E-1,-1.1982619E0,-1.3735495E0,-1.8898983E0,-1.9518062E0,-2.248656E0,-1.5834375E-1,-6.2188184E-1,-1.4090439E0,-2.063313E0,-1.306123E0,-1.166722E-2,6.119886E-1,-6.997086E-1,-1.9251546E0,1.4089264E-1,-4.315979E-1,-4.5746133E-1,-1.1520876E0,-4.200181E0,-2.0234954E0,-1.0707366E0,1.39031E0,-1.9057343E0,-1.7468253E0,-2.050802E0,-2.2622585E0,-1.8588974E0,-3.1739697E-1,-5.841481E-1,-6.260646E-1,-2.1556495E-1,-3.4251833E-1,-5.189368E-1,1.19022295E-1,-3.5327125E-1,1.9351661E-1,-1.28044E-1,2.455341E-1,-3.5855618E-1,5.830689E-2,-9.767607E-2,-2.344612E-1,-4.639972E-2,-3.1006992E-1,-4.9016634E-1,-1.5991399E-1,-1.7916151E0,-6.157806E-1,-1.5955822E-1,2.3005708E-1,-3.3704665E-1,-5.315074E-1,-6.083609E-1,-4.601396E-1,-6.2363386E-1,-6.269928E-1,-4.450203E-1,-6.6201115E-1,-7.1576923E-1,1.0961011E-1,-5.6900394E-1],"categories":[1,2,3,7,8,10,0,1,2,5,9,1,2,1,2,1,5,1,0,1,6,7],"categories_nodes":[0,4,9,10,13,31,32,33],"categories_segments":[0,2,6,11,13,15,17,18],"categories_sizes":[2,4,5,2,2,2,1,4],"default_left":[0,1,1,1,0,1,0,0,0,0,0,0,0,0,1,0,0,0,0,1,1,1,0,1,1,0,1,0,0,1,1,0,0,0,0,0,0,0,0,0,0,1,0,0,1,1,1,0,0,0,0,0,0,0,0,0,0,0,0,0,0,0,0,0,0,0,0,0,0,0,0,0,0,0,0,0,0,0,0,0,0,0,0],"id":0,"left_children":[1,3,5,7,9,11,13,15,17,19,21,-1,-1,23,25,-1,27,29,31,33,35,37,39,41,43,45,47,-1,-1,49,51,53,55,57,59,-1,61,-1,63,65,67,69,71,-1,73,75,77,79,81,-1,-1,-1,-1,-1,-1,-1,-1,-1,-1,-1,-1,-1,-1,-1,-1,-1,-1,-1,-1,-1,-1,-1,-1,-1,-1,-1,-1,-1,-1,-1,-1,-1,-1],"loss_changes":[1.391709E3,1.2244763E3,5.018996E3,7.380615E1,3.8387988E2,1.188536E4,1.046875E2,3.11792E0,2.9638733E1,3.2855854E1,3.416504E1,0E0,0E0,3.0611816E1,3.424121E1,0E0,9.904785E-1,7.962494E0,2.06622E1,1.0709831E1,9.467211E1,1.4516937E1,3.002539E1,2.6560913E1,1.1171655E2,7.5776367E0,7.8808594E0,0E0,0E0,5.388588E0,1.114685E0,1.2392548E1,7.1974707E0,8.572624E0,5.938492E0,0E0,8.35625E0,0E0,1.2436216E1,1.253537E1,1.9118538E1,8.7364197E-1,1.0719734E1,0E0,1.2682129E1,9.954224E0,5.015381E0,9.833008E0,7.6245728E0,0E0,0E0,0E0,0E0,0E0,0E0,0E0,0E0,0E0,0E0,0E0,0E0,0E0,0E0,0E0,0E0,0E0,0E0,0E0,0E0,0E0,0E0,0E0,0E0,0E0,0E0,0E0,0E0,0E0,0E0,0E0,0E0,0E0,0E0],"parents":[2147483647,0,0,1,1,2,2,3,3,4,4,5,5,6,6,7,7,8,8,9,9,10,10,13,13,14,14,16,16,17,17,18,18,19,19,20,20,21,21,22,22,23,23,24,24,25,25,26,26,29,29,30,30,31,31,32,32,33,33,34,34,36,36,38,38,39,39,40,40,41,41,42,42,44,44,45,45,46,46,47,47,48,48],"right_children":[2,4,6,8,10,12,14,16,18,20,22,-1,-1,24,26,-1,28,30,32,34,36,38,40,42,44,46,48,-1,-1,50,52,54,56,58,60,-1,62,-1,64,66,68,70,72,-1,74,76,78,80,82,-1,-1,-1,-1,-1,-1,-1,-1,-1,-1,-1,-1,-1,-1,-1,-1,-1,-1,-1,-1,-1,-1,-1,-1,-1,-1,-1,-1,-1,-1,-1,-1,-1,-1],"split_conditions":[NaN,6E2,3.45E2,2.5E1,NaN,5.39E4,8E4,3.2E2,4.7376E4,NaN,NaN,2.5588882E1,-6.0569483E-1,NaN,1.339E3,-1.6357976E-1,-3.9E2,1.303E3,5.3E1,1.2133E4,2.321E3,7.8E2,3.6E5,3.9E2,1.079E3,1.716E3,2.84041E5,-1.5834375E-1,-6.2188184E-1,6.96E2,4.3215E4,NaN,NaN,NaN,3.004E3,-1.9251546E0,5.1E1,-4.315979E-1,3.011E3,1.8E5,4.1E1,4.564E3,2.75E2,1.39031E0,1.642E3,7.98E2,6.1943E4,2.7E5,2.6E1,-3.1739697E-1,-5.841481E-1,-6.260646E-1,-2.1556495E-1,-3.4251833E-1,-5.189368E-1,1.19022295E-1,-3.5327125E-1,1.9351661E-1,-1.28044E-1,2.455341E-1,-3.5855618E-1,5.830689E-2,-9.767607E-2,-2.344612E-1,-4.639972E-2,-3.1006992E-1,-4.9016634E-1,-1.5991399E-1,-1.7916151E0,-6.157806E-1,-1.5955822E-1,2.3005708E-1,-3.3704665E-1,-5.315074E-1,-6.083609E-1,-4.601396E-1,-6.2363386E-1,-6.269928E-1,-4.450203E-1,-6.6201115E-1,-7.1576923E-1,1.0961011E-1,-5.6900394E-1],"split_indices":[14,2,8,1,14,11,0,12,11,19,18,0,0,17,9,0,3,7,1,10,3,6,0,6,3,2,3,0,0,10,13,16,17,16,13,0,1,0,12,0,8,5,12,0,9,11,4,0,1,0,0,0,0,0,0,0,0,0,0,0,0,0,0,0,0,0,0,0,0,0,0,0,0,0,0,0,0,0,0,0,0,0,0],"split_type":[1,0,0,0,1,0,0,0,0,1,1,0,0,1,0,0,0,0,0,0,0,0,0,0,0,0,0,0,0,0,0,1,1,1,0,0,0,0,0,0,0,0,0,0,0,0,0,0,0,0,0,0,0,0,0,0,0,0,0,0,0,0,0,0,0,0,0,0,0,0,0,0,0,0,0,0,0,0,0,0,0,0,0],"sum_hessian":[5.8374917E3,1.8638624E3,3.9736294E3,8.909472E2,9.729153E2,6.3239493E0,3.9673054E3,5.526159E2,3.383313E2,5.788846E2,3.940307E2,1.2161441E0,5.1078053E0,1.1397703E3,2.8275352E3,2.1890595E0,5.504268E2,1.1991181E2,2.1841948E2,2.4614757E2,3.3273703E2,1.43505E2,2.5052568E2,1.4496439E2,9.948059E2,5.4896747E2,2.2785676E3,1.2161441E0,5.492107E2,3.8430153E1,8.148166E1,2.0528513E2,1.31343565E1,2.405533E2,5.594263E0,1.2161441E0,3.3152087E2,1.653956E1,1.2696545E2,2.480934E2,2.4322882E0,4.4267647E1,1.0069673E2,1.7026018E0,9.931033E2,1.8485391E2,3.6411356E2,2.197086E3,8.148166E1,2.5052568E1,1.3377585E1,7.953583E1,1.9458306E0,1.5055864E2,5.4726486E1,1.02156105E1,2.918746E0,2.3349966E2,7.053636E0,1.2161441E0,4.378119E0,2.9795532E2,3.356558E1,6.0563976E1,6.640147E1,2.0163669E2,4.6456707E1,1.2161441E0,1.2161441E0,4.3051502E1,1.2161441E0,2.4322882E0,9.826444E1,4.8086337E2,5.122399E2,1.1602015E2,6.8833755E1,3.3808807E2,2.6025484E1,1.5289364E3,6.681496E2,1.2161441E0,8.026551E1],"tree_param":{"num_deleted":"0","num_feature":"20","num_nodes":"83","size_leaf_vector":"0"}},{"base_weights":[-1.4413383E0,-6.004429E0,-1.1742603E0,-3.0027072E0,-6.517914E1,-5.3843504E-1,-1.407571E0,-7.180345E-1,-2.3197489E1,-1.2906932E2,-1.4756993E0,-1.473955E0,-1.0014723E-1,1.2037384E1,-1.430944E0,8.901923E-1,-8.169344E-1,-1.086327E0,-9.764121E-1,-9.6842015E-1,-1.569032E0,2.6223361E-1,-6.024307E-1,-1.401624E0,-1.6745613E1,-6.867889E-1,2.6123793E0,-1.3204416E0,-6.219947E-1,-1.58935E-1,-1.2959235E0,-1.0526183E0,1.7945826E-1,-7.4446803E-1,-1.5802495E0,9.393904E-1,2.0682885E-1,-3.8532424E-1,-7.560154E-1,-3.054255E0,-1.3951881E0,-4.5214567E-1,-5.3398732E-2,1.5236796E-1,8.958418E-1,-3.2890025E-1,-5.005291E-1,-2.0312259E-1,2.5756598E-1,2.1358524E-1,-2.1324094E-1,-4.4442746E-1,1.4021129E-2,-3.2859856E-1,1.9791418E-1,2.8266883E-1,-1.7199849E-1,8.6935416E-2,-4.2669415E-1,-2.7682236E-1,-4.7667328E-1,3.6310843E-1,-2.5885388E-1,1.2836072E-1,2.2707107E-2,-6.816072E-3,-1.7618933E-1,-2.351698E-1,6.586378E-1,-6.144521E-1,-1.6226197E0,-3.8997087E-1,-4.4509447E-1],"categories":[1,2,1,2,3,5,3,7,8,10,1,2,7,1,0,1,2,4,5,6,7,8,9],"categories_nodes":[1,2,7,12,22,29,36],"categories_segments":[0,2,4,6,10,13,14],"categories_sizes":[2,2,2,4,3,1,9],"default_left":[1,0,0,0,1,1,1,0,0,0,0,0,0,0,0,0,0,0,0,0,0,0,0,0,0,0,0,0,0,0,0,0,0,0,0,1,0,0,0,1,0,0,0,0,0,0,0,0,0,0,0,0,0,0,0,0,0,0,0,0,0,0,0,0,0,0,0,0,0,0,0,0,0],"id":1,"left_children":[1,3,5,7,9,11,13,15,-1,-1,17,19,21,-1,23,25,27,-1,29,31,33,35,37,39,-1,41,43,45,47,49,51,53,55,57,59,61,63,65,67,69,71,-1,-1,-1,-1,-1,-1,-1,-1,-1,-1,-1,-1,-1,-1,-1,-1,-1,-1,-1,-1,-1,-1,-1,-1,-1,-1,-1,-1,-1,-1,-1,-1],"loss_changes":[6.7221406E3,5.3992156E4,7.732373E2,4.9422684E4,3.4073975E5,5.7479846E2,3.7620498E3,4.5851807E1,0E0,0E0,1.0927174E1,1.997882E1,1.7415573E2,0E0,6.0055796E3,4.7732033E1,2.546344E1,0E0,3.0124922E0,7.284546E0,2.2908936E0,2.0665588E1,1.3077606E1,3.6306152E1,0E0,3.7476635E0,5.006626E0,3.9302826E0,1.64786E1,2.718082E0,2.2409954E0,5.735588E0,3.9116485E0,5.2649546E0,6.348877E-1,2.1442337E1,1.4902582E1,1.2301758E1,2.0960892E1,2.1978104E1,3.0111328E1,0E0,0E0,0E0,0E0,0E0,0E0,0E0,0E0,0E0,0E0,0E0,0E0,0E0,0E0,0E0,0E0,0E0,0E0,0E0,0E0,0E0,0E0,0E0,0E0,0E0,0E0,0E0,0E0,0E0,0E0,0E0,0E0],"parents":[2147483647,0,0,1,1,2,2,3,3,4,4,5,5,6,6,7,7,10,10,11,11,12,12,14,14,15,15,16,16,18,18,19,19,20,20,21,21,22,22,23,23,25,25,26,26,27,27,28,28,29,29,30,30,31,31,32,32,33,33,34,34,35,35,36,36,37,37,38,38,39,39,40,40],