{"learner":{"attributes":{"best_ntree_limit":"2"},"feature_names":[],"feature_types":["q","q","q","q","q","q","q","q","q","q","q","q","q","q","c","c","c","c","c","c"],"gradient_booster":{"model":{"gbtree_model_param":{"num_parallel_tree":"1","num_trees":"2","size_leaf_vector":"0"},"tree_info":[0,0],"trees":[{"base_weights":[-1.7069442E0,-9.6622425E-1,-2.0530453E0,-1.8433862E0,-1.5077177E-1,4.9693424E1,-2.1008065E0,-1.4535171E0,-2.0747995E0,3.5039476E-1,-8.7254006E-1,2.5087746E1,-4.6490312E-1,-1.8377416E0,-2.2066557E0,-1.1596059E0,-1.8142861E0,-6.2597394E-1,-1.169206E0,5.90881E-1,1.6737701E-1,-4.4511986E-1,-1.0608234E0,-1.331449E0,-1.9028231E0,-1.8751348E0,-2.255388E0,-3.7846103E-1,-2.7048296E-1,-9.14526E0,-1.3453549E0,-4.2146084E-1,-1.7180582E0,6.2882435E-1,-7.2909606E-1,-1.5327176E0,2.03471E-1,-7.883937E-1,-2.3889093E-2,-6.785749E-1,-1.2786463E0,-9.420578E-1,-1.8490137E0,1.5267798E0,-1.9181054E0,-1.6463888E0,-2.053736E0,-2.179449E0,-2.3359535E0,-9.836324E-3,-4.0560654E-1,-9.25679E0,-4.4137192E-1,-4.3428296E-1,-4.1484505E-2,-2.5060415E-1,3.831733E-2,-1.5341894E-1,-5.866041E-1,2.542672E-1,1.4464732E-1,1.0628278E-1,-3.5588083E-1,-2.6856694E-1,7.23833E-2,-4.311575E-2,-2.8661394E-1,9.4305515E-2,-1.0752302E-1,-5.102708E-1,-1.3994415E-1,-4.3191332E-1,-3.841856E-2,-3.1730226E-1,4.9423646E-2,-6.683003E-1,-2.4009743E-1,-4.6120256E-1,-5.89545E-1,-3.9856842E-1,-5.1945335E-1,-9.146257E-2,-6.1945164E-1,-5.788573E-1,-6.671243E-1,-7.1695685E-1,-5.8574533E-1],"categories":[1,2,3,7,8,10,1,2,0,1,2,5,6,7,9,1,2,1,2,0,1,4,0,1,2,3,4,5,6,7,8,9,1,2,1,2],"categories_nodes":[0,4,7,9,13,22,34,39,44,47],"categories_segments":[0,2,6,8,15,17,19,22,32,34],"categories_sizes":[2,4,2,7,2,2,3,10,2,2],"default_left":[0,1,1,0,0,1,0,0,1,0,0,0,0,0,0,1,1,0,1,1,1,0,0,0,1,1,0,0,1,1,0,0,0,1,0,0,0,0,0,0,0,1,1,0,0,0,0,0,1,0,0,0,0,0,0,0,0,0,0,0,0,0,0,0,0,0,0,0,0,0,0,0,0,0,0,0,0,0,0,0,0,0,0,0,0,0,0],"id":0,"left_children":[1,3,5,7,9,11,13,15,17,19,21,-1,-1,23,25,27,29,-1,31,33,35,37,39,41,43,45,47,-1,49,51,53,55,57,59,61,-1,63,65,67,69,71,73,75,-1,77,79,81,83,85,-1,-1,-1,-1,-1,-1,-1,-1,-1,-1,-1,-1,-1,-1,-1,-1,-1,-1,-1,-1,-1,-1,-1,-1,-1,-1,-1,-1,-1,-1,-1,-1,-1,-1,-1,-1,-1,-1],"loss_changes":[1.4441895E3,1.2860232E3,9.604198E3,7.514111E1,3.3780515E2,6.3632666E3,1.029043E2,3.2464294E1,3.3344727E0,2.4169067E1,3.0321686E1,0E0,0E0,3.397876E1,3.9942383E1,1.619159E1,4.847472E2,0E0,3.0619125E0,1.2372749E1,6.093436E1,1.7150215E1,2.1189331E1,2.436641E1,1.1443213E2,1.1176147E1,9.462891E0,0E0,5.106277E0,1.374127E3,1.671788E1,1.2954898E0,4.3026543E-1,7.0268326E0,3.9418182E0,0E0,1.3230665E1,6.9021454E0,6.2618246E0,2.0519115E1,3.0878296E1,9.895241E0,1.989067E1,0E0,1.4500244E1,2.062683E0,3.177246E0,9.431641E0,1.8903809E1,0E0,0E0,0E0,0E0,0E0,0E0,0E0,0E0,0E0,0E0,0E0,0E0,0E0,0E0,0E0,0E0,0E0,0E0,0E0,0E0,0E0,0E0,0E0,0E0,0E0,0E0,0E0,0E0,0E0,0E0,0E0,0E0,0E0,0E0,0E0,0E0,0E0,0E0],"parents":[2147483647,0,0,1,1,2,2,3,3,4,4,5,5,6,6,7,7,8,8,9,9,10,10,13,13,14,14,15,15,16,16,18,18,19,19,20,20,21,21,22,22,23,23,24,24,25,25,26,26,28,28,29,29,30,30,31,31,32,32,33,33,34,34,36,36,37,37,38,38,39,39,40,40,41,41,42,42,44,44,45,45,46,46,47,47,48,48],"right_children":[2,4,6,8,10,12,14,16,18,20,22,-1,-1,24,26,28,30,-1,32,34,36,38,40,42,44,46,48,-1,50,52,54,56,58,60,62,-1,64,66,68,70,72,74,76,-1,78,80,82,84,86,-1,-1,-1,-1,-1,-1,-1,-1,-1,-1,-1,-1,-1,-1,-1,-1,-1,-1,-1,-1,-1,-1,-1,-1,-1,-1,-1,-1,-1,-1,-1,-1,-1,-1,-1,-1,-1,-1],"split_conditions":[NaN,5.6E2,3.5E2,4E5,NaN,1.96398E5,8E4,NaN,4.9E5,NaN,5E4,2.5087746E1,-4.6490312E-1,NaN,2.084E3,2.4E1,3.6E1,-6.2597394E-1,7.51E2,1.2176E4,1.89E3,2.013E3,NaN,2.7796E4,5.13E2,7.92E2,2.1E5,-3.7846103E-1,3.024E3,1.0105E4,5.7E1,4E1,6.53E2,1E3,NaN,-1.5327176E0,7.85E2,8.73E3,1.6827E4,NaN,1.684259E6,1.5E3,3.3622E4,1.5267798E0,NaN,1.5E5,1.2E1,NaN,2.27311E5,-9.836324E-3,-4.0560654E-1,-9.25679E0,-4.4137192E-1,-4.3428296E-1,-4.1484505E-2,-2.5060415E-1,3.831733E-2,-1.5341894E-1,-5.866041E-1,2.542672E-1,1.4464732E-1,1.0628278E-1,-3.5588083E-1,-2.6856694E-1,7.23833E-2,-4.311575E-2,-2.8661394E-1,9.4305515E-2,-1.0752302E-1,-5.102708E-1,-1.3994415E-1,-4.3191332E-1,-3.841856E-2,-3.1730226E-1,4.9423646E-2,-6.683003E-1,-2.4009743E-1,-4.6120256E-1,-5.89545E-1,-3.9856842E-1,-5.1945335E-1,-9.146257E-2,-6.1945164E-1,-5.788573E-1,-6.671243E-1,-7.1695685E-1,-5.8574533E-1],"split_indices":[14,2,8,0,14,6,0,17,0,18,0,0,0,16,2,1,1,0,13,10,2,13,18,3,8,10,0,0,12,11,1,1,3,10,16,0,8,2,3,19,9,9,7,0,18,0,12,19,3,0,0,0,0,0,0,0,0,0,0,0,0,0,0,0,0,0,0,0,0,0,0,0,0,0,0,0,0,0,0,0,0,0,0,0,0,0,0],"split_type":[1,0,0,0,1,0,0,1,0,1,0,0,0,1,0,0,0,0,0,0,0,0,1,0,0,0,0,0,0,0,0,0,0,0,1,0,0,0,0,1,0,0,0,0,1,0,0,1,0,0,0,0,0,0,0,0,0,0,0,0,0,0,0,0,0,0,0,0,0,0,0,0,0,0,0,0,0,0,0,0,0,0,0,0,0,0,0],"sum_hessian":[5.640089E3,1.7973083E3,3.8427808E3,8.652836E2,9.320247E2,2.5850408E0,3.8401956E3,3.2501013E2,5.402735E2,5.5037866E2,3.8164603E2,1.1750185E0,1.4100223E0,1.1071024E3,2.7330933E3,1.8142287E2,1.4358727E2,5.320484E2,8.22513E0,2.3688374E2,3.1349493E2,1.1773686E2,2.6390918E2,1.2854703E2,9.785554E2,3.5532562E2,2.3777676E3,1.6238756E2,1.9035301E1,7.5201187E0,1.3606715E2,4.230067E0,3.995063E0,2.3077364E2,6.1100965E0,1.1750185E0,3.1231992E2,6.4391014E1,5.334584E1,9.7291534E1,1.6661763E2,7.496619E1,5.3580845E1,1.4100223E0,9.7714545E2,1.6027254E2,1.9505309E2,1.2384696E3,1.139298E3,1.645026E1,2.5850408E0,1.1750185E0,6.3451004E0,1.2525698E2,1.0810171E1,2.1150334E0,2.1150334E0,1.1750185E0,2.8200445E0,9.071143E1,1.4006221E2,1.8800297E0,4.230067E0,9.635152E0,3.0268478E2,1.3630215E1,5.0760803E1,2.655542E1,2.6790422E1,1.5510244E1,8.178129E1,1.459373E2,2.0680326E1,6.791607E1,7.0501113E0,3.8540607E1,1.5040237E1,1.1115675E2,8.6598865E2,3.736559E1,1.2290694E2,1.4100223E0,1.9364305E2,1.9317305E2,1.0452965E3,9.943007E2,1.4499728E2],"tree_param":{"num_deleted":"0","num_feature":"20","num_nodes":"87","size_leaf_vector":"0"}},{"base_weights":[-1.4310765E0,-9.550079E0,-1.1599834E0,-4.320138E0,-8.0411865E1,-4.641104E-1,-1.4042372E0,9.070798E-2,-2.2798655E1,-1.1094257E2,-9.843063E-1,-4.6596852E-1,-7.677543E-2,-1.3668559E0,-4.1937263E1,3.8546493E0,-7.326623E-1,2.1973293E-2,-1.1796108E0,3.5123765E-1,-5.7625693E-1,-3.941692E0,-1.3572075E0,-1.7528829E-1,-1.9718096E1,7.5126275E-2,1.07696085E1,-4.5290476E-1,-1.250227E0,-4.2802864E-1,-7.509571E-2,4.100239E0,2.909868E-1,-4.6847695E-1,-1.0628552E0,-1.9281592E0,-7.47427E0,-1.2029248E0,-1.4194666E0,1.0732282E0,-1.8047868E-1,1.2224561E1,6.7192626E-1,-1.5290022E-1,2.7297482E-1,-2.0958625E-1,-3.4705276E0,1.4646955E-1,4.2914115E-2,-4.4559423E-2,-1.7614374E-1,-4.3182233E-1,-2.0450704E-1,-2.5089952E-1,-8.738044E-1,-4.4374937E-1,-2.7960057E0,-4.0932575E-1,-3.3393788E-1,-4.3341577E-1,-3.2605708E-1],"categories":[1,2,1,2,0,1,2,3,4,5,6,7,8,9,3,7,8,10,0,1,2,4,0,1,2,3,4,5,6,7,8,9,0,1,2,6,9],"categories_nodes":[1,2,5,12,16,26,32],"categories_segments":[0,2,4,14,18,22,32],"categories_sizes":[2,2,10,4,4,10,5],"default_left":[1,0,0,0,1,0,0,0,0,0,0,0,0,0,0,0,0,0,0,1,0,1,1,0,0,0,0,1,0,0,0,0,0,1,0,0,0,1,0,0,0,0,0,0,0,0,0,0,0,0,0,0,0,0,0,0,0,0,0,0,0],"id":1,"left_children":[1,3,5,7,9,11,13,15,-1,-1,17,-1,19,21,23,25,27,-1,29,31,33,35,37,-1,-1,39,41,43,45,-1,-1,-1,47,49,51,53,55,57,59,-1,-1,-1,-1,-1,-1,-1,-1,-1,-1,-1,-1,-1,-1,-1,-1,-1,-1,-1,-1,-1,-1],"loss_changes":[1.1359349E4,6.1462234E4,8.4923535E2,4.944463E4,2.6182534E5,5.485439E2,5.549796E3,4.6244897E2,0E0,0E0,2.1420736E0,0E0,2.055321E2,8.65249E1,3.28287E3,6.990763E2,1.7175049E1,0E0,1.5858307E0,4.1150195E2,2.2766953E1,8.005554E1,3.3698242E1,0E0,0E0,4.5577618E1,2.3270474E3,6.7378254E0,2.3337694E2,0E0,0E0,0E0,1.5002995E1,1.3769035E1,1.0450951E1,8.105789E0,3.572151E1,1.3945068E1,2.0441406E1,0E0,0E0,0E0,0E0,0E0,0E0,0E0,0E0,0E0,0E0,0E0,0E0,0E0,0E0,0E0,0E0,0E0,0E0,0E0,0E0,0E0,0E0],"parents":[2147483647,0,0,1,1,2,2,3,3,4,4,5,5,6,6,7,7,10,10,12,12,13,13,14,14,15,15,16,16,18,18,19,19,20,20,21,21,22,22,25,25,26,26,27,27,28,28,32,32,33,33,34,34,35,35,36,36,37,37,38,38],