{"learner":{"attributes":{"best_ntree_limit":"1"},"feature_names":[],"feature_types":["q","q","q","q","q","q","q","q","q","q","q","q","q","q","c","c","c","c","c","c","c","c","c"],"gradient_booster":{"model":{"gbtree_model_param":{"num_parallel_tree":"1","num_trees":"1","size_leaf_vector":"0"},"tree_info":[0],"trees":[{"base_weights":[-1.7071215E0,-9.560949E-1,-2.058516E0,-1.8611015E0,-1.772466E-1,1.7277298E1,-2.1063678E0,-6.21529E-1,-1.5129987E0,3.3991352E-1,-9.7886115E-1,-1.8436197E0,-2.212386E0,-1.2159927E0,-1.8837603E0,3.8929603E-1,-8.032381E-1,-5.8201486E-1,-1.203168E0,-1.3824192E0,-1.9184046E0,-2.0074582E0,-2.265973E0,3.2159945E-1,-1.240328E0,-6.992105E0,-1.3840019E0,6.2582445E-1,2.2162363E-1,-1.5852247E0,-3.0583197E-1,-3.5220522E-1,-1.0989643E0,-1.1308303E0,-2.195504E0,-8.119469E-1,-1.5693934E0,-6.4055567E0,-1.8983357E0,-1.8527106E0,-2.1506145E0,-1.9692899E0,-2.2848625E0,2.6037067E-1,-9.146257E-2,-3.7729445E-1,3.831733E-2,-3.0031496E-1,-5.2953476E-1,1.9842869E-1,-2.563562E-1,7.5340115E-2,-8.2607394E-1,-3.91807E-1,1.3013107E-1,-8.055308E-2,-4.973192E-1,-3.6732286E-1,8.9898854E-2,-2.7263302E-1,-3.9211163E-1,6.21814E-2,-3.0352104E-1,-5.050146E-1,-2.2139446E-1,-2.6735643E-1,-3.049946E0,-5.745774E-1,-1.17690004E-1,-4.877693E-1,-6.020173E-1,-1.5489077E-2,-6.476718E-1,-6.806323E-1,-4.9550697E-1,-6.921664E-1,-6.1383E-1],"categories":[1,2,3,3,7,1,2,1,1,2,1,2,0,1,2,4,5,6,7,9,0,1,2,3,4,1,2],"categories_nodes":[0,3,4,8,9,10,11,15,26,33],"categories_segments":[0,2,3,5,7,8,10,12,20,25],"categories_sizes":[2,1,2,2,1,2,2,8,5,2],"default_left":[0,1,1,0,0,0,0,0,0,0,0,0,1,0,1,0,1,0,0,0,1,0,1,1,1,0,0,1,0,0,0,1,1,0,0,0,1,0,0,0,0,1,0,0,0,0,0,0,0,0,0,0,0,0,0,0,0,0,0,0,0,0,0,0,0,0,0,0,0,0,0,0,0,0,0,0,0],"id":0,"left_children":[1,3,5,7,9,-1,11,-1,13,15,17,19,21,23,25,27,29,31,33,35,37,39,41,43,45,-1,47,49,51,-1,53,55,57,59,-1,61,63,65,67,69,71,73,75,-1,-1,-1,-1,-1,-1,-1,-1,-1,-1,-1,-1,-1,-1,-1,-1,-1,-1,-1,-1,-1,-1,-1,-1,-1,-1,-1,-1,-1,-1,-1,-1,-1,-1],"loss_changes":[1.4867539E3,1.2683903E3,1.1088043E4,5.7910156E1,4.0184134E2,0E0,1.0288867E2,0E0,3.267749E1,3.3588104E1,3.3131012E1,3.563208E1,2.5442383E1,7.1016235E0,1.4604069E3,2.2297112E1,5.3514145E1,1.6147778E1,9.872125E1,1.5626831E1,7.361719E1,8.750732E0,7.588867E0,1.4915634E0,4.3439026E0,0E0,1.8272034E1,1.2905136E1,2.989244E1,0E0,1.7821295E1,1.0243438E1,7.7991333E0,8.211975E0,0E0,8.596313E0,9.966003E0,7.0164246E1,2.3452393E1,6.6397095E0,4.977417E0,9.222961E0,6.0722656E0,0E0,0E0,0E0,0E0,0E0,0E0,0E0,0E0,0E0,0E0,0E0,0E0,0E0,0E0,0E0,0E0,0E0,0E0,0E0,0E0,0E0,0E0,0E0,0E0,0E0,0E0,0E0,0E0,0E0,0E0,0E0,0E0,0E0,0E0],"parents":[2147483647,0,0,1,1,2,2,3,3,4,4,6,6,8,8,9,9,10,10,11,11,12,12,13,13,14,14,15,15,16,16,17,17,18,18,19,19,20,20,21,21,22,22,23,23,24,24,26,26,27,27,28,28,30,30,31,31,32,32,33,33,35,35,36,36,37,37,38,38,39,39,40,40,41,41,42,42],"right_children":[2,4,6,8,10,-1,12,-1,14,16,18,20,22,24,26,28,30,32,34,36,38,40,42,44,46,-1,48,50,52,-1,54,56,58,60,-1,62,64,66,68,70,72,74,76,-1,-1,-1,-1,-1,-1,-1,-1,-1,-1,-1,-1,-1,-1,-1,-1,-1,-1,-1,-1,-1,-1,-1,-1,-1,-1,-1,-1,-1,-1,-1,-1,-1,-1],"split_conditions":[NaN,1.07E2,8.8E2,NaN,NaN,1.7277298E1,8E4,-6.21529E-1,NaN,NaN,NaN,NaN,1.004E3,2E2,3.6E1,NaN,1.013E3,8.1553E4,3E5,1.7005E4,1.594E3,8.608E3,4.31E2,4.45E2,3.816E3,-6.992105E0,NaN,1.2608E4,5.6E1,-1.5852247E0,2.3788E4,6E3,1.1E4,NaN,-2.195504E0,7.151E3,1.161E3,1.74E2,6.5758E4,1.9E5,2.5E1,3.9E2,2.20389E5,2.6037067E-1,-9.146257E-2,-3.7729445E-1,3.831733E-2,-3.0031496E-1,-5.2953476E-1,1.9842869E-1,-2.563562E-1,7.5340115E-2,-8.2607394E-1,-3.91807E-1,1.3013107E-1,-8.055308E-2,-4.973192E-1,-3.6732286E-1,8.9898854E-2,-2.7263302E-1,-3.9211163E-1,6.21814E-2,-3.0352104E-1,-5.050146E-1,-2.2139446E-1,-2.6735643E-1,-3.049946E0,-5.745774E-1,-1.17690004E-1,-4.877693E-1,-6.020173E-1,-1.5489077E-2,-6.476718E-1,-6.806323E-1,-4.9550697E-1,-6.921664E-1,-6.1383E-1],"split_indices":[17,2,2,17,17,0,0,0,20,19,22,21,10,3,1,21,2,2,0,2,3,2,9,5,4,0,22,10,1,0,11,9,10,19,0,4,11,8,8,0,9,4,2,0,0,0,0,0,0,0,0,0,0,0,0,0,0,0,0,0,0,0,0,0,0,0,0,0,0,0,0,0,0,0,0,0,0],"split_type":[1,0,0,1,1,0,0,0,1,1,1,1,0,0,0,1,0,0,0,0,0,0,0,0,0,0,1,0,0,0,0,0,0,1,0,0,0,0,0,0,0,0,0,0,0,0,0,0,0,0,0,0,0,0,0,0,0,0,0,0,0,0,0,0,0,0,0,0,0,0,0,0,0,0,0,0,0],"sum_hessian":[5.640089E3,1.7989534E3,3.8411357E3,8.314431E2,9.6751025E2,2.1150334E0,3.8390205E3,5.148931E2,3.1655E2,5.884493E2,3.7906097E2,1.1089825E3,2.730038E3,1.7813281E2,1.3841719E2,5.647139E2,2.3735374E1,1.3818217E2,2.408788E2,1.5745248E2,9.5153E2,5.738791E2,2.156159E3,2.5850408E0,1.7554778E2,2.1150334E0,1.3630215E2,2.3312369E2,3.3159024E2,1.4100223E0,2.2325352E1,9.6821526E1,4.1360653E1,2.3923378E2,1.645026E0,4.0185635E1,1.1726685E2,2.8200445E0,9.4870996E2,2.8247446E2,2.914046E2,1.3536214E2,2.0207969E3,1.1750185E0,1.4100223E0,1.7343274E2,2.1150334E0,6.9796104E1,6.650605E1,2.281886E2,4.9350777E0,3.292402E2,2.350037E0,9.165145E0,1.3160208E1,9.212145E1,4.700074E0,3.8070602E1,3.290052E0,1.0857172E2,1.3066206E2,6.580104E0,3.360553E1,1.02226616E2,1.5040237E1,1.645026E0,1.1750185E0,9.378998E2,1.0810171E1,1.1891188E2,1.6356258E2,1.1750185E0,2.9022958E2,6.650605E1,6.885609E1,1.839844E3,1.8095285E2],"tree_param":{"num_deleted":"0","num_feature":"23","num_nodes":"77","size_leaf_vector":"0"}}]},"name":"gbtree"},"learner_model_param":{"base_score":"5E-1","num_class":"0","num_feature":"23","num_target":"1"},"objective":{"name":"reg:squarederror","reg_loss_param":{"scale_pos_weight":"1"}}},"version":[1,6,2]}