{"learner":{"attributes":{"best_ntree_limit":"7"},"feature_names":[],"feature_types":["c","c","c"],"gradient_booster":{"model":{"gbtree_model_param":{"num_parallel_tree":"1","num_trees":"7","size_leaf_vector":"0"},"tree_info":[0,0,0,0,0,0,0],"trees":[{"base_weights":[-1.7072988E0,-1.6968817E0,-2.3457277E0,-1.7220552E0,-1.5688509E0,-7.2987E-1,-4.7331572E-1,-5.473789E-1,-1.6441228E0,-4.431906E-1,-4.8813692E-1,-4.615917E-1,-1.708608E0,-1.8362675E0,-5.03174E-1,-5.614723E-1,-4.4533375E-1],"categories":[3,2,2,1,1,1,1,1],"categories_nodes":[0,1,2,3,4,8,12,13],"categories_segments":[0,1,2,3,4,5,6,7],"categories_sizes":[1,1,1,1,1,1,1,1],"default_left":[0,0,0,0,0,0,0,0,0,0,0,0,0,0,0,0,0],"id":0,"left_children":[1,3,5,7,9,-1,-1,-1,11,-1,-1,-1,13,15,-1,-1,-1],"loss_changes":[3.3535156E1,1.5199219E1,2.0498657E0,3.4009766E1,2.5246582E0,0E0,0E0,0E0,1.5338867E1,0E0,0E0,0E0,3.4472656E0,1.0844727E0,0E0,0E0,0E0],"parents":[2147483647,0,0,1,1,2,2,3,3,4,4,8,8,12,12,13,13],"right_children":[2,4,6,8,10,-1,-1,-1,12,-1,-1,-1,14,16,-1,-1,-1],"split_conditions":[NaN,NaN,NaN,NaN,NaN,-7.2987E-1,-4.7331572E-1,-5.473789E-1,NaN,-4.431906E-1,-4.8813692E-1,-4.615917E-1,NaN,NaN,-5.03174E-1,-5.614723E-1,-4.4533375E-1],"split_indices":[1,1,2,1,0,0,0,0,0,0,0,0,2,1,0,0,0],"split_type":[1,1,1,1,1,0,0,0,1,0,0,0,1,1,0,0,0],"sum_hessian":[5.640089E3,5.5531377E3,8.695137E1,4.6302783E3,9.2285956E2,7.6141205E1,1.0810171E1,1.9897764E3,2.6405017E3,3.6919083E2,5.5366876E2,1.01122095E3,1.6292808E3,3.0996988E2,1.3193108E3,2.7777438E2,3.2195507E1],"tree_param":{"num_deleted":"0","num_feature":"3","num_nodes":"17","size_leaf_vector":"0"}},{"base_weights":[-1.068766E0,-1.0596517E0,-1.6351585E0,-3.101236E-1,-1.0989845E0,-1.702653E0,-3.194167E-1,-1.1725916E0,-9.9738586E-1,-5.752335E-1,-4.477511E-1,-3.530992E-1,-2.9273883E-1,-2.736547E-1,-1.0525578E0,-1.0400158E0,-3.7305772E-1,-2.9312813E-1,-3.4417439E-1],"categories":[3,1,2,2,3,2,1,2,1],"categories_nodes":[0,1,2,4,5,7,8,14,15],"categories_segments":[0,1,2,3,4,5,6,7,8],"categories_sizes":[1,1,1,1,1,1,1,1,1],"default_left":[0,0,0,0,0,0,0,0,0,0,0,0,0,0,0,0,0,0,0],"id":1,"left_children":[1,3,5,-1,7,9,-1,11,13,-1,-1,-1,-1,-1,15,17,-1,-1,-1],"loss_changes":[2.9148926E1,4.866211E0,1.7639008E0,0E0,1.6204346E1,8.1251526E-1,0E0,1.46484375E-2,3.6594849E0,0E0,0E0,0E0,0E0,0E0,1.1975098E-1,2.6556396E0,0E0,0E0,0E0],"parents":[2147483647,0,0,1,1,2,2,4,4,5,5,7,7,8,8,14,14,15,15],"right_children":[2,4,6,-1,8,10,-1,12,14,-1,-1,-1,-1,-1,16,18,-1,-1,-1],"split_conditions":[NaN,NaN,NaN,-3.101236E-1,NaN,NaN,-3.194167E-1,NaN,NaN,-5.752335E-1,-4.477511E-1,-3.530992E-1,-2.9273883E-1,-2.736547E-1,NaN,NaN,-3.7305772E-1,-2.9312813E-1,-3.4417439E-1],"split_indices":[1,0,2,0,1,1,0,2,0,0,0,0,0,0,2,0,0,0,0],"split_type":[1,1,1,0,1,1,0,1,1,0,0,0,0,0,1,1,0,0,0],"sum_hessian":[5.98124E3,5.8893413E3,9.189906E1,3.5671313E3,2.3222097E3,8.040111E1,1.1497953E1,1.3404943E3,9.8171545E2,3.5743637E1,4.465747E1,1.3062698E3,3.4224426E1,3.9273618E2,5.889793E2,5.5873035E2,3.0248936E1,3.584874E2,2.0024295E2],"tree_param":{"num_deleted":"0","num_feature":"3","num_nodes":"19","size_leaf_vector":"0"}},{"base_weights":[-7.4879885E-1,-7.394394E-1,-1.342663E0,-2.1125509E-1,-7.9189014E-1,-1.4140688E0,-2.3637089E-1,-8.880901E-1,-6.590267E-1,-4.9264368E-1,-3.5453224E-1,-8.9248854E-1,-2.1039556E-1,-1.7199858E-1,-7.150982E-1,-2.955404E-1,-2.5005883E-1,-7.0266473E-1,-2.7431032E-1,-1.8867719E-1,-2.490434E-1],"categories":[3,1,2,2,3,2,1,1,2,1],"categories_nodes":[0,1,2,4,5,7,8,11,14,17],"categories_segments":[0,1,2,3,4,5,6,7,8,9],"categories_sizes":[1,1,1,1,1,1,1,1,1,1],"default_left":[0,0,0,0,0,0,0,0,0,0,0,0,0,0,0,0,0,0,0,0,0],"id":2,"left_children":[1,3,5,-1,7,9,-1,11,13,-1,-1,15,-1,-1,17,-1,-1,19,-1,-1,-1],"loss_changes":[3.0856445E1,9.878174E0,2.3591614E0,0E0,2.8307007E1,2.1083527E0,0E0,4.4885254E-1,4.1704407E0,0E0,0E0,6.140625E0,0E0,0E0,7.7508545E-1,0E0,0E0,4.5812073E0,0E0,0E0,0E0],"parents":[2147483647,0,0,1,1,2,2,4,4,5,5,7,7,8,8,11,11,14,14,17,17],"right_children":[2,4,6,-1,8,10,-1,12,14,-1,-1,16,-1,-1,18,-1,-1,20,-1,-1,-1],"split_conditions":[NaN,NaN,NaN,-2.1125509E-1,NaN,NaN,-2.3637089E-1,NaN,NaN,-4.9264368E-1,-3.5453224E-1,NaN,-2.1039556E-1,-1.7199858E-1,NaN,-2.955404E-1,-2.5005883E-1,NaN,-2.7431032E-1,-1.8867719E-1,-2.490434E-1],"split_indices":[1,0,2,0,1,1,0,2,0,0,0,0,0,0,2,0,0,0,0,0,0],"split_type":[1,1,1,0,1,1,0,1,1,0,0,1,0,0,1,0,0,1,0,0,0],"sum_hessian":[5.729098E3,5.6424175E3,8.668079E1,3.3829338E3,2.2594836E3,7.542368E1,1.1257111E1,1.3072693E3,9.5221423E2,3.499493E1,4.0428753E1,1.2735001E3,3.3769238E1,3.8105103E2,5.711632E2,4.8915387E2,7.8434625E2,5.418788E2,2.9284449E1,3.47057E2,1.9482175E2],"tree_param":{"num_deleted":"0","num_feature":"3","num_nodes":"21","size_leaf_vector":"0"}},{"base_weights":[-5.3078693E-1,-5.2096754E-1,-1.1679883E0,-1.4196111E-1,-5.9005576E-1,-1.2469422E0,-1.8037447E-1,-7.056735E-1,-4.2805186E-1,-4.454031E-1,-2.957389E-1,-7.102763E-1,-1.5536258E-1,-3.673236E-1,-1.5711637E-1,-2.5173473E-1,-1.8786821E-1,-1.0536595E-1,-2.3607475E-1],"categories":[3,1,2,2,3,2,1,1,1],"categories_nodes":[0,1,2,4,5,7,8,11,13],"categories_segments":[0,1,2,3,4,5,6,7,8],"categories_sizes":[1,1,1,1,1,1,1,1,1],"default_left":[0,0,0,0,0,0,0,0,0,0,0,0,0,0,0,0,0,0,0],"id":3,"left_children":[1,3,5,-1,7,9,-1,11,13,-1,-1,15,-1,17,-1,-1,-1,-1,-1],"loss_changes":[3.2766357E1,1.7061523E1,2.8365326E0,0E0,3.9854675E1,2.8459396E0,0E0,7.122803E-1,5.0097046E0,0E0,0E0,1.2652588E1,0E0,3.447197E0,0E0,0E0,0E0,0E0,0E0],"parents":[2147483647,0,0,1,1,2,2,4,4,5,5,7,7,8,8,11,11,13,13],"right_children":[2,4,6,-1,8,10,-1,12,14,-1,-1,16,-1,18,-1,-1,-1,-1,-1],"split_conditions":[NaN,NaN,NaN,-1.4196111E-1,NaN,NaN,-1.8037447E-1,NaN,NaN,-4.454031E-1,-2.957389E-1,NaN,-1.5536258E-1,NaN,-1.5711637E-1,-2.5173473E-1,-1.8786821E-1,-1.0536595E-1,-2.3607475E-1],"split_indices":[1,0,2,0,1,1,0,2,2,0,0,0,0,0,0,0,0,0,0],"split_type":[1,1,1,0,1,1,0,1,1,0,0,1,0,1,0,0,0,0,0],"sum_hessian":[5.3330566E3,5.2539106E3,7.9146286E1,3.1109895E3,2.1429211E3,6.841503E1,1.0731259E1,1.2485261E3,8.9439496E2,3.3360218E1,3.505481E1,1.2159421E3,3.2584003E1,5.500671E2,3.443279E2,4.765108E2,7.3943134E2,5.315051E2,1.8561934E1],"tree_param":{"num_deleted":"0","num_feature":"3","num_nodes":"19","size_leaf_vector":"0"}},{"base_weights":[-3.6865667E-1,-3.584599E-1,-1.0479921E0,-8.793365E-2,-4.4988692E-1,-1.1356751E0,-1.3881774E-1,-5.656971E-1,-2.8766227E-1,-4.154396E-1,-2.5104076E-1,-5.7027745E-1,-1.1537337E-1,-2.2280616E-1,-1.169189E-1,-2.1477678E-1,-1.4193119E-1,-6.244973E-2,-1.8586716E-1],"categories":[3,1,2,2,3,2,1,1,1],"categories_nodes":[0,1,2,4,5,7,8,11,13],"categories_segments":[0,1,2,3,4,5,6,7,8],"categories_sizes":[1,1,1,1,1,1,1,1,1],"default_left":[0,0,0,0,0,0,0,0,0,0,0,0,0,0,0,0,0,0,0],"id":4,"left_children":[1,3,5,-1,7,9,-1,11,13,-1,-1,15,-1,17,-1,-1,-1,-1,-1],"loss_changes":[3.3943726E1,2.9039856E1,3.2076569E0,0E0,3.803839E1,3.5006332E0,0E0,7.640381E-1,5.5332184E0,0E0,0E0,1.5994476E1,0E0,2.8999767E0,0E0,0E0,0E0,0E0,0E0],"parents":[2147483647,0,0,1,1,2,2,4,4,5,5,7,7,8,8,11,11,13,13],"right_children":[2,4,6,-1,8,10,-1,12,14,-1,-1,16,-1,18,-1,-1,-1,-1,-1],"split_conditions":[NaN,NaN,NaN,-8.793365E-2,NaN,NaN,-1.3881774E-1,NaN,NaN,-4.154396E-1,-2.5104076E-1,NaN,-1.1537337E-1,NaN,-1.169189E-1,-2.1477678E-1,-1.4193119E-1,-6.244973E-2,-1.8586716E-1],"split_indices":[1,0,2,0,1,1,0,2,2,0,0,0,0,0,0,0,0,0,0],"split_type":[1,1,1,0,1,1,0,1,1,0,0,1,0,1,0,0,0,0,0],"sum_hessian":[4.9534165E3,4.881671E3,7.174575E1,2.849318E3,2.0323527E3,6.1579624E1,1.0166127E1,1.1843633E3,8.479894E2,3.1603394E1,2.997623E1,1.1530549E3,3.1308378E1,5.2045966E2,3.2752972E2,4.5889233E2,6.941626E2,5.034082E2,1.705145E1],"tree_param":{"num_deleted":"0","num_feature":"3","num_nodes":"19","size_leaf_vector":"0"}},{"base_weights":[-2.388671E-1,-2.28348E-1,-9.589238E-1,-4.297444E-2,-3.4347352E-1,-1.0554323E0,-1.06709264E-1,-4.6055588E-1,-1.7979993E-1,-3.952869E-1,-2.132072E-1,-4.6512333E-1,-8.541837E-2,-1.1091059E-1,-8.642618E-2,-1.8792823E-1,-1.065676E-1,-2.9282352E-2,-1.4630704E-1],