{"learner":{"attributes":{"best_ntree_limit":"6"},"feature_names":[],"feature_types":["q","q","q","q","q","q","q","q","q","q","q","q","q","q","c","c","c","c","c","c"],"gradient_booster":{"model":{"gbtree_model_param":{"num_parallel_tree":"1","num_trees":"1","size_leaf_vector":"0"},"tree_info":[0],"trees":[{"base_weights":[-1.3778692E0,-7.717494E-1,-1.661517E0,-1.502448E0,-1.4308468E-1,4.9550217E1,-1.7001402E0,-5.018253E-1,-1.2218874E0,2.7443486E-1,-7.904425E-1,2.5293852E1,-3.801901E-1,-1.4882488E0,-1.7857485E0,-9.8248875E-1,-1.5224942E0,3.1430897E-1,-6.5339094E-1,-4.7039762E-1,-9.71855E-1,-1.1171141E0,-1.5486628E0,-1.6207685E0,-1.8290362E0,2.7432406E-1,-1.0021669E0,-2.0052923E1,-1.1186029E0,5.05521E-1,1.7897679E-1,-1.7309507E0,-2.5231487E-1,-2.8482738E-1,-8.9103436E-1,-9.134294E-1,-1.9113914E0,-6.5840816E-1,-1.2687308E0,-5.065511E0,-1.532163E0,-1.4963456E0,-1.7369124E0,-1.5916705E0,-1.8442943E0,2.3059694E-1,-8.024224E-2,-3.0485243E-1,3.2967515E-2,-9.907685E0,-1.3587528E-1,-2.430472E-1,-4.2861363E-1,1.602872E-1,-2.1385632E-1,6.084274E-2,-7.074625E-1,-3.059681E-1,9.410562E-2,-6.514955E-2,-4.154468E-1,-2.9793817E-1,7.597366E-2,-2.2043087E-1,-3.1693864E-1,5.1497262E-2,-2.4634577E-1,-4.0836164E-1,-1.8086305E-1,-2.1561514E-1,-2.8233383E0,-4.6374923E-1,-9.656512E-2,-3.9431414E-1,-4.8645988E-1,-1.3717881E-2,-5.2308404E-1,-5.509143E-1,-4.0103233E-1,-5.587078E-1,-4.959495E-1],"categories":[1,2,3,3,7,1,2,1,1,2,1,2,0,1,2,4,5,6,7,9,0,1,2,3,4,1,2],"categories_nodes":[0,3,4,8,9,10,13,17,28,35],"categories_segments":[0,2,3,5,7,8,10,12,20,25],"categories_sizes":[2,1,2,2,1,2,2,8,5,2],"default_left":[0,1,1,0,0,1,0,0,0,0,0,0,0,0,1,0,1,0,1,0,0,0,1,0,1,1,1,1,0,1,0,0,0,1,1,0,0,0,1,0,0,0,0,1,0,0,0,0,0,0,0,0,0,0,0,0,0,0,0,0,0,0,0,0,0,0,0,0,0,0,0,0,0,0,0,0,0,0,0,0,0],"id":0,"left_children":[1,3,5,7,9,11,13,-1,15,17,19,-1,-1,21,23,25,27,29,31,33,35,37,39,41,43,45,47,49,51,53,55,-1,57,59,61,63,-1,65,67,69,71,73,75,77,79,-1,-1,-1,-1,-1,-1,-1,-1,-1,-1,-1,-1,-1,-1,-1,-1,-1,-1,-1,-1,-1,-1,-1,-1,-1,-1,-1,-1,-1,-1,-1,-1,-1,-1,-1,-1],"loss_changes":[1.2003105E3,1.0241233E3,9.499681E3,4.7225098E1,3.2448953E2,6.5026904E3,8.3643555E1,0E0,2.6801147E1,2.7215889E1,2.6869202E1,0E0,0E0,2.9100586E1,2.1199219E1,5.758087E0,1.2685986E3,1.804113E1,6.09442E1,1.3188343E1,8.864621E1,1.2801773E1,6.0707764E1,7.6905518E0,6.7441406E0,1.3312423E0,3.5154266E0,9.0561475E2,1.509169E1,1.0540421E1,2.5381023E1,0E0,1.3024735E1,8.70223E0,6.355011E0,6.8238373E0,0E0,7.002104E0,8.187347E0,8.9126205E1,1.8953125E1,5.8640137E0,4.0233154E0,8.068817E0,5.5683594E0,0E0,0E0,0E0,0E0,0E0,0E0,0E0,0E0,0E0,0E0,0E0,0E0,0E0,0E0,0E0,0E0,0E0,0E0,0E0,0E0,0E0,0E0,0E0,0E0,0E0,0E0,0E0,0E0,0E0,0E0,0E0,0E0,0E0,0E0,0E0,0E0],"parents":[2147483647,0,0,1,1,2,2,3,3,4,4,5,5,6,6,8,8,9,9,10,10,13,13,14,14,15,15,16,16,17,17,18,18,19,19,20,20,21,21,22,22,23,23,24,24,25,25,26,26,27,27,28,28,29,29,30,30,32,32,33,33,34,34,35,35,37,37,38,38,39,39,40,40,41,41,42,42,43,43,44,44],"right_children":[2,4,6,8,10,12,14,-1,16,18,20,-1,-1,22,24,26,28,30,32,34,36,38,40,42,44,46,48,50,52,54,56,-1,58,60,62,64,-1,66,68,70,72,74,76,78,80,-1,-1,-1,-1,-1,-1,-1,-1,-1,-1,-1,-1,-1,-1,-1,-1,-1,-1,-1,-1,-1,-1,-1,-1,-1,-1,-1,-1,-1,-1,-1,-1,-1,-1,-1,-1],"split_conditions":[NaN,1.07E2,8.8E2,NaN,NaN,5.1E5,8E4,-5.018253E-1,NaN,NaN,NaN,2.5293852E1,-3.801901E-1,NaN,1.004E3,2E2,3.6E1,NaN,9.51E2,8.1488E4,3E5,1.7005E4,1.599E3,8.608E3,4.31E2,4.45E2,3.816E3,5.697E4,NaN,1.2608E4,5.6E1,-1.7309507E0,2.3788E4,6E3,1.1E4,NaN,-1.9113914E0,7.156E3,1.161E3,2.07E2,6.5758E4,1.9E5,2.5E1,3.9E2,2.20389E5,2.3059694E-1,-8.024224E-2,-3.0485243E-1,3.2967515E-2,-9.907685E0,-1.3587528E-1,-2.430472E-1,-4.2861363E-1,1.602872E-1,-2.1385632E-1,6.084274E-2,-7.074625E-1,-3.059681E-1,9.410562E-2,-6.514955E-2,-4.154468E-1,-2.9793817E-1,7.597366E-2,-2.2043087E-1,-3.1693864E-1,5.1497262E-2,-2.4634577E-1,-4.0836164E-1,-1.8086305E-1,-2.1561514E-1,-2.8233383E0,-4.6374923E-1,-9.656512E-2,-3.9431414E-1,-4.8645988E-1,-1.3717881E-2,-5.2308404E-1,-5.509143E-1,-4.0103233E-1,-5.587078E-1,-4.959495E-1],"split_indices":[14,2,2,14,14,0,0,0,17,16,19,0,0,18,10,3,1,18,2,2,0,2,3,2,9,5,4,13,19,10,1,0,11,9,10,16,0,4,11,8,8,0,9,4,2,0,0,0,0,0,0,0,0,0,0,0,0,0,0,0,0,0,0,0,0,0,0,0,0,0,0,0,0,0,0,0,0,0,0,0,0],"split_type":[1,0,0,1,1,0,0,0,1,1,1,0,0,1,0,0,0,1,0,0,0,0,0,0,0,0,0,0,1,0,0,0,0,0,0,1,0,0,0,0,0,0,0,0,0,0,0,0,0,0,0,0,0,0,0,0,0,0,0,0,0,0,0,0,0,0,0,0,0,0,0,0,0,0,0,0,0,0,0,0,0],"sum_hessian":[6.98807E3,2.228903E3,4.759167E3,1.030158E3,1.1987451E3,2.6205263E0,4.7565464E3,6.379526E2,3.9220544E2,7.290886E2,4.6965652E2,1.1646783E0,1.455848E0,1.3740293E3,3.382517E3,2.2070654E2,1.7149889E2,6.996805E2,2.9408129E1,1.7120772E2,2.9844882E2,1.9508362E2,1.1789457E3,7.1103613E2,2.671481E3,3.2028654E0,2.1750368E2,2.6205263E0,1.6887836E2,2.8884024E2,4.1084027E2,1.1646783E0,2.824345E1,1.1996187E2,5.1245846E1,2.9641064E2,2.038187E0,4.9789997E1,1.4529362E2,4.076374E0,1.1748693E3,3.4998584E2,3.610503E2,1.6771368E2,2.5037673E3,1.455848E0,1.7470175E0,2.1488315E2,2.6205263E0,1.1646783E0,1.455848E0,8.647736E1,8.240099E1,2.8272568E2,6.114561E0,4.079286E2,2.911696E0,1.1646784E1,1.6596666E1,1.1413847E2,5.823392E0,4.716947E1,4.076374E0,1.3452036E2,1.6189029E2,8.152748E0,4.163725E1,1.2665877E2,1.8634853E1,2.6205263E0,1.455848E0,1.1614755E3,1.3393801E1,1.473318E2,2.0265404E2,1.455848E0,3.5959442E2,8.240099E1,8.531269E1,2.2795667E3,2.2420058E2],"tree_param":{"num_deleted":"0","num_feature":"20","num_nodes":"81","size_leaf_vector":"0"}}]},"name":"gbtree"},"learner_model_param":{"base_score":"5E-1","num_class":"0","num_feature":"20","num_target":"1"},"objective":{"name":"reg:squarederror","reg_loss_param":{"scale_pos_weight":"1"}}},"version":[1,6,2]}