{"learner":{"attributes":{"best_ntree_limit":"7"},"feature_names":[],"feature_types":["q","q","q","q","q","q","q","q","q","q","q","q","q","q","c","c","c","c","c","c"],"gradient_booster":{"model":{"gbtree_model_param":{"num_parallel_tree":"1","num_trees":"2","size_leaf_vector":"0"},"tree_info":[0,0],"trees":[{"base_weights":[-1.3780123E0,-7.7190286E-1,-1.6582936E0,-1.4992708E0,-1.4421974E-1,-1.682641E0,1.3912226E1,-5.0279987E-1,-1.2003683E0,2.6139337E-1,-7.787631E-1,-1.4763275E0,-1.7681891E0,-9.808256E-1,-1.4818518E0,4.984106E-1,7.444674E-2,-4.453119E-1,-9.596427E-1,-1.3647143E0,-1.6224229E0,-1.5829413E0,-1.8236347E0,-1.0054336E0,2.5324553E-1,-1.2653887E0,-5.1956687E0,5.214133E-1,-4.301704E-1,-7.5028534E0,1.3662052E-1,-3.047995E-1,-3.0101338E-1,-1.4999639E0,-9.1917783E-1,-1.1874537E0,-1.5153228E0,-1.4394157E0,-1.7309914E0,-1.628987E0,-1.1651366E0,-1.8419883E0,-1.5086532E0,-3.134236E-2,-3.0595276E-1,-2.0647468E-1,2.1285449E-1,-3.2694116E-1,-4.8637313E-1,3.5098273E-2,1.7494121E-1,1.6221364E-1,-2.5016302E-1,-3.6711926E0,2.092915E-1,4.874306E-2,-1.9757764E-1,-1.08614616E-1,2.1493737E-1,-2.3990095E-1,-3.9355728E-1,-4.9899524E-1,-3.2939702E-1,-4.651443E-1,1.5743284E0,-5.013205E-1,-3.8261548E-1,-5.2397877E-1,-1.7574698E-1,-4.8191974E-1,-5.791654E-1,-3.6197856E-1,1.3817647E-1,-4.607928E-1,-5.5668515E-1,-4.0616912E-1,-5.221882E-1],"categories":[1,2,3,4,3,1,2,0,1,2,5,6,9,1,2,5,2,1,2,0,1,2,3,4,5],"categories_nodes":[0,3,4,8,9,10,19,35,37],"categories_segments":[0,2,4,5,7,13,16,17,19],"categories_sizes":[2,2,1,2,6,3,1,2,6],"default_left":[0,1,0,0,0,1,0,0,0,0,0,0,0,1,0,1,1,0,1,0,1,0,0,0,0,1,0,1,0,1,1,0,0,0,0,0,0,0,0,0,1,1,0,0,0,0,0,0,0,0,0,0,0,0,0,0,0,0,0,0,0,0,0,0,0,0,0,0,0,0,0,0,0,0,0,0,0],"id":0,"left_children":[1,3,5,7,9,11,-1,-1,13,15,17,19,21,23,25,27,29,31,33,35,37,39,41,43,45,47,-1,49,51,53,55,57,-1,-1,59,61,63,65,67,69,71,73,75,-1,-1,-1,-1,-1,-1,-1,-1,-1,-1,-1,-1,-1,-1,-1,-1,-1,-1,-1,-1,-1,-1,-1,-1,-1,-1,-1,-1,-1,-1,-1,-1,-1,-1],"loss_changes":[1.1860312E3,1.0096188E3,5.665991E3,5.210498E1,3.0607022E2,8.169824E1,0E0,0E0,2.2287903E1,3.211929E1,2.7538574E1,2.0715332E1,3.1743164E1,6.8989716E0,5.484729E2,7.055847E0,1.9271492E2,1.2627071E1,4.440799E1,1.9650635E1,9.503662E0,1.3189331E1,1.2183594E1,2.680893E0,2.6690066E0,8.556549E0,0E0,7.733795E0,3.6959472E0,1.3779906E2,8.425308E0,8.046562E0,0E0,0E0,1.2935272E1,1.4082886E1,1.1056323E2,6.6361694E0,5.659912E0,1.6933594E0,6.039612E0,7.3320312E0,2.9579468E0,0E0,0E0,0E0,0E0,0E0,0E0,0E0,0E0,0E0,0E0,0E0,0E0,0E0,0E0,0E0,0E0,0E0,0E0,0E0,0E0,0E0,0E0,0E0,0E0,0E0,0E0,0E0,0E0,0E0,0E0,0E0,0E0,0E0,0E0],"parents":[2147483647,0,0,1,1,2,2,3,3,4,4,5,5,8,8,9,9,10,10,11,11,12,12,13,13,14,14,15,15,16,16,17,17,18,18,19,19,20,20,21,21,22,22,23,23,24,24,25,25,27,27,28,28,29,29,30,30,31,31,34,34,35,35,36,36,37,37,38,38,39,39,40,40,41,41,42,42],"right_children":[2,4,6,8,10,12,-1,-1,14,16,18,20,22,24,26,28,30,32,34,36,38,40,42,44,46,48,-1,50,52,54,56,58,-1,-1,60,62,64,66,68,70,72,74,76,-1,-1,-1,-1,-1,-1,-1,-1,-1,-1,-1,-1,-1,-1,-1,-1,-1,-1,-1,-1,-1,-1,-1,-1,-1,-1,-1,-1,-1,-1,-1,-1,-1,-1],"split_conditions":[NaN,1.07E2,2.588E5,NaN,NaN,1.501E3,1.3912226E1,-5.0279987E-1,NaN,NaN,NaN,1.5E5,8E4,3.82E3,1.7E5,1.1773E4,1.532E3,1.9467E5,2.645E3,NaN,4.52E2,2.84E4,5.08229E5,7.84E2,1.005E3,2.48E2,-5.1956687E0,1.026E3,3.017E3,1.9214E4,1.6271E4,1.39816E5,-3.0101338E-1,-1.4999639E0,1.8E5,NaN,2E4,NaN,1.75407E5,1.0092E4,5.9005E4,7E0,2.3E5,-3.134236E-2,-3.0595276E-1,-2.0647468E-1,2.1285449E-1,-3.2694116E-1,-4.8637313E-1,3.5098273E-2,1.7494121E-1,1.6221364E-1,-2.5016302E-1,-3.6711926E0,2.092915E-1,4.874306E-2,-1.9757764E-1,-1.08614616E-1,2.1493737E-1,-2.3990095E-1,-3.9355728E-1,-4.9899524E-1,-3.2939702E-1,-4.651443E-1,1.5743284E0,-5.013205E-1,-3.8261548E-1,-5.2397877E-1,-1.7574698E-1,-4.8191974E-1,-5.791654E-1,-3.6197856E-1,1.3817647E-1,-4.607928E-1,-5.5668515E-1,-4.0616912E-1,-5.221882E-1],"split_indices":[14,2,6,14,14,9,0,0,17,19,19,0,0,4,0,10,2,2,3,16,10,10,10,8,11,11,0,7,13,3,12,7,0,0,0,14,11,16,5,9,7,11,0,0,0,0,0,0,0,0,0,0,0,0,0,0,0,0,0,0,0,0,0,0,0,0,0,0,0,0,0,0,0,0,0,0,0],"split_type":[1,0,0,1,1,0,0,0,1,1,1,0,0,0,0,0,0,0,0,1,0,0,0,0,0,0,0,0,0,0,0,0,0,0,0,1,0,1,0,0,0,0,0,0,0,0,0,0,0,0,0,0,0,0,0,0,0,0,0,0,0,0,0,0,0,0,0,0,0,0,0,0,0,0,0,0,0],"sum_hessian":[6.98807E3,2.2108506E3,4.777219E3,1.02346106E3,1.1873895E3,4.7757637E3,1.455848E0,6.402819E2,3.8317917E2,7.2472107E2,4.6266846E2,1.4051844E3,3.370579E3,2.1779485E2,1.6538432E2,3.188307E2,4.058904E2,1.6392848E2,2.9874E2,8.024634E2,6.02721E2,7.8324615E2,2.587333E3,2.1371848E2,4.076374E0,1.6421965E2,1.1646783E0,3.1155145E2,7.2792397E0,2.3293567E0,4.0356104E2,1.32191E2,3.1737484E1,1.7470175E0,2.9699298E2,3.7269708E2,4.297663E2,2.297328E2,3.7298825E2,7.0288336E2,8.036281E1,2.4402922E3,1.4704063E2,3.494035E0,2.1022444E2,1.1646783E0,2.911696E0,1.1268263E2,5.1537018E1,4.163725E1,2.699142E2,2.038187E0,5.2410526E0,1.1646783E0,1.1646783E0,3.9162308E2,1.1937953E1,1.2578526E2,6.4057307E0,2.3002397E2,6.6969E1,5.619573E1,3.1650134E2,4.2831046E2,1.455848E0,9.1427246E1,1.3830556E2,3.6745602E2,5.5322223E0,6.597903E2,4.3093098E1,7.861579E1,1.7470175E0,1.0889742E2,2.3313948E3,9.230076E1,5.4739883E1],"tree_param":{"num_deleted":"0","num_feature":"20","num_nodes":"77","size_leaf_vector":"0"}},{"base_weights":[-1.2680434E0,-9.884293E-1,-1.1557445E1,-4.3367147E-1,-1.1892263E0,-3.0656202E0,-3.2194623E2,-8.6296596E-2,-3.9121976E-1,1.754942E1,-1.2196187E0,5.464595E-1,-7.81277E1,-1.9216042E2,-2.0362343E1,2.1803415E-1,-4.1074455E-1,1.879905E1,-3.5698697E-1,-1.1520467E0,-1.2854391E0,-5.2298826E-1,3.9798331E0,-8.932456E1,8.014739E1,2.4401405E0,1.362621E-1,-5.615526E-1,4.5554343E-1,-8.423624E-1,-1.1906004E0,-1.1339136E0,-1.3249711E0,6.0698396E-1,-6.984524E-1,2.584153E-1,2.696793E1,2.2653313E0,8.636323E-2,1.1137442E-1,-7.197541E-3,-1.5194249E-1,-3.120049E-1,3.3997648E0,-2.216549E-1,-4.5678112E-1,-1.9133435E-1,2.1948438E0,-3.6204755E-1,-3.9121705E-1,-3.1986457E-1,-4.1293585E-1,-3.6457396E-1,1.1627069E0,3.5302293E-2,-3.4746213E-3,-2.4518657E-1,7.064985E-1,1.4525009E-3,8.27648E-1,9.917736E0],"categories":[1,2,0,1,2,5,4,3,6,7,8,10,1,2,3,0,3,4,5,6,7,8,9,1,2,4,1,1,2,4],"categories_nodes":[1,2,6,7,19,21,25,26,27,31],"categories_segments":[0,2,6,7,12,14,15,23,26,27],"categories_sizes":[2,4,1,5,2,1,8,3,1,3],"default_left":[0,0,0,0,1,0,0,0,0,1,0,0,0,0,0,0,0,0,0,0,0,0,0,0,0,0,0,0,1,1,1,0,0,0,0,0,0,0,0,0,0,0,0,0,0,0,0,0,0,0,0,0,0,0,0,0,0,0,0,0,0],"id":1,"left_children":[1,3,5,7,9,11,13,15,-1,17,19,21,-1,-1,23,25,27,-1,-1,29,31,33,35,-1,-1,37,39,41,43,45,47,49,51,53,55,57,59,-1,-1,-1,-1,-1,-1,-1,-1,-1,-1,-1,-1,-1,-1,-1,-1,-1,-1,-1,-1,-1,-1,-1,-1],"loss_changes":[1.8379418E4,6.9282227E2,4.4450897E5,5.005015E2,2.6237793E3,1.5401805E5,4.1849534E5,1.1704577E2,0E0,6.3849297E3,1.8813477E1,6.0512146E2,0E0,0E0,3.4593316E5,1.1084407E2,7.519859E1,0E0,0E0,2.5994385E1,1.2291992E1,2.5428123E1,3.339934E3,0E0,0E0,2.3605954E2,2.2271622E1,1.2360672E1,1.1205457E3,3.434282E1,2.8603442E2,4.1777954E0,8.610352E0,2.7510864E1,8.93877E0,1.8426664E1,7.111819E2,0E0,0E0,0E0,0E0,0E0,0E0,0E0,0E0,0E0,0E0,0E0,0E0,0E0,0E0,0E0,0E0,0E0,0E0,0E0,0E0,0E0,0E0,0E0,0E0],"parents":[2147483647,0,0,1,1,2,2,3,3,4,4,5,5,6,6,7,7,9,9,10,10,11,11,14,14,15,15,16,16,19,19,20,20,21,21,22,22,25,25,26,26,27,27,28,28,29,29,30,30,31,31,32,32,33,33,34,34,35,35,36,36],"right_children":[2,4,6,8,10,12,14,16,-1,18,20,22,-1,-1,24,26,28,-1,-1,30,32,34,36,-1,-1,38,40,42,44,46,48,50,52,54,56,58,60,-1,-1,-1,-1,-1,-1,-1,-1,-1,-1,-1,-1,-1,-1,-1,-1,-1,-1,-1,-1,-1,-1,-1,-1],