{"learner":{"attributes":{"best_ntree_limit":"10"},"feature_names":[],"feature_types":["c","c","c"],"gradient_booster":{"model":{"gbtree_model_param":{"num_parallel_tree":"1","num_trees":"10","size_leaf_vector":"0"},"tree_info":[0,0,0,0,0,0,0,0,0,0],"trees":[{"base_weights":[-1.7069442E0,-1.697263E0,-6.9211596E-1,-1.7590227E0,-1.6282846E0,-5.5116105E-1,-1.5888655E0,-4.5902053E-1,-1.6876543E0,-4.5137513E-1,-4.9340582E-1,-1.8014629E0,-4.9769953E-1,-5.527829E-1,-4.1822162E-1],"categories":[3,1,2,1,1,1,1],"categories_nodes":[0,1,3,4,6,8,11],"categories_segments":[0,1,2,3,4,5,6],"categories_sizes":[1,1,1,1,1,1,1],"default_left":[0,0,0,0,0,0,0,0,0,0,0,0,0,0,0],"id":0,"left_children":[1,3,-1,5,7,-1,9,-1,11,-1,-1,13,-1,-1,-1],"loss_changes":[2.8859375E1,2.0800781E1,0E0,3.5907227E1,1.279834E1,0E0,1.8828125E0,0E0,2.3413086E0,0E0,0E0,2.74646E0,0E0,0E0,0E0],"parents":[2147483647,0,0,1,1,3,3,4,4,6,6,8,8,11,11],"right_children":[2,4,-1,6,8,-1,10,-1,12,-1,-1,14,-1,-1,-1],"split_conditions":[NaN,NaN,-6.9211596E-1,NaN,NaN,-5.5116105E-1,NaN,-4.5902053E-1,NaN,-4.5137513E-1,-4.9340582E-1,NaN,-4.9769953E-1,-5.527829E-1,-4.1822162E-1],"split_indices":[1,1,0,1,0,0,0,0,2,0,0,1,0,0,0],"split_type":[1,1,0,1,1,0,1,0,1,0,0,1,0,0,0],"sum_hessian":[5.640089E3,5.5543125E3,8.577635E1,2.917571E3,2.6367417E3,1.9923615E3,9.252096E2,1.0034658E3,1.6332758E3,3.79766E2,5.454436E2,3.1608E2,1.3171958E3,2.838845E2,3.2195507E1],"tree_param":{"num_deleted":"0","num_feature":"3","num_nodes":"15","size_leaf_vector":"0"}},{"base_weights":[-1.0504277E0,-2.909846E-1,-1.1031001E0,-1.3073833E0,-1.0442755E0,-6.205996E-1,-1.108822E0,6.479189E-1,-3.2311603E-1,-3.119803E-1,-4.529647E-1,2.6486528E0,-9.3709576E-1,-2.0785472E-1,-3.213779E-1],"categories":[1,1,1,1,3,2,1],"categories_nodes":[0,2,3,4,6,7,12],"categories_segments":[0,1,2,3,4,5,6],"categories_sizes":[1,1,1,1,1,1,1],"default_left":[0,0,0,0,0,0,0,0,0,0,0,0,0,0,0],"id":1,"left_children":[1,-1,3,5,7,-1,9,11,-1,-1,-1,-1,13,-1,-1],"loss_changes":[2.4282227E1,0E0,4.198584E1,1.19026245E2,1.5633374E2,0E0,1.6076233E1,7.0774365E2,0E0,0E0,0E0,0E0,7.681694E-1,0E0,0E0],"parents":[2147483647,0,0,2,2,3,3,4,4,6,6,7,7,12,12],"right_children":[2,-1,4,6,8,-1,10,12,-1,-1,-1,-1,14,-1,-1],"split_conditions":[NaN,-2.909846E-1,NaN,NaN,NaN,-6.205996E-1,NaN,NaN,-3.2311603E-1,-3.119803E-1,-4.529647E-1,2.6486528E0,NaN,-2.0785472E-1,-3.213779E-1],"split_indices":[0,0,1,0,2,0,1,2,0,0,0,0,0,0,0],"split_type":[1,0,1,1,1,0,1,1,0,0,0,0,1,0,0],"sum_hessian":[5.979655E3,2.373129E3,3.6065256E3,8.015865E2,2.8049392E3,1.6387466E2,6.377118E2,5.2942814E1,2.7519963E3,5.4729865E2,9.0413185E1,7.85089E0,4.5091923E1,1.8172644E1,2.6919281E1],"tree_param":{"num_deleted":"0","num_feature":"3","num_nodes":"15","size_leaf_vector":"0"}},{"base_weights":[-7.5929993E-1,-2.0292477E-1,-8.1359494E-1,-1.0735114E0,-7.426557E-1,-7.118336E-1,-8.117089E-1,6.295626E-1,-2.3719335E-1,-2.2581722E-1,-3.547532E-1,5.356693E-1,-6.391407E-1,-1.20383866E-1,-2.3343027E-1],"categories":[1,1,1,1,3,2,1],"categories_nodes":[0,2,3,4,6,7,12],"categories_segments":[0,1,2,3,4,5,6],"categories_sizes":[1,1,1,1,1,1,1],"default_left":[0,0,0,0,0,0,0,0,0,0,0,0,0,0,0],"id":2,"left_children":[1,-1,3,5,7,-1,9,11,-1,-1,-1,-1,13,-1,-1],"loss_changes":[2.539038E1,0E0,6.3328857E1,2.5096033E2,1.8062854E2,0E0,1.2676697E1,1.3751767E2,0E0,0E0,0E0,0E0,1.1774311E0,0E0,0E0],"parents":[2147483647,0,0,2,2,3,3,4,4,6,6,7,7,12,12],"right_children":[2,-1,4,6,8,-1,10,12,-1,-1,-1,-1,14,-1,-1],"split_conditions":[NaN,-2.0292477E-1,NaN,NaN,NaN,-7.118336E-1,NaN,NaN,-2.3719335E-1,-2.2581722E-1,-3.547532E-1,5.356693E-1,NaN,-1.20383866E-1,-2.3343027E-1],"split_indices":[0,0,1,0,2,0,1,2,0,0,0,0,0,0,0],"split_type":[1,0,1,1,1,0,1,1,0,0,0,0,1,0,0],"sum_hessian":[5.763297E3,2.2864194E3,3.4768774E3,7.424524E2,2.734425E3,1.23162254E2,6.192901E2,9.198669E1,2.6424385E3,5.369115E2,8.237863E1,4.7917973E1,4.4068714E1,1.7684868E1,2.6383846E1],"tree_param":{"num_deleted":"0","num_feature":"3","num_nodes":"15","size_leaf_vector":"0"}},{"base_weights":[-5.608821E-1,-1.4200476E-1,-6.1826384E-1,-9.24278E-1,-5.378211E-1,-8.542021E-1,-6.136944E-1,7.2458667E-1,-1.7871833E-1,-1.6833477E-1,-2.934313E-1,4.2100486E-1,-4.357979E-1,-5.836905E-2,-1.7494312E-1],"categories":[1,1,1,1,3,2,1],"categories_nodes":[0,2,3,4,6,7,12],"categories_segments":[0,1,2,3,4,5,6],"categories_sizes":[1,1,1,1,1,1,1],"default_left":[0,0,0,0,0,0,0,0,0,0,0,0,0,0,0],"id":3,"left_children":[1,-1,3,5,7,-1,9,11,-1,-1,-1,-1,13,-1,-1],"loss_changes":[2.7004395E1,0E0,8.02312E1,4.0513452E2,1.9043689E2,0E0,1.0713211E1,9.0752945E1,0E0,0E0,0E0,0E0,1.4150162E0,0E0,0E0],"parents":[2147483647,0,0,2,2,3,3,4,4,6,6,7,7,12,12],"right_children":[2,-1,4,6,8,-1,10,12,-1,-1,-1,-1,14,-1,-1],"split_conditions":[NaN,-1.4200476E-1,NaN,NaN,NaN,-8.542021E-1,NaN,NaN,-1.7871833E-1,-1.6833477E-1,-2.934313E-1,4.2100486E-1,NaN,-5.836905E-2,-1.7494312E-1],"split_indices":[0,0,1,0,2,0,1,2,0,0,0,0,0,0,0],"split_type":[1,0,1,1,1,0,1,1,0,0,0,0,1,0,0],"sum_hessian":[5.4336377E3,2.155216E3,3.2784214E3,6.8023444E2,2.598187E3,9.344942E1,5.8678503E2,1.1344691E2,2.4847402E3,5.150162E2,7.176887E1,7.144565E1,4.2001263E1,1.6806362E1,2.51949E1],"tree_param":{"num_deleted":"0","num_feature":"3","num_nodes":"15","size_leaf_vector":"0"}},{"base_weights":[-4.121444E-1,-9.5807604E-2,-4.7300863E-1,-8.17808E-1,-3.8476405E-1,-1.0314618E0,-4.673584E-1,8.302651E-1,-1.349685E-1,-1.2636043E-1,-2.4695326E-1,4.0565366E-1,-2.8331646E-1,-1.0640153E-2,-1.3201737E-1],"categories":[1,1,1,1,3,2,1],"categories_nodes":[0,2,3,4,6,7,12],"categories_segments":[0,1,2,3,4,5,6],"categories_sizes":[1,1,1,1,1,1,1],"default_left":[0,0,0,0,0,0,0,0,0,0,0,0,0,0,0],"id":4,"left_children":[1,-1,3,5,7,-1,9,11,-1,-1,-1,-1,13,-1,-1],"loss_changes":[2.8718689E1,0E0,9.355194E1,5.748823E2,1.9490909E2,0E0,8.766235E0,7.327636E1,0E0,0E0,0E0,0E0,1.5713575E0,0E0,0E0],"parents":[2147483647,0,0,2,2,3,3,4,4,6,6,7,7,12,12],"right_children":[2,-1,4,6,8,-1,10,12,-1,-1,-1,-1,14,-1,-1],"split_conditions":[NaN,-9.5807604E-2,NaN,NaN,NaN,-1.0314618E0,NaN,NaN,-1.349685E-1,-1.2636043E-1,-2.4695326E-1,4.0565366E-1,NaN,-1.0640153E-2,-1.3201737E-1],"split_indices":[0,0,1,0,2,0,1,2,0,0,0,0,0,0,0],"split_type":[1,0,1,1,1,0,1,1,0,0,0,0,1,0,0],"sum_hessian":[5.111112E3,2.0271016E3,3.08401E3,6.2676685E2,2.4572432E3,7.289583E1,5.5387103E2,1.2441996E2,2.3328232E3,4.9220563E2,6.1665394E1,8.4569595E1,3.9850365E1,1.5913397E1,2.3936968E1],"tree_param":{"num_deleted":"0","num_feature":"3","num_nodes":"15","size_leaf_vector":"0"}},{"base_weights":[-2.9694846E-1,-5.972988E-2,-3.6117026E-1,-7.3803496E-1,-2.6656905E-1,-1.2274854E0,-3.5480294E-1,9.2806107E-1,-1.01159014E-1,-9.4649024E-2,-2.07707E-1,4.1332558E-1,-1.6517459E-1,2.696716E-2,-9.93033E-2],"categories":[1,1,1,1,3,2,1],"categories_nodes":[0,2,3,4,6,7,12],"categories_segments":[0,1,2,3,4,5,6],"categories_sizes":[1,1,1,1,1,1,1],"default_left":[0,0,0,0,0,0,0,0,0,0,0,0,0,0,0],"id":5,"left_children":[1,-1,3,5,7,-1,9,11,-1,-1,-1,-1,13,-1,-1],"loss_changes":[3.0325897E1,0E0,1.0388031E2,7.5063965E2,1.973316E2,0E0,6.7641373E0,6.443863E1,0E0,0E0,0E0,0E0,1.6777323E0,0E0,0E0],"parents":[2147483647,0,0,2,2,3,3,4,4,6,6,7,7,12,12],"right_children":[2,-1,4,6,8,-1,10,12,-1,-1,-1,-1,14,-1,-1],"split_conditions":[NaN,-5.972988E-2,NaN,NaN,NaN,-1.2274854E0,NaN,NaN,-1.01159014E-1,-9.4649024E-2,-2.07707E-1,4.1332558E-1,NaN,2.696716E-2,-9.93033E-2],"split_indices":[0,0,1,0,2,0,1,2,0,0,0,0,0,0,0],"split_type":[1,0,1,1,1,0,1,1,0,0,0,0,1,0,0],"sum_hessian":[4.8363115E3,1.9180515E3,2.9182603E3,5.841939E2,2.3340662E3,5.892007E1,5.252738E2,1.2961168E2,2.2044546E3,4.7222107E2,5.3052753E1,9.165154E1,3.7960136E1,1.5136837E1,2.2823298E1],"tree_param":{"num_deleted":"0","num_feature":"3","num_nodes":"15",