{"learner":{"attributes":{"best_ntree_limit":"7"},"feature_names":[],"feature_types":["c","c","c"],"gradient_booster":{"model":{"gbtree_model_param":{"num_parallel_tree":"1","num_trees":"7","size_leaf_vector":"0"},"tree_info":[0,0,0,0,0,0,0],"trees":[{"base_weights":[-1.7071215E0,-1.6968414E0,-2.3351953E0,-1.7222679E0,-1.5693002E0,-7.294731E-1,-4.674445E-1,-5.48601E-1,-1.6413445E0,-4.2816117E-1,-4.9843085E-1,-4.6075276E-1,-1.7059598E0,-1.824348E0,-5.0286263E-1,-5.6264436E-1,-4.001469E-1],"categories":[3,2,2,1,1,1,1,1],"categories_nodes":[0,1,2,3,4,8,12,13],"categories_segments":[0,1,2,3,4,5,6,7],"categories_sizes":[1,1,1,1,1,1,1,1],"default_left":[0,0,0,0,0,0,0,0,0,0,0,0,0,0,0,0,0],"id":0,"left_children":[1,3,5,7,9,-1,-1,-1,11,-1,-1,-1,13,15,-1,-1,-1],"loss_changes":[3.2460938E1,1.5308594E1,2.815796E0,3.6782227E1,9.862549E0,0E0,0E0,0E0,1.5337402E1,0E0,0E0,0E0,2.6645508E0,5.3984375E0,0E0,0E0,0E0],"parents":[2147483647,0,0,1,1,2,2,3,3,4,4,8,8,12,12,13,13],"right_children":[2,4,6,8,10,-1,-1,-1,12,-1,-1,-1,14,16,-1,-1,-1],"split_conditions":[NaN,NaN,NaN,NaN,NaN,-7.294731E-1,-4.674445E-1,-5.48601E-1,NaN,-4.2816117E-1,-4.9843085E-1,-4.6075276E-1,NaN,NaN,-5.0286263E-1,-5.6264436E-1,-4.001469E-1],"split_indices":[1,1,2,1,0,0,0,0,0,0,0,0,2,1,0,0,0],"split_type":[1,1,1,1,1,0,0,0,1,0,0,0,1,1,0,0,0],"sum_hessian":[5.640089E3,5.552903E3,8.718638E1,4.619468E3,9.3343475E2,7.5671196E1,1.1515182E1,1.9862513E3,2.6332166E3,3.7365588E2,5.597788E2,1.0095759E3,1.6236406E3,3.1396497E2,1.3096757E3,2.8176944E2,3.2195507E1],"tree_param":{"num_deleted":"0","num_feature":"3","num_nodes":"17","size_leaf_vector":"0"}},{"base_weights":[-1.0690439E0,-2.9398432E-1,-1.1269833E0,-1.5053973E0,-1.0721983E0,-4.806638E-1,-1.0026194E0,-1.0553137E0,-4.8754704E-1,-2.3528863E-1,-1.1254069E0,-2.74387E-1,-1.103579E0,-5.215992E-1,-8.792074E-1,-3.570232E-1,-9.8421496E-1,-1.264219E-1,-3.0594966E-1,-2.5673172E-1,-3.207474E-1],"categories":[1,1,2,3,1,1,1,2,1,1],"categories_nodes":[0,2,3,4,6,7,10,12,14,16],"categories_segments":[0,1,2,3,4,5,6,7,8,9],"categories_sizes":[1,1,1,1,1,1,1,1,1,1],"default_left":[0,0,0,0,0,0,0,0,0,0,0,0,0,0,0,0,0,0,0,0,0],"id":1,"left_children":[1,-1,3,5,7,-1,9,11,-1,-1,13,-1,15,-1,17,-1,19,-1,-1,-1,-1],"loss_changes":[2.977832E1,0E0,7.340039E1,2.0547852E1,2.782837E1,0E0,1.1590424E0,1.9860352E1,0E0,0E0,5.4840775E0,0E0,2.2405273E1,0E0,1.8340797E0,0E0,9.616211E0,0E0,0E0,0E0,0E0],"parents":[2147483647,0,0,2,2,3,3,4,4,6,6,7,7,10,10,12,12,14,14,16,16],"right_children":[2,-1,4,6,8,-1,10,12,-1,-1,14,-1,16,-1,18,-1,20,-1,-1,-1,-1],"split_conditions":[NaN,-2.9398432E-1,NaN,NaN,NaN,-4.806638E-1,NaN,NaN,-4.8754704E-1,-2.3528863E-1,NaN,-2.74387E-1,NaN,-5.215992E-1,NaN,-3.570232E-1,NaN,-1.264219E-1,-3.0594966E-1,-2.5673172E-1,-3.207474E-1],"split_indices":[0,0,2,2,1,0,0,0,0,0,1,0,1,0,0,0,0,0,0,0,0],"split_type":[1,0,1,1,1,0,1,1,0,0,1,0,1,0,1,0,1,0,0,0,0],"sum_hessian":[5.9814795E3,2.3640654E3,3.6174143E3,4.5413162E2,3.1632827E3,3.7897012E2,7.516151E1,3.0723757E3,9.090683E1,2.9714544E1,4.544696E1,7.898796E2,2.282496E3,1.1282192E1,3.416477E1,1.3182468E3,9.6424945E2,8.967598E0,2.5197172E1,3.8824976E2,5.7599963E2],"tree_param":{"num_deleted":"0","num_feature":"3","num_nodes":"21","size_leaf_vector":"0"}},{"base_weights":[-7.143206E-1,-1.8578714E-1,-7.7624047E-1,-1.1242219E0,-7.203473E-1,-3.6310452E-1,-6.407072E-1,-7.043926E-1,-3.759258E-1,-1.3077654E-1,-7.626465E-1,-1.3262764E-1,-7.828911E-1,-3.754306E-1,-5.8660775E-1,-2.5667614E-1,-6.8357974E-1,-4.376468E-2,-2.1985267E-1,-1.6569597E-1,-2.3127474E-1],"categories":[1,1,2,3,1,1,1,2,1,1],"categories_nodes":[0,2,3,4,6,7,10,12,14,16],"categories_segments":[0,1,2,3,4,5,6,7,8,9],"categories_sizes":[1,1,1,1,1,1,1,1,1,1],"default_left":[0,0,0,0,0,0,0,0,0,0,0,0,0,0,0,0,0,0,0,0,0],"id":2,"left_children":[1,-1,3,5,7,-1,9,11,-1,-1,13,-1,15,-1,17,-1,19,-1,-1,-1,-1],"loss_changes":[3.295166E1,0E0,6.602344E1,1.8953491E1,2.4305664E1,0E0,1.5093021E0,5.894458E1,0E0,0E0,3.12883E0,0E0,1.540625E1,0E0,2.1416512E0,0E0,1.0362762E1,0E0,0E0,0E0,0E0],"parents":[2147483647,0,0,2,2,3,3,4,4,6,6,7,7,10,10,12,12,14,14,16,16],"right_children":[2,-1,4,6,8,-1,10,12,-1,-1,14,-1,16,-1,18,-1,20,-1,-1,-1,-1],"split_conditions":[NaN,-1.8578714E-1,NaN,NaN,NaN,-3.6310452E-1,NaN,NaN,-3.759258E-1,-1.3077654E-1,NaN,-1.3262764E-1,NaN,-3.754306E-1,NaN,-2.5667614E-1,NaN,-4.376468E-2,-2.1985267E-1,-1.6569597E-1,-2.3127474E-1],"split_indices":[0,0,2,2,1,0,0,0,0,0,1,0,1,0,0,0,0,0,0,0,0],"split_type":[1,0,1,1,1,0,1,1,0,0,1,0,1,0,1,0,1,0,0,0,0],"sum_hessian":[5.680687E3,2.2454844E3,3.435203E3,4.727608E2,2.9624421E3,4.000062E2,7.275463E1,2.878556E3,8.3886154E1,2.8860718E1,4.389391E1,6.645646E2,2.2139912E3,1.0005051E1,3.388886E1,1.2738884E3,9.4010284E2,8.940703E0,2.4948156E1,3.7852728E2,5.6157556E2],"tree_param":{"num_deleted":"0","num_feature":"3","num_nodes":"21","size_leaf_vector":"0"}},{"base_weights":[-4.7188517E-1,-1.1017971E-1,-5.400966E-1,-8.9808595E-1,-4.7754398E-1,-2.94401E-1,-4.0162453E-1,-7.066051E-2,-5.038164E-1,-5.895717E-2,-5.298297E-1,2.1541497E-1,-3.1023392E-1,-2.7787402E-1,-1.3801105E-1,-2.4517639E-1,-2.9776585E-1,3.4888387E-1,-1.7528194E-1],"categories":[1,1,2,1,1,3,1,2,1],"categories_nodes":[0,2,3,4,6,7,8,10,16],"categories_segments":[0,1,2,3,4,5,6,7,8],"categories_sizes":[1,1,1,1,1,1,1,1,1],"default_left":[0,0,0,0,0,0,0,0,0,0,0,0,0,0,0,0,0,0,0],"id":3,"left_children":[1,-1,3,5,7,-1,9,11,13,-1,15,-1,-1,-1,-1,-1,17,-1,-1],"loss_changes":[3.696472E1,0E0,7.011444E1,1.8925385E1,2.8653564E1,0E0,1.705493E0,1.2532112E2,4.6193787E1,0E0,2.5420074E0,0E0,0E0,0E0,0E0,0E0,1.1007225E1,0E0,0E0],"parents":[2147483647,0,0,2,2,3,3,4,4,6,6,7,7,8,8,10,10,16,16],"right_children":[2,-1,4,6,8,-1,10,12,14,-1,16,-1,-1,-1,-1,-1,18,-1,-1],"split_conditions":[NaN,-1.1017971E-1,NaN,NaN,NaN,-2.94401E-1,NaN,NaN,NaN,-5.895717E-2,NaN,2.1541497E-1,-3.1023392E-1,-2.7787402E-1,-1.3801105E-1,-2.4517639E-1,NaN,3.4888387E-1,-1.7528194E-1],"split_indices":[0,0,2,2,1,0,0,1,2,0,1,0,0,0,0,0,0,0,0],"split_type":[1,0,1,1,1,0,1,1,1,0,1,0,0,0,0,0,1,0,0],"sum_hessian":[5.2066562E3,2.0574373E3,3.1492192E3,4.6643683E2,2.6827822E3,3.9861688E2,6.781993E1,1.6294397E2,2.5198384E3,2.7061014E1,4.075892E1,8.97372E1,7.320678E1,2.3473325E2,2.2851052E3,1.7081179E1,2.367774E1,3.381032E0,2.029671E1],"tree_param":{"num_deleted":"0","num_feature":"3","num_nodes":"19","size_leaf_vector":"0"}},{"base_weights":[-4.105151E-1,-3.5188526E-1,-6.577301E-1,-8.46263E-2,-4.6515295E-1,-6.7237103E-1,-6.659893E-2,-4.467391E-1,-2.6405424E-1,-5.916365E-1,-4.3082902E-1,-5.6258583E-1,-1.2619476E-1,-4.4153877E-2,-2.1849172E-1,-1.837452E-1,-1.6862363E-1,-2.9003056E-2,-6.243107E-2],"categories":[2,1,2,3,1,1,2,1,1],"categories_nodes":[0,1,2,4,5,7,10,11,16],"categories_segments":[0,1,2,3,4,5,6,7,8],"categories_sizes":[1,1,1,1,1,1,1,1,1],"default_left":[0,0,0,0,0,0,0,0,0,0,0,0,0,0,0,0,0,0,0],"id":4,"left_children":[1,3,5,-1,7,9,-1,11,-1,-1,13,15,-1,-1,-1,-1,17,-1,-1],"loss_changes":[7.248218E1,3.1944275E1,5.978607E0,0E0,1.1416809E1,2.9075186E2,0E0,4.2417603E0,0E0,0E0,6.609245E1,5.192581E0,0E0,0E0,0E0,0E0,6.982541E-2,0E0,0E0],"parents":[2147483647,0,0,1,1,2,2,4,4,5,5,7,7,10,10,11,11,16,16],"right_children":[2,4,6,-1,8,10,-1,12,-1,-1,14,16,-1,-1,-1,-1,18,-1,-1],"split_conditions":[NaN,NaN,NaN,-8.46263E-2,NaN,NaN,-6.659893E-2,NaN,-2.6405424E-1,-5.916365E-1,NaN,NaN,-1.2619476E-1,-4.4153877E-2,-2.1849172E-1,-1.837452E-1,NaN,-2.9003056E-2,-6.243107E-2],"split_indices":[1,0,2,0,1,0,0,2,0,0,1,1,0,0,0,0,0,0,0],"split_type":[1,1,1,0,1,1,0,1,0,0,1,1,0,0,0,0,1,0,0],"sum_hessian":[5.0157515E3,4.0562007E3,9.595507E2,2.511846E3,1.5443549E3,9.2783185E2,3.171889E1,1.4807344E3,6.36205E1,1.4428137E2,7.835505E2,2.6839944E2,1.2123348E3,4.018622E2,3.8168823E2,2.3773401E2,3.0665432E1,1.2087105E1,1.8578327E1],"tree_param":{"num_deleted":"0","num_feature":"3","num_nodes":"19",