{"learner":{"attributes":{"best_ntree_limit":"6"},"feature_names":[],"feature_types":["q","q","q","q","q","q","q","q","q","q","q","q","q","q","c","c","c","c","c","c"],"gradient_booster":{"model":{"gbtree_model_param":{"num_parallel_tree":"1","num_trees":"1","size_leaf_vector":"0"},"tree_info":[0],"trees":[{"base_weights":[-1.3777262E0,-7.7453935E-1,-1.659621E0,-1.4906982E0,-1.5407103E-1,5.452187E1,-1.7020085E0,-1.198817E0,-5.0202763E-1,2.4361002E-1,-7.577763E-1,-3.801901E-1,2.7788448E1,-1.4687012E0,-1.7791481E0,-9.461239E-1,-1.4770371E0,4.7070888E-1,7.419708E-2,-5.761835E-1,-7.07604E-1,-1.306843E0,-1.5623999E0,-1.6672183E0,-1.8534107E0,-9.614092E-1,3.0646315E-1,-7.2223744E0,-1.0900646E0,4.4433057E-2,5.3559196E-1,-5.9665728E0,1.2715934E-1,2.7038884E0,-7.522442E-1,-1.2031952E0,-1.647827E0,-1.4632927E0,-1.7048824E0,-1.2908112E0,-1.7023125E0,-1.8709873E0,-1.4763963E0,-1.3717881E-2,-2.9026648E-1,2.092915E-1,-6.788594E-2,-1.0046274E1,-3.5465086E-1,-4.2425868E-1,-2.3988737E-1,5.2299663E-2,-2.7861014E-1,1.6862981E-1,-1.2926887E-1,-3.116838E0,1.0843953E-1,-1.8736087E-1,4.5184053E-2,-1.2998253E-1,-2.7843127E-1,-3.7703994E-1,-2.836465E-1,-1.3275427E-1,-5.026908E-1,-3.9707774E-1,-4.6527508E-1,-3.0656713E-1,-5.18023E-1,-5.14298E-1,-3.0049968E-1,6.958546E-1,-5.136462E-1,-5.1913893E-1,-5.770588E-1,-3.5272565E-2,-4.5104054E-1],"categories":[1,2,3,8,10,1,2,0,1,2,5,9,1,3,4,5,6,7,9,1,2,1,2],"categories_nodes":[0,4,7,9,10,23,34],"categories_segments":[0,2,5,7,12,19,21],"categories_sizes":[2,3,2,5,7,2,2],"default_left":[0,1,1,0,0,0,1,0,0,0,0,0,0,1,0,1,1,1,1,0,1,1,0,0,1,0,0,1,0,1,1,1,0,0,0,0,0,0,0,1,1,1,1,0,0,0,0,0,0,0,0,0,0,0,0,0,0,0,0,0,0,0,0,0,0,0,0,0,0,0,0,0,0,0,0,0,0],"id":0,"left_children":[1,3,5,7,9,11,13,15,-1,17,19,-1,-1,21,23,25,27,29,31,-1,33,35,37,39,41,43,45,47,49,51,53,55,57,-1,59,61,63,65,67,69,71,73,75,-1,-1,-1,-1,-1,-1,-1,-1,-1,-1,-1,-1,-1,-1,-1,-1,-1,-1,-1,-1,-1,-1,-1,-1,-1,-1,-1,-1,-1,-1,-1,-1,-1,-1],"loss_changes":[1.1871035E3,9.897307E2,1.1433482E4,5.3145508E1,2.8703363E2,7.814329E3,8.30459E1,2.6840149E1,0E0,2.7706856E1,2.6337921E1,0E0,0E0,1.5981201E1,2.660254E1,4.377823E0,4.131881E2,8.491928E0,1.3326517E2,0E0,2.0494615E2,1.3632629E1,8.061523E0,1.6754883E1,1.1408691E1,1.1427765E0,8.5169876E-1,1.8282092E3,1.5683945E1,5.4412236E0,7.0858E0,1.0508742E2,7.349833E0,0E0,2.5149536E1,3.5436707E0,2.619995E0,3.430603E0,2.723877E0,1.377301E1,5.5791016E1,1.172998E1,3.5017395E0,0E0,0E0,0E0,0E0,0E0,0E0,0E0,0E0,0E0,0E0,0E0,0E0,0E0,0E0,0E0,0E0,0E0,0E0,0E0,0E0,0E0,0E0,0E0,0E0,0E0,0E0,0E0,0E0,0E0,0E0,0E0,0E0,0E0,0E0],"parents":[2147483647,0,0,1,1,2,2,3,3,4,4,5,5,6,6,7,7,9,9,10,10,13,13,14,14,15,15,16,16,17,17,18,18,20,20,21,21,22,22,23,23,24,24,25,25,26,26,27,27,28,28,29,29,30,30,31,31,32,32,34,34,35,35,36,36,37,37,38,38,39,39,40,40,41,41,42,42],"right_children":[2,4,6,8,10,12,14,16,-1,18,20,-1,-1,22,24,26,28,30,32,-1,34,36,38,40,42,44,46,48,50,52,54,56,58,-1,60,62,64,66,68,70,72,74,76,-1,-1,-1,-1,-1,-1,-1,-1,-1,-1,-1,-1,-1,-1,-1,-1,-1,-1,-1,-1,-1,-1,-1,-1,-1,-1,-1,-1,-1,-1,-1,-1,-1,-1],"split_conditions":[NaN,1.05E2,5E4,5.2E5,NaN,-1.2E1,8.27E2,NaN,-5.0202763E-1,NaN,NaN,-3.801901E-1,2.7788448E1,1.243E3,1.5E5,2.021E3,3.6E1,1.035E3,1.544E3,-5.761835E-1,1.79E2,9E2,1.9E5,NaN,2.83744E5,1E2,6.6E2,1.1909E4,3.16208E5,6.26E2,1.2023E4,1.234E4,6.5E2,2.7038884E0,NaN,4.6E1,-5.71E2,1.3123E4,-9E0,1.219E3,3.9E2,6.961E3,4.883E3,-1.3717881E-2,-2.9026648E-1,2.092915E-1,-6.788594E-2,-1.0046274E1,-3.5465086E-1,-4.2425868E-1,-2.3988737E-1,5.2299663E-2,-2.7861014E-1,1.6862981E-1,-1.2926887E-1,-3.116838E0,1.0843953E-1,-1.8736087E-1,4.5184053E-2,-1.2998253E-1,-2.7843127E-1,-3.7703994E-1,-2.836465E-1,-1.3275427E-1,-5.026908E-1,-3.9707774E-1,-4.6527508E-1,-3.0656713E-1,-5.18023E-1,-5.14298E-1,-3.0049968E-1,6.958546E-1,-5.136462E-1,-5.1913893E-1,-5.770588E-1,-3.5272565E-2,-4.5104054E-1],"split_indices":[14,2,0,0,14,2,10,18,0,19,15,0,0,2,0,4,1,7,2,0,4,13,0,16,3,5,3,9,6,6,10,3,8,0,18,1,5,2,3,10,8,2,6,0,0,0,0,0,0,0,0,0,0,0,0,0,0,0,0,0,0,0,0,0,0,0,0,0,0,0,0,0,0,0,0,0,0],"split_type":[1,0,0,0,1,0,0,1,0,1,1,0,0,0,0,0,0,0,0,0,0,0,0,1,0,0,0,0,0,0,0,0,0,0,1,0,0,0,0,0,0,0,0,0,0,0,0,0,0,0,0,0,0,0,0,0,0,0,0,0,0,0,0,0,0,0,0,0,0,0,0,0,0,0,0,0,0],"sum_hessian":[6.98807E3,2.226865E3,4.761205E3,1.0330697E3,1.1937953E3,2.6205263E0,4.7585845E3,4.0064935E2,6.3242035E2,7.200624E2,4.737329E2,1.455848E0,1.1646783E0,1.1873895E3,3.5711948E3,2.1226262E2,1.8838672E2,3.0689273E2,4.1316965E2,1.8052515E1,4.556804E2,4.4083075E2,7.4655884E2,1.433719E3,2.1374758E3,2.0993327E2,2.3293567E0,1.0773274E1,1.7761345E2,4.076374E1,2.66129E2,2.6205263E0,4.105491E2,1.1646783E0,4.5451572E2,3.4154193E2,9.9288826E1,4.469453E2,2.996135E2,1.2549409E2,1.308225E3,2.0384783E3,9.899766E1,1.455848E0,2.0847742E2,1.1646783E0,1.1646783E0,1.1646783E0,9.608596E0,8.2109825E1,9.5503624E1,3.6687366E1,4.076374E0,2.594321E2,6.6969004E0,1.1646783E0,1.455848E0,1.1646784E1,3.9890234E2,1.627638E2,2.9175192E2,2.795228E2,6.2019123E1,2.6205263E0,9.6668304E1,1.7848695E2,2.6845834E2,1.0773274E1,2.8884024E2,4.891649E1,7.65776E1,2.6205263E0,1.3056044E3,5.639955E2,1.4744828E3,2.038187E0,9.695947E1],"tree_param":{"num_deleted":"0","num_feature":"20","num_nodes":"77","size_leaf_vector":"0"}}]},"name":"gbtree"},"learner_model_param":{"base_score":"5E-1","num_class":"0","num_feature":"20","num_target":"1"},"objective":{"name":"reg:squarederror","reg_loss_param":{"scale_pos_weight":"1"}}},"version":[1,6,2]}