{"learner":{"attributes":{"best_ntree_limit":"1"},"feature_names":[],"feature_types":["q","q","q","q","q","q","q","q","q","q","q","q","q","q","c","c","c","c","c","c"],"gradient_booster":{"model":{"gbtree_model_param":{"num_parallel_tree":"1","num_trees":"1","size_leaf_vector":"0"},"tree_info":[0],"trees":[{"base_weights":[-1.7034714E0,-9.776226E-1,-2.0430834E0,-1.853909E0,-2.2347566E-1,1.6890976E1,-2.0893867E0,-6.172752E-1,-1.5173632E0,2.7643162E-1,-9.982549E-1,-1.8337277E0,-2.1925535E0,-1.2302212E0,-1.8758047E0,3.2425237E-1,-8.295039E-1,-6.149997E-1,-1.2147772E0,-1.3881522E0,-1.9059756E0,-1.995117E0,-2.2441857E0,2.7663064E-1,-1.2538031E0,-6.888567E0,-1.3892891E0,5.527214E-1,1.6248862E-1,-1.5606557E0,-3.4899268E-1,-3.925898E-1,-1.114795E0,-1.1446444E0,-2.1650033E0,-8.3559716E-1,-1.5691291E0,-6.2827263E0,-1.8865869E0,-1.8462112E0,-2.1328814E0,-2.1228461E0,-2.2890432E0,2.4687801E-1,-9.84353E-2,-3.8117263E-1,2.660167E-2,-3.0592892E-1,-5.270819E-1,1.7616582E-1,-2.632137E-1,5.7250395E-2,-8.122062E-1,-3.9513648E-1,1.1076323E-1,-9.352383E-2,-4.9613434E-1,-3.7075794E-1,7.4590124E-2,-2.7891523E-1,-3.9452985E-1,4.6632417E-2,-3.0857033E-1,-5.0374174E-1,-2.2955492E-1,-2.7184838E-1,-3.0013502E0,-5.708762E-1,-1.2888628E-1,-4.8784164E-1,-5.9871525E-1,-2.3636522E-2,-6.422726E-1,-4.5610613E-1,-6.507042E-1,-6.966973E-1,-6.0803986E-1],"categories":[1,2,3,3,7,1,2,1,1,2,1,2,0,1,2,4,5,6,7,9,0,1,2,3,4,1,2,1,2],"categories_nodes":[0,3,4,8,9,10,11,15,26,33,41],"categories_segments":[0,2,3,5,7,8,10,12,20,25,27],"categories_sizes":[2,1,2,2,1,2,2,8,5,2,2],"default_left":[0,1,1,0,0,0,0,0,0,0,0,0,1,0,1,0,1,0,0,0,1,0,0,1,1,0,0,1,0,0,0,1,1,0,0,0,1,0,0,0,0,0,0,0,0,0,0,0,0,0,0,0,0,0,0,0,0,0,0,0,0,0,0,0,0,0,0,0,0,0,0,0,0,0,0,0,0],"id":0,"left_children":[1,3,5,7,9,-1,11,-1,13,15,17,19,21,23,25,27,29,31,33,35,37,39,41,43,45,-1,47,49,51,-1,53,55,57,59,-1,61,63,65,67,69,71,73,75,-1,-1,-1,-1,-1,-1,-1,-1,-1,-1,-1,-1,-1,-1,-1,-1,-1,-1,-1,-1,-1,-1,-1,-1,-1,-1,-1,-1,-1,-1,-1,-1,-1,-1],"loss_changes":[1.4372305E3,1.2306917E3,1.0860846E4,5.5933105E1,3.8851288E2,0E0,1.0080664E2,0E0,3.1515991E1,3.2532215E1,3.1892578E1,3.433618E1,2.4336914E1,6.9338074E0,1.4480387E3,2.1548317E1,5.1902016E1,1.5571362E1,9.710245E1,1.5085144E1,7.18042E1,8.267334E0,7.2929688E0,1.4843032E0,4.226227E0,0E0,1.7509827E1,1.2468369E1,2.8516514E1,0E0,1.7248035E1,9.803778E0,7.5384064E0,7.885132E0,0E0,8.305254E0,9.537903E0,6.934981E1,2.2573242E1,6.4069214E0,4.820923E0,1.3847168E1,9.408203E0,0E0,0E0,0E0,0E0,0E0,0E0,0E0,0E0,0E0,0E0,0E0,0E0,0E0,0E0,0E0,0E0,0E0,0E0,0E0,0E0,0E0,0E0,0E0,0E0,0E0,0E0,0E0,0E0,0E0,0E0,0E0,0E0,0E0,0E0],"parents":[2147483647,0,0,1,1,2,2,3,3,4,4,6,6,8,8,9,9,10,10,11,11,12,12,13,13,14,14,15,15,16,16,17,17,18,18,19,19,20,20,21,21,22,22,23,23,24,24,26,26,27,27,28,28,30,30,31,31,32,32,33,33,35,35,36,36,37,37,38,38,39,39,40,40,41,41,42,42],"right_children":[2,4,6,8,10,-1,12,-1,14,16,18,20,22,24,26,28,30,32,34,36,38,40,42,44,46,-1,48,50,52,-1,54,56,58,60,-1,62,64,66,68,70,72,74,76,-1,-1,-1,-1,-1,-1,-1,-1,-1,-1,-1,-1,-1,-1,-1,-1,-1,-1,-1,-1,-1,-1,-1,-1,-1,-1,-1,-1,-1,-1,-1,-1,-1,-1],"split_conditions":[NaN,1.07E2,8.8E2,NaN,NaN,1.6890976E1,8E4,-6.172752E-1,NaN,NaN,NaN,NaN,1.004E3,2E2,3.6E1,NaN,1.013E3,8.1463E4,3E5,1.7003E4,1.596E3,8.608E3,1.5E5,4.45E2,3.816E3,-6.888567E0,NaN,1.2606E4,5.6E1,-1.5606557E0,2.3788E4,6E3,1.1E4,NaN,-2.1650033E0,7.156E3,1.161E3,1.74E2,6.5758E4,1.9E5,2.5E1,NaN,2.20389E5,2.4687801E-1,-9.84353E-2,-3.8117263E-1,2.660167E-2,-3.0592892E-1,-5.270819E-1,1.7616582E-1,-2.632137E-1,5.7250395E-2,-8.122062E-1,-3.9513648E-1,1.1076323E-1,-9.352383E-2,-4.9613434E-1,-3.7075794E-1,7.4590124E-2,-2.7891523E-1,-3.9452985E-1,4.6632417E-2,-3.0857033E-1,-5.0374174E-1,-2.2955492E-1,-2.7184838E-1,-3.0013502E0,-5.708762E-1,-1.2888628E-1,-4.8784164E-1,-5.9871525E-1,-2.3636522E-2,-6.422726E-1,-4.5610613E-1,-6.507042E-1,-6.966973E-1,-6.0803986E-1],"split_indices":[14,2,2,14,14,0,0,0,17,16,19,18,10,3,1,18,2,2,0,2,3,2,0,5,4,0,19,10,1,0,11,9,10,16,0,4,11,8,8,0,9,18,2,0,0,0,0,0,0,0,0,0,0,0,0,0,0,0,0,0,0,0,0,0,0,0,0,0,0,0,0,0,0,0,0,0,0],"split_type":[1,0,0,1,1,0,0,0,1,1,1,1,0,0,0,1,0,0,0,0,0,0,0,0,0,0,1,0,0,0,0,0,0,1,0,0,0,0,0,0,0,1,0,0,0,0,0,0,0,0,0,0,0,0,0,0,0,0,0,0,0,0,0,0,0,0,0,0,0,0,0,0,0,0,0,0,0],"sum_hessian":[5.8374917E3,1.8619166E3,3.9755752E3,8.605436E2,1.00137305E3,2.1890595E0,3.973386E3,5.3291437E2,3.276292E2,6.09045E2,3.923281E2,1.1477969E3,2.8255894E3,1.8436745E2,1.4326178E2,5.844789E2,2.456611E1,1.4301855E2,2.4930954E2,1.6296332E2,9.848335E2,5.939648E2,2.2316245E3,2.675517E0,1.8169193E2,2.1890595E0,1.4107272E2,2.4128299E2,3.4319586E2,1.459373E0,2.3106739E1,1.0021027E2,4.2808273E1,2.4760695E2,1.7026018E0,4.159213E1,1.21371185E2,2.918746E0,9.8191473E2,2.9236105E2,3.0160373E2,6.153689E2,1.6162555E3,1.2161441E0,1.459373E0,1.7950287E2,2.1890595E0,7.223896E1,6.8833755E1,2.3617519E2,5.1078053E0,3.4076358E2,2.4322882E0,9.485924E0,1.3620814E1,9.5345695E1,4.8645763E0,3.940307E1,3.4052036E0,1.1237172E2,1.3523523E2,6.810407E0,3.4781723E1,1.05804535E2,1.5566645E1,1.7026018E0,1.2161441E0,9.7072626E2,1.1188526E1,1.23073784E2,1.6928726E2,1.2161441E0,3.003876E2,4.6213478E1,5.6915546E2,1.4272667E3,1.889888E2],"tree_param":{"num_deleted":"0","num_feature":"20","num_nodes":"77","size_leaf_vector":"0"}}]},"name":"gbtree"},"learner_model_param":{"base_score":"5E-1","num_class":"0","num_feature":"20","num_target":"1"},"objective":{"name":"reg:squarederror","reg_loss_param":{"scale_pos_weight":"1"}}},"version":[1,6,2]}