{"learner":{"attributes":{"best_ntree_limit":"2"},"feature_names":[],"feature_types":["c","c","c"],"gradient_booster":{"model":{"gbtree_model_param":{"num_parallel_tree":"1","num_trees":"2","size_leaf_vector":"0"},"tree_info":[0,0],"trees":[{"base_weights":[-1.7069442E0,-1.6970618E0,-6.934854E-1,-1.7538879E0,-1.6341224E0,-5.501716E-1,-1.5804902E0,-4.6051157E-1,-1.6945333E0,-4.424085E-1,-4.9469241E-1,-1.8582308E0,-4.961833E-1,-5.7366186E-1,-4.029199E-1],"categories":[3,1,2,1,1,1,1],"categories_nodes":[0,1,3,4,6,8,11],"categories_segments":[0,1,2,3,4,5,6],"categories_sizes":[1,1,1,1,1,1,1],"default_left":[0,0,0,0,0,0,0,0,0,0,0,0,0,0,0],"id":0,"left_children":[1,3,-1,5,7,-1,9,-1,11,-1,-1,13,-1,-1,-1],"loss_changes":[2.978711E1,1.6998047E1,0E0,3.7411133E1,1.326123E1,0E0,4.26709E0,0E0,7.8007812E0,0E0,0E0,6.248535E0,0E0,0E0,0E0],"parents":[2147483647,0,0,1,1,3,3,4,4,6,6,8,8,11,11],"right_children":[2,4,-1,6,8,-1,10,-1,12,-1,-1,14,-1,-1,-1],"split_conditions":[NaN,NaN,-6.934854E-1,NaN,NaN,-5.501716E-1,NaN,-4.6051157E-1,NaN,-4.424085E-1,-4.9469241E-1,NaN,-4.961833E-1,-5.7366186E-1,-4.029199E-1],"split_indices":[1,1,0,1,0,0,0,0,2,0,0,1,0,0,0],"split_type":[1,1,0,1,1,0,1,0,1,0,0,1,0,0,0],"sum_hessian":[5.640089E3,5.5531377E3,8.695137E1,2.9041758E3,2.648962E3,1.9806112E3,9.235646E2,1.013336E3,1.6356259E3,3.7177588E2,5.517887E2,3.1608E2,1.3195458E3,2.8364948E2,3.243051E1],"tree_param":{"num_deleted":"0","num_feature":"3","num_nodes":"15","size_leaf_vector":"0"}},{"base_weights":[-1.0509146E0,-2.908539E-1,-1.1040363E0,-1.2893686E0,-1.0514601E0,-6.180788E-1,-1.1094557E0,-1.14300966E-1,-3.2282236E-1,-3.1199723E-1,-4.53882E-1,3.5539556E-1,-9.067543E-1,-2.1032707E-1,-3.07242E-1],"categories":[1,1,1,1,3,2,1],"categories_nodes":[0,2,3,4,6,7,12],"categories_segments":[0,1,2,3,4,5,6],"categories_sizes":[1,1,1,1,1,1,1],"default_left":[0,0,0,0,0,0,0,0,0,0,0,0,0,0,0],"id":1,"left_children":[1,-1,3,5,7,-1,9,11,-1,-1,-1,-1,13,-1,-1],"loss_changes":[2.4790527E1,0E0,3.3836426E1,1.07799194E2,6.49021E1,0E0,1.6524353E1,7.648725E1,0E0,0E0,0E0,0E0,3.941803E-1,0E0,0E0],"parents":[2147483647,0,0,2,2,3,3,4,4,6,6,7,7,12,12],"right_children":[2,-1,4,6,8,-1,10,12,-1,-1,-1,-1,14,-1,-1],"split_conditions":[NaN,-2.908539E-1,NaN,NaN,NaN,-6.180788E-1,NaN,NaN,-3.2282236E-1,-3.1199723E-1,-4.53882E-1,3.5539556E-1,NaN,-2.1032707E-1,-3.07242E-1],"split_indices":[0,0,1,0,2,0,1,2,0,0,0,0,0,0,0],"split_type":[1,0,1,1,1,0,1,1,0,0,0,0,1,0,0],"sum_hessian":[5.9794443E3,2.368808E3,3.610636E3,7.927273E2,2.8179087E3,1.4802321E2,6.447041E2,7.226212E1,2.7456465E3,5.5306445E2,9.163965E1,2.7193264E1,4.5068855E1,1.8910137E1,2.6158718E1],"tree_param":{"num_deleted":"0","num_feature":"3","num_nodes":"15","size_leaf_vector":"0"}}]},"name":"gbtree"},"learner_model_param":{"base_score":"5E-1","num_class":"0","num_feature":"3","num_target":"1"},"objective":{"name":"reg:squarederror","reg_loss_param":{"scale_pos_weight":"1"}}},"version":[1,6,2]}