{"learner":{"attributes":{"best_ntree_limit":"2"},"feature_names":[],"feature_types":["q","q","q","q","q","q","q","q","q","q","q","q","q","q","c","c","c","c","c","c"],"gradient_booster":{"model":{"gbtree_model_param":{"num_parallel_tree":"1","num_trees":"2","size_leaf_vector":"0"},"tree_info":[0,0],"trees":[{"base_weights":[-1.6960913E0,-9.7021353E-1,-2.03624E0,-1.8245134E0,-2.0541875E-1,3.1955635E1,-2.0796878E0,-1.4448543E0,-6.189278E-1,3.0193546E-1,-9.624813E-1,2.3107553E1,-5.060455E-1,-1.8297967E0,-2.1797183E0,-1.1708328E0,-1.7896208E0,5.9796613E-1,7.193015E-2,-5.524318E-1,-1.1816409E0,-1.4557257E0,-1.8830773E0,-1.8796493E0,-2.2240756E0,-1.2569971E0,-2.7263498E-1,-1.5512651E0,-4.264579E0,6.276925E-1,-5.4448444E-1,-2.6565285E0,1.5103054E-1,-3.7683663E-1,-3.7866697E-1,-1.7864305E0,-1.1356441E0,-1.1848259E0,-1.7918906E0,-1.914773E0,-1.3244704E0,-1.5174179E0,-1.9661891E0,-2.1016304E0,-2.2731864E0,-3.788583E-1,-9.831152E-2,1.2526445E-1,-2.1578251E-1,-5.9188676E-1,-3.9089042E-1,2.8045467E-1,1.6377048E-1,8.321104E-2,-3.3198157E-1,5.592275E-2,-3.5107994E-1,-1.3506553E-1,2.0177862E-1,-3.0046278E-1,-4.8696563E-1,-2.522538E-1,-4.5143378E-1,-5.511764E-1,2.437495E-2,-5.2428496E-1,-5.961566E-1,2.0083897E0,-4.8627076E-1,-5.7924145E-1,-3.9341524E-1,-5.3661186E-1,-6.351753E-1,-4.7962433E-1,-6.486733E-1,-6.976561E-1,-6.3207823E-1],"categories":[1,2,3,7,8,1,2,0,1,2,5,9,1,2,5,1,2,1,2,5,1,2],"categories_nodes":[0,4,7,9,10,13,37,43],"categories_segments":[0,2,5,7,12,15,17,20],"categories_sizes":[2,3,2,5,3,2,3,2],"default_left":[0,1,1,0,0,1,0,0,0,0,0,0,0,0,0,1,0,1,1,0,1,0,0,0,0,1,0,0,0,0,0,0,1,0,0,0,0,0,1,1,1,0,1,0,1,0,0,0,0,0,0,0,0,0,0,0,0,0,0,0,0,0,0,0,0,0,0,0,0,0,0,0,0,0,0,0,0],"id":0,"left_children":[1,3,5,7,9,11,13,15,-1,17,19,-1,-1,21,23,25,27,29,31,33,35,37,39,41,43,45,47,49,-1,51,53,-1,55,57,-1,-1,59,61,63,65,67,69,71,73,75,-1,-1,-1,-1,-1,-1,-1,-1,-1,-1,-1,-1,-1,-1,-1,-1,-1,-1,-1,-1,-1,-1,-1,-1,-1,-1,-1,-1,-1,-1,-1,-1],"loss_changes":[1.4395859E3,1.2180594E3,5.9364473E3,7.679712E1,3.7866788E2,7.9157036E3,9.5259766E1,3.033014E1,0E0,4.0169224E1,3.48909E1,0E0,0E0,2.0004883E1,3.349121E1,1.468103E1,4.2250055E2,9.106842E0,2.3682774E2,1.6928558E1,4.963446E1,1.1235901E1,1.509082E1,8.644897E0,1.0016602E1,5.498657E-1,5.932072E0,1.2967102E1,0E0,5.820862E0,3.5781012E0,0E0,1.5716576E1,9.033476E0,0E0,0E0,1.5090515E1,7.9998245E0,5.5459137E0,7.9038086E0,1.456326E2,3.933731E0,4.1497803E0,1.8415283E1,1.0272461E1,0E0,0E0,0E0,0E0,0E0,0E0,0E0,0E0,0E0,0E0,0E0,0E0,0E0,0E0,0E0,0E0,0E0,0E0,0E0,0E0,0E0,0E0,0E0,0E0,0E0,0E0,0E0,0E0,0E0,0E0,0E0,0E0],"parents":[2147483647,0,0,1,1,2,2,3,3,4,4,5,5,6,6,7,7,9,9,10,10,13,13,14,14,15,15,16,16,17,17,18,18,19,19,20,20,21,21,22,22,23,23,24,24,25,25,26,26,27,27,29,29,30,30,32,32,33,33,36,36,37,37,38,38,39,39,40,40,41,41,42,42,43,43,44,44],"right_children":[2,4,6,8,10,12,14,16,-1,18,20,-1,-1,22,24,26,28,30,32,34,36,38,40,42,44,46,48,50,-1,52,54,-1,56,58,-1,-1,60,62,64,66,68,70,72,74,76,-1,-1,-1,-1,-1,-1,-1,-1,-1,-1,-1,-1,-1,-1,-1,-1,-1,-1,-1,-1,-1,-1,-1,-1,-1,-1,-1,-1,-1,-1,-1,-1],"split_conditions":[NaN,3.89E2,3.26E2,5.2E5,NaN,1.61965E5,8E4,NaN,-6.189278E-1,NaN,NaN,2.3107553E1,-5.060455E-1,NaN,2.015E3,2.6E1,1.8E5,1.2023E4,2.015E3,2.12257E5,3.22E3,4.9E1,6.9536E4,5.73E2,1.5E5,3.16E2,6E4,5.4807E4,-4.264579E0,1.8088E4,1.2014E4,-2.6565285E0,1.8019E4,1.26202E5,-3.7866697E-1,-1.7864305E0,1.9E5,NaN,4.625E3,1.366E3,1.261E3,3.26E2,1.004E3,NaN,1.49803E5,-3.788583E-1,-9.831152E-2,1.2526445E-1,-2.1578251E-1,-5.9188676E-1,-3.9089042E-1,2.8045467E-1,1.6377048E-1,8.321104E-2,-3.3198157E-1,5.592275E-2,-3.5107994E-1,-1.3506553E-1,2.0177862E-1,-3.0046278E-1,-4.8696563E-1,-2.522538E-1,-4.5143378E-1,-5.511764E-1,2.437495E-2,-5.2428496E-1,-5.961566E-1,2.0083897E0,-4.8627076E-1,-5.7924145E-1,-3.9341524E-1,-5.3661186E-1,-6.351753E-1,-4.7962433E-1,-6.486733E-1,-6.976561E-1,-6.3207823E-1],"split_indices":[14,2,8,0,14,6,0,17,0,19,19,0,0,18,2,1,0,10,2,6,3,1,10,13,0,3,0,11,0,7,9,0,12,5,0,0,0,17,9,9,6,13,10,17,2,0,0,0,0,0,0,0,0,0,0,0,0,0,0,0,0,0,0,0,0,0,0,0,0,0,0,0,0,0,0,0,0],"split_type":[1,0,0,0,1,0,0,1,0,1,1,0,0,1,0,0,0,0,0,0,0,0,0,0,0,0,0,0,0,0,0,0,0,0,0,0,0,1,0,0,0,0,0,1,0,0,0,0,0,0,0,0,0,0,0,0,0,0,0,0,0,0,0,0,0,0,0,0,0,0,0,0,0,0,0,0,0],"sum_hessian":[5.8374917E3,1.8638624E3,3.9736294E3,8.7975867E2,9.841038E2,4.13489E0,3.9694944E3,3.4222296E2,5.375357E2,5.895867E2,3.9451715E2,1.2161441E0,2.918746E0,1.1402567E3,2.8292375E3,1.9312369E2,1.4909927E2,2.5709286E2,3.324938E2,1.3864043E2,2.5587672E2,1.4569406E2,9.945627E2,3.6995105E2,2.4592866E3,1.7585445E2,1.7269247E1,1.4739667E2,1.7026018E0,2.5101215E2,6.0807204E0,1.9458306E0,3.3054797E2,1.1237172E2,2.6268713E1,1.2161441E0,2.5466058E2,8.318426E1,6.2509808E1,9.388633E2,5.56994E1,7.4914474E1,2.9503656E2,7.165521E2,1.7427345E3,1.7439507E2,1.459373E0,6.810407E0,1.0458839E1,5.205097E1,9.5345695E1,5.0591595E1,2.0042055E2,2.675517E0,3.4052036E0,3.2276465E2,7.7833223E0,1.0556131E2,6.810407E0,2.0212315E2,5.2537426E1,4.1835358E1,4.13489E1,6.1050434E1,1.459373E0,2.9138812E2,6.474751E2,1.2161441E0,5.4483257E1,2.2133823E1,5.2780655E1,1.4155917E2,1.5347739E2,8.0022285E1,6.3652985E2,1.3156248E3,4.271098E2],"tree_param":{"num_deleted":"0","num_feature":"20","num_nodes":"77","size_leaf_vector":"0"}},{"base_weights":[-1.4298977E0,-9.5074215E0,-1.1649228E0,-4.236152E0,-8.2354324E1,-4.4092593E-1,-1.4196291E0,3.1525967E-1,-2.6007519E1,-1.3122302E2,-1.4226292E0,-4.5689094E-1,-6.652001E-2,-1.3819376E0,-2.2359718E1,-8.3267146E-1,6.525881E0,-1.6883255E0,1.2892474E-2,3.4078413E-1,-5.6147164E-1,-1.3557798E0,-1.9769135E0,-1.1428087E0,-2.0206589E1,-9.3898857E-1,2.3363136E-1,9.822035E0,3.697827E-1,-1.2615973E-1,-5.4104376E-1,3.3022106E0,2.9118258E-1,-2.9275957E-1,-7.0399845E-1,-1.2664263E0,-1.4508356E0,-6.9991026E0,-1.3509631E0,1.7730007E-2,-4.2733765E-1,-2.3190372E-1,-3.7374216E-1,2.3367268E-1,-2.0971264E-1,3.9238536E0,9.289725E-1,2.788358E-1,-1.6997029E-1,6.8712366E-1,7.312109E-2,-1.6557424E-1,-4.2818107E-2,-1.9887315E-1,-1.6560496E0,-2.6972687E-1,-3.9237043E-1,-4.3313357E-1,-1.3547382E0,-2.598302E0,-4.1773218E-1,-3.358281E-1,-4.4245142E-1],"categories":[1,2,1,2,0,1,2,3,4,5,6,7,8,9,10,3,8,1,2,0,1,4,5,6,7,8,0,1,2,3,5,1,2,4],"categories_nodes":[1,2,5,12,20,26,28,35,36],"categories_segments":[0,2,4,15,17,19,26,31,33],"categories_sizes":[2,2,11,2,2,7,5,2,1],"default_left":[1,0,0,0,1,0,0,0,0,0,0,0,0,0,0,1,1,0,0,1,0,0,0,1,0,0,0,1,0,0,0,0,0,0,0,0,0,1,0,0,0,0,0,0,0,0,0,0,0,0,0,0,0,0,0,0,0,0,0,0,0,0,0],"id":1,"left_children":[1,3,5,7,9,11,13,15,-1,-1,17,-1,19,21,23,25,27,29,-1,31,33,35,37,39,-1,41,43,45,47,-1,-1,-1,49,51,53,55,57,59,61,-1,-1,-1,-1,-1,-1,-1,-1,-1,-1,-1,-1,-1,-1,-1,-1,-1,-1,-1,-1,-1,-1,-1,-1],"loss_changes":[1.1369288E4,6.4447223E4,9.489458E2,5.9476758E4,3.2501012E5,5.43396E2,2.9752305E3,1.0828196E3,0E0,0E0,4.0568943E0,0E0,2.0133032E2,5.6506836E1,6.3932695E3,1.4779198E1,4.7702618E2,5.0971794E-1,0E0,2.8670392E2,1.7058304E1,2.9129883E1,4.871549E2,1.9876671E0,0E0,4.9944687E0,6.8736887E0,2.9662585E2,5.3999295E0,0E0,0E0,0E0,5.127425E1,6.0623455E0,5.4487503E1,2.7576904E1,3.1543213E1,1.4883899E2,2.41333E0,0E0,0E0,0E0,0E0,0E0,0E0,0E0,0E0,0E0,0E0,0E0,0E0,0E0,0E0,0E0,0E0,0E0,0E0,0E0,0E0,0E0,0E0,0E0,0E0],"parents":[2147483647,0,0,1,1,2,2,3,3,4,4,5,5,6,6,7,7,10,10,12,12,13,13,14,14,15,15,16,16,17,17,19,19,20,20,21,21,22,22,23,23,25,25,26,26,27,27,28,28,32,32,33,33,34,34,35,35,36,36,37,37,38,38],"right_children":[2,4,6,8,10,12,14,16,-1,-1,18,-1,20,22,24,26,28,30,-1,32,34,36,38,40,-1,42,44,46,48,-1,-1,-1,50,52,54,56,58,60,62,-1,-1,-1,-1,-1,-1,-1,-1,-1,-1,-1,-1,-1,-1,-1,-1,-1,-1,-1,-1,-1,-1,-1,-1],