{"learner":{"attributes":{"best_ntree_limit":"8"},"feature_names":[],"feature_types":["c","c","c"],"gradient_booster":{"model":{"gbtree_model_param":{"num_parallel_tree":"1","num_trees":"8","size_leaf_vector":"0"},"tree_info":[0,0,0,0,0,0,0,0],"trees":[{"base_weights":[-1.7072988E0,-1.6970404E0,-2.3272822E0,-1.7241495E0,-1.5603415E0,-7.306495E-1,-4.2977187E-1,-5.4968494E-1,-1.641585E0,-4.355433E-1,-4.8954868E-1,-4.6053356E-1,-1.7069234E0,-1.8462255E0,-5.0202364E-1,-5.658386E-1,-4.3515468E-1],"categories":[3,2,2,1,1,1,1,1],"categories_nodes":[0,1,2,3,4,8,12,13],"categories_segments":[0,1,2,3,4,5,6,7],"categories_sizes":[1,1,1,1,1,1,1,1],"default_left":[0,0,0,0,0,0,0,0,0,0,0,0,0,0,0,0,0],"id":0,"left_children":[1,3,5,7,9,-1,-1,-1,11,-1,-1,-1,13,15,-1,-1,-1],"loss_changes":[3.1927734E1,1.7886719E1,5.1403503E0,3.8280273E1,4.8425293E0,0E0,0E0,0E0,1.5688965E1,0E0,0E0,0E0,4.482422E0,2.0777588E0,0E0,0E0,0E0],"parents":[2147483647,0,0,1,1,2,2,3,3,4,4,8,8,12,12,13,13],"right_children":[2,4,6,8,10,-1,-1,-1,12,-1,-1,-1,14,16,-1,-1,-1],"split_conditions":[NaN,NaN,NaN,NaN,NaN,-7.306495E-1,-4.2977187E-1,-5.4968494E-1,NaN,-4.355433E-1,-4.8954868E-1,-4.6053356E-1,NaN,NaN,-5.0202364E-1,-5.658386E-1,-4.3515468E-1],"split_indices":[1,1,2,1,0,0,0,0,0,0,0,0,2,1,0,0,0],"split_type":[1,1,1,1,1,0,0,0,1,0,0,0,1,1,0,0,0],"sum_hessian":[5.640089E3,5.5519624E3,8.812639E1,4.623463E3,9.2849963E2,7.7081215E1,1.1045175E1,1.9925964E3,2.6308665E3,3.7718097E2,5.513187E2,1.0098109E3,1.6210555E3,3.038598E2,1.3171958E3,2.726043E2,3.1255493E1],"tree_param":{"num_deleted":"0","num_feature":"3","num_nodes":"17","size_leaf_vector":"0"}},{"base_weights":[-1.0753545E0,-1.0661514E0,-1.6398927E0,-1.0817087E0,-9.879643E-1,-1.723927E0,-2.9032588E-1,-3.361212E-1,-1.0522721E0,-2.66031E-1,-3.1667054E-1,-6.049996E-1,-4.3607473E-1,-2.8574517E-1,-1.1138455E0,-1.2498922E0,-3.2447836E-1,-3.8410124E-1,-2.863243E-1],"categories":[3,2,2,1,1,3,1,1,1],"categories_nodes":[0,1,2,3,4,5,8,14,15],"categories_segments":[0,1,2,3,4,5,6,7,8],"categories_sizes":[1,1,1,1,1,1,1,1,1],"default_left":[0,0,0,0,0,0,0,0,0,0,0,0,0,0,0,0,0,0,0],"id":1,"left_children":[1,3,5,7,9,11,-1,-1,13,-1,-1,-1,-1,-1,15,17,-1,-1,-1],"loss_changes":[2.9327148E1,6.09375E0,3.6458588E0,4.4033203E0,5.828003E0,3.5857391E0,0E0,0E0,1.6141113E1,0E0,0E0,0E0,0E0,0E0,6.218994E0,1.6947632E0,0E0,0E0,0E0],"parents":[2147483647,0,0,1,1,2,2,3,3,4,4,5,5,8,8,14,14,15,15],"right_children":[2,4,6,8,10,12,-1,-1,14,-1,-1,-1,-1,-1,16,18,-1,-1,-1],"split_conditions":[NaN,NaN,NaN,NaN,NaN,NaN,-2.9032588E-1,-3.361212E-1,NaN,-2.66031E-1,-3.1667054E-1,-6.049996E-1,-4.3607473E-1,-2.8574517E-1,NaN,NaN,-3.2447836E-1,-3.8410124E-1,-2.863243E-1],"split_indices":[1,1,2,1,0,1,0,0,0,0,0,0,0,0,2,1,0,0,0],"split_type":[1,1,1,1,1,1,0,0,1,0,0,0,0,0,1,1,0,0,0],"sum_hessian":[5.980382E3,5.887297E3,9.308477E1,4.899574E3,9.87723E2,8.134924E1,1.1735524E1,2.1008616E3,2.7987124E3,4.0123904E2,5.86484E2,3.595565E1,4.5393597E1,1.0742361E3,1.7244763E3,3.2322766E2,1.4012487E3,2.9001257E2,3.3215073E1],"tree_param":{"num_deleted":"0","num_feature":"3","num_nodes":"19","size_leaf_vector":"0"}},{"base_weights":[-7.665042E-1,-7.5702363E-1,-1.3582003E0,-2.1843214E-1,-8.0043095E-1,-1.446142E0,-2.12333E-1,-8.826905E-1,-6.89862E-1,-5.259449E-1,-3.4384692E-1,-8.873303E-1,-2.0533665E-1,-1.7602085E-1,-2.2778092E-1,-2.9058394E-1,-2.515152E-1],"categories":[3,1,2,2,3,2,1,1],"categories_nodes":[0,1,2,4,5,7,8,11],"categories_segments":[0,1,2,3,4,5,6,7],"categories_sizes":[1,1,1,1,1,1,1,1],"default_left":[0,0,0,0,0,0,0,0,0,0,0,0,0,0,0,0,0],"id":2,"left_children":[1,3,5,-1,7,9,-1,11,13,-1,-1,15,-1,-1,-1,-1,-1],"loss_changes":[3.1227783E1,6.5236816E0,4.0912476E0,0E0,1.9888428E1,5.156906E0,0E0,5.779419E-1,6.468567E0,0E0,0E0,4.184143E0,0E0,0E0,0E0,0E0,0E0],"parents":[2147483647,0,0,1,1,2,2,4,4,5,5,7,7,8,8,11,11],"right_children":[2,4,6,-1,8,10,-1,12,14,-1,-1,16,-1,-1,-1,-1,-1],"split_conditions":[NaN,NaN,NaN,-2.1843214E-1,NaN,NaN,-2.12333E-1,NaN,NaN,-5.259449E-1,-3.4384692E-1,NaN,-2.0533665E-1,-1.7602085E-1,-2.2778092E-1,-2.9058394E-1,-2.515152E-1],"split_indices":[1,0,2,0,1,1,0,2,0,0,0,0,0,0,0,0,0],"split_type":[1,1,1,0,1,1,0,1,1,0,0,1,0,0,0,0,0],"sum_hessian":[5.749138E3,5.660718E3,8.842055E1,3.4081155E3,2.2526023E3,7.681171E1,1.1608841E1,1.2876506E3,9.649517E2,3.5567513E1,4.1244194E1,1.254805E3,3.284556E1,3.9198874E2,5.72963E2,4.6455374E2,7.9025134E2],"tree_param":{"num_deleted":"0","num_feature":"3","num_nodes":"17","size_leaf_vector":"0"}},{"base_weights":[-5.5871785E-1,-5.4878646E-1,-1.1899376E0,-1.5270083E-1,-6.070812E-1,-1.2859379E0,-1.595268E-1,-6.9484717E-1,-4.8964006E-1,-4.8069233E-1,-2.846286E-1,-6.9950426E-1,-1.5118709E-1,-1.1456113E-1,-1.687614E-1,-2.4553163E-1,-1.8825185E-1],"categories":[3,1,2,2,3,2,1,1],"categories_nodes":[0,1,2,4,5,7,8,11],"categories_segments":[0,1,2,3,4,5,6,7],"categories_sizes":[1,1,1,1,1,1,1,1],"default_left":[0,0,0,0,0,0,0,0,0,0,0,0,0,0,0,0,0],"id":3,"left_children":[1,3,5,-1,7,9,-1,11,13,-1,-1,15,-1,-1,-1,-1,-1],"loss_changes":[3.311621E1,1.1994629E1,4.5343857E0,0E0,2.1787354E1,6.0927353E0,0E0,7.3760986E-1,7.025055E0,0E0,0E0,9.714478E0,0E0,0E0,0E0,0E0,0E0],"parents":[2147483647,0,0,1,1,2,2,4,4,5,5,7,7,8,8,11,11],"right_children":[2,4,6,-1,8,10,-1,12,14,-1,-1,16,-1,-1,-1,-1,-1],"split_conditions":[NaN,NaN,NaN,-1.5270083E-1,NaN,NaN,-1.595268E-1,NaN,NaN,-4.8069233E-1,-2.846286E-1,NaN,-1.5118709E-1,-1.1456113E-1,-1.687614E-1,-2.4553163E-1,-1.8825185E-1],"split_indices":[1,0,2,0,1,1,0,2,0,0,0,0,0,0,0,0,0],"split_type":[1,1,1,0,1,1,0,1,1,0,0,1,0,0,0,0,0],"sum_hessian":[5.3857983E3,5.3042134E3,8.1585014E1,3.1584385E3,2.145775E3,7.036764E1,1.1217376E1,1.2252245E3,9.205505E2,3.436813E1,3.5999508E1,1.193444E3,3.1780518E1,3.7395178E2,5.465987E2,4.4612216E2,7.473218E2],"tree_param":{"num_deleted":"0","num_feature":"3","num_nodes":"17","size_leaf_vector":"0"}},{"base_weights":[-4.0111995E-1,-3.9070782E-1,-1.0756109E0,-1.013261E-1,-4.6621823E-1,-1.1809088E0,-1.2075306E-1,-5.5942726E-1,-3.4190992E-1,-4.5227665E-1,-2.3919241E-1,-5.6413275E-1,-1.119448E-1,-6.864424E-2,-1.2560868E-1,-2.1374151E-1,-1.4183901E-1],"categories":[3,1,2,2,3,2,1,1],"categories_nodes":[0,1,2,4,5,7,8,11],"categories_segments":[0,1,2,3,4,5,6,7],"categories_sizes":[1,1,1,1,1,1,1,1],"default_left":[0,0,0,0,0,0,0,0,0,0,0,0,0,0,0,0,0],"id":4,"left_children":[1,3,5,-1,7,9,-1,11,13,-1,-1,15,-1,-1,-1,-1,-1],"loss_changes":[3.4883667E1,1.9644104E1,4.900734E0,0E0,2.3430206E1,6.952667E0,0E0,8.093262E-1,7.5130005E0,0E0,0E0,1.5012299E1,0E0,0E0,0E0,0E0,0E0],"parents":[2147483647,0,0,1,1,2,2,4,4,5,5,7,7,8,8,11,11],"right_children":[2,4,6,-1,8,10,-1,12,14,-1,-1,16,-1,-1,-1,-1,-1],"split_conditions":[NaN,NaN,NaN,-1.013261E-1,NaN,NaN,-1.2075306E-1,NaN,NaN,-4.5227665E-1,-2.3919241E-1,NaN,-1.119448E-1,-6.864424E-2,-1.2560868E-1,-2.1374151E-1,-1.4183901E-1],"split_indices":[1,0,2,0,1,1,0,2,0,0,0,0,0,0,0,0,0],"split_type":[1,1,1,0,1,1,0,1,1,0,0,1,0,0,0,0,0],"sum_hessian":[5.0259805E3,4.951129E3,7.485152E1,2.9134497E3,2.0376792E3,6.407359E1,1.0777922E1,1.1625065E3,8.751727E2,3.3021717E1,3.1051872E1,1.131886E3,3.0620523E1,3.5551816E2,5.196546E2,4.287509E2,7.031351E2],"tree_param":{"num_deleted":"0","num_feature":"3","num_nodes":"17","size_leaf_vector":"0"}},{"base_weights":[-2.7663445E-1,-3.714223E-1,-1.7717053E-1,-1.1191576E-1,-3.0530393E-1,-1.5208165E-1,-2.9578418E-1,-3.5989977E-2,-4.1181222E-1,3.2051367E-1,-3.5974798E-1,-2.3197933E-1,-2.7554008E-1,-1.8146345E-1,-2.883344E-1,-1.6886588E-2,-1.012049E-1,-1.08921796E-1,-2.2661634E-1,-3.4057125E-2,-9.134015E-2],"categories":[1,2,3,1,1,1,1,1,2,1],"categories_nodes":[0,1,2,4,5,8,10,12,14,18],"categories_segments":[0,1,2,3,4,5,6,7,8,9],"categories_sizes":[1,1,1,1,1,1,1,1,1,1],"default_left":[0,0,0,0,0,0,0,0,0,0,0,0,0,0,0,0,0,0,0,0,0],"id":5,"left_children":[1,3,5,-1,7,9,-1,-1,11,-1,13,-1,15,-1,17,-1,-1,-1,19,-1,-1],"loss_changes":[4.4405304E1,1.4633179E-1,4.6593224E1,0E0,1.2060928E0,5.6696326E2,0E0,0E0,1.7561541E0,0E0,3.3281693E1,0E0,3.9552164E-1,0E0,6.753319E0,0E0,0E0,0E0,7.1349373E0,0E0,0E0],