{"learner":{"attributes":{"best_ntree_limit":"4"},"feature_names":[],"feature_types":["c","c","c"],"gradient_booster":{"model":{"gbtree_model_param":{"num_parallel_tree":"1","num_trees":"4","size_leaf_vector":"0"},"tree_info":[0,0,0,0],"trees":[{"base_weights":[-1.7072988E0,-1.6974196E0,-2.2973282E0,-1.7229568E0,-1.5668695E0,-7.157556E-1,-4.674445E-1,-5.4886895E-1,-1.641782E0,-4.5359957E-1,-4.943433E-1,-4.5685893E-1,-1.7142488E0,-1.9585484E0,-4.97344E-1,-5.9924763E-1,-4.6483982E-1],"categories":[3,2,2,1,1,1,1,1],"categories_nodes":[0,1,2,3,4,8,12,13],"categories_segments":[0,1,2,3,4,5,6,7],"categories_sizes":[1,1,1,1,1,1,1,1],"default_left":[0,0,0,0,0,0,0,0,0,0,0,0,0,0,0,0,0],"id":0,"left_children":[1,3,5,7,9,-1,-1,-1,11,-1,-1,-1,13,15,-1,-1,-1],"loss_changes":[2.8982422E1,1.5810547E1,2.1759644E0,3.709375E1,1.5917969E0,0E0,0E0,0E0,2.0142578E1,0E0,0E0,0E0,1.9262695E1,1.697998E0,0E0,0E0,0E0],"parents":[2147483647,0,0,1,1,2,2,3,3,4,4,8,8,12,12,13,13],"right_children":[2,4,6,8,10,-1,-1,-1,12,-1,-1,-1,14,16,-1,-1,-1],"split_conditions":[NaN,NaN,NaN,NaN,NaN,-7.157556E-1,-4.674445E-1,-5.4886895E-1,NaN,-4.5359957E-1,-4.943433E-1,-4.5685893E-1,NaN,NaN,-4.97344E-1,-5.9924763E-1,-4.6483982E-1],"split_indices":[1,1,2,1,2,0,0,0,0,0,0,0,2,1,0,0,0],"split_type":[1,1,1,1,1,0,0,0,1,0,0,0,1,1,0,0,0],"sum_hessian":[5.640089E3,5.5510225E3,8.906641E1,4.632628E3,9.183945E2,7.755122E1,1.1515182E1,1.9933015E3,2.6393267E3,5.5907385E2,3.5932068E2,1.0076959E3,1.6316307E3,2.9986475E2,1.331766E3,2.7025427E2,2.9610468E1],"tree_param":{"num_deleted":"0","num_feature":"3","num_nodes":"17","size_leaf_vector":"0"}},{"base_weights":[-1.0744019E0,-1.0657759E0,-1.5968386E0,-1.0805485E0,-9.9046963E-1,-1.6650395E0,-3.1476626E-1,-3.167815E-1,-1.1249532E0,-9.4001347E-1,-3.1989473E-1,-5.688304E-1,-4.349853E-1,-1.3578067E0,-3.21481E-1,-2.7740046E-1,-3.6318734E-1,-4.1737688E-1,-3.056986E-1],"categories":[3,2,2,1,1,3,1,2,1],"categories_nodes":[0,1,2,3,4,5,8,9,13],"categories_segments":[0,1,2,3,4,5,6,7,8],"categories_sizes":[1,1,1,1,1,1,1,1,1],"default_left":[0,0,0,0,0,0,0,0,0,0,0,0,0,0,0,0,0,0,0],"id":1,"left_children":[1,3,5,7,9,11,-1,-1,13,15,-1,-1,-1,17,-1,-1,-1,-1,-1],"loss_changes":[2.526709E1,5.482422E0,1.8084412E0,4.1811523E0,2.7402954E0,1.3733063E0,0E0,0E0,2.0120117E1,1.3544312E0,0E0,0E0,0E0,2.2088623E0,0E0,0E0,0E0,0E0,0E0],"parents":[2147483647,0,0,1,1,2,2,3,3,4,4,5,5,8,8,9,9,13,13],"right_children":[2,4,6,8,10,12,-1,-1,14,16,-1,-1,-1,18,-1,-1,-1,-1,-1],"split_conditions":[NaN,NaN,NaN,NaN,NaN,NaN,-3.1476626E-1,-3.167815E-1,NaN,NaN,-3.1989473E-1,-5.688304E-1,-4.349853E-1,NaN,-3.21481E-1,-2.7740046E-1,-3.6318734E-1,-4.1737688E-1,-3.056986E-1],"split_indices":[1,1,2,0,2,1,0,0,2,1,0,0,0,1,0,0,0,0,0],"split_type":[1,1,1,1,1,1,0,0,1,1,0,0,0,1,0,0,0,0,0],"sum_hessian":[5.9834385E3,5.889241E3,9.419742E1,4.9122637E3,9.769775E2,8.195066E1,1.2246755E1,3.176523E3,1.7357408E3,5.947305E2,3.8224695E2,3.574053E1,4.6210136E1,3.1899335E2,1.4167474E3,5.669955E2,2.773507E1,2.8750308E2,3.1490267E1],"tree_param":{"num_deleted":"0","num_feature":"3","num_nodes":"19","size_leaf_vector":"0"}},{"base_weights":[-7.628925E-1,-7.541316E-1,-1.3045211E0,-2.1634683E-1,-8.036081E-1,-1.3761617E0,-2.3211896E-1,-2.660974E-1,-6.889325E-1,-4.8666903E-1,-3.4157836E-1,-6.366142E-1,-2.305242E-1,-1.8689655E-1,-2.6490334E-1],"categories":[3,1,2,2,3,1,2],"categories_nodes":[0,1,2,4,5,8,11],"categories_segments":[0,1,2,3,4,5,6],"categories_sizes":[1,1,1,1,1,1,1],"default_left":[0,0,0,0,0,0,0,0,0,0,0,0,0,0,0],"id":2,"left_children":[1,3,5,-1,7,9,-1,-1,11,-1,-1,13,-1,-1,-1],"loss_changes":[2.6310059E1,8.659424E0,2.3647003E0,0E0,2.0960815E1,2.7230377E0,0E0,0E0,3.4789429E0,0E0,0E0,1.4015045E0,0E0,0E0,0E0],"parents":[2147483647,0,0,1,1,2,2,4,4,5,5,8,8,11,11],"right_children":[2,4,6,-1,8,10,-1,-1,12,-1,-1,14,-1,-1,-1],"split_conditions":[NaN,NaN,NaN,-2.1634683E-1,NaN,NaN,-2.3211896E-1,-2.660974E-1,NaN,-4.8666903E-1,-3.4157836E-1,NaN,-2.305242E-1,-1.8689655E-1,-2.6490334E-1],"split_indices":[1,0,2,0,1,1,0,0,2,0,0,1,0,0,0],"split_type":[1,1,1,0,1,1,0,0,1,0,0,1,0,0,0],"sum_hessian":[5.750965E3,5.661778E3,8.918704E1,3.406772E3,2.2550059E3,7.717775E1,1.20092945E1,1.3017438E3,9.53262E2,3.504753E1,4.2130215E1,5.802953E2,3.7296677E2,5.5323E2,2.7065277E1],"tree_param":{"num_deleted":"0","num_feature":"3","num_nodes":"15","size_leaf_vector":"0"}},{"base_weights":[-5.367416E-1,-5.2736056E-1,-1.1274498E0,-1.464656E-1,-5.848188E-1,-1.2059265E0,-1.763975E-1,-6.5769356E-1,-4.8597482E-1,-4.3937263E-1,-2.8162012E-1,-6.608767E-1,-1.5318342E-1,-4.3063164E-1,-1.7117801E-1,-2.1600915E-1,-1.8785907E-1,-1.2532263E-1,-2.0127131E-1],"categories":[3,1,2,2,3,2,1,1,2],"categories_nodes":[0,1,2,4,5,7,8,11,13],"categories_segments":[0,1,2,3,4,5,6,7,8],"categories_sizes":[1,1,1,1,1,1,1,1,1],"default_left":[0,0,0,0,0,0,0,0,0,0,0,0,0,0,0,0,0,0,0],"id":3,"left_children":[1,3,5,-1,7,9,-1,11,13,-1,-1,15,-1,17,-1,-1,-1,-1,-1],"loss_changes":[2.9088013E1,1.1577026E1,2.7986832E0,0E0,1.5039001E1,3.5583649E0,0E0,2.3590088E-1,4.0097504E0,0E0,0E0,2.0008545E0,0E0,1.4338074E0,0E0,0E0,0E0,0E0,0E0],"parents":[2147483647,0,0,1,1,2,2,4,4,5,5,7,7,8,8,11,11,13,13],"right_children":[2,4,6,-1,8,10,-1,12,14,-1,-1,16,-1,18,-1,-1,-1,-1,-1],"split_conditions":[NaN,NaN,NaN,-1.464656E-1,NaN,NaN,-1.763975E-1,NaN,NaN,-4.3937263E-1,-2.8162012E-1,NaN,-1.5318342E-1,NaN,-1.7117801E-1,-2.1600915E-1,-1.8785907E-1,-1.2532263E-1,-2.0127131E-1],"split_indices":[1,0,2,0,1,1,0,2,2,0,0,0,0,1,0,0,0,0,0],"split_type":[1,1,1,0,1,1,0,1,1,0,0,1,0,1,0,0,0,0,0],"sum_hessian":[5.355443E3,5.273586E3,8.18572E1,3.1424036E3,2.1311821E3,7.038291E1,1.1474286E1,1.223487E3,9.0769507E2,3.348618E1,3.6896732E1,1.1941503E3,2.933674E1,5.524588E2,3.5523627E2,4.3404016E2,7.601101E2,5.2692993E2,2.5528904E1],"tree_param":{"num_deleted":"0","num_feature":"3","num_nodes":"19","size_leaf_vector":"0"}}]},"name":"gbtree"},"learner_model_param":{"base_score":"5E-1","num_class":"0","num_feature":"3","num_target":"1"},"objective":{"name":"reg:squarederror","reg_loss_param":{"scale_pos_weight":"1"}}},"version":[1,6,2]}