{"learner":{"attributes":{"best_ntree_limit":"1"},"feature_names":[],"feature_types":["q","q","q","q","q","q","q","q","q","q","q","q","q","q","c","c","c","c","c","c","c","c","c"],"gradient_booster":{"model":{"gbtree_model_param":{"num_parallel_tree":"1","num_trees":"1","size_leaf_vector":"0"},"tree_info":[0],"trees":[{"base_weights":[-1.7072988E0,-9.696597E-1,-2.054678E0,-1.8534195E0,-1.5943138E-1,2.350685E1,-2.0874774E0,-6.286189E-1,-1.4644842E0,3.8166368E-1,-9.530243E-1,1.7225744E1,-5.866041E-1,-1.8275794E0,-2.1857038E0,-1.181907E0,-1.7963715E0,6.9252366E-1,1.787782E-1,-5.314757E-1,-1.1976238E0,-1.8877448E0,-1.2071143E0,-1.851638E0,-2.246629E0,-1.2271576E0,4.475052E-1,-1.6545296E1,-1.3830671E0,7.345295E-1,-1.1862694E0,2.1996865E-1,-1.3099829E0,-2.1425453E-1,-8.7142825E-1,-1.1487086E0,-1.4562012E0,-1.5114655E0,-1.9554011E0,-5.679696E-1,-1.4959968E0,-1.6208146E0,-2.0055096E0,-2.2683482E0,-1.9107553E0,-3.7377894E-1,1.0628278E-1,-1.5393597E-1,2.891232E-1,2.117185E-3,-9.25679E0,-3.260464E-1,-5.5876607E-1,-1.8651131E-1,2.2839133E-1,-1.5456334E-1,-4.941973E-1,-2.4009743E-1,8.0923565E-2,-1.9113822E-1,6.8285935E-2,-2.8605136E-1,2.6384196E-1,-2.9409748E-1,-4.8731878E-1,-6.397365E-1,-4.1406354E-1,-5.3812724E-1,-6.147628E-1,-5.590922E-2,-3.6312228E-1,6.943862E-2,-4.6914354E-1,7.290491E-2,-4.9185237E-1,-4.5145485E-1,-6.2791544E-1,-6.8667746E-1,-6.001943E-1,-6.4793634E-1,-4.9470437E-1],"categories":[1,2,3,7,8,10,1,2,0,1,2,4,5,6,7,9,1,2,1,2,2,4,2,3],"categories_nodes":[0,4,8,9,10,22,39,40],"categories_segments":[0,2,6,8,16,18,20,22],"categories_sizes":[2,4,2,8,2,2,2,2],"default_left":[0,1,1,1,0,1,0,0,0,0,0,0,0,0,0,1,1,1,0,0,0,1,0,1,0,1,0,0,1,0,0,0,0,0,1,0,0,1,0,0,0,0,1,1,1,0,0,0,0,0,0,0,0,0,0,0,0,0,0,0,0,0,0,0,0,0,0,0,0,0,0,0,0,0,0,0,0,0,0,0,0],"id":0,"left_children":[1,3,5,7,9,11,13,-1,15,17,19,-1,-1,21,23,25,27,29,31,33,35,37,39,41,43,45,47,49,51,53,55,57,-1,59,61,63,-1,65,67,69,71,73,75,77,79,-1,-1,-1,-1,-1,-1,-1,-1,-1,-1,-1,-1,-1,-1,-1,-1,-1,-1,-1,-1,-1,-1,-1,-1,-1,-1,-1,-1,-1,-1,-1,-1,-1,-1,-1,-1],"loss_changes":[1.4434824E3,1.2942776E3,3.2636309E3,7.8305176E1,4.0585696E2,4.425419E3,9.37832E1,0E0,2.9288818E1,3.5332863E1,3.886682E1,0E0,0E0,3.7166016E1,5.2310547E1,1.4103485E1,9.043319E2,1.8365501E1,6.490219E1,1.5177521E1,3.7642822E1,2.1520752E1,1.6908142E1,1.2151245E1,1.2749023E1,5.759308E0,3.3212512E0,9.607584E2,1.914801E1,8.3691635E0,7.694349E-1,1.7453157E1,0E0,1.4164162E1,1.0674786E1,1.7612152E1,0E0,9.358856E0,8.629883E0,7.5092754E0,8.049881E0,6.623291E0,8.069458E0,7.5078125E0,6.123352E0,0E0,0E0,0E0,0E0,0E0,0E0,0E0,0E0,0E0,0E0,0E0,0E0,0E0,0E0,0E0,0E0,0E0,0E0,0E0,0E0,0E0,0E0,0E0,0E0,0E0,0E0,0E0,0E0,0E0,0E0,0E0,0E0,0E0,0E0,0E0,0E0],"parents":[2147483647,0,0,1,1,2,2,3,3,4,4,5,5,6,6,8,8,9,9,10,10,13,13,14,14,15,15,16,16,17,17,18,18,19,19,20,20,21,21,22,22,23,23,24,24,25,25,26,26,27,27,28,28,29,29,30,30,31,31,33,33,34,34,35,35,37,37,38,38,39,39,40,40,41,41,42,42,43,43,44,44],"right_children":[2,4,6,8,10,12,14,-1,16,18,20,-1,-1,22,24,26,28,30,32,34,36,38,40,42,44,46,48,50,52,54,56,58,-1,60,62,64,-1,66,68,70,72,74,76,78,80,-1,-1,-1,-1,-1,-1,-1,-1,-1,-1,-1,-1,-1,-1,-1,-1,-1,-1,-1,-1,-1,-1,-1,-1,-1,-1,-1,-1,-1,-1,-1,-1,-1,-1,-1,-1],"split_conditions":[NaN,5.65E2,-1.5E1,2.3E1,NaN,1.0302E4,8E4,-6.286189E-1,NaN,NaN,NaN,1.7225744E1,-5.866041E-1,8.695E4,2.072E3,2.75E2,3.6E1,1.2079E4,5.4E1,5.7E3,3.6E5,4E2,NaN,5.56E2,1.79208E6,1.29E3,1.08E2,-2.292E3,9.3E1,2.1E1,1.2577E4,1E3,-1.3099829E0,3.01E3,9.606E3,1.4E5,-1.4562012E0,1.7E2,5E4,NaN,NaN,5E1,1.5E2,2.20847E5,3.16E2,-3.7377894E-1,1.0628278E-1,-1.5393597E-1,2.891232E-1,2.117185E-3,-9.25679E0,-3.260464E-1,-5.5876607E-1,-1.8651131E-1,2.2839133E-1,-1.5456334E-1,-4.941973E-1,-2.4009743E-1,8.0923565E-2,-1.9113822E-1,6.8285935E-2,-2.8605136E-1,2.6384196E-1,-2.9409748E-1,-4.8731878E-1,-6.397365E-1,-4.1406354E-1,-5.3812724E-1,-6.147628E-1,-5.590922E-2,-3.6312228E-1,6.943862E-2,-4.6914354E-1,7.290491E-2,-4.9185237E-1,-4.5145485E-1,-6.2791544E-1,-6.8667746E-1,-6.001943E-1,-6.4793634E-1,-4.9470437E-1],"split_indices":[17,2,6,1,17,11,0,0,20,21,21,0,0,11,2,13,1,10,1,9,0,10,19,10,10,6,2,7,11,11,13,8,0,12,13,0,0,5,0,21,21,8,11,3,5,0,0,0,0,0,0,0,0,0,0,0,0,0,0,0,0,0,0,0,0,0,0,0,0,0,0,0,0,0,0,0,0,0,0,0,0],"split_type":[1,0,0,0,1,0,0,0,1,1,1,0,0,0,0,0,0,0,0,0,0,0,1,0,0,0,0,0,0,0,0,0,0,0,0,0,0,0,0,1,1,0,0,0,0,0,0,0,0,0,0,0,0,0,0,0,0,0,0,0,0,0,0,0,0,0,0,0,0,0,0,0,0,0,0,0,0,0,0,0,0],"sum_hessian":[5.640089E3,1.8069435E3,3.8331455E3,8.636386E2,9.433049E2,3.995063E0,3.8291504E3,5.2969836E2,3.3394028E2,5.6118884E2,3.8211603E2,1.1750185E0,2.8200445E0,1.0556367E3,2.7735137E3,1.8283289E2,1.5110739E2,2.2066849E2,3.405204E2,1.4147223E2,2.406438E2,9.6046014E2,9.5176506E1,4.326418E2,2.340872E3,1.7813281E2,4.700074E0,3.0550482E0,1.4805234E2,2.1643842E2,4.230067E0,3.3840533E2,2.1150334E0,7.402617E1,6.744607E1,2.3876376E2,1.8800297E0,1.4993237E2,8.105278E2,3.0550482E1,6.462602E1,1.7766281E2,2.5497902E2,2.1932896E3,1.4758234E2,1.7625278E2,1.8800297E0,1.645026E0,3.0550482E0,1.8800297E0,1.1750185E0,9.353148E1,5.452086E1,3.7600594E0,2.1267836E2,2.5850408E0,1.645026E0,1.5040237E1,3.233651E2,3.7600594E1,3.6425575E1,6.486102E1,2.5850408E0,1.7860281E2,6.016095E1,2.350037E1,1.26432E2,3.0503482E2,5.0549298E2,1.9975315E1,1.0575167E1,2.350037E0,6.227598E1,1.645026E0,1.7601778E2,4.0655643E1,2.1432338E2,2.029727E3,1.6356258E2,7.191113E1,7.5671196E1],"tree_param":{"num_deleted":"0","num_feature":"23","num_nodes":"81","size_leaf_vector":"0"}}]},"name":"gbtree"},"learner_model_param":{"base_score":"5E-1","num_class":"0","num_feature":"23","num_target":"1"},"objective":{"name":"reg:squarederror","reg_loss_param":{"scale_pos_weight":"1"}}},"version":[1,6,2]}