{"learner":{"attributes":{"best_ntree_limit":"6"},"feature_names":[],"feature_types":["q","q","q","q","q","q","q","q","q","q","q","q","q","q","c","c","c","c","c","c"],"gradient_booster":{"model":{"gbtree_model_param":{"num_parallel_tree":"1","num_trees":"1","size_leaf_vector":"0"},"tree_info":[0],"trees":[{"base_weights":[-1.3780123E0,-7.7869916E-1,-1.6597649E0,-1.4865912E0,-1.3062444E-1,1.9031395E1,-1.6970515E0,-5.046897E-1,-1.1773572E0,2.902194E-1,-7.5686353E-1,-1.4804397E0,-1.7827307E0,-9.103528E-1,-1.496185E0,5.351031E-1,1.27772E-1,-4.152942E-1,-9.5482373E-1,-1.0593075E0,-1.5340213E0,-1.5255076E0,-1.8199856E0,3.4167328E-1,-9.613569E-1,-9.126621E0,-1.1399236E0,5.6803775E-1,-9.941061E-1,1.6021293E-1,-3.3807826E0,-1.1559696E0,-2.9167506E-1,-9.862342E-1,9.635413E-1,-8.931456E-1,-5.883338E-1,1.45659E0,-1.5442982E0,-1.3658785E0,-1.6825882E0,-1.7101367E0,-1.8638791E0,1.8254498E-1,-1.3401566E-1,2.1085678E-2,-2.9559126E-1,-9.214742E0,-3.8252452E-1,-2.651995E-1,-4.461893E-1,-1.6485266E-1,1.7535976E-1,-8.827605E-2,-4.0069017E-1,-2.0264745E-1,6.0426943E-2,-2.0081282E0,1.3817647E-1,7.0702784E-2,-3.7057173E-1,-1.5525085E-1,4.0899962E-2,-2.4570851E-1,-4.5297784E-1,-1.0474578E-1,-3.3638182E-1,-3.831235E-1,-4.728369E-1,-3.6282283E-1,-4.7047728E-1,-3.9854917E-1,-5.1903784E-1,-3.9711824E-1,-5.267338E-1,-5.728267E-1,-5.136296E-1],"categories":[1,2,3,7,8,1,2,9,0,1,2,4,5,6,7,9,1,2,1,2,1,2,1,2],"categories_nodes":[0,4,8,9,10,11,38,41],"categories_segments":[0,2,5,8,16,18,20,22],"categories_sizes":[2,3,3,8,2,2,2,2],"default_left":[0,1,1,1,0,0,0,0,0,0,0,0,0,0,1,1,0,1,0,0,1,1,0,0,0,1,1,0,0,0,1,0,0,0,0,1,0,0,0,0,1,0,1,0,0,0,0,0,0,0,0,0,0,0,0,0,0,0,0,0,0,0,0,0,0,0,0,0,0,0,0,0,0,0,0,0,0],"id":0,"left_children":[1,3,5,7,9,-1,11,-1,13,15,17,19,21,23,25,27,29,31,33,35,37,39,41,43,45,47,49,51,53,55,57,59,61,63,-1,65,-1,-1,67,69,71,73,75,-1,-1,-1,-1,-1,-1,-1,-1,-1,-1,-1,-1,-1,-1,-1,-1,-1,-1,-1,-1,-1,-1,-1,-1,-1,-1,-1,-1,-1,-1,-1,-1,-1,-1],"loss_changes":[1.1788691E3,1.0260176E3,1.1644933E4,6.2715088E1,3.0827695E2,0E0,8.554297E1,0E0,3.4192993E1,2.7770447E1,3.138852E1,2.8896729E1,2.9804688E1,1.5006912E1,5.0284778E2,1.4604942E1,4.8577564E1,1.5617075E1,4.2015198E1,2.160968E1,8.614258E1,8.641785E0,1.1106445E1,2.3196049E0,5.532135E0,1.3642349E3,1.4823151E1,5.3634567E0,1.0987163E0,1.4570343E1,5.2864773E1,3.0031815E0,1.4632876E1,2.4627441E1,0E0,1.6173584E1,0E0,0E0,8.163086E0,5.1239014E0,1.3305054E0,1.2816895E1,1.1295898E1,0E0,0E0,0E0,0E0,0E0,0E0,0E0,0E0,0E0,0E0,0E0,0E0,0E0,0E0,0E0,0E0,0E0,0E0,0E0,0E0,0E0,0E0,0E0,0E0,0E0,0E0,0E0,0E0,0E0,0E0,0E0,0E0,0E0,0E0],"parents":[2147483647,0,0,1,1,2,2,3,3,4,4,6,6,8,8,9,9,10,10,11,11,12,12,13,13,14,14,15,15,16,16,17,17,18,18,19,19,20,20,21,21,22,22,23,23,24,24,25,25,26,26,27,27,28,28,29,29,30,30,31,31,32,32,33,33,35,35,38,38,39,39,40,40,41,41,42,42],"right_children":[2,4,6,8,10,-1,12,-1,14,16,18,20,22,24,26,28,30,32,34,36,38,40,42,44,46,48,50,52,54,56,58,60,62,64,-1,66,-1,-1,68,70,72,74,76,-1,-1,-1,-1,-1,-1,-1,-1,-1,-1,-1,-1,-1,-1,-1,-1,-1,-1,-1,-1,-1,-1,-1,-1,-1,-1,-1,-1,-1,-1,-1,-1,-1,-1],"split_conditions":[NaN,5.59E2,3.53E2,2.3E1,NaN,1.9031395E1,8E4,-5.046897E-1,NaN,NaN,NaN,NaN,2.097E3,3.26E2,3.6E1,1.2036E4,5.4E1,1.313E3,2.62368E5,2.6894E4,3.94E2,8.95E2,1.5E5,4.11E2,8E4,1.6489E4,1.07E2,8E0,1.2076E4,1E3,3.2E5,6.19E3,1E4,1.8E5,9.635413E-1,1.5E2,-5.883338E-1,1.45659E0,NaN,7.8E2,1.23E2,NaN,1.55493E5,1.8254498E-1,-1.3401566E-1,2.1085678E-2,-2.9559126E-1,-9.214742E0,-3.8252452E-1,-2.651995E-1,-4.461893E-1,-1.6485266E-1,1.7535976E-1,-8.827605E-2,-4.0069017E-1,-2.0264745E-1,6.0426943E-2,-2.0081282E0,1.3817647E-1,7.0702784E-2,-3.7057173E-1,-1.5525085E-1,4.0899962E-2,-2.4570851E-1,-4.5297784E-1,-1.0474578E-1,-3.3638182E-1,-3.831235E-1,-4.728369E-1,-3.6282283E-1,-4.7047728E-1,-3.9854917E-1,-5.1903784E-1,-3.9711824E-1,-5.267338E-1,-5.728267E-1,-5.136296E-1],"split_indices":[14,2,8,1,14,0,0,0,17,18,18,16,2,3,1,10,1,6,6,8,3,11,0,5,0,11,6,11,9,8,0,4,12,0,0,11,0,0,18,2,10,17,2,0,0,0,0,0,0,0,0,0,0,0,0,0,0,0,0,0,0,0,0,0,0,0,0,0,0,0,0,0,0,0,0,0,0],"split_type":[1,0,0,0,1,0,0,0,1,1,1,1,0,0,0,0,0,0,0,0,0,0,0,0,0,0,0,0,0,0,0,0,0,0,0,0,0,0,1,0,0,1,0,0,0,0,0,0,0,0,0,0,0,0,0,0,0,0,0,0,0,0,0,0,0,0,0,0,0,0,0,0,0,0,0,0,0],"sum_hessian":[6.98807E3,2.235891E3,4.7521787E3,1.06801E3,1.1678812E3,1.7470175E0,4.7504316E3,6.513464E2,4.1666367E2,6.98807E2,4.690742E2,1.3516093E3,3.3988225E3,2.288593E2,1.8780438E2,2.777758E2,4.2103122E2,1.732459E2,2.958283E2,1.5490222E2,1.196707E3,4.3529852E2,2.963524E3,8.735087E0,2.201242E2,7.2792397E0,1.8052515E2,2.7253473E2,5.2410526E0,4.1811954E2,2.911696E0,2.3584736E1,1.4966116E2,2.9437244E2,1.455848E0,1.3248216E2,2.2420057E1,1.1646783E0,1.1955424E3,2.2070654E2,2.1459198E2,8.5749445E2,2.1060295E3,6.6969004E0,2.038187E0,4.949883E0,2.1517432E2,1.1646783E0,6.114561E0,1.05985725E2,7.453941E1,3.494035E0,2.690407E2,2.3293567E0,2.911696E0,1.8926023E1,3.991935E2,1.1646783E0,1.7470175E0,1.1646783E0,2.2420057E1,9.783298E1,5.1828186E1,2.2507408E2,6.929836E1,3.9890232E1,9.259193E1,1.3160866E2,1.0639337E3,1.2840579E2,9.230076E1,2.8825788E1,1.8576619E2,9.375661E1,7.637378E2,1.6110413E3,4.9498828E2],"tree_param":{"num_deleted":"0","num_feature":"20","num_nodes":"77","size_leaf_vector":"0"}}]},"name":"gbtree"},"learner_model_param":{"base_score":"5E-1","num_class":"0","num_feature":"20","num_target":"1"},"objective":{"name":"reg:squarederror","reg_loss_param":{"scale_pos_weight":"1"}}},"version":[1,6,2]}