{"learner":{"attributes":{"best_ntree_limit":"1"},"feature_names":[],"feature_types":["q","q","q","q","q","q","q","q","q","q","q","q","q","q","c","c","c","c","c","c"],"gradient_booster":{"model":{"gbtree_model_param":{"num_parallel_tree":"1","num_trees":"1","size_leaf_vector":"0"},"tree_info":[0],"trees":[{"base_weights":[-1.7058758E0,-9.882625E-1,-2.0420156E0,-1.8371152E0,-1.946742E-1,5.2545452E1,-2.0920088E0,-1.4685936E0,-6.248327E-1,3.118326E-1,-9.579103E-1,2.6661978E1,-4.6648744E-1,-1.825108E0,-2.199367E0,-1.1284138E0,-1.8139797E0,5.802266E-1,1.0036209E-1,-5.389622E-1,-1.1812888E0,-1.4059534E0,-1.8938096E0,-2.0078788E0,-2.2496414E0,-1.3826664E-1,-1.2044098E0,-1.5335175E0,-5.410768E0,6.140739E-1,-6.947616E-1,-2.3304062E0,1.5375015E-1,-3.6073333E-1,-1.2347612E0,-1.1135472E0,-1.9474787E0,-1.1244143E0,-1.8362244E0,-1.9029156E0,7.5116533E-1,-1.8386655E0,-2.1606948E0,-2.2719378E0,-1.9663961E0,9.0966605E-2,-3.169171E-1,-3.6471865E-1,2.1718096E-2,-3.719675E-1,-5.404354E-1,1.9192405E-1,-1.409596E-1,1.4403838E-1,-3.2555678E-1,-2.2224922E-1,5.490542E-2,-1.2765335E-1,1.6109169E-1,-2.4581065E-2,-3.8562915E-1,-2.1652903E-1,-3.893984E-1,-2.0057149E-1,-4.3697658E-1,-5.629277E-1,-1.1082659E-1,-4.3423548E-1,-5.817076E-1,-4.3908855E-1,-5.863818E-1,-2.2890149E-1,-6.5248007E-1,-5.748938E-1,-6.8770194E-1,-6.892249E-2,-5.962935E-1],"categories":[1,2,3,7,8,1,2,0,1,2,9,1,2,5,1,2,1,9,1,2,0,1,8],"categories_nodes":[0,4,7,9,10,13,25,27,29],"categories_segments":[0,2,5,7,11,14,16,18,20],"categories_sizes":[2,3,2,4,3,2,2,2,3],"default_left":[0,1,1,0,0,1,0,0,0,0,0,0,0,0,1,0,0,1,1,0,0,0,0,0,0,0,1,0,0,0,0,0,0,0,0,0,0,1,1,1,0,0,0,1,0,0,0,0,0,0,0,0,0,0,0,0,0,0,0,0,0,0,0,0,0,0,0,0,0,0,0,0,0,0,0,0,0],"id":0,"left_children":[1,3,5,7,9,11,13,15,-1,17,19,-1,-1,21,23,25,27,29,31,33,35,37,39,41,43,45,47,49,-1,51,53,-1,55,57,59,61,-1,63,65,67,-1,69,71,73,75,-1,-1,-1,-1,-1,-1,-1,-1,-1,-1,-1,-1,-1,-1,-1,-1,-1,-1,-1,-1,-1,-1,-1,-1,-1,-1,-1,-1,-1,-1,-1,-1],"loss_changes":[1.4063359E3,1.2555598E3,1.0958033E4,7.848291E1,3.7322595E2,7.361867E3,1.098125E2,4.0680054E1,0E0,3.289593E1,3.539862E1,0E0,0E0,3.03208E1,2.2708984E1,1.3818466E1,7.858174E2,1.1459648E1,1.3812021E2,1.6388985E1,8.281479E1,1.7944855E1,4.405835E1,1.1475098E1,9.625977E0,6.1481476E0,2.580658E0,1.1679901E1,0E0,7.245865E0,3.769023E0,0E0,8.638031E0,6.594904E0,1.4875145E0,1.7010803E1,0E0,1.4535492E1,3.066162E0,1.3306885E1,0E0,9.757568E0,4.473999E0,1.0571289E1,5.8273315E0,0E0,0E0,0E0,0E0,0E0,0E0,0E0,0E0,0E0,0E0,0E0,0E0,0E0,0E0,0E0,0E0,0E0,0E0,0E0,0E0,0E0,0E0,0E0,0E0,0E0,0E0,0E0,0E0,0E0,0E0,0E0,0E0],"parents":[2147483647,0,0,1,1,2,2,3,3,4,4,5,5,6,6,7,7,9,9,10,10,13,13,14,14,15,15,16,16,17,17,18,18,19,19,20,20,21,21,22,22,23,23,24,24,25,25,26,26,27,27,29,29,30,30,32,32,33,33,34,34,35,35,37,37,38,38,39,39,41,41,42,42,43,43,44,44],"right_children":[2,4,6,8,10,12,14,16,-1,18,20,-1,-1,22,24,26,28,30,32,34,36,38,40,42,44,46,48,50,-1,52,54,-1,56,58,60,62,-1,64,66,68,-1,70,72,74,76,-1,-1,-1,-1,-1,-1,-1,-1,-1,-1,-1,-1,-1,-1,-1,-1,-1,-1,-1,-1,-1,-1,-1,-1,-1,-1,-1,-1,-1,-1,-1,-1],"split_conditions":[NaN,7.8E2,8.6E2,5.2E5,NaN,1.10988E5,8E4,NaN,-6.248327E-1,NaN,NaN,2.6661978E1,-4.6648744E-1,NaN,1.008E3,1.3E5,1.9E5,1.2162E4,2.522E3,2.13392E5,3E5,5E1,2.9205E4,1.9E5,2.313E5,NaN,-2E2,NaN,-5.410768E0,NaN,3.003E3,-2.3304062E0,7.92E2,1.27043E5,1.0053E4,5E4,-1.9474787E0,2.11E3,4.729E3,8E0,7.5116533E-1,3.072E3,-1.52E2,1.81E2,2.6E1,9.0966605E-2,-3.169171E-1,-3.6471865E-1,2.1718096E-2,-3.719675E-1,-5.404354E-1,1.9192405E-1,-1.409596E-1,1.4403838E-1,-3.2555678E-1,-2.2224922E-1,5.490542E-2,-1.2765335E-1,1.6109169E-1,-2.4581065E-2,-3.8562915E-1,-2.1652903E-1,-3.893984E-1,-2.0057149E-1,-4.3697658E-1,-5.629277E-1,-1.1082659E-1,-4.3423548E-1,-5.817076E-1,-4.3908855E-1,-5.863818E-1,-2.2890149E-1,-6.5248007E-1,-5.748938E-1,-6.8770194E-1,-6.892249E-2,-5.962935E-1],"split_indices":[14,2,2,0,14,3,0,18,0,19,19,0,0,17,10,0,0,10,3,6,0,1,8,0,2,17,2,18,0,16,13,0,8,5,11,0,0,9,9,9,0,2,3,9,1,0,0,0,0,0,0,0,0,0,0,0,0,0,0,0,0,0,0,0,0,0,0,0,0,0,0,0,0,0,0,0,0],"split_type":[1,0,0,0,1,0,0,1,0,1,1,0,0,1,0,0,0,0,0,0,0,0,0,0,0,1,0,1,0,1,0,0,0,0,0,0,0,0,0,0,0,0,0,0,0,0,0,0,0,0,0,0,0,0,0,0,0,0,0,0,0,0,0,0,0,0,0,0,0,0,0,0,0,0,0,0,0],"sum_hessian":[5.8374917E3,1.863376E3,3.9741157E3,8.997034E2,9.636726E2,2.675517E0,3.9714402E3,3.6265417E2,5.3704926E2,5.7961426E2,3.8405832E2,1.2161441E0,1.459373E0,1.1443916E3,2.8270486E3,1.8485391E2,1.7780026E2,2.5466058E2,3.249537E2,1.3474876E2,2.4930954E2,1.6417946E2,9.8021216E2,5.963971E2,2.2306516E3,1.3377585E1,1.7147632E2,1.7585445E2,1.9458306E0,2.4857986E2,6.0807204E0,1.2161441E0,3.2373755E2,1.0848006E2,2.6268713E1,2.4736371E2,1.9458306E0,1.0142642E2,6.2753036E1,9.787528E2,1.459373E0,2.8919907E2,3.07198E2,2.0613643E3,1.6928726E2,9.485924E0,3.8916612E0,1.7001695E2,1.459373E0,8.658946E1,8.926498E1,2.4322882E2,5.351034E0,1.459373E0,4.6213474E0,9.485924E0,3.1425165E2,1.0166965E2,6.810407E0,1.2161441E0,2.5052568E1,8.075197E1,1.6661174E2,4.4024418E1,5.7402E1,6.0807205E1,1.9458306E0,7.4914474E1,9.038383E2,7.150928E1,2.176898E2,3.6484323E0,3.0354956E2,1.16993065E2,1.9443712E3,2.1890595E0,1.670982E2],"tree_param":{"num_deleted":"0","num_feature":"20","num_nodes":"77","size_leaf_vector":"0"}}]},"name":"gbtree"},"learner_model_param":{"base_score":"5E-1","num_class":"0","num_feature":"20","num_target":"1"},"objective":{"name":"reg:squarederror","reg_loss_param":{"scale_pos_weight":"1"}}},"version":[1,6,2]}