{"learner":{"attributes":{"best_ntree_limit":"1"},"feature_names":[],"feature_types":["q","q","q","q","q","q","q","c","c","c","c","c","c","c","c","c","c"],"gradient_booster":{"model":{"gbtree_model_param":{"num_parallel_tree":"1","num_trees":"1","size_leaf_vector":"0"},"tree_info":[0],"trees":[{"base_weights":[-1.6193357E0,-1.6607875E0,-9.994E-1,-1.6967431E0,-1.4804903E0,-1.1019192E0,-3.9758596E-1,-1.7492217E0,-1.5688413E0,-1.4388553E0,-1.7454828E0,-9.1253525E-1,-1.236868E0,1.9611205E-1,-5.598398E-1,-1.7901567E0,-1.702849E0,-1.5789462E0,-1.029392E0,-1.6003945E0,-1.3737096E0,-1.8419286E0,-1.0014603E0,-1.0317831E0,-5.842898E-1,-1.4435687E0,-1.1433161E0,5.067766E-1,-1.0091056E0,-2.4859759E-1,-8.018311E-1,-1.697641E0,-1.8258263E0,-1.780152E0,-1.6558602E0,-1.7444193E0,-1.5454684E0,-3.4256557E-1,-1.1811106E0,-1.6222235E0,-5.7730407E-1,-1.6835783E0,-1.3338857E0,-1.8538057E0,-9.146257E-2,-1.1889315E0,3.983005E-1,-4.130124E-1,-9.402314E-1,-4.6024236E-1,-1.4545575E0,-1.2828568E0,-5.4204166E-1,-9.58035E-1,-1.3786141E0,2.9968652E-1,2.8508222E-1,-1.5489077E-2,-4.145452E-1,-5.200666E-1,3.3700877E-1,2.9966283E-1,-9.2347354E-1,-5.100804E-1,-1.5489077E-2,-5.2587795E-1,-5.633316E-1,-5.3559494E-1,-8.0786094E-2,-4.5282707E-1,-5.081364E-1,-4.7474203E-1,-5.5704325E-1,-4.938731E-1,-4.5250008E-1,4.396254E-2,-2.1512096E-1,-4.208202E-1,-1.3893971E-1,-5.118168E-1,-4.3479523E-1,-3.296765E-1,-1.1716964E-2,-3.2236624E-1,-5.4997444E-1,-1.0276967E-1,-4.0301168E-1,-5.6204396E-1,-2.4953575E-1,-3.9010572E-1,1.2244079E-1,9.2904955E-1,-3.2533646E-1,-1.9036008E-1,-1.1415629E-2,-5.279628E-1,-1.5489077E-2,-4.020682E-1,-8.8632524E-2,-3.6345768E-1,-2.2523098E-1,-4.8557287E-1,-3.5306874E-1,6.9567375E-3,2.6384196E-1,-2.8572208E-1,-4.588001E-2,1.5278512E-1,-1.5341894E-1,2.3093164E-1,-1.5341894E-1,-3.3028162E-1,-8.314574E-2],"categories":[2,2,3,1],"categories_nodes":[4,18,21,23],"categories_segments":[0,1,2,3],"categories_sizes":[1,1,1,1],"default_left":[1,1,0,0,0,0,0,1,0,0,0,0,0,1,0,0,0,0,0,0,1,0,0,0,0,0,0,0,0,0,0,0,0,1,0,0,1,1,1,0,0,0,0,1,0,0,0,0,1,1,1,0,0,0,0,0,0,0,0,0,0,0,0,0,0,0,0,0,0,0,0,0,0,0,0,0,0,0,0,0,0,0,0,0,0,0,0,0,0,0,0,0,0,0,0,0,0,0,0,0,0,0,0,0,0,0,0,0,0,0,0,0,0],"id":0,"left_children":[1,3,5,7,9,11,13,15,17,19,21,23,25,27,29,31,33,35,37,39,41,43,45,47,49,51,53,55,57,59,61,63,65,67,69,71,73,75,77,79,81,83,85,87,-1,89,-1,-1,91,93,95,97,-1,99,101,-1,103,-1,-1,105,107,109,111,-1,-1,-1,-1,-1,-1,-1,-1,-1,-1,-1,-1,-1,-1,-1,-1,-1,-1,-1,-1,-1,-1,-1,-1,-1,-1,-1,-1,-1,-1,-1,-1,-1,-1,-1,-1,-1,-1,-1,-1,-1,-1,-1,-1,-1,-1,-1,-1,-1,-1],"loss_changes":[2.2145898E2,5.023633E1,3.329059E1,4.274414E1,1.2501465E1,1.0794739E1,7.9256296E0,6.057617E0,9.174805E0,1.0236572E1,1.1076965E1,7.14476E0,3.5630493E0,7.3090563E0,4.619581E0,5.2436523E0,5.29541E0,8.067871E0,3.691208E0,6.512268E0,8.232666E0,2.3231812E0,1.1558168E1,3.2491608E0,5.273535E0,2.3636932E0,6.9805145E0,1.3628488E0,1.3757505E0,4.8547378E0,5.039419E0,3.0158691E0,3.5683594E0,6.1098633E0,5.3623047E0,2.87146E0,3.597412E0,1.6657344E0,4.4080772E0,2.2529297E0,2.3491833E0,6.4969177E0,6.661133E0,1.5946655E0,0E0,4.3886642E0,0E0,0E0,7.139695E1,3.6289911E0,2.652688E0,2.9488983E0,0E0,4.859642E0,2.0452423E0,0E0,1.8180583E0,0E0,0E0,3.1090808E0,1.711825E0,2.0293977E0,3.3945599E0,0E0,0E0,0E0,0E0,0E0,0E0,0E0,0E0,0E0,0E0,0E0,0E0,0E0,0E0,0E0,0E0,0E0,0E0,0E0,0E0,0E0,0E0,0E0,0E0,0E0,0E0,0E0,0E0,0E0,0E0,0E0,0E0,0E0,0E0,0E0,0E0,0E0,0E0,0E0,0E0,0E0,0E0,0E0,0E0,0E0,0E0,0E0,0E0,0E0,0E0],"parents":[2147483647,0,0,1,1,2,2,3,3,4,4,5,5,6,6,7,7,8,8,9,9,10,10,11,11,12,12,13,13,14,14,15,15,16,16,17,17,18,18,19,19,20,20,21,21,22,22,23,23,24,24,25,25,26,26,27,27,28,28,29,29,30,30,31,31,32,32,33,33,34,34,35,35,36,36,37,37,38,38,39,39,40,40,41,41,42,42,43,43,45,45,48,48,49,49,50,50,51,51,53,53,54,54,56,56,59,59,60,60,61,61,62,62],"right_children":[2,4,6,8,10,12,14,16,18,20,22,24,26,28,30,32,34,36,38,40,42,44,46,48,50,52,54,56,58,60,62,64,66,68,70,72,74,76,78,80,82,84,86,88,-1,90,-1,-1,92,94,96,98,-1,100,102,-1,104,-1,-1,106,108,110,112,-1,-1,-1,-1,-1,-1,-1,-1,-1,-1,-1,-1,-1,-1,-1,-1,-1,-1,-1,-1,-1,-1,-1,-1,-1,-1,-1,-1,-1,-1,-1,-1,-1,-1,-1,-1,-1,-1,-1,-1,-1,-1,-1,-1,-1,-1,-1,-1,-1,-1],"split_conditions":[4E0,2E0,8E0,6E0,NaN,4E0,3E0,7E0,4.6E1,1.2E1,8E0,6E0,3E0,5E0,3E0,2E0,3E0,2.8E1,NaN,3.6E1,2E0,NaN,2E1,NaN,1.1E1,1.7E1,6E0,2E0,3E0,2E0,2E0,4.3E1,5E0,4E0,2E0,2E0,6E0,5E0,1.3E1,3E0,3E0,5E0,5E0,1.3E1,-9.146257E-2,9E0,3.983005E-1,-4.130124E-1,5E0,2E0,3E0,7E0,-5.4204166E-1,4E0,6E0,2.9968652E-1,6E0,-1.5489077E-2,-4.145452E-1,5E0,2.7E1,6E0,1.1E1,-5.100804E-1,-1.5489077E-2,-5.2587795E-1,-5.633316E-1,-5.3559494E-1,-8.0786094E-2,-4.5282707E-1,-5.081364E-1,-4.7474203E-1,-5.5704325E-1,-4.938731E-1,-4.5250008E-1,4.396254E-2,-2.1512096E-1,-4.208202E-1,-1.3893971E-1,-5.118168E-1,-4.3479523E-1,-3.296765E-1,-1.1716964E-2,-3.2236624E-1,-5.4997444E-1,-1.0276967E-1,-4.0301168E-1,-5.6204396E-1,-2.4953575E-1,-3.9010572E-1,1.2244079E-1,9.2904955E-1,-3.2533646E-1,-1.9036008E-1,-1.1415629E-2,-5.279628E-1,-1.5489077E-2,-4.020682E-1,-8.8632524E-2,-3.6345768E-1,-2.2523098E-1,-4.8557287E-1,-3.5306874E-1,6.9567375E-3,2.6384196E-1,-2.8572208E-1,-4.588001E-2,1.5278512E-1,-1.5341894E-1,2.3093164E-1,-1.5341894E-1,-3.3028162E-1,-8.314574E-2],"split_indices":[6,6,6,1,10,2,0,0,3,4,0,6,1,5,2,6,1,4,9,3,1,12,3,16,1,3,1,5,1,2,1,3,2,5,2,6,0,2,1,6,5,5,3,1,0,0,0,0,0,5,5,6,0,1,0,0,1,0,0,0,3,5,6,0,0,0,0,0,0,0,0,0,0,0,0,0,0,0,0,0,0,0,0,0,0,0,0,0,0,0,0,0,0,0,0,0,0,0,0,0,0,0,0,0,0,0,0,0,0,0,0,0,0],"split_type":[0,0,0,0,1,0,0,0,0,0,0,0,0,0,0,0,0,0,1,0,0,1,0,1,0,0,0,0,0,0,0,0,0,0,0,0,0,0,0,0,0,0,0,0,0,0,0,0,0,0,0,0,0,0,0,0,0,0,0,0,0,0,0,0,0,0,0,0,0,0,0,0,0,0,0,0,0,0,0,0,0,0,0,0,0,0,0,0,0,0,0,0,0,0,0,0,0,0,0,0,0,0,0,0,0,0,0,0,0,0,0,0,0],"sum_hessian":[8.681507E3,8.1358286E3,5.456786E2,6.776097E3,1.3597314E3,4.6554236E2,8.013627E1,4.7957207E3,1.9803762E3,1.1806587E3,1.7907283E2,1.969331E2,2.6860925E2,1.7155272E1,6.2980995E1,2.52723E3,2.2684907E3,1.9420707E3,3.8305603E1,3.3253024E2,8.481284E2,1.5721748E2,2.1855345E1,1.4288226E2,5.4050854E1,7.919625E1,1.89413E2,1.4100223E1,3.0550482E0,2.843545E1,3.4545544E1,7.167613E2,1.8104686E3,8.436633E2,1.4248275E3,3.1819504E2,1.6238756E3,7.5201187E0,3.0785486E1,3.2501013E2,7.5201187E0,9.188645E1,7.5624194E2,1.5580746E2,1.4100223E0,2.0680326E1,1.1750185E0,2.7025427E1,1.1585683E2,4.8645767E1,5.4050856E0,5.8045918E1,2.1150333E1,1.0880672E2,8.060627E1,3.290052E0,1.0810171E1,1.1750185E0,1.8800297E0,1.9505308E1,8.930141E0,3.290052E0,3.1255493E1,7.155863E2,1.1750185E0,7.6775714E2,1.0427114E3,8.406083E2,3.0550482E0,3.0150977E2,1.1233177E3,1.3653716E2,1.8165787E2,4.255917E2,1.1982839E3,3.5250556E0,3.995063E0,2.279536E1,7.990126E0,2.1291336E2,1.1209677E2,3.290052E0,4.230067E0,1.974031E1,7.214614E1,7.5201187E0,7.487218E2,1.520474E2,3.7600594E0,1.9505308E1,1.1750185E0,3.290052E0,1.1256678E2,3.407554E1,1.45702305E1,4.230067E0,1.1750185E0,5.452086E1,3.5250556E0,4.676574E1,6.2040977E1,3.360553E1,4.700074E1,8.22513E0,2.5850408E0,8.22513E0,1.1280178E1,7.755122E0,1.1750185E0,2.1150334E0,1.1750185E0,2.3970379E1,7.2851152E0],"tree_param":{"num_deleted":"0","num_feature":"17","num_nodes":"113","size_leaf_vector":"0"}}]},"name":"gbtree"},"learner_model_param":{"base_score":"5E-1","num_class":"0","num_feature":"17","num_target":"1"},"objective":{"name":"reg:squarederror","reg_loss_param":{"scale_pos_weight":"1"}}},"version":[1,6,2]}