{"learner":{"attributes":{"best_ntree_limit":"3"},"feature_names":[],"feature_types":["q","q","q","q","q","q","q","c","c","c","c","c","c","c","c","c"],"gradient_booster":{"model":{"gbtree_model_param":{"num_parallel_tree":"1","num_trees":"3","size_leaf_vector":"0"},"tree_info":[0,0,0],"trees":[{"base_weights":[-1.454012E0,-1.4893521E0,-9.256067E-1,-1.520009E0,-1.3357189E0,-1.0130533E0,-4.1227964E-1,-1.5647584E0,-1.4110166E0,-1.3002337E0,-1.5624096E0,-8.5170126E-1,-1.128281E0,9.854877E-2,-5.50881E-1,-1.5996876E0,-1.5252589E0,-1.4196332E0,-9.527654E-1,-1.4382639E0,-1.2447256E0,-1.6448284E0,-9.300339E-1,-9.535652E-1,-5.718007E-1,-1.3056366E0,-1.0486083E0,3.6699778E-1,-9.5020247E-1,-2.843493E-1,-7.581392E-1,-1.5209624E0,-1.6301242E0,-1.591285E0,-1.4852357E0,-1.5611225E0,-1.391104E0,-3.6319193E-1,-1.083116E0,-1.4568914E0,-5.668351E-1,-1.5103706E0,-1.2107842E0,-1.6549729E0,-9.679535E-2,-1.0911027E0,3.5148033E-1,-3.7533417E-1,-8.755254E-1,-4.6575487E-1,-1.3327345E0,-1.1688175E0,-4.8638824E-1,-8.907543E-1,-1.2501359E0,8.235793E-1,1.7799409E-1,-2.6941763E-2,-3.876488E-1,-5.1698714E-1,2.2455263E-1,2.0619763E-1,-8.62428E-1,-4.5696086E-1,-2.6941763E-2,-4.704268E-1,-5.0234485E-1,-4.7870678E-1,-8.870731E-2,-4.082144E-1,-4.5528036E-1,-4.270687E-1,-4.9721482E-1,-4.4318214E-1,-4.0784127E-1,2.098847E-2,-2.0714273E-1,-7.9484004E-1,-2.8847218E-1,-5.0610775E-1,-4.2182398E-1,-3.085697E-1,-2.8627237E-2,-2.9792398E-1,-4.9159765E-1,1.2928225E-1,-3.643001E-1,-5.015365E-1,-2.3750669E-1,-3.5610348E-1,9.919894E-2,8.027173E-1,-2.995955E-1,-1.8447836E-1,-3.0652808E-2,-4.91138E-1,6.1227676E-2,-3.6538905E-1,-9.5859215E-2,-3.3246446E-1,-2.1421058E-1,-4.3723089E-1,-3.235777E-1,6.1227676E-2,2.8532472E-1,-1.3948861E-2,2.180007E-1,-2.6751578E-1,-6.0086142E-2,1.1262047E-1,-1.5308246E-1,1.9094418E-1,-1.5308246E-1,-3.0453217E-1,-9.190443E-2],"categories":[2,2,3,1,1,2,3,4],"categories_nodes":[4,18,21,23,38,39],"categories_segments":[0,1,2,3,4,5],"categories_sizes":[1,1,1,1,1,3],"default_left":[1,1,0,0,0,0,0,1,0,0,0,0,0,1,0,0,0,0,0,0,1,0,0,0,0,0,0,0,0,0,0,0,0,1,0,0,1,1,0,0,0,0,0,1,0,0,0,0,1,1,0,0,0,0,0,0,0,0,0,0,0,0,0,0,0,0,0,0,0,0,0,0,0,0,0,0,0,0,0,0,0,0,0,0,0,0,0,0,0,0,0,0,0,0,0,0,0,0,0,0,0,0,0,0,0,0,0,0,0,0,0,0,0,0,0],"id":0,"left_children":[1,3,5,7,9,11,13,15,17,19,21,23,25,27,29,31,33,35,37,39,41,43,45,47,49,51,53,55,57,59,61,63,65,67,69,71,73,75,77,79,81,83,85,87,-1,89,-1,-1,91,93,95,97,-1,99,101,103,105,-1,-1,107,109,111,113,-1,-1,-1,-1,-1,-1,-1,-1,-1,-1,-1,-1,-1,-1,-1,-1,-1,-1,-1,-1,-1,-1,-1,-1,-1,-1,-1,-1,-1,-1,-1,-1,-1,-1,-1,-1,-1,-1,-1,-1,-1,-1,-1,-1,-1,-1,-1,-1,-1,-1,-1,-1],"loss_changes":[1.8880273E2,4.292383E1,2.8359558E1,3.65625E1,1.0806641E1,9.210571E0,6.780424E0,5.323242E0,7.8242188E0,8.828369E0,9.470215E0,6.0695496E0,3.097229E0,6.295649E0,3.9206772E0,4.6259766E0,4.67041E0,7.027832E0,3.1365967E0,5.5220337E0,7.1502686E0,1.9529724E0,1.0294935E1,2.819641E0,4.576092E0,2.1602325E0,5.986267E0,1.3669946E0,1.2325406E0,4.183348E0,4.35367E0,2.5621338E0,3.2207031E0,5.180664E0,4.6748047E0,2.5961304E0,3.1867676E0,1.440586E0,4.5175247E0,2.0975342E0,2.0395584E0,5.591751E0,5.6983643E0,1.3440247E0,0E0,3.836687E0,0E0,0E0,6.253193E1,3.0861998E0,3.7678385E0,2.4944763E0,0E0,4.151886E0,1.8259277E0,1.8970513E-1,1.7188234E0,0E0,0E0,2.6553903E0,1.4635441E0,1.8228122E0,2.8866577E0,0E0,0E0,0E0,0E0,0E0,0E0,0E0,0E0,0E0,0E0,0E0,0E0,0E0,0E0,0E0,0E0,0E0,0E0,0E0,0E0,0E0,0E0,0E0,0E0,0E0,0E0,0E0,0E0,0E0,0E0,0E0,0E0,0E0,0E0,0E0,0E0,0E0,0E0,0E0,0E0,0E0,0E0,0E0,0E0,0E0,0E0,0E0,0E0,0E0,0E0,0E0,0E0],"parents":[2147483647,0,0,1,1,2,2,3,3,4,4,5,5,6,6,7,7,8,8,9,9,10,10,11,11,12,12,13,13,14,14,15,15,16,16,17,17,18,18,19,19,20,20,21,21,22,22,23,23,24,24,25,25,26,26,27,27,28,28,29,29,30,30,31,31,32,32,33,33,34,34,35,35,36,36,37,37,38,38,39,39,40,40,41,41,42,42,43,43,45,45,48,48,49,49,50,50,51,51,53,53,54,54,55,55,56,56,59,59,60,60,61,61,62,62],"right_children":[2,4,6,8,10,12,14,16,18,20,22,24,26,28,30,32,34,36,38,40,42,44,46,48,50,52,54,56,58,60,62,64,66,68,70,72,74,76,78,80,82,84,86,88,-1,90,-1,-1,92,94,96,98,-1,100,102,104,106,-1,-1,108,110,112,114,-1,-1,-1,-1,-1,-1,-1,-1,-1,-1,-1,-1,-1,-1,-1,-1,-1,-1,-1,-1,-1,-1,-1,-1,-1,-1,-1,-1,-1,-1,-1,-1,-1,-1,-1,-1,-1,-1,-1,-1,-1,-1,-1,-1,-1,-1,-1,-1,-1,-1,-1,-1],"split_conditions":[4E0,2E0,8E0,6E0,NaN,4E0,3E0,7E0,4.6E1,1.2E1,8E0,6E0,3E0,5E0,3E0,2E0,3E0,2.8E1,NaN,3.6E1,2E0,NaN,2E1,NaN,1.1E1,1.7E1,6E0,2E0,3E0,2E0,2E0,4.3E1,5E0,4E0,2E0,2E0,6E0,5E0,NaN,NaN,3E0,5E0,1.4E1,1.3E1,-9.679535E-2,9E0,3.5148033E-1,-3.7533417E-1,5E0,2E0,3E1,7E0,-4.8638824E-1,4E0,6E0,1E1,6E0,-2.6941763E-2,-3.876488E-1,5E0,2.7E1,6E0,1.1E1,-4.5696086E-1,-2.6941763E-2,-4.704268E-1,-5.0234485E-1,-4.7870678E-1,-8.870731E-2,-4.082144E-1,-4.5528036E-1,-4.270687E-1,-4.9721482E-1,-4.4318214E-1,-4.0784127E-1,2.098847E-2,-2.0714273E-1,-7.9484004E-1,-2.8847218E-1,-5.0610775E-1,-4.2182398E-1,-3.085697E-1,-2.8627237E-2,-2.9792398E-1,-4.9159765E-1,1.2928225E-1,-3.643001E-1,-5.015365E-1,-2.3750669E-1,-3.5610348E-1,9.919894E-2,8.027173E-1,-2.995955E-1,-1.8447836E-1,-3.0652808E-2,-4.91138E-1,6.1227676E-2,-3.6538905E-1,-9.5859215E-2,-3.3246446E-1,-2.1421058E-1,-4.3723089E-1,-3.235777E-1,6.1227676E-2,2.8532472E-1,-1.3948861E-2,2.180007E-1,-2.6751578E-1,-6.0086142E-2,1.1262047E-1,-1.5308246E-1,1.9094418E-1,-1.5308246E-1,-3.0453217E-1,-9.190443E-2],"split_indices":[6,6,6,1,9,2,0,0,3,4,0,6,1,5,2,6,1,4,8,3,1,11,3,15,1,3,1,5,1,2,1,3,2,5,2,6,0,2,12,7,5,5,4,1,0,0,0,0,0,5,3,6,0,1,0,3,1,0,0,0,3,5,6,0,0,0,0,0,0,0,0,0,0,0,0,0,0,0,0,0,0,0,0,0,0,0,0,0,0,0,0,0,0,0,0,0,0,0,0,0,0,0,0,0,0,0,0,0,0,0,0,0,0,0,0],"split_type":[0,0,0,0,1,0,0,0,0,0,0,0,0,0,0,0,0,0,1,0,0,1,0,1,0,0,0,0,0,0,0,0,0,0,0,0,0,0,1,1,0,0,0,0,0,0,0,0,0,0,0,0,0,0,0,0,0,0,0,0,0,0,0,0,0,0,0,0,0,0,0,0,0,0,0,0,0,0,0,0,0,0,0,0,0,0,0,0,0,0,0,0,0,0,0,0,0,0,0,0,0,0,0,0,0,0,0,0,0,0,0,0,0,0,0],"sum_hessian":[1.0183408E4,9.543327E3,6.40081E2,7.948362E3,1.594965E3,5.460812E2,9.399984E1,5.6253804E3,2.3229814E3,1.3849126E3,2.1005243E2,2.3100253E2,3.1507864E2,2.0123133E1,7.387671E1,2.9644407E3,2.6609397E3,2.2780488E3,4.4932476E1,3.9005798E2,9.948546E2,1.844161E2,2.563632E1,1.6760089E2,6.340165E1,9.28972E1,2.2218144E2,1.653956E1,3.5835717E0,3.3354782E1,4.0521923E1,8.4076105E2,2.1236797E3,9.8961707E2,1.6713226E3,3.7324277E2,1.9048062E3,8.821099E0,3.6111374E1,3.8123688E2,8.821099E0,1.0778281E2,8.870718E2,1.8276215E2,1.6539562E0,2.4258022E1,1.3782967E0,3.1700825E1,1.3590005E2,5.7061485E1,6.340165E0,6.808786E1,2.4809341E1,1.2763028E2,9.4551155E1,3.859231E0,1.268033E1,1.3782967E0,2.2052748E0,2.2879726E1,1.0475056E1,3.859231E0,3.6662693E1,8.3938275E2,1.3782967E0,9.005791E2,1.2231006E3,9.860335E2,3.5835717E0,3.5367096E2,1.3176517E3,1.6015808E2,2.1308469E2,4.992191E2,1.405587E3,4.13489E0,4.686209E0,1.1026374E0,3.500874E1,6.312599E1,3.181109E2,3.859231E0,4.9618683E0,2.3155386E1,8.462742E1,1.6539562E0,8.8541785E2,1.7835161E2,4.4105496E0,2.2879726E1,1.3782967E0,3.859231E0,1.3204083E2,3.9970608E1,1.709088E1,5.237528E0,1.1026374E0,6.395297E1,4.13489E0,5.4856213E1,7.277407E1,3.941929E1,5.513187E1,1.1026374E0,2.7565935E0,9.648077E0,3.0322528E0,9.648077E0,1.3231649E1,9.096759E0,1.3782967E0,2.4809341E0,1.3782967E0,2.8117254E1,8.54544E0],"tree_param":{"num_deleted":"0","num_feature":"16","num_nodes":"115",