{"learner":{"attributes":{"best_ntree_limit":"1"},"feature_names":[],"feature_types":["q","q","q","q","q","q","q","c","c","c","c","c","c","c","c","c","c"],"gradient_booster":{"model":{"gbtree_model_param":{"num_parallel_tree":"1","num_trees":"1","size_leaf_vector":"0"},"tree_info":[0],"trees":[{"base_weights":[-1.61928E0,-1.6504036E0,-7.936287E-1,-1.6971254E0,-1.4492589E0,-8.647251E-1,3.9339762E-2,-1.7595574E0,-1.5999811E0,-1.4139587E0,-1.6873202E0,-6.5341634E-1,-1.0510312E0,2.080278E-1,-4.145452E-1,-1.6842057E0,-1.7878666E0,-1.6218826E0,-1.2883362E0,-1.5470613E0,-1.3562708E0,-1.7125022E0,1.3462448E-1,-8.435161E-1,-2.496101E-1,-5.803217E-1,-1.1334984E0,6.735865E-1,-7.686942E-2,-1.9132481E0,-1.6496038E0,-1.8701856E0,-1.7496611E0,-1.7078623E0,-1.5424155E0,-5.723596E-1,-1.3648988E0,-1.564979E0,-3.0716082E-1,2.3146206E-1,-1.3603464E0,-2.2255774E0,-1.6024721E0,-5.651242E-1,-1.0741936E0,2.7854797E-1,-6.310773E-1,-5.395256E-1,-3.8891208E-1,-8.686338E-1,-1.3003502E0,7.858549E-1,-1.5489077E-2,3.7964192E-1,-6.543685E-1,-4.3575373E-1,-6.036217E-1,-4.9746338E-1,7.798987E-1,-5.6193495E-1,-4.051554E-2,-5.556761E-1,-5.166145E-1,-5.694345E-1,-5.0451165E-1,-4.214912E-1,-4.7361314E-1,9.790185E-2,-3.4630653E-1,-4.3940756E-1,-3.118953E-1,-5.002704E-1,-4.3190435E-1,-2.8752512E-1,1.801609E-1,1.2244079E-1,-1.5489077E-2,-3.243878E-1,-4.1535604E-1,-1.24787E0,-5.9068155E-1,-4.8914656E-1,-4.99596E-2,-7.374098E-2,-3.0095312E-1,-3.951634E-1,-5.6178257E-2,2.2284575E-1,-1.2134012E-1,-7.860321E-2,-3.5319197E-1,3.1673387E-2,-3.300758E-1,4.396254E-2,-2.831002E-1,-3.9986995E-1,2.117185E-3,1.0300433E-1,3.5579333E-1,3.0915263E-1,-5.4168444E-2,-3.8077685E-1,-7.627201E-2],"categories":[2,2,2,1],"categories_nodes":[4,15,36,41],"categories_segments":[0,1,2,3],"categories_sizes":[1,1,1,1],"default_left":[1,1,0,0,0,0,0,0,0,0,1,0,0,0,0,0,1,1,0,0,0,1,0,0,0,0,0,0,1,0,0,0,0,0,0,0,0,0,0,0,1,0,0,0,1,0,1,0,0,0,1,0,0,0,0,0,0,0,0,0,0,0,0,0,0,0,0,0,0,0,0,0,0,0,0,0,0,0,0,0,0,0,0,0,0,0,0,0,0,0,0,0,0,0,0,0,0,0,0,0,0,0,0],"id":0,"left_children":[1,3,5,7,9,11,13,15,17,19,21,23,25,27,-1,29,31,33,35,37,39,41,-1,43,45,47,49,51,53,55,57,59,61,63,65,67,69,71,73,75,77,79,81,83,85,87,89,-1,91,93,95,97,-1,99,101,-1,-1,-1,-1,-1,-1,-1,-1,-1,-1,-1,-1,-1,-1,-1,-1,-1,-1,-1,-1,-1,-1,-1,-1,-1,-1,-1,-1,-1,-1,-1,-1,-1,-1,-1,-1,-1,-1,-1,-1,-1,-1,-1,-1,-1,-1,-1,-1],"loss_changes":[2.2179492E2,7.616211E1,1.8825745E1,3.8322266E1,1.092334E1,1.0824661E1,6.499012E0,5.7753906E0,1.6098633E1,8.539551E0,1.1491333E1,1.0509632E1,5.3105927E0,3.2390785E0,0E0,5.895996E0,6.0947266E0,1.4350586E1,9.076965E0,8.667603E0,6.621704E0,7.56781E0,0E0,5.4636383E0,9.467956E0,5.122555E0,4.605942E0,7.9167414E-1,4.415237E0,3.617981E0,4.0868652E1,4.473877E0,2.6157227E0,2.7036133E0,4.278076E0,1.0364286E1,3.7269897E0,2.8138428E0,4.7786508E0,1.8862432E-1,5.0615234E0,7.819641E0,6.405548E0,6.040394E0,1.0656616E1,6.653723E0,5.1518145E0,0E0,8.155549E0,4.1884193E0,3.3121948E0,1.0181279E0,0E0,3.6354036E0,1.4844496E0,0E0,0E0,0E0,0E0,0E0,0E0,0E0,0E0,0E0,0E0,0E0,0E0,0E0,0E0,0E0,0E0,0E0,0E0,0E0,0E0,0E0,0E0,0E0,0E0,0E0,0E0,0E0,0E0,0E0,0E0,0E0,0E0,0E0,0E0,0E0,0E0,0E0,0E0,0E0,0E0,0E0,0E0,0E0,0E0,0E0,0E0,0E0,0E0],"parents":[2147483647,0,0,1,1,2,2,3,3,4,4,5,5,6,6,7,7,8,8,9,9,10,10,11,11,12,12,13,13,15,15,16,16,17,17,18,18,19,19,20,20,21,21,23,23,24,24,25,25,26,26,27,27,28,28,29,29,30,30,31,31,32,32,33,33,34,34,35,35,36,36,37,37,38,38,39,39,40,40,41,41,42,42,43,43,44,44,45,45,46,46,48,48,49,49,50,50,51,51,53,53,54,54],"right_children":[2,4,6,8,10,12,14,16,18,20,22,24,26,28,-1,30,32,34,36,38,40,42,-1,44,46,48,50,52,54,56,58,60,62,64,66,68,70,72,74,76,78,80,82,84,86,88,90,-1,92,94,96,98,-1,100,102,-1,-1,-1,-1,-1,-1,-1,-1,-1,-1,-1,-1,-1,-1,-1,-1,-1,-1,-1,-1,-1,-1,-1,-1,-1,-1,-1,-1,-1,-1,-1,-1,-1,-1,-1,-1,-1,-1,-1,-1,-1,-1,-1,-1,-1,-1,-1,-1],"split_conditions":[5E0,2E0,1.1E1,5E0,NaN,5E0,2.6E1,2E0,3.4E1,1.2E1,9E0,7E0,1E1,1.2E1,-4.145452E-1,NaN,6E0,7E0,5E0,9E0,1.4E1,5E0,1.3462448E-1,6E0,4E0,2E0,8E0,2.1E1,3E0,1.1E1,2.7E1,4E1,2E0,4E0,2E0,9E0,NaN,3E0,5E0,8E0,4E0,NaN,3.7E1,2.1E1,2E0,6E0,2E0,-5.395256E-1,6E0,3E0,1.3E1,1.6E1,-1.5489077E-2,3E0,4E0,-4.3575373E-1,-6.036217E-1,-4.9746338E-1,7.798987E-1,-5.6193495E-1,-4.051554E-2,-5.556761E-1,-5.166145E-1,-5.694345E-1,-5.0451165E-1,-4.214912E-1,-4.7361314E-1,9.790185E-2,-3.4630653E-1,-4.3940756E-1,-3.118953E-1,-5.002704E-1,-4.3190435E-1,-2.8752512E-1,1.801609E-1,1.2244079E-1,-1.5489077E-2,-3.243878E-1,-4.1535604E-1,-1.24787E0,-5.9068155E-1,-4.8914656E-1,-4.99596E-2,-7.374098E-2,-3.0095312E-1,-3.951634E-1,-5.6178257E-2,2.2284575E-1,-1.2134012E-1,-7.860321E-2,-3.5319197E-1,3.1673387E-2,-3.300758E-1,4.396254E-2,-2.831002E-1,-3.9986995E-1,2.117185E-3,1.0300433E-1,3.5579333E-1,3.0915263E-1,-5.4168444E-2,-3.8077685E-1,-7.627201E-2],"split_indices":[6,6,6,1,10,2,3,6,3,4,0,6,3,6,0,9,0,0,0,0,4,0,0,0,4,0,5,3,5,3,3,3,1,5,2,1,10,6,1,0,0,12,3,3,5,1,5,0,0,0,5,3,0,4,5,0,0,0,0,0,0,0,0,0,0,0,0,0,0,0,0,0,0,0,0,0,0,0,0,0,0,0,0,0,0,0,0,0,0,0,0,0,0,0,0,0,0,0,0,0,0,0,0],"split_type":[0,0,0,0,1,0,0,0,0,0,0,0,0,0,0,1,0,0,0,0,0,0,0,0,0,0,0,0,0,0,0,0,0,0,0,0,1,0,0,0,0,1,0,0,0,0,0,0,0,0,0,0,0,0,0,0,0,0,0,0,0,0,0,0,0,0,0,0,0,0,0,0,0,0,0,0,0,0,0,0,0,0,0,0,0,0,0,0,0,0,0,0,0,0,0,0,0,0,0,0,0,0,0],"sum_hessian":[8.681037E3,8.364722E3,3.16315E2,6.781972E3,1.58275E3,2.914046E2,2.4910393E1,4.118205E3,2.663767E3,1.3844069E3,1.9834312E2,1.3865219E2,1.5275241E2,2.3030363E1,1.8800297E0,1.141178E3,2.977027E3,2.4849292E3,1.7883783E2,4.107865E2,9.7362036E2,1.962281E2,2.1150334E0,9.353148E1,4.5120712E1,2.3970379E1,1.2878203E2,8.22513E0,1.4805234E1,1.4264725E2,9.9853076E2,9.2849963E2,2.0485273E3,1.1837137E3,1.3012156E3,1.8095285E1,1.6074254E2,4.046764E2,6.1100965E0,2.350037E0,9.712703E2,3.1255493E1,1.6497261E2,4.3945694E1,4.958578E1,1.9035301E1,2.6085411E1,2.1150334E0,2.1855345E1,5.2170822E1,7.6611206E1,7.0501113E0,1.1750185E0,8.460134E0,6.3451004E0,2.796544E1,1.1468181E2,9.971207E2,1.4100223E0,9.268546E2,1.645026E0,4.2042163E2,1.6281057E3,1.3442212E2,1.0492915E3,2.8012442E2,1.0210911E3,7.2851152E0,1.0810171E1,1.203219E2,4.042064E1,2.157334E2,1.8894298E2,3.5250556E0,2.5850408E0,1.1750185E0,1.1750185E0,8.107628E1,8.9019403E2,1.8800297E0,2.9375463E1,1.6168256E2,3.290052E0,2.6320415E1,1.7625278E1,3.8540607E1,1.1045175E1,1.1280178E1,7.755122E0,1.645026E1,9.635152E0,1.3395211E1,8.460134E0,3.5250556E0,4.8645767E1,7.473118E1,1.8800297E0,4.230067E0,2.8200445E0,3.5250556E0,4.9350777E0,1.645026E0,4.700074E0],"tree_param":{"num_deleted":"0","num_feature":"17","num_nodes":"103","size_leaf_vector":"0"}}]},"name":"gbtree"},"learner_model_param":{"base_score":"5E-1","num_class":"0","num_feature":"17","num_target":"1"},"objective":{"name":"reg:squarederror","reg_loss_param":{"scale_pos_weight":"1"}}},"version":[1,6,2]}