{"learner":{"attributes":{"best_ntree_limit":"2"},"feature_names":[],"feature_types":["q","q","q","q","q","q","q","c","c","c","c","c","c","c","c","c","c"],"gradient_booster":{"model":{"gbtree_model_param":{"num_parallel_tree":"1","num_trees":"2","size_leaf_vector":"0"},"tree_info":[0,0],"trees":[{"base_weights":[-1.6192205E0,-1.6501037E0,-8.2074916E-1,-1.6996953E0,-1.4362777E0,-8.8932276E-1,9.524059E-2,-1.7648399E0,-1.5994262E0,-1.5956768E0,-1.3703032E0,-6.8857247E-1,-1.0627922E0,3.176841E-1,-1.412478E-1,-1.6791065E0,-1.7965305E0,-1.6804346E0,-1.5214603E0,-1.6972548E0,-1.4622518E0,-1.2543224E0,-1.4621134E0,-4.6396348E-1,-8.4792906E-1,-1.0914937E0,4.0064657E-1,-3.4068033E-1,7.171378E-1,-1.6430573E0,-1.9208508E0,-1.8725405E0,-1.7610447E0,-1.6869057E0,-3.904388E-1,-1.5387093E0,-1.1851257E0,-1.7169971E0,-9.294118E-1,-5.2387434E-1,-1.2918482E0,-1.5426444E0,-1.2117568E0,1.2244079E-1,-1.4663129E0,-8.1993335E-1,-2.6417395E-1,-3.1184196E-1,-5.354208E-1,-8.3203655E-1,-1.2637107E0,1.8632534E-1,-1.5489077E-2,-9.218736E-4,-9.2285746E-1,3.1461397E-1,-1.5489077E-2,-5.6776714E-1,-4.813023E-1,-5.9450966E-1,-4.0676814E-1,-5.6237626E-1,-9.146257E-2,-5.2939826E-1,-3.1756398E-1,-5.524786E-1,-4.898853E-1,-3.2192546E-1,4.5643684E-2,-4.6521524E-1,-3.3446628E-1,-3.8198334E-1,-9.964262E-2,-5.181988E-1,-2.4953575E-1,-3.299512E-1,-4.051554E-2,-2.032277E-1,-3.9856243E-1,-4.832505E-1,-2.5443697E-1,-3.6848128E-1,3.47523E-1,-5.0914747E-1,-4.258551E-1,-3.1095773E-1,8.9898854E-2,-5.574233E-2,-3.469113E-1,7.192619E-1,-2.8053614E-1,-2.7816045E-1,-1.970077E-3,-3.84896E-1,-1.0966388E-1,1.3829523E-1,-1.5526232E-1,-4.051554E-2,-3.5382265E-1],"categories":[2,1,2,1],"categories_nodes":[21,24,29,44],"categories_segments":[0,1,2,3],"categories_sizes":[1,1,1,1],"default_left":[1,1,0,0,0,0,0,0,1,0,0,0,1,0,0,1,1,0,0,0,0,0,0,0,0,0,0,0,1,0,1,0,1,0,0,0,1,0,1,0,0,1,0,0,0,1,0,0,1,0,0,0,0,0,0,0,0,0,0,0,0,0,0,0,0,0,0,0,0,0,0,0,0,0,0,0,0,0,0,0,0,0,0,0,0,0,0,0,0,0,0,0,0,0,0,0,0,0,0],"id":0,"left_children":[1,3,5,7,9,11,13,15,17,19,21,23,25,-1,27,29,31,33,35,37,39,41,43,45,47,49,51,53,55,57,59,61,63,65,67,69,71,73,75,-1,77,79,81,-1,83,85,87,-1,89,91,93,-1,-1,95,97,-1,-1,-1,-1,-1,-1,-1,-1,-1,-1,-1,-1,-1,-1,-1,-1,-1,-1,-1,-1,-1,-1,-1,-1,-1,-1,-1,-1,-1,-1,-1,-1,-1,-1,-1,-1,-1,-1,-1,-1,-1,-1,-1,-1],"loss_changes":[2.1275E2,8.61875E1,2.0518005E1,4.1458984E1,1.4428955E1,9.810974E0,5.519105E0,8.12207E0,1.4373047E1,3.7042236E0,1.0140625E1,4.7313232E0,7.1816406E0,0E0,3.6339276E0,6.619629E0,4.7373047E0,1.0235596E1,6.161865E0,2.2383423E0,7.6412964E0,4.3149414E0,5.480957E0,4.1665306E0,4.384594E0,5.997162E0,4.1292107E-1,3.311353E0,1.0877957E0,6.459961E0,2.1137695E0,2.4204102E0,3.333496E0,7.827881E0,3.0579267E0,4.9177246E0,4.9534225E0,8.076782E-1,1.0049119E0,0E0,2.0683594E0,1.5303802E0,1.8791565E1,0E0,4.293579E0,5.568E0,2.6483266E0,0E0,4.1432682E1,5.167671E0,1.1391602E0,0E0,0E0,3.0007544E0,1.0877695E0,0E0,0E0,0E0,0E0,0E0,0E0,0E0,0E0,0E0,0E0,0E0,0E0,0E0,0E0,0E0,0E0,0E0,0E0,0E0,0E0,0E0,0E0,0E0,0E0,0E0,0E0,0E0,0E0,0E0,0E0,0E0,0E0,0E0,0E0,0E0,0E0,0E0,0E0,0E0,0E0,0E0,0E0,0E0,0E0],"parents":[2147483647,0,0,1,1,2,2,3,3,4,4,5,5,6,6,7,7,8,8,9,9,10,10,11,11,12,12,14,14,15,15,16,16,17,17,18,18,19,19,20,20,21,21,22,22,23,23,24,24,25,25,26,26,27,27,28,28,29,29,30,30,31,31,32,32,33,33,34,34,35,35,36,36,37,37,38,38,40,40,41,41,42,42,44,44,45,45,46,46,48,48,49,49,50,50,53,53,54,54],"right_children":[2,4,6,8,10,12,14,16,18,20,22,24,26,-1,28,30,32,34,36,38,40,42,44,46,48,50,52,54,56,58,60,62,64,66,68,70,72,74,76,-1,78,80,82,-1,84,86,88,-1,90,92,94,-1,-1,96,98,-1,-1,-1,-1,-1,-1,-1,-1,-1,-1,-1,-1,-1,-1,-1,-1,-1,-1,-1,-1,-1,-1,-1,-1,-1,-1,-1,-1,-1,-1,-1,-1,-1,-1,-1,-1,-1,-1,-1,-1,-1,-1,-1,-1],"split_conditions":[5E0,2E0,1.1E1,5E0,1.2E1,5E0,1.1E1,2E0,7E0,3E0,5E0,1E1,1.3E1,3.176841E-1,8E0,2E0,6E0,5.8E1,9E0,3.5E1,6E0,NaN,1.4E1,6E0,NaN,8E0,1.6E1,5E0,5E0,NaN,2E0,4.1E1,3E0,1.5E1,9E0,3.8E1,3E0,9E0,5E0,-5.2387434E-1,9E0,2E0,3.5E1,1.2244079E-1,NaN,3E0,1E1,-3.1184196E-1,7E0,9E0,1E1,1.8632534E-1,-1.5489077E-2,4E0,3E0,3.1461397E-1,-1.5489077E-2,-5.6776714E-1,-4.813023E-1,-5.9450966E-1,-4.0676814E-1,-5.6237626E-1,-9.146257E-2,-5.2939826E-1,-3.1756398E-1,-5.524786E-1,-4.898853E-1,-3.2192546E-1,4.5643684E-2,-4.6521524E-1,-3.3446628E-1,-3.8198334E-1,-9.964262E-2,-5.181988E-1,-2.4953575E-1,-3.299512E-1,-4.051554E-2,-2.032277E-1,-3.9856243E-1,-4.832505E-1,-2.5443697E-1,-3.6848128E-1,3.47523E-1,-5.0914747E-1,-4.258551E-1,-3.1095773E-1,8.9898854E-2,-5.574233E-2,-3.469113E-1,7.192619E-1,-2.8053614E-1,-2.7816045E-1,-1.970077E-3,-3.84896E-1,-1.0966388E-1,1.3829523E-1,-1.5526232E-1,-4.051554E-2,-3.5382265E-1],"split_indices":[6,6,6,1,4,2,3,6,0,6,2,5,5,0,1,4,0,3,0,3,0,9,4,6,8,5,3,1,5,9,5,3,5,3,1,3,2,0,2,0,3,5,3,0,10,4,6,0,1,6,6,0,0,2,0,0,0,0,0,0,0,0,0,0,0,0,0,0,0,0,0,0,0,0,0,0,0,0,0,0,0,0,0,0,0,0,0,0,0,0,0,0,0,0,0,0,0,0,0],"split_type":[0,0,0,0,0,0,0,0,0,0,0,0,0,0,0,0,0,0,0,0,0,1,0,0,1,0,0,0,0,1,0,0,0,0,0,0,0,0,0,0,0,0,0,0,1,0,0,0,0,0,0,0,0,0,0,0,0,0,0,0,0,0,0,0,0,0,0,0,0,0,0,0,0,0,0,0,0,0,0,0,0,0,0,0,0,0,0,0,0,0,0,0,0,0,0,0,0,0,0],"sum_hessian":[8.681507E3,8.357202E3,3.243051E2,6.778212E3,1.5789899E3,3.0174475E2,2.2560356E1,4.0986997E3,2.6795122E3,4.554372E2,1.1235527E3,1.4217725E2,1.5956752E2,3.7600594E0,1.8800297E1,1.1207327E3,2.977967E3,1.3040356E3,1.3754767E3,2.5192398E2,2.0351321E2,5.0290793E2,6.206448E2,6.063096E1,8.154629E1,1.5674747E2,2.8200445E0,1.5745249E1,3.0550482E0,9.820805E2,1.3865219E2,9.313197E2,2.0466473E3,1.2972205E3,6.8151073E0,1.3049756E3,7.0501114E1,2.4440385E2,7.5201187E0,7.285115E1,1.3066206E2,6.016095E1,4.4274698E2,1.1750185E0,6.194698E2,2.0680326E1,3.995063E1,4.9115776E1,3.243051E1,6.486102E1,9.188645E1,1.645026E0,1.1750185E0,1.0575167E1,5.1700816E0,1.8800297E0,1.1750185E0,1.2549198E2,8.565885E2,1.2290694E2,1.5745249E1,9.2990967E2,1.4100223E0,2.0346621E3,1.1985189E1,3.2689017E2,9.703303E2,2.5850408E0,4.230067E0,1.2664349E3,3.8540607E1,6.3451E1,7.0501113E0,2.406438E2,3.7600594E0,5.8750925E0,1.645026E0,8.460134E0,1.2220193E2,5.3580845E1,6.580104E0,4.4016196E2,2.5850408E0,9.846655E1,5.2100323E2,1.7390274E1,3.290052E0,3.7835598E1,2.1150334E0,3.290052E0,2.9140461E1,5.8045918E1,6.8151073E0,8.9536415E1,2.350037E0,5.640089E0,4.9350777E0,1.645026E0,3.5250556E0],"tree_param":{"num_deleted":"0","num_feature":"17","num_nodes":"99","size_leaf_vector":"0"}},{"base_weights":[-1.0576612E0,-1.0865381E0,-8.265929E-1,-1.1591748E0,-1.0574673E0,-8.4677863E-1,8.30669E-2,-1.1647451E0,-6.9302124E-1,-1.0190283E0,-1.1076772E0,-6.964349E-1,-9.1279763E-1,2.2118057E-1,-2.8883696E-1,-1.209325E0,-1.129752E0,-2.3362641E-1,-1.054744E0,-1.1242068E0,-9.9456066E-1,-1.1252086E0,-9.866264E-1,-7.4826187E-1,-8.122144E-2,-2.9531872E-1,-8.2688063E-1,2.6595083E-1,4.5346025E-2,-1.2118077E0,5.1238374E-3,-1.0179639E0,-1.1547552E0,3.1545636E-1,-4.340317E-1,-1.2376579E0,1.9570865E-1,-1.0095345E0,-1.2322695E0,-1.0083117E0,-8.0305725E-1,-1.1555458E0,-1.0435293E0,2.6378247E-1,-9.993331E-1,-9.0174407E-1,-5.7854784E-1,7.8398335E-1,-2.958898E-1,-9.621645E-1,7.139541E0,-9.909811E-2,2.2046514E-1,-3.6494976E-1,-1.6287088E-1,-3.481966E-1,-2.5351223E-1,-3.53383E-1,-3.1332666E-1,-2.105353E-1,1.5420873E-1,-7.826044E-2,-4.3657768E-1,-2.8958434E-1,-4.0337285E-1,-4.453127E-1,-3.5187232E-1,-3.1772438E-1,-2.8532588E-1,-1.22865535E-1,-2.6376745E-1,-3.5416478E-1,-3.1700984E-1,-3.1736282E-1,-1.9409399E-1,-2.8345907E-1,-3.7950653E-1,-2.5052887E-1,-4.2026988E-1,-2.2407652E-1,-9.773531E-2,1.5663732E-2,2.9685536E-1,1.4420536E-1,-1.3389224E-1,-2.6065126E-1,-3.6709687E-1,5.8634176E0,-3.3930847E-1,-1.03231624E-1,8.250237E-2],"categories":[1,1,2,2,3,2],"categories_nodes":[12,31,35,40,44],"categories_segments":[0,1,2,3,5],"categories_sizes":[1,1,1,2,1],"default_left":[1,0,0,1,0,0,0,0,0,0,1,0,0,0,0,0,0,0,1,0,0,1,0,0,0,0,0,0,0,1,0,0,1,0,0,0,0,0,0,1,0,0,0,0,0,0,0,0,0,0,1,0,0,0,0,0,0,0,0,0,0,0,0,0,0,0,0,0,0,0,0,0,0,0,0,0,0,0,0,0,0,0,0,0,0,0,0,0,0,0,0],"id":1,