{"learner":{"attributes":{"best_ntree_limit":"6"},"feature_names":[],"feature_types":["q","q","q","q","q","q","q","c","c","c","c","c","c","c","c","c"],"gradient_booster":{"model":{"gbtree_model_param":{"num_parallel_tree":"1","num_trees":"1","size_leaf_vector":"0"},"tree_info":[0],"trees":[{"base_weights":[-1.4191962E0,-1.446475E0,-6.9582635E-1,-1.4874288E0,-1.2702646E0,-7.581864E-1,3.4643546E-2,-1.5421649E0,-1.4023271E0,-1.239338E0,-1.4797255E0,-5.7317704E-1,-9.218901E-1,1.83263E-1,-3.7960547E-1,-1.4762383E0,-1.5669945E0,-1.4215277E0,-1.1299053E0,-1.3562889E0,-1.1888192E0,-1.5018194E0,1.2286219E-1,-7.402456E-1,-2.1935205E-1,-9.362338E-1,2.1859412E-1,5.9836286E-1,-6.790111E-2,-1.6782606E0,-1.4459314E0,-1.6392938E0,-1.5335376E0,-1.4969679E0,-1.3519385E0,-5.0489724E-1,-1.197145E0,-1.3720033E0,-2.7396476E-1,2.1062858E-1,-1.192392E0,-1.9580513E0,-1.4054917E0,-4.96654E-1,-9.437547E-1,2.4564128E-1,-5.556264E-1,-8.3099663E-1,-1.18436E0,6.994798E-1,-1.4392738E-2,3.3713123E-1,-5.833183E-1,-3.8354144E-1,-5.295944E-1,-4.360429E-1,7.2046447E-1,-4.9255896E-1,-3.7249073E-2,-4.8715082E-1,-4.5280772E-1,-4.9952197E-1,-4.422182E-1,-3.695675E-1,-4.151362E-1,8.710271E-2,-3.0672076E-1,-3.8550004E-1,-2.7417055E-1,-4.386992E-1,-3.7877783E-1,-2.5906894E-1,1.6353436E-1,2.1859412E-1,-8.449243E-2,-2.8473E-1,-3.6407852E-1,-1.1426939E0,-5.198023E-1,-4.4153905E-1,-2.5642374E-1,-6.4922035E-2,-2.655243E-1,-3.474165E-1,-4.9746346E-2,1.9729276E-1,-1.07867934E-1,-6.938108E-2,-3.1318504E-1,-1.7270918E-1,-2.9072836E-1,-3.696715E-1,-5.292319E-2,9.2460126E-2,3.222505E-1,2.78556E-1,-4.848403E-2,-3.5007772E-1,-6.832796E-2],"categories":[2,2,2,1],"categories_nodes":[4,15,36,41],"categories_segments":[0,1,2,3],"categories_sizes":[1,1,1,1],"default_left":[1,1,0,0,0,0,0,0,0,0,1,0,1,0,0,0,1,1,0,0,0,1,0,0,0,0,0,0,1,0,0,0,0,0,0,0,0,0,0,0,1,0,0,0,1,0,1,0,0,0,0,0,0,0,0,0,0,0,0,0,0,0,0,0,0,0,0,0,0,0,0,0,0,0,0,0,0,0,0,0,0,0,0,0,0,0,0,0,0,0,0,0,0,0,0,0,0,0,0],"id":0,"left_children":[1,3,5,7,9,11,13,15,17,19,21,23,25,27,-1,29,31,33,35,37,39,41,-1,43,45,47,-1,49,51,53,55,57,59,61,63,65,67,69,71,73,75,77,79,81,83,85,87,89,91,93,-1,95,97,-1,-1,-1,-1,-1,-1,-1,-1,-1,-1,-1,-1,-1,-1,-1,-1,-1,-1,-1,-1,-1,-1,-1,-1,-1,-1,-1,-1,-1,-1,-1,-1,-1,-1,-1,-1,-1,-1,-1,-1,-1,-1,-1,-1,-1,-1],"loss_changes":[1.944668E2,6.699219E1,1.6512283E1,3.388867E1,9.871094E0,9.571991E0,5.916504E0,5.3808594E0,1.4296875E1,7.7263184E0,1.010321E1,9.248547E0,4.8321686E0,2.8845477E0,0E0,5.551758E0,5.7041016E0,1.2866211E1,8.0130005E0,7.612915E0,5.810669E0,7.131653E0,0E0,4.8712654E0,8.342965E0,3.5650024E0,0E0,7.122693E-1,3.931961E0,3.442505E0,3.6593018E1,3.9240723E0,2.6547852E0,2.7504883E0,3.97583E0,9.205355E0,3.4145203E0,2.7267456E0,4.320458E0,1.1439905E0,4.5701904E0,8.694305E0,5.6522827E0,5.375559E0,9.406773E0,5.901368E0,4.631213E0,3.8732758E0,2.1730423E0,9.948883E-1,0E0,3.2921886E0,1.4440248E0,0E0,0E0,0E0,0E0,0E0,0E0,0E0,0E0,0E0,0E0,0E0,0E0,0E0,0E0,0E0,0E0,0E0,0E0,0E0,0E0,0E0,0E0,0E0,0E0,0E0,0E0,0E0,0E0,0E0,0E0,0E0,0E0,0E0,0E0,0E0,0E0,0E0,0E0,0E0,0E0,0E0,0E0,0E0,0E0,0E0,0E0],"parents":[2147483647,0,0,1,1,2,2,3,3,4,4,5,5,6,6,7,7,8,8,9,9,10,10,11,11,12,12,13,13,15,15,16,16,17,17,18,18,19,19,20,20,21,21,23,23,24,24,25,25,27,27,28,28,29,29,30,30,31,31,32,32,33,33,34,34,35,35,36,36,37,37,38,38,39,39,40,40,41,41,42,42,43,43,44,44,45,45,46,46,47,47,48,48,49,49,51,51,52,52],"right_children":[2,4,6,8,10,12,14,16,18,20,22,24,26,28,-1,30,32,34,36,38,40,42,-1,44,46,48,-1,50,52,54,56,58,60,62,64,66,68,70,72,74,76,78,80,82,84,86,88,90,92,94,-1,96,98,-1,-1,-1,-1,-1,-1,-1,-1,-1,-1,-1,-1,-1,-1,-1,-1,-1,-1,-1,-1,-1,-1,-1,-1,-1,-1,-1,-1,-1,-1,-1,-1,-1,-1,-1,-1,-1,-1,-1,-1,-1,-1,-1,-1,-1,-1],"split_conditions":[5E0,2E0,1.1E1,5E0,NaN,5E0,2.6E1,2E0,3.4E1,1.2E1,9E0,7E0,1.1E1,1.2E1,-3.7960547E-1,NaN,6E0,7E0,5E0,9E0,1.4E1,5E0,1.2286219E-1,6E0,4E0,6E0,2.1859412E-1,2.1E1,3E0,1.1E1,2.7E1,4E1,2E0,4E0,2E0,9E0,NaN,3E0,5E0,5E0,4E0,NaN,4E0,2.1E1,2E0,6E0,2E0,6E0,9E0,1.6E1,-1.4392738E-2,3E0,4E0,-3.8354144E-1,-5.295944E-1,-4.360429E-1,7.2046447E-1,-4.9255896E-1,-3.7249073E-2,-4.8715082E-1,-4.5280772E-1,-4.9952197E-1,-4.422182E-1,-3.695675E-1,-4.151362E-1,8.710271E-2,-3.0672076E-1,-3.8550004E-1,-2.7417055E-1,-4.386992E-1,-3.7877783E-1,-2.5906894E-1,1.6353436E-1,2.1859412E-1,-8.449243E-2,-2.8473E-1,-3.6407852E-1,-1.1426939E0,-5.198023E-1,-4.4153905E-1,-2.5642374E-1,-6.4922035E-2,-2.655243E-1,-3.474165E-1,-4.9746346E-2,1.9729276E-1,-1.07867934E-1,-6.938108E-2,-3.1318504E-1,-1.7270918E-1,-2.9072836E-1,-3.696715E-1,-5.292319E-2,9.2460126E-2,3.222505E-1,2.78556E-1,-4.848403E-2,-3.5007772E-1,-6.832796E-2],"split_indices":[6,6,6,1,9,2,3,6,3,4,0,6,4,6,0,8,0,0,0,0,4,0,0,0,4,1,0,3,5,3,3,3,1,5,2,1,9,6,1,1,0,11,6,3,5,1,5,5,6,3,0,4,5,0,0,0,0,0,0,0,0,0,0,0,0,0,0,0,0,0,0,0,0,0,0,0,0,0,0,0,0,0,0,0,0,0,0,0,0,0,0,0,0,0,0,0,0,0,0],"split_type":[0,0,0,0,1,0,0,0,0,0,0,0,0,0,0,1,0,0,0,0,0,0,0,0,0,0,0,0,0,0,0,0,0,0,0,0,1,0,0,0,0,1,0,0,0,0,0,0,0,0,0,0,0,0,0,0,0,0,0,0,0,0,0,0,0,0,0,0,0,0,0,0,0,0,0,0,0,0,0,0,0,0,0,0,0,0,0,0,0,0,0,0,0,0,0,0,0,0,0],"sum_hessian":[9.905063E3,9.544148E3,3.6091544E2,7.7382305E3,1.8059178E3,3.3249268E2,2.842276E1,4.698872E3,3.0393584E3,1.5796083E3,2.2630952E2,1.5820215E2,1.7429051E2,2.6277645E1,2.145114E0,1.3020841E3,3.3967878E3,2.8353044E3,2.0405397E2,4.687074E2,1.1109009E3,2.2389627E2,2.4132533E0,1.0671942E2,5.1482735E1,1.7321796E2,1.072557E0,9.384873E0,1.6892773E1,1.6276051E2,1.1393236E3,1.0594181E3,2.3373699E3,1.3506173E3,1.484687E3,2.064672E1,1.8340724E2,4.6173578E2,6.9716206E0,2.6813924E0,1.1082195E3,3.5662518E1,1.8823375E2,5.014204E1,5.657738E1,2.1719278E1,2.9763456E1,1.24684746E2,4.8533203E1,8.044177E0,1.3406962E0,9.653013E0,7.2397594E0,3.190857E1,1.3085194E2,1.1377148E3,1.6088355E0,1.0575411E3,1.8769747E0,4.797011E2,1.8576687E3,1.5337564E2,1.1972417E3,3.1962198E2,1.1650651E3,8.312317E0,1.2334405E1,1.372873E2,4.611995E1,2.4615182E2,2.1558395E2,4.0220885E0,2.9495316E0,1.072557E0,1.6088355E0,9.250804E1,1.0157114E3,2.145114E0,3.3517406E1,1.6651447E2,2.1719278E1,3.0031595E1,2.0110443E1,4.3974834E1,1.2602545E1,1.2870684E1,8.848595E0,1.8769747E1,1.0993709E1,4.558367E1,7.9101074E1,4.611995E1,2.4132533E0,4.8265066E0,3.217671E0,4.0220885E0,5.630924E0,1.8769747E0,5.362785E0],"tree_param":{"num_deleted":"0","num_feature":"16","num_nodes":"99","size_leaf_vector":"0"}}]},"name":"gbtree"},"learner_model_param":{"base_score":"5E-1","num_class":"0","num_feature":"16","num_target":"1"},"objective":{"name":"reg:squarederror","reg_loss_param":{"scale_pos_weight":"1"}}},"version":[1,6,2]}