{"learner":{"attributes":{"best_ntree_limit":"1"},"feature_names":[],"feature_types":["q","q","q","q","q","q","q","c","c","c","c","c","c","c","c","c"],"gradient_booster":{"model":{"gbtree_model_param":{"num_parallel_tree":"1","num_trees":"1","size_leaf_vector":"0"},"tree_info":[0],"trees":[{"base_weights":[-1.61928E0,-1.65014E0,-7.706148E-1,-1.6958122E0,-1.4528906E0,-9.098947E-1,-3.2694018E-1,-1.7627155E0,-1.5933204E0,-1.617778E0,-1.3837622E0,-8.224612E-1,-1.6117966E0,-1.6716015E-2,-6.1013687E-1,-1.7663827E0,-1.2335696E0,-1.7474834E0,-1.5378824E0,-1.6309204E0,-6.4635336E-1,-1.2828157E0,-1.4636197E0,-5.817431E-1,-9.470127E-1,-6.2170434E-1,-1.759642E0,9.0693414E-2,-7.170698E-1,4.8411623E-1,-7.485731E-1,-1.6980553E0,-1.7919661E0,-1.4220363E0,-1.8056147E-1,-1.794578E0,-1.2154673E0,-1.4813949E0,-1.6118577E0,-1.7151057E0,-1.5233525E0,-1.2519486E0,2.2392543E-1,-7.473492E-1,-1.3149824E0,-1.472008E0,-3.4905127E-1,-7.012962E-1,-1.6894858E-2,-1.2248063E0,-8.148789E-1,1.2244079E-1,-1.0730848E0,-8.0386513E-1,-5.8592343E-1,-6.3272685E-1,1.9304678E-1,-3.7831762E-1,7.290491E-2,-1.0204841E-1,3.272388E-1,-9.6586394E-1,-2.7970096E-1,-5.8470416E-1,-4.9765787E-1,-5.60293E-1,-5.311228E-1,-2.2474268E-1,-5.3217685E-1,2.8197798E-1,-2.2122759E-1,-5.765535E-1,-5.127592E-1,-2.3185243E-1,-4.026265E-1,-4.3715915E-1,-5.400979E-1,-4.8738995E-1,-3.8129464E-1,-5.239586E-1,-3.119318E-1,-5.2011734E-1,-4.1839823E-1,-4.4321847E-1,-1.5393597E-1,-1.5489077E-2,1.0628278E-1,-2.5217047E-1,2.6037067E-1,-4.0290722E-1,-2.8109893E-1,-2.2766533E-1,-4.460793E-1,-3.1037962E-1,6.717763E-2,-4.3636727E-1,-1.8052982E-1,1.6073829E-1,-1.2134012E-1,-2.4585418E-1,-4.5795047E-1,-1.4624389E-1,-2.8605136E-1,-1.5489077E-2,-4.6490312E-1,3.301761E-2,-3.5100472E-1,-3.1037962E-1,3.301761E-2,2.6384196E-1,2.826182E-2,-3.290046E-1,1.0628278E-1,-2.1756257E-1,2.772602E-1],"categories":[2,2],"categories_nodes":[31,37],"categories_segments":[0,1],"categories_sizes":[1,1],"default_left":[1,1,0,0,0,0,0,1,1,0,0,0,0,0,0,0,0,0,0,0,0,0,0,1,0,0,0,0,0,1,0,0,0,0,0,0,0,0,0,0,0,0,0,1,0,0,0,0,0,0,0,0,0,0,0,0,0,0,0,0,0,1,0,0,0,0,0,0,0,0,0,0,0,0,0,0,0,0,0,0,0,0,0,0,0,0,0,0,0,0,0,0,0,0,0,0,0,0,0,0,0,0,0,0,0,0,0,0,0,0,0,0,0,0,0],"id":0,"left_children":[1,3,5,7,9,11,13,15,17,19,21,23,25,27,29,31,33,35,37,39,41,43,45,47,49,51,53,55,57,59,61,63,65,67,69,71,73,75,77,79,81,83,85,87,89,91,93,95,97,99,101,-1,103,105,-1,107,109,-1,-1,-1,-1,111,113,-1,-1,-1,-1,-1,-1,-1,-1,-1,-1,-1,-1,-1,-1,-1,-1,-1,-1,-1,-1,-1,-1,-1,-1,-1,-1,-1,-1,-1,-1,-1,-1,-1,-1,-1,-1,-1,-1,-1,-1,-1,-1,-1,-1,-1,-1,-1,-1,-1,-1,-1,-1],"loss_changes":[2.2611133E2,7.3E1,1.864296E1,4.3789062E1,1.5792236E1,1.2955948E1,6.560539E0,5.78125E0,2.0339844E1,4.8361816E0,7.163086E0,5.71463E0,2.526802E0,2.8273234E0,6.280979E0,4.0751953E0,6.0046463E0,1.5490234E1,5.9282227E0,1.50354E0,4.399191E0,7.6885986E0,5.274048E0,4.975273E0,3.9986038E0,2.6506772E0,2.3079453E0,2.545289E0,2.9152608E0,2.86894E0,3.3033981E0,7.8654785E0,1.4960938E0,4.973133E0,4.396372E0,3.7331543E0,2.3510742E0,6.18042E0,1.6381836E0,3.4266357E0,3.2270203E0,3.4784317E-2,1.6394393E-1,5.3740025E0,3.7613525E0,5.4069824E0,2.5629873E0,3.6924477E0,3.1995864E0,3.8711815E0,3.8575783E0,0E0,1.6652498E0,1.8789275E0,0E0,1.3944666E0,1.9142512E0,0E0,0E0,0E0,0E0,4.4573574E0,7.382722E0,0E0,0E0,0E0,0E0,0E0,0E0,0E0,0E0,0E0,0E0,0E0,0E0,0E0,0E0,0E0,0E0,0E0,0E0,0E0,0E0,0E0,0E0,0E0,0E0,0E0,0E0,0E0,0E0,0E0,0E0,0E0,0E0,0E0,0E0,0E0,0E0,0E0,0E0,0E0,0E0,0E0,0E0,0E0,0E0,0E0,0E0,0E0,0E0,0E0,0E0,0E0,0E0],"parents":[2147483647,0,0,1,1,2,2,3,3,4,4,5,5,6,6,7,7,8,8,9,9,10,10,11,11,12,12,13,13,14,14,15,15,16,16,17,17,18,18,19,19,20,20,21,21,22,22,23,23,24,24,25,25,26,26,27,27,28,28,29,29,30,30,31,31,32,32,33,33,34,34,35,35,36,36,37,37,38,38,39,39,40,40,41,41,42,42,43,43,44,44,45,45,46,46,47,47,48,48,49,49,50,50,52,52,53,53,55,55,56,56,61,61,62,62],"right_children":[2,4,6,8,10,12,14,16,18,20,22,24,26,28,30,32,34,36,38,40,42,44,46,48,50,52,54,56,58,60,62,64,66,68,70,72,74,76,78,80,82,84,86,88,90,92,94,96,98,100,102,-1,104,106,-1,108,110,-1,-1,-1,-1,112,114,-1,-1,-1,-1,-1,-1,-1,-1,-1,-1,-1,-1,-1,-1,-1,-1,-1,-1,-1,-1,-1,-1,-1,-1,-1,-1,-1,-1,-1,-1,-1,-1,-1,-1,-1,-1,-1,-1,-1,-1,-1,-1,-1,-1,-1,-1,-1,-1,-1,-1,-1,-1],"split_conditions":[5E0,2E0,8E0,5E0,3.9E1,1E1,4E0,4E0,6E0,9E0,5E0,7E0,2E0,1E1,2E0,2E0,7E0,3.4E1,6E0,3E0,5E0,4E0,3.7E1,4E0,3E0,6E0,2E0,1.1E1,1.2E1,2E0,1.1E1,NaN,2E0,1.1E1,1.3E1,1.7E1,3.6E1,NaN,3.8E1,3.3E1,6E0,1.5E1,1.8E1,7E0,1.2E1,5E0,6E0,2E0,5E0,6E0,6E0,1.2244079E-1,2.3E1,1.1E1,-5.8592343E-1,6E0,2E0,-3.7831762E-1,7.290491E-2,-1.0204841E-1,3.272388E-1,8E0,4.2E1,-5.8470416E-1,-4.9765787E-1,-5.60293E-1,-5.311228E-1,-2.2474268E-1,-5.3217685E-1,2.8197798E-1,-2.2122759E-1,-5.765535E-1,-5.127592E-1,-2.3185243E-1,-4.026265E-1,-4.3715915E-1,-5.400979E-1,-4.8738995E-1,-3.8129464E-1,-5.239586E-1,-3.119318E-1,-5.2011734E-1,-4.1839823E-1,-4.4321847E-1,-1.5393597E-1,-1.5489077E-2,1.0628278E-1,-2.5217047E-1,2.6037067E-1,-4.0290722E-1,-2.8109893E-1,-2.2766533E-1,-4.460793E-1,-3.1037962E-1,6.717763E-2,-4.3636727E-1,-1.8052982E-1,1.6073829E-1,-1.2134012E-1,-2.4585418E-1,-4.5795047E-1,-1.4624389E-1,-2.8605136E-1,-1.5489077E-2,-4.6490312E-1,3.301761E-2,-3.5100472E-1,-3.1037962E-1,3.301761E-2,2.6384196E-1,2.826182E-2,-3.290046E-1,1.0628278E-1,-2.1756257E-1,2.772602E-1],"split_indices":[6,6,6,1,4,1,2,5,0,0,2,4,4,1,1,6,0,3,2,6,1,0,3,5,1,6,2,3,1,5,6,8,1,3,3,3,3,12,3,3,0,3,3,5,1,3,2,1,0,0,5,0,3,1,0,0,5,0,0,0,0,5,5,0,0,0,0,0,0,0,0,0,0,0,0,0,0,0,0,0,0,0,0,0,0,0,0,0,0,0,0,0,0,0,0,0,0,0,0,0,0,0,0,0,0,0,0,0,0,0,0,0,0,0,0],"split_type":[0,0,0,0,0,0,0,0,0,0,0,0,0,0,0,0,0,0,0,0,0,0,0,0,0,0,0,0,0,0,0,1,0,0,0,0,0,1,0,0,0,0,0,0,0,0,0,0,0,0,0,0,0,0,0,0,0,0,0,0,0,0,0,0,0,0,0,0,0,0,0,0,0,0,0,0,0,0,0,0,0,0,0,0,0,0,0,0,0,0,0,0,0,0,0,0,0,0,0,0,0,0,0,0,0,0,0,0,0,0,0,0,0,0,0],"sum_hessian":[8.681037E3,8.375532E3,3.0550482E2,6.794662E3,1.58087E3,2.3171365E2,7.379117E1,4.1012847E3,2.6933774E3,4.6037225E2,1.1204977E3,2.0797829E2,2.3735374E1,3.5720566E1,3.8070602E1,4.0707344E3,3.0550482E1,7.043061E2,1.9890714E3,4.5355716E2,6.8151073E0,5.0243793E2,6.1805975E2,7.285115E1,1.3512714E2,3.7600594E0,1.9975315E1,3.17255E1,3.995063E0,3.995063E0,3.407554E1,1.1273127E3,2.9434214E3,2.5615404E1,4.9350777E0,6.4485016E2,5.945594E1,1.139768E3,8.493034E2,2.4604889E2,2.0750827E2,3.7600594E0,3.0550482E0,2.984547E1,4.7259247E2,6.131247E2,4.9350777E0,5.9925945E1,1.2925204E1,4.0890644E1,9.423649E1,1.1750185E0,2.5850408E0,4.230067E0,1.5745249E1,3.290052E0,2.843545E1,2.350037E0,1.645026E0,1.8800297E0,2.1150334E0,2.2560356E1,1.1515182E1,1.457023E2,9.816105E2,6.3357E2,2.3098516E3,9.870155E0,1.5745249E1,1.4100223E0,3.5250556E0,2.5027895E2,3.9457123E2,1.4805234E1,4.4650703E1,1.0645668E3,7.520119E1,8.1499286E2,3.4310543E1,2.3359369E2,1.2455196E1,7.402617E1,1.334821E2,2.1150334E0,1.645026E0,1.1750185E0,1.8800297E0,2.8670452E1,1.1750185E0,4.375769E2,3.5015553E1,1.3630215E1,5.9949445E2,1.8800297E0,3.0550482E0,5.4050856E0,5.452086E1,5.1700816E0,7.755122E0,1.9035301E1,2.1855345E1,2.9375463E1,6.486102E1,1.1750185E0,1.4100223E0,1.4100223E0,2.8200445E0,1.8800297E0,1.4100223E0,2.5850408E0,2.5850409E1,2.0680326E1,1.8800297E0,8.695137E0,2.8200445E0],"tree_param":{"num_deleted":"0","num_feature":"16","num_nodes":"115","size_leaf_vector":"0"}}]},"name":"gbtree"},"learner_model_param":{"base_score":"5E-1","num_class":"0","num_feature":"16","num_target":"1"},"objective":{"name":"reg:squarederror","reg_loss_param":{"scale_pos_weight":"1"}}},"version":[1,6,2]}