{"learner":{"attributes":{"best_ntree_limit":"1"},"feature_names":[],"feature_types":["q","q","q","q","q","q","q","c","c","c","c","c","c","c","c","c","c"],"gradient_booster":{"model":{"gbtree_model_param":{"num_parallel_tree":"1","num_trees":"1","size_leaf_vector":"0"},"tree_info":[0],"trees":[{"base_weights":[-1.6193078E0,-1.650361E0,-7.916796E-1,-1.6984036E0,-1.44366E0,-8.471015E-1,-8.327034E-2,-1.7616395E0,-1.6007514E0,-1.5777022E0,-1.3871318E0,-7.8667086E-1,-1.3434336E0,-3.4068033E-1,4.4703788E-1,-1.6845415E0,-1.7910447E0,-1.7440784E0,-1.549073E0,-1.591295E0,-5.1822335E-1,-1.6063974E0,-1.3495836E0,-6.0547155E-1,-9.27838E-1,-8.7143326E-1,-1.4993463E0,5.885253E-1,-6.329625E-1,-1.2290753E-1,7.6362646E-1,-1.697733E0,-1.1196789E0,-1.8076624E0,-1.7192422E0,-1.7920638E0,-1.2101107E0,-1.7069792E0,-1.5159069E0,-9.615426E-1,-1.61196E0,8.539887E-3,-3.2192546E-1,-1.7350262E0,-1.0474834E0,-7.587094E-1,-1.3585854E0,-9.169696E-1,-4.0571338E-1,-9.5397776E-1,2.2392543E-1,-1.0013428E0,-4.051554E-2,-1.6544858E0,-7.80549E-1,2.117185E-3,2.997458E-1,1.574978E-1,-8.1566393E-1,-2.1594276E-1,1.574978E-1,3.301761E-2,2.891232E-1,-5.766248E-1,-4.9846646E-1,-1.7079684E-1,-4.00216E-1,-5.260398E-1,-5.528675E-1,-5.195431E-1,-2.3493972E-1,-5.73778E-1,-5.1392645E-1,-2.1079604E-1,-4.3734586E-1,-4.7304383E-1,-5.354465E-1,-4.59619E-1,-3.414611E-1,-1.5556477E-1,-3.722793E-1,-5.1184183E-1,-4.459923E-1,-1.54297E-1,1.8632534E-1,-5.456212E-1,-2.8918186E-1,-3.4377173E-1,1.0628278E-1,-3.2090467E-1,-3.6215056E-3,-4.3578786E-1,-3.8769877E-1,6.717763E-2,-3.0136114E-1,8.7663025E-4,-1.5621881E-1,-2.1392524E-1,-3.270238E-1,2.1044838E-1,-1.5341894E-1,-7.088228E-2,-3.920574E-1,-5.1237166E-1,-1.5341894E-1,-3.687226E-2,-4.145452E-1,-4.995473E-2,-4.446883E-1],"categories":[1,1,2,1,1],"categories_nodes":[10,28,31,39,47],"categories_segments":[0,1,2,3,4],"categories_sizes":[1,1,1,1,1],"default_left":[1,1,0,0,0,0,0,0,1,0,0,0,0,0,0,1,1,0,0,0,0,0,0,0,1,0,0,0,0,0,0,0,0,0,0,0,0,0,0,0,0,0,0,0,1,0,1,0,0,0,0,0,0,0,0,0,0,0,0,0,0,0,0,0,0,0,0,0,0,0,0,0,0,0,0,0,0,0,0,0,0,0,0,0,0,0,0,0,0,0,0,0,0,0,0,0,0,0,0,0,0,0,0,0,0,0,0,0,0],"id":0,"left_children":[1,3,5,7,9,11,13,15,17,19,21,23,25,27,29,31,33,35,37,39,41,43,45,47,49,51,53,55,57,59,61,63,65,67,69,71,73,75,77,79,81,83,-1,85,87,89,91,93,95,97,99,101,-1,103,105,-1,-1,-1,107,-1,-1,-1,-1,-1,-1,-1,-1,-1,-1,-1,-1,-1,-1,-1,-1,-1,-1,-1,-1,-1,-1,-1,-1,-1,-1,-1,-1,-1,-1,-1,-1,-1,-1,-1,-1,-1,-1,-1,-1,-1,-1,-1,-1,-1,-1,-1,-1,-1,-1],"loss_changes":[2.2183203E2,8.0640625E1,1.2332321E1,3.9070312E1,9.819092E0,7.727524E0,3.4326007E0,6.2939453E0,1.7128418E1,5.839966E0,7.0769043E0,6.1783752E0,9.28772E-1,4.9203606E0,1.5888066E0,6.6748047E0,4.2089844E-1,1.5806885E1,7.7646484E0,4.3900146E0,2.1559944E0,9.60791E0,4.1018066E0,6.9870453E0,4.616211E0,8.14713E-1,1.1000481E0,1.073381E0,3.2250824E0,1.8552305E0,6.087105E-1,5.918457E0,2.685627E0,1.3173828E0,5.423828E0,2.8310547E0,6.6341476E0,5.817871E-1,8.279053E0,1.4581146E0,2.6621094E0,1.8439757E0,0E0,6.487549E0,4.856079E0,3.8750677E0,4.0373535E0,4.762211E0,3.472498E0,3.9168854E0,1.7827412E0,1.6277866E0,0E0,1.4910126E-1,2.0840816E0,0E0,0E0,0E0,4.86393E0,0E0,0E0,0E0,0E0,0E0,0E0,0E0,0E0,0E0,0E0,0E0,0E0,0E0,0E0,0E0,0E0,0E0,0E0,0E0,0E0,0E0,0E0,0E0,0E0,0E0,0E0,0E0,0E0,0E0,0E0,0E0,0E0,0E0,0E0,0E0,0E0,0E0,0E0,0E0,0E0,0E0,0E0,0E0,0E0,0E0,0E0,0E0,0E0,0E0,0E0],"parents":[2147483647,0,0,1,1,2,2,3,3,4,4,5,5,6,6,7,7,8,8,9,9,10,10,11,11,12,12,13,13,14,14,15,15,16,16,17,17,18,18,19,19,20,20,21,21,22,22,23,23,24,24,25,25,26,26,27,27,28,28,29,29,30,30,31,31,32,32,33,33,34,34,35,35,36,36,37,37,38,38,39,39,40,40,41,41,43,43,44,44,45,45,46,46,47,47,48,48,49,49,50,50,51,51,53,53,54,54,58,58],"right_children":[2,4,6,8,10,12,14,16,18,20,22,24,26,28,30,32,34,36,38,40,42,44,46,48,50,52,54,56,58,60,62,64,66,68,70,72,74,76,78,80,82,84,-1,86,88,90,92,94,96,98,100,102,-1,104,106,-1,-1,-1,108,-1,-1,-1,-1,-1,-1,-1,-1,-1,-1,-1,-1,-1,-1,-1,-1,-1,-1,-1,-1,-1,-1,-1,-1,-1,-1,-1,-1,-1,-1,-1,-1,-1,-1,-1,-1,-1,-1,-1,-1,-1,-1,-1,-1,-1,-1,-1,-1,-1,-1],"split_conditions":[5E0,2E0,1.1E1,5E0,3.9E1,1E1,1.8E1,2E0,6E0,9E0,NaN,4E0,4E0,1.2E1,3E0,3E0,8E0,3.4E1,2.8E1,8E0,2E0,8E0,5E0,6E0,1.3E1,3E0,7E0,1E1,NaN,1.2E1,3E0,NaN,1.1E1,5E0,2.6E1,1.7E1,5E0,2E0,3.7E1,NaN,3E0,1.8E1,-3.2192546E-1,4E0,9E0,3E0,4E0,NaN,2E0,6E0,1.7E1,6E0,-4.051554E-2,8E0,2.8E1,2.117185E-3,2.997458E-1,1.574978E-1,5E0,-2.1594276E-1,1.574978E-1,3.301761E-2,2.891232E-1,-5.766248E-1,-4.9846646E-1,-1.7079684E-1,-4.00216E-1,-5.260398E-1,-5.528675E-1,-5.195431E-1,-2.3493972E-1,-5.73778E-1,-5.1392645E-1,-2.1079604E-1,-4.3734586E-1,-4.7304383E-1,-5.354465E-1,-4.59619E-1,-3.414611E-1,-1.5556477E-1,-3.722793E-1,-5.1184183E-1,-4.459923E-1,-1.54297E-1,1.8632534E-1,-5.456212E-1,-2.8918186E-1,-3.4377173E-1,1.0628278E-1,-3.2090467E-1,-3.6215056E-3,-4.3578786E-1,-3.8769877E-1,6.717763E-2,-3.0136114E-1,8.7663025E-4,-1.5621881E-1,-2.1392524E-1,-3.270238E-1,2.1044838E-1,-1.5341894E-1,-7.088228E-2,-3.920574E-1,-5.1237166E-1,-1.5341894E-1,-3.687226E-2,-4.145452E-1,-4.995473E-2,-4.446883E-1],"split_indices":[6,6,6,1,4,1,5,6,0,0,10,2,4,3,2,5,0,3,4,3,4,0,3,6,5,4,6,3,16,3,1,9,3,2,3,3,0,6,3,8,6,3,0,6,0,1,1,12,4,5,3,6,0,0,3,0,0,0,1,0,0,0,0,0,0,0,0,0,0,0,0,0,0,0,0,0,0,0,0,0,0,0,0,0,0,0,0,0,0,0,0,0,0,0,0,0,0,0,0,0,0,0,0,0,0,0,0,0,0],"split_type":[0,0,0,0,0,0,0,0,0,0,1,0,0,0,0,0,0,0,0,0,0,0,0,0,0,0,0,0,1,0,0,1,0,0,0,0,0,0,0,1,0,0,0,0,0,0,0,1,0,0,0,0,0,0,0,0,0,0,0,0,0,0,0,0,0,0,0,0,0,0,0,0,0,0,0,0,0,0,0,0,0,0,0,0,0,0,0,0,0,0,0,0,0,0,0,0,0,0,0,0,0,0,0,0,0,0,0,0,0],"sum_hessian":[8.681272E3,8.366367E3,3.1490497E2,6.7826772E3,1.58369E3,2.918746E2,2.3030363E1,4.1064546E3,2.6762222E3,4.617823E2,1.1219077E3,2.6249915E2,2.9375463E1,1.5745249E1,7.2851152E0,1.1498732E3,2.9565818E3,7.005461E2,1.9756761E3,4.554372E2,6.3451004E0,1.5792249E2,9.639852E2,1.1726685E2,1.452323E2,8.930141E0,2.0445322E1,3.5250556E0,1.2220193E1,2.8200445E0,4.4650707E0,1.1216727E3,2.8200445E1,2.3812925E3,5.7528906E2,6.406201E2,5.9925945E1,3.3417526E2,1.6415009E3,1.5980252E1,4.3945694E2,3.7600594E0,2.5850408E0,1.26667E2,3.1255493E1,1.5745249E1,9.4824E2,4.4415703E1,7.285115E1,1.4217725E2,3.0550482E0,7.2851152E0,1.645026E0,1.5745249E1,4.700074E0,1.8800297E0,1.645026E0,1.4100223E0,1.0810171E1,1.4100223E0,1.4100223E0,1.4100223E0,3.0550482E0,1.4852234E2,9.731504E2,8.930141E0,1.9270304E1,9.581101E2,1.4231825E3,5.668289E2,8.460134E0,2.4440385E2,3.9621625E2,2.091533E1,3.9010616E1,1.330121E2,2.0116318E2,1.5712349E3,7.0266106E1,7.2851152E0,8.695137E0,2.4369885E2,1.9575809E2,2.1150334E0,1.645026E0,1.1303678E2,1.3630215E1,2.9375463E1,1.8800297E0,1.0810171E1,4.9350777E0,3.8329105E2,5.649489E2,3.0550482E0,4.1360653E1,1.6215256E1,5.6635895E1,5.3580845E1,8.85964E1,1.8800297E0,1.1750185E0,2.5850408E0,4.700074E0,1.45702305E1,1.1750185E0,2.8200445E0,1.8800297E0,6.1100965E0,4.700074E0],"tree_param":{"num_deleted":"0","num_feature":"17","num_nodes":"109","size_leaf_vector":"0"}}]},"name":"gbtree"},"learner_model_param":{"base_score":"5E-1","num_class":"0","num_feature":"17","num_target":"1"},"objective":{"name":"reg:squarederror","reg_loss_param":{"scale_pos_weight":"1"}}},"version":[1,6,2]}