{"learner":{"attributes":{"best_ntree_limit":"1"},"feature_names":[],"feature_types":["q","q","q","q","q","q","q","c","c","c","c","c","c","c","c","c"],"gradient_booster":{"model":{"gbtree_model_param":{"num_parallel_tree":"1","num_trees":"1","size_leaf_vector":"0"},"tree_info":[0],"trees":[{"base_weights":[-1.4550998E0,-1.4816343E0,-7.5131774E-1,-1.5214702E0,-1.3102131E0,-8.119688E-1,-3.8424317E-2,-1.5747106E0,-1.4386827E0,-1.2801267E0,-1.5138347E0,-6.3180345E-1,-9.710893E-1,1.0648231E-1,-3.8788313E-1,-1.5105635E0,-1.5988605E0,-1.4573588E0,-1.1734966E0,-1.3938342E0,-1.2309742E0,-1.5353268E0,1.04517646E-1,-7.941831E-1,-2.867186E-1,-9.850423E-1,2.0372702E-1,5.1595706E-1,-1.3670999E-1,-1.706929E0,-1.4810791E0,-1.6691691E0,-1.5663118E0,-1.5307289E0,-1.3896557E0,-5.63009E-1,-1.2388883E0,-1.4091196E0,-3.328924E-1,1.5165338E-1,-1.2344495E0,-1.9786952E0,-1.4415861E0,-5.5656624E-1,-9.918059E-1,1.6780275E-1,-6.1321014E-1,-8.8254786E-1,-1.2258421E0,6.15883E-1,-2.7139165E-2,2.60984E-1,-6.350746E-1,-3.951125E-1,-5.374752E-1,-4.465255E-1,6.9426394E-1,-5.015005E-1,-5.1325157E-2,-4.9622974E-1,-4.628367E-1,-5.082266E-1,-4.5253295E-1,-3.8183525E-1,-4.2618886E-1,6.493375E-2,-3.1971553E-1,-3.9728695E-1,-2.8877017E-1,-4.490773E-1,-3.907775E-1,-2.71405E-1,1.4334445E-1,2.0372702E-1,-9.7007625E-2,-2.9919735E-1,-3.7652144E-1,-1.1366489E0,-5.2777743E-1,-4.3965274E-1,-6.1887562E-2,-8.489115E-2,-2.7996904E-1,-3.6004648E-1,-6.926939E-2,1.7147474E-1,-1.2538648E-1,-8.886559E-2,-3.2590297E-1,-1.9001532E-1,-3.0500856E-1,-3.8171962E-1,-6.784988E-2,7.172887E-2,2.983097E-1,2.5440955E-1,-6.64456E-2,-3.5853273E-1,-8.569997E-2],"categories":[2,2,2,1],"categories_nodes":[4,15,36,41],"categories_segments":[0,1,2,3],"categories_sizes":[1,1,1,1],"default_left":[1,1,0,0,0,0,0,0,0,0,1,0,1,0,0,0,1,1,0,0,0,1,0,0,0,0,0,0,1,0,0,0,0,0,0,0,0,0,0,0,1,0,0,0,1,0,1,0,0,0,0,0,0,0,0,0,0,0,0,0,0,0,0,0,0,0,0,0,0,0,0,0,0,0,0,0,0,0,0,0,0,0,0,0,0,0,0,0,0,0,0,0,0,0,0,0,0,0,0],"id":0,"left_children":[1,3,5,7,9,11,13,15,17,19,21,23,25,27,-1,29,31,33,35,37,39,41,-1,43,45,47,-1,49,51,53,55,57,59,61,63,65,67,69,71,73,75,77,79,81,83,85,87,89,91,93,-1,95,97,-1,-1,-1,-1,-1,-1,-1,-1,-1,-1,-1,-1,-1,-1,-1,-1,-1,-1,-1,-1,-1,-1,-1,-1,-1,-1,-1,-1,-1,-1,-1,-1,-1,-1,-1,-1,-1,-1,-1,-1,-1,-1,-1,-1,-1,-1],"loss_changes":[1.890664E2,6.5015625E1,1.6054855E1,3.2802734E1,9.442139E0,9.214371E0,5.6312943E0,5.0703125E0,1.3769531E1,7.3657227E0,9.886536E0,8.941765E0,4.81752E0,2.8602629E0,0E0,5.227783E0,5.3789062E0,1.2356934E1,7.716858E0,7.361267E0,5.6798096E0,6.755615E0,0E0,4.6468887E0,8.105463E0,3.3378448E0,0E0,7.009587E-1,3.8059301E0,3.1961365E0,3.6097656E1,3.7954102E0,2.4121094E0,2.503418E0,3.720459E0,8.939599E0,3.1983643E0,2.4995117E0,4.218191E0,1.1607621E0,4.3242188E0,8.294495E0,5.4458923E0,5.1512146E0,9.102436E0,5.7564616E0,4.4172735E0,3.6738892E0,2.080925E0,1.0841892E0,0E0,3.2817843E0,1.3106897E0,0E0,0E0,0E0,0E0,0E0,0E0,0E0,0E0,0E0,0E0,0E0,0E0,0E0,0E0,0E0,0E0,0E0,0E0,0E0,0E0,0E0,0E0,0E0,0E0,0E0,0E0,0E0,0E0,0E0,0E0,0E0,0E0,0E0,0E0,0E0,0E0,0E0,0E0,0E0,0E0,0E0,0E0,0E0,0E0,0E0,0E0],"parents":[2147483647,0,0,1,1,2,2,3,3,4,4,5,5,6,6,7,7,8,8,9,9,10,10,11,11,12,12,13,13,15,15,16,16,17,17,18,18,19,19,20,20,21,21,23,23,24,24,25,25,27,27,28,28,29,29,30,30,31,31,32,32,33,33,34,34,35,35,36,36,37,37,38,38,39,39,40,40,41,41,42,42,43,43,44,44,45,45,46,46,47,47,48,48,49,49,51,51,52,52],"right_children":[2,4,6,8,10,12,14,16,18,20,22,24,26,28,-1,30,32,34,36,38,40,42,-1,44,46,48,-1,50,52,54,56,58,60,62,64,66,68,70,72,74,76,78,80,82,84,86,88,90,92,94,-1,96,98,-1,-1,-1,-1,-1,-1,-1,-1,-1,-1,-1,-1,-1,-1,-1,-1,-1,-1,-1,-1,-1,-1,-1,-1,-1,-1,-1,-1,-1,-1,-1,-1,-1,-1,-1,-1,-1,-1,-1,-1,-1,-1,-1,-1,-1,-1],"split_conditions":[5E0,2E0,1.1E1,5E0,NaN,5E0,2.6E1,2E0,3.4E1,1.2E1,9E0,7E0,1.1E1,1.2E1,-3.8788313E-1,NaN,6E0,7E0,5E0,9E0,1.4E1,5E0,1.04517646E-1,6E0,4E0,6E0,2.0372702E-1,2.1E1,3E0,1.1E1,2.7E1,4E1,2E0,4E0,2E0,9E0,NaN,3E0,5E0,5E0,4E0,NaN,3.7E1,2.1E1,2E0,6E0,2E0,6E0,9E0,1.6E1,-2.7139165E-2,3E0,4E0,-3.951125E-1,-5.374752E-1,-4.465255E-1,6.9426394E-1,-5.015005E-1,-5.1325157E-2,-4.9622974E-1,-4.628367E-1,-5.082266E-1,-4.5253295E-1,-3.8183525E-1,-4.2618886E-1,6.493375E-2,-3.1971553E-1,-3.9728695E-1,-2.8877017E-1,-4.490773E-1,-3.907775E-1,-2.71405E-1,1.4334445E-1,2.0372702E-1,-9.7007625E-2,-2.9919735E-1,-3.7652144E-1,-1.1366489E0,-5.2777743E-1,-4.3965274E-1,-6.1887562E-2,-8.489115E-2,-2.7996904E-1,-3.6004648E-1,-6.926939E-2,1.7147474E-1,-1.2538648E-1,-8.886559E-2,-3.2590297E-1,-1.9001532E-1,-3.0500856E-1,-3.8171962E-1,-6.784988E-2,7.172887E-2,2.983097E-1,2.5440955E-1,-6.64456E-2,-3.5853273E-1,-8.569997E-2],"split_indices":[6,6,6,1,9,2,3,6,3,4,0,6,4,6,0,8,0,0,0,0,4,0,0,0,4,1,0,3,5,3,3,3,1,5,2,1,9,6,1,1,0,11,3,3,5,1,5,5,6,3,0,4,5,0,0,0,0,0,0,0,0,0,0,0,0,0,0,0,0,0,0,0,0,0,0,0,0,0,0,0,0,0,0,0,0,0,0,0,0,0,0,0,0,0,0,0,0,0,0],"split_type":[0,0,0,0,1,0,0,0,0,0,0,0,0,0,0,1,0,0,0,0,0,0,0,0,0,0,0,0,0,0,0,0,0,0,0,0,1,0,0,0,0,1,0,0,0,0,0,0,0,0,0,0,0,0,0,0,0,0,0,0,0,0,0,0,0,0,0,0,0,0,0,0,0,0,0,0,0,0,0,0,0,0,0,0,0,0,0,0,0,0,0,0,0,0,0,0,0,0,0],"sum_hessian":[1.0182856E4,9.811819E3,3.7103748E2,7.9552534E3,1.8565658E3,3.418176E2,2.921989E1,4.8306543E3,3.1245989E3,1.6239093E3,2.326565E2,1.6263902E2,1.7917857E2,2.7014616E1,2.2052748E0,1.3386018E3,3.4920527E3,2.914822E3,2.0977676E2,4.8185254E2,1.1420566E3,2.3017555E2,2.4809341E0,1.09712425E2,5.2926598E1,1.7807594E2,1.1026374E0,9.648077E0,1.7366539E1,1.6732523E2,1.1712766E3,1.0891301E3,2.4029226E3,1.3884962E3,1.5263258E3,2.122577E1,1.88551E2,4.746854E2,7.1671433E0,2.7565935E0,1.1393E3,3.6662693E1,1.9351286E2,5.1548298E1,5.8164124E1,2.2328407E1,3.0598188E1,1.281816E2,4.9894344E1,8.26978E0,1.3782967E0,9.923737E0,7.4428024E0,3.2803463E1,1.3452176E2,1.1696227E3,1.6539562E0,1.0872004E3,1.9296155E0,4.9315457E2,1.909768E3,1.5767715E2,1.230819E3,3.2858594E2,1.1977399E3,8.54544E0,1.268033E1,1.4113759E2,4.741341E1,2.5305528E2,2.2163013E2,4.13489E0,3.0322528E0,1.1026374E0,1.6539562E0,9.510248E1,1.0441976E3,2.2052748E0,3.445742E1,1.8965364E2,3.859231E0,3.0873848E1,2.0674452E1,4.5208134E1,1.295599E1,1.3231649E1,9.096759E0,1.9296154E1,1.1302033E1,4.686209E1,8.131951E1,4.741341E1,2.4809341E0,4.9618683E0,3.3079123E0,4.13489E0,5.7888465E0,1.9296155E0,5.513187E0],"tree_param":{"num_deleted":"0","num_feature":"16","num_nodes":"99","size_leaf_vector":"0"}}]},"name":"gbtree"},"learner_model_param":{"base_score":"5E-1","num_class":"0","num_feature":"16","num_target":"1"},"objective":{"name":"reg:squarederror","reg_loss_param":{"scale_pos_weight":"1"}}},"version":[1,6,2]}