{"learner":{"attributes":{"best_ntree_limit":"2"},"feature_names":[],"feature_types":["q","q","q","q","q","q","q","c","c","c","c","c","c","c","c","c"],"gradient_booster":{"model":{"gbtree_model_param":{"num_parallel_tree":"1","num_trees":"2","size_leaf_vector":"0"},"tree_info":[0,0],"trees":[{"base_weights":[-1.4551249E0,-1.4815992E0,-7.4965715E-1,-1.5225612E0,-1.3054408E0,-7.969379E-1,-1.433885E-1,-1.5764871E0,-1.4393405E0,-1.4199306E0,-1.2572739E0,-7.4540734E-1,-1.2234052E0,-3.6380753E-1,3.212067E-1,-1.5108502E0,-1.6015717E0,-1.5616995E0,-1.395299E0,-1.4315265E0,-5.1663166E-1,-1.4449738E0,-1.2252748E0,-5.909041E-1,-8.6598355E-1,-8.222316E-1,-1.3587041E0,4.5853847E-1,-6.15456E-1,-1.6629033E-1,6.0639787E-1,-1.5221009E0,-1.0318235E0,-1.6157525E0,-1.5405691E0,-1.6026379E0,-1.1077187E0,-1.5303006E0,-1.3670353E0,-8.9775693E-1,-1.4491605E0,-5.3319078E-2,-1.0101881E0,-1.5549723E0,-9.697404E-1,2.037268E-1,-1.2277327E0,-8.574965E-1,-4.2033035E-1,-8.882988E-1,1.3976121E-1,6.1048847E-2,-9.508903E-1,-1.4937989E0,-7.4627167E-1,-4.5001682E-2,2.5588214E-1,1.2906973E-1,-7.7332896E-1,-2.1004668E-1,1.2906973E-1,1.6030928E-2,7.9427266E-1,-5.143263E-1,-4.4738224E-1,-1.6823849E-1,-3.6512974E-1,-4.708932E-1,-4.937506E-1,-4.6538708E-1,-2.237996E-1,-5.1175797E-1,-4.6063206E-1,-2.0243497E-1,-3.9613193E-1,-4.259661E-1,-4.791023E-1,-4.142441E-1,-3.138234E-1,-9.6133806E-2,-3.0904546E-1,-4.5892534E-1,-4.0279064E-1,-1.5403393E-1,1.5347964E-1,-8.162911E-2,-3.5853297E-1,-4.879724E-1,-2.70112E-1,-3.162565E-1,8.009522E-2,-3.8941297E-1,-3.5304302E-1,4.1928366E-2,-2.7974775E-1,-2.0515384E-2,-1.5557596E-1,-2.0490538E-1,-3.0142638E-1,1.7369094E-1,-1.5328008E-1,-1.7123093E-1,-6.5234095E-1,-4.6213147E-1,-1.5328008E-1,-4.9887102E-2,-3.878834E-1,-2.2430708E-1,2.037268E-1,-6.5234095E-1,-1.4328402E-1,2.7688488E-1,6.1048847E-2],"categories":[1,2,1,2,2,1],"categories_nodes":[10,25,28,31,39,47],"categories_segments":[0,1,2,3,4,5],"categories_sizes":[1,1,1,1,1,1],"default_left":[1,1,0,0,0,0,0,0,1,0,0,0,0,0,0,1,1,0,0,0,0,0,1,0,1,0,0,0,0,0,0,0,0,0,0,0,0,0,0,0,0,0,0,0,1,0,0,0,0,0,0,0,0,0,0,0,0,0,1,0,0,0,0,0,0,0,0,0,0,0,0,0,0,0,0,0,0,0,0,0,0,0,0,0,0,0,0,0,0,0,0,0,0,0,0,0,0,0,0,0,0,0,0,0,0,0,0,0,0,0,0,0,0],"id":0,"left_children":[1,3,5,7,9,11,13,15,17,19,21,23,25,27,29,31,33,35,37,39,41,43,45,47,49,51,53,55,57,59,61,63,65,67,69,71,73,75,77,79,81,83,85,87,89,-1,91,93,95,97,99,-1,101,103,105,107,-1,-1,109,-1,-1,-1,111,-1,-1,-1,-1,-1,-1,-1,-1,-1,-1,-1,-1,-1,-1,-1,-1,-1,-1,-1,-1,-1,-1,-1,-1,-1,-1,-1,-1,-1,-1,-1,-1,-1,-1,-1,-1,-1,-1,-1,-1,-1,-1,-1,-1,-1,-1,-1,-1,-1,-1],"loss_changes":[1.890957E2,6.8833984E1,1.0502701E1,3.3441406E1,8.4646E0,6.633972E0,2.9857118E0,5.5117188E0,1.4743652E1,4.94458E0,6.1396484E0,5.2431183E0,8.0739975E-1,4.311202E0,1.4279392E0,5.7041016E0,5.126953E-1,1.3515625E1,6.7543945E0,3.7368164E0,1.8767612E0,8.227905E0,6.1308594E0,5.9401245E0,3.9700165E0,1.7078514E0,9.5217514E-1,1.0581589E0,2.8641872E0,1.6731391E0,6.055579E-1,5.2495117E0,2.2915459E0,1.2924805E0,4.5998535E0,2.5999756E0,5.6746902E0,6.269531E-1,7.074951E0,1.1790447E0,2.380127E0,1.669065E0,2.25173E-1,5.546417E0,4.2148933E0,0E0,2.52063E0,4.1016655E0,2.9542027E0,3.3245544E0,1.6057574E0,0E0,3.58317E0,1.05407715E-1,1.8500676E0,2.1386256E0,0E0,0E0,4.6297407E0,0E0,0E0,0E0,1.6062355E-1,0E0,0E0,0E0,0E0,0E0,0E0,0E0,0E0,0E0,0E0,0E0,0E0,0E0,0E0,0E0,0E0,0E0,0E0,0E0,0E0,0E0,0E0,0E0,0E0,0E0,0E0,0E0,0E0,0E0,0E0,0E0,0E0,0E0,0E0,0E0,0E0,0E0,0E0,0E0,0E0,0E0,0E0,0E0,0E0,0E0,0E0,0E0,0E0,0E0,0E0],"parents":[2147483647,0,0,1,1,2,2,3,3,4,4,5,5,6,6,7,7,8,8,9,9,10,10,11,11,12,12,13,13,14,14,15,15,16,16,17,17,18,18,19,19,20,20,21,21,22,22,23,23,24,24,25,25,26,26,27,27,28,28,29,29,30,30,31,31,32,32,33,33,34,34,35,35,36,36,37,37,38,38,39,39,40,40,41,41,42,42,43,43,44,44,46,46,47,47,48,48,49,49,50,50,52,52,53,53,54,54,55,55,58,58,62,62],"right_children":[2,4,6,8,10,12,14,16,18,20,22,24,26,28,30,32,34,36,38,40,42,44,46,48,50,52,54,56,58,60,62,64,66,68,70,72,74,76,78,80,82,84,86,88,90,-1,92,94,96,98,100,-1,102,104,106,108,-1,-1,110,-1,-1,-1,112,-1,-1,-1,-1,-1,-1,-1,-1,-1,-1,-1,-1,-1,-1,-1,-1,-1,-1,-1,-1,-1,-1,-1,-1,-1,-1,-1,-1,-1,-1,-1,-1,-1,-1,-1,-1,-1,-1,-1,-1,-1,-1,-1,-1,-1,-1,-1,-1,-1,-1],"split_conditions":[5E0,2E0,1.1E1,5E0,3.9E1,1E1,1.8E1,2E0,6E0,9E0,NaN,4E0,4E0,1.2E1,3E0,3E0,8E0,3.4E1,2.8E1,8E0,2E0,8E0,4E0,6E0,1.3E1,NaN,7E0,1E1,NaN,1.2E1,3E0,NaN,1.1E1,5E0,2.6E1,1.7E1,5E0,2E0,3.7E1,NaN,3E0,1.8E1,4E0,4E0,9E0,2.037268E-1,4E0,NaN,2E0,6E0,1.7E1,6.1048847E-2,8E0,8E0,2.8E1,1.3E1,2.5588214E-1,1.2906973E-1,2E0,-2.1004668E-1,1.2906973E-1,1.6030928E-2,8E0,-5.143263E-1,-4.4738224E-1,-1.6823849E-1,-3.6512974E-1,-4.708932E-1,-4.937506E-1,-4.6538708E-1,-2.237996E-1,-5.1175797E-1,-4.6063206E-1,-2.0243497E-1,-3.9613193E-1,-4.259661E-1,-4.791023E-1,-4.142441E-1,-3.138234E-1,-9.6133806E-2,-3.0904546E-1,-4.5892534E-1,-4.0279064E-1,-1.5403393E-1,1.5347964E-1,-8.162911E-2,-3.5853297E-1,-4.879724E-1,-2.70112E-1,-3.162565E-1,8.009522E-2,-3.8941297E-1,-3.5304302E-1,4.1928366E-2,-2.7974775E-1,-2.0515384E-2,-1.5557596E-1,-2.0490538E-1,-3.0142638E-1,1.7369094E-1,-1.5328008E-1,-1.7123093E-1,-6.5234095E-1,-4.6213147E-1,-1.5328008E-1,-4.9887102E-2,-3.878834E-1,-2.2430708E-1,2.037268E-1,-6.5234095E-1,-1.4328402E-1,2.7688488E-1,6.1048847E-2],"split_indices":[6,6,6,1,4,1,5,6,0,0,9,2,4,3,2,5,0,3,4,3,4,0,3,6,5,7,6,3,15,3,1,8,3,2,3,3,0,6,3,7,6,3,5,6,0,0,1,11,4,5,3,0,0,0,3,6,0,0,5,0,0,0,1,0,0,0,0,0,0,0,0,0,0,0,0,0,0,0,0,0,0,0,0,0,0,0,0,0,0,0,0,0,0,0,0,0,0,0,0,0,0,0,0,0,0,0,0,0,0,0,0,0,0],"split_type":[0,0,0,0,0,0,0,0,0,0,1,0,0,0,0,0,0,0,0,0,0,0,0,0,0,1,0,0,1,0,0,1,0,0,0,0,0,0,0,1,0,0,0,0,0,0,0,1,0,0,0,0,0,0,0,0,0,0,0,0,0,0,0,0,0,0,0,0,0,0,0,0,0,0,0,0,0,0,0,0,0,0,0,0,0,0,0,0,0,0,0,0,0,0,0,0,0,0,0,0,0,0,0,0,0,0,0,0,0,0,0,0,0],"sum_hessian":[1.0183132E4,9.813749E3,3.6938354E2,7.95608E3,1.8576683E3,3.4236893E2,2.7014616E1,4.8168716E3,3.1392087E3,5.4167065E2,1.3159978E3,3.079115E2,3.445742E1,1.8469177E1,8.54544E0,1.3488013E3,3.4680703E3,8.2174054E2,2.3174683E3,5.3422784E2,7.4428024E0,1.8524309E2,1.1307546E3,1.3755402E2,1.7035748E2,1.0475056E1,2.3982363E1,4.13489E0,1.4334287E1,3.3079123E0,5.237528E0,1.315722E3,3.307912E1,2.793256E3,6.748141E2,7.514474E2,7.029314E1,3.919876E2,1.9254806E3,1.8744837E1,5.15483E2,4.4105496E0,3.0322528E0,1.485804E2,3.6662693E1,1.1026374E0,1.129652E3,5.2099617E1,8.54544E1,1.6677391E2,3.5835717E0,1.1026374E0,9.372418E0,1.8469177E1,5.513187E0,2.2052748E0,1.9296155E0,1.6539562E0,1.268033E1,1.6539562E0,1.6539562E0,1.6539562E0,3.5835717E0,1.742167E2,1.1415054E3,1.0475056E1,2.2604067E1,1.1238632E3,1.6693931E3,6.648904E2,9.923737E0,2.8668573E2,4.6476166E2,2.4533682E1,4.5759453E1,1.560232E2,2.359644E2,1.8430585E3,8.242215E1,4.13489E0,1.4609945E1,2.8585873E2,2.2962424E2,2.4809341E0,1.9296155E0,1.1026374E0,1.9296155E0,1.3259215E2,1.5988242E1,3.445742E1,2.2052748E0,4.6421036E2,6.6544165E2,3.5835717E0,4.8516045E1,1.9020494E1,6.643391E1,6.2850334E1,1.0392358E2,2.2052748E0,1.3782967E0,8.26978E0,1.1026374E0,1.709088E1,1.3782967E0,3.3079123E0,2.2052748E0,1.1026374E0,1.1026374E0,1.1026374E0,1.1577693E1,2.4809341E0,1.1026374E0],"tree_param":{"num_deleted":"0","num_feature":"16","num_nodes":"113",