{"learner":{"attributes":{"best_ntree_limit":"2"},"feature_names":[],"feature_types":["q","q","q","q","q","q","q","c","c","c","c","c","c","c","c","c","c"],"gradient_booster":{"model":{"gbtree_model_param":{"num_parallel_tree":"1","num_trees":"2","size_leaf_vector":"0"},"tree_info":[0,0],"trees":[{"base_weights":[-1.6191926E0,-1.6599038E0,-1.0029564E0,-1.6984223E0,-1.4659945E0,-1.1435899E0,-5.000708E-1,-1.7611436E0,-1.6014123E0,-1.4266473E0,-1.7225168E0,-1.2787347E0,-9.8782915E-1,-1.1003317E-1,-7.562403E-1,-1.6717024E0,-1.7947149E0,-1.6809548E0,-1.5250927E0,-1.5648123E0,-1.3692133E0,-1.8230609E0,-1.0975821E0,-1.0680602E0,-1.3862396E0,-7.7168924E-1,-1.1214637E0,3.935074E-1,-2.983834E-1,-1.028055E0,-4.3338798E-2,-1.9142013E0,-1.6353103E0,-1.8704082E0,-1.7591851E0,-1.7193594E0,-1.266284E0,-1.3966209E0,-1.5581328E0,-1.6612213E0,-1.3805206E0,1.3462448E-1,-1.3743194E0,-1.8565922E0,-4.1162294E-1,-1.2075174E0,3.831733E-2,-5.49299E-1,-1.1899388E0,-1.578363E0,-1.0520473E0,-1.1947175E0,-5.6574357E-1,-9.4473714E-1,-1.4040812E0,8.09133E-1,-2.0554997E-1,-5.630628E-1,1.7437254E-1,2.7206892E-1,-1.1623416E0,9.586448E-1,-5.1967627E-1,-4.479005E-1,-6.037682E-1,-2.5551686E-1,-4.955505E-1,-5.6179255E-1,-1.5489077E-2,-5.2848953E-1,-2.2314571E-1,-5.0248677E-1,-5.3915936E-1,-2.1590704E-1,-4.1046858E-1,-4.3192968E-1,-3.3163437E-1,-4.7054753E-1,-3.477251E-1,-5.0615984E-1,-2.1485966E-1,-2.0204774E-1,-4.352865E-1,-4.5905295E-1,-3.9639238E-1,-5.3804076E-1,-1.0058289E0,1.0628278E-1,-3.1037962E-1,-4.0883556E-1,-1.9631056E-1,-4.2927867E-1,-1.1796611E-1,-3.7636015E-1,-6.907761E-2,-5.722015E-1,-4.186475E-1,-3.2733846E-1,1.2244079E-1,-4.99596E-2,-4.0244272E-1,-2.8879908E-1,-4.464141E-2,-3.01658E-1,-4.2425234E-2,-2.1485966E-1,-4.512014E-1,3.324469E-1,6.717763E-2,-2.382444E-1,1.2019397E-1,-3.7358698E-1,-7.860321E-2,1.4845788E-1,-2.8876638E-1,2.297573E-1,-2.1594276E-1,-2.9740977E-1,-5.984705E-1,3.388761E-1,7.290491E-2,-2.2773561E-1,1.5898988E-1],"categories":[2,2,2,1,1,1,2],"categories_nodes":[4,15,37,47,48,51,54],"categories_segments":[0,1,2,3,4,5,6],"categories_sizes":[1,1,1,1,1,1,1],"default_left":[1,1,0,0,0,0,0,0,1,0,1,0,0,0,0,0,1,0,0,0,0,1,0,0,0,0,0,0,0,0,0,0,1,0,1,0,0,0,0,0,0,0,0,0,0,0,0,0,0,0,0,0,0,0,0,0,0,0,0,0,0,0,0,0,0,0,0,0,0,0,0,0,0,0,0,0,0,0,0,0,0,0,0,0,0,0,0,0,0,0,0,0,0,0,0,0,0,0,0,0,0,0,0,0,0,0,0,0,0,0,0,0,0,0,0,0,0,0,0,0,0,0,0],"id":0,"left_children":[1,3,5,7,9,11,13,15,17,19,21,23,25,27,29,31,33,35,37,39,41,43,45,47,49,51,53,55,57,59,61,63,65,67,69,71,73,75,77,79,81,-1,83,85,87,89,-1,91,93,95,97,99,101,103,105,107,109,111,113,115,117,119,121,-1,-1,-1,-1,-1,-1,-1,-1,-1,-1,-1,-1,-1,-1,-1,-1,-1,-1,-1,-1,-1,-1,-1,-1,-1,-1,-1,-1,-1,-1,-1,-1,-1,-1,-1,-1,-1,-1,-1,-1,-1,-1,-1,-1,-1,-1,-1,-1,-1,-1,-1,-1,-1,-1,-1,-1,-1,-1,-1,-1],"loss_changes":[2.1615234E2,5.833008E1,3.765851E1,3.847461E1,1.1236816E1,7.612793E0,1.1897875E1,9.347656E0,1.3682129E1,7.238037E0,9.033081E0,3.5558777E0,4.91951E0,4.7367663E0,1.3947334E1,6.9018555E0,4.713867E0,1.8534668E1,3.666748E0,3.7495117E0,8.442383E0,6.323395E0,3.7710953E0,4.3722763E0,7.577606E0,6.2699165E0,4.7447968E0,3.5749524E0,4.604764E0,9.4351845E0,1.0509332E1,2.897705E0,1.1480713E1,3.7011719E0,3.7631836E0,1.0944824E0,5.36969E0,2.0669556E0,2.6721191E0,4.152771E0,5.134735E0,0E0,4.9259033E0,7.7753296E0,2.6377308E0,1.2326622E0,0E0,1.7738738E0,3.6482086E0,2.714325E0,3.613636E0,3.579956E0,9.044973E0,3.6593018E0,1.996048E0,1.201674E0,2.6035461E0,4.4644194E0,5.4646335E0,3.3430438E0,4.7882004E0,5.952778E-1,4.1383667E0,0E0,0E0,0E0,0E0,0E0,0E0,0E0,0E0,0E0,0E0,0E0,0E0,0E0,0E0,0E0,0E0,0E0,0E0,0E0,0E0,0E0,0E0,0E0,0E0,0E0,0E0,0E0,0E0,0E0,0E0,0E0,0E0,0E0,0E0,0E0,0E0,0E0,0E0,0E0,0E0,0E0,0E0,0E0,0E0,0E0,0E0,0E0,0E0,0E0,0E0,0E0,0E0,0E0,0E0,0E0,0E0,0E0,0E0,0E0,0E0],"parents":[2147483647,0,0,1,1,2,2,3,3,4,4,5,5,6,6,7,7,8,8,9,9,10,10,11,11,12,12,13,13,14,14,15,15,16,16,17,17,18,18,19,19,20,20,21,21,22,22,23,23,24,24,25,25,26,26,27,27,28,28,29,29,30,30,31,31,32,32,33,33,34,34,35,35,36,36,37,37,38,38,39,39,40,40,42,42,43,43,44,44,45,45,47,47,48,48,49,49,50,50,51,51,52,52,53,53,54,54,55,55,56,56,57,57,58,58,59,59,60,60,61,61,62,62],"right_children":[2,4,6,8,10,12,14,16,18,20,22,24,26,28,30,32,34,36,38,40,42,44,46,48,50,52,54,56,58,60,62,64,66,68,70,72,74,76,78,80,82,-1,84,86,88,90,-1,92,94,96,98,100,102,104,106,108,110,112,114,116,118,120,122,-1,-1,-1,-1,-1,-1,-1,-1,-1,-1,-1,-1,-1,-1,-1,-1,-1,-1,-1,-1,-1,-1,-1,-1,-1,-1,-1,-1,-1,-1,-1,-1,-1,-1,-1,-1,-1,-1,-1,-1,-1,-1,-1,-1,-1,-1,-1,-1,-1,-1,-1,-1,-1,-1,-1,-1,-1,-1,-1,-1],"split_conditions":[4E0,2E0,7E0,5E0,NaN,5E0,3E0,2E0,7E0,1.2E1,8E0,3E0,1.1E1,2E0,1E1,NaN,6E0,3.4E1,2E0,3E0,1.4E1,3.7E1,9E0,1.3E1,7E0,3E0,7E0,6E0,2E1,2E0,1.2E1,1.1E1,4E0,3.8E1,4E0,1.200001E1,5E0,NaN,3.9E1,3.5E1,1E1,1.3462448E-1,3E0,2.8E1,3.9E1,3E0,3.831733E-2,NaN,NaN,2.9E1,3.1E1,NaN,6E0,3E1,NaN,1E1,8E0,4E0,3E1,6E0,8E0,5E0,8E0,-4.479005E-1,-6.037682E-1,-2.5551686E-1,-4.955505E-1,-5.6179255E-1,-1.5489077E-2,-5.2848953E-1,-2.2314571E-1,-5.0248677E-1,-5.3915936E-1,-2.1590704E-1,-4.1046858E-1,-4.3192968E-1,-3.3163437E-1,-4.7054753E-1,-3.477251E-1,-5.0615984E-1,-2.1485966E-1,-2.0204774E-1,-4.352865E-1,-4.5905295E-1,-3.9639238E-1,-5.3804076E-1,-1.0058289E0,1.0628278E-1,-3.1037962E-1,-4.0883556E-1,-1.9631056E-1,-4.2927867E-1,-1.1796611E-1,-3.7636015E-1,-6.907761E-2,-5.722015E-1,-4.186475E-1,-3.2733846E-1,1.2244079E-1,-4.99596E-2,-4.0244272E-1,-2.8879908E-1,-4.464141E-2,-3.01658E-1,-4.2425234E-2,-2.1485966E-1,-4.512014E-1,3.324469E-1,6.717763E-2,-2.382444E-1,1.2019397E-1,-3.7358698E-1,-7.860321E-2,1.4845788E-1,-2.8876638E-1,2.297573E-1,-2.1594276E-1,-2.9740977E-1,-5.984705E-1,3.388761E-1,7.290491E-2,-2.2773561E-1,1.5898988E-1],"split_indices":[6,6,6,1,10,6,2,6,0,4,0,2,5,4,6,9,0,3,2,6,4,3,0,3,0,1,0,1,3,1,3,3,0,3,5,2,0,10,3,3,3,0,1,3,3,6,0,12,9,4,3,10,0,3,7,6,1,0,3,5,0,0,1,0,0,0,0,0,0,0,0,0,0,0,0,0,0,0,0,0,0,0,0,0,0,0,0,0,0,0,0,0,0,0,0,0,0,0,0,0,0,0,0,0,0,0,0,0,0,0,0,0,0,0,0,0,0,0,0,0,0,0,0],"split_type":[0,0,0,0,1,0,0,0,0,0,0,0,0,0,0,1,0,0,0,0,0,0,0,0,0,0,0,0,0,0,0,0,0,0,0,0,0,1,0,0,0,0,0,0,0,0,0,1,1,0,0,1,0,0,1,0,0,0,0,0,0,0,0,0,0,0,0,0,0,0,0,0,0,0,0,0,0,0,0,0,0,0,0,0,0,0,0,0,0,0,0,0,0,0,0,0,0,0,0,0,0,0,0,0,0,0,0,0,0,0,0,0,0,0,0,0,0,0,0,0,0,0,0],"sum_hessian":[8.681272E3,8.1417036E3,5.3956854E2,6.7859673E3,1.3557365E3,4.2065665E2,1.1891188E2,4.11092E3,2.675047E3,1.1811287E3,1.7460776E2,2.2137349E2,1.9928314E2,4.7705753E1,7.120612E1,1.135773E3,2.975147E3,1.2995706E3,1.3754767E3,3.3911035E2,8.420183E2,1.4875735E2,2.5850409E1,7.849124E1,1.4288226E2,7.872624E1,1.205569E2,1.2690201E1,3.5015553E1,5.123081E1,1.9975315E1,1.4147223E2,9.943007E2,9.339047E2,2.0412422E3,1.1865337E3,1.1303678E2,2.9022958E2,1.0852472E3,2.1737843E2,1.2173192E2,2.1150334E0,8.3990326E2,1.4499728E2,3.7600594E0,2.3735374E1,2.1150334E0,1.5980252E1,6.2510986E1,8.83614E1,5.452086E1,2.4205381E1,5.452086E1,7.6846214E1,4.371069E1,7.2851152E0,5.4050856E0,2.2325352E1,1.2690201E1,4.700074E0,4.6530735E1,6.1100965E0,1.3865219E1,2.984547E1,1.1162676E2,2.1620342E1,9.7268036E2,9.3272974E2,1.1750185E0,2.0356022E3,5.640089E0,7.6987213E2,4.166616E2,1.9035301E1,9.400148E1,2.4933894E2,4.0890644E1,1.0549316E3,3.031548E1,2.1079832E2,6.580104E0,1.1985189E1,1.09746735E2,2.0609825E2,6.33805E2,1.4123723E2,3.7600594E0,1.8800297E0,1.8800297E0,1.7390274E1,6.3451004E0,1.1750185E0,1.4805234E1,5.8280922E1,4.230067E0,2.8200445E1,6.016095E1,5.334584E1,1.1750185E0,3.290052E0,2.091533E1,2.726043E1,2.726043E1,7.120612E1,5.640089E0,6.580104E0,3.7130585E1,4.230067E0,3.0550482E0,2.5850408E0,2.8200445E0,5.8750925E0,1.645026E1,1.0340163E1,2.350037E0,3.290052E0,1.4100223E0,4.042064E1,6.1100965E0,4.4650707E0,1.645026E0,1.1515182E1,2.350037E0],"tree_param":{"num_deleted":"0","num_feature":"17","num_nodes":"123",