{"learner":{"attributes":{"best_ntree_limit":"7"},"feature_names":[],"feature_types":["q","q","q","q","q","q","q","c","c","c","c","c","c","c","c","c"],"gradient_booster":{"model":{"gbtree_model_param":{"num_parallel_tree":"1","num_trees":"2","size_leaf_vector":"0"},"tree_info":[0,0],"trees":[{"base_weights":[-1.4192207E0,-1.4464375E0,-6.941187E-1,-1.4885491E0,-1.2653571E0,-7.427336E-1,-7.335737E-2,-1.5439899E0,-1.4030019E0,-1.3831056E0,-1.2158496E0,-6.8978083E-1,-1.1822273E0,-3.008003E-1,3.9772704E-1,-1.4765314E0,-1.5697805E0,-1.5288217E0,-1.3577299E0,-1.395027E0,-4.6195552E-1,-1.4089811E0,-1.1829592E0,-5.3120494E-1,-8.138674E-1,-7.733694E-1,-1.3216792E0,5.3027934E-1,-5.59978E-1,-1.1132026E-1,6.8474406E-1,-1.488098E0,-9.854842E-1,-1.5843611E0,-1.5071086E0,-1.5709106E0,-1.0627257E0,-1.4965895E0,-1.3286774E0,-8.488971E-1,-1.4131572E0,7.6840487E-3,-9.740529E-1,-1.5220922E0,-9.215704E-1,2.1859412E-1,-1.1854858E0,-8.05847E-1,-3.5617298E-1,-3.432333E-1,-7.230208E-1,7.3845394E-2,-9.057881E-1,-1.4608117E0,-6.9925153E-1,6.4624636E-3,2.7557954E-1,1.4549525E-1,-7.224267E-1,-1.9948627E-1,1.4549525E-1,3.0501414E-2,8.711979E-1,-5.0578594E-1,-4.3692347E-1,-1.5157677E-1,-3.5291046E-1,-4.6109334E-1,-4.8458847E-1,-4.554392E-1,-2.0863217E-1,-5.031262E-1,-4.5055774E-1,-1.8579438E-1,-3.84488E-1,-4.149697E-1,-4.6956527E-1,-4.0285286E-1,-2.997846E-1,-7.986061E-2,-2.9564077E-1,-4.488172E-1,-3.911241E-1,-1.4081588E-1,1.7130335E-1,-7.0903346E-2,-3.5007772E-1,-4.7871435E-1,-2.5560495E-1,-3.025206E-1,9.7324796E-2,-3.773457E-1,-3.3994925E-1,6.072672E-2,-2.6489294E-1,7.7385484E-4,-1.3720813E-1,1.376584E0,-2.4021414E-1,-1.5503171E-1,-6.4989835E-1,-4.526474E-1,-1.4255974E-1,-3.339608E-2,-3.7960547E-1,-2.1565208E-1,2.1859412E-1,-6.4989835E-1,-1.2583649E-1,2.9864758E-1,7.3845394E-2],"categories":[1,2,3,4,2,1,2,2,1,1],"categories_nodes":[10,24,25,28,31,39,47,50],"categories_segments":[0,1,4,5,6,7,8,9],"categories_sizes":[1,3,1,1,1,1,1,1],"default_left":[1,1,0,0,0,0,0,0,1,0,0,0,0,0,0,1,1,0,0,0,0,0,1,0,0,0,0,0,0,0,0,0,0,0,0,0,0,0,0,0,0,0,0,0,1,0,0,0,0,0,0,0,0,0,0,0,0,0,1,0,0,0,0,0,0,0,0,0,0,0,0,0,0,0,0,0,0,0,0,0,0,0,0,0,0,0,0,0,0,0,0,0,0,0,0,0,0,0,0,0,0,0,0,0,0,0,0,0,0,0,0],"id":0,"left_children":[1,3,5,7,9,11,13,15,17,19,21,23,25,27,29,31,33,35,37,39,41,43,45,47,49,51,53,55,57,59,61,63,65,67,69,71,73,75,77,79,81,83,85,87,89,-1,91,93,95,-1,97,-1,99,101,103,105,-1,-1,107,-1,-1,-1,109,-1,-1,-1,-1,-1,-1,-1,-1,-1,-1,-1,-1,-1,-1,-1,-1,-1,-1,-1,-1,-1,-1,-1,-1,-1,-1,-1,-1,-1,-1,-1,-1,-1,-1,-1,-1,-1,-1,-1,-1,-1,-1,-1,-1,-1,-1,-1,-1],"loss_changes":[1.944961E2,7.091797E1,1.0818939E1,3.454297E1,8.85791E0,6.958191E0,3.0422947E0,5.8359375E0,1.5323242E1,5.152588E0,6.4709473E0,5.4808655E0,9.4589996E-1,4.3820257E0,1.4368039E0,5.990967E0,6.953125E-1,1.4030762E1,7.1098633E0,3.9556274E0,1.9891568E0,8.586548E0,6.1811523E0,6.193039E0,4.1743393E0,1.7335563E0,1.0853386E0,1.0155972E0,2.887021E0,1.7148904E0,5.740106E-1,5.574707E0,2.4468727E0,1.5014648E0,4.8255615E0,2.8476562E0,5.9400635E0,8.09021E-1,7.4018555E0,1.2682619E0,2.6065063E0,1.6897557E0,2.8615785E-1,5.8196106E0,4.2936916E0,0E0,2.7371826E0,4.197609E0,3.0549564E0,0E0,5.875036E1,0E0,3.841442E0,1.8048096E-1,1.9768531E0,2.1711993E0,0E0,0E0,4.924608E0,0E0,0E0,0E0,1.0345888E-1,0E0,0E0,0E0,0E0,0E0,0E0,0E0,0E0,0E0,0E0,0E0,0E0,0E0,0E0,0E0,0E0,0E0,0E0,0E0,0E0,0E0,0E0,0E0,0E0,0E0,0E0,0E0,0E0,0E0,0E0,0E0,0E0,0E0,0E0,0E0,0E0,0E0,0E0,0E0,0E0,0E0,0E0,0E0,0E0,0E0,0E0,0E0,0E0],"parents":[2147483647,0,0,1,1,2,2,3,3,4,4,5,5,6,6,7,7,8,8,9,9,10,10,11,11,12,12,13,13,14,14,15,15,16,16,17,17,18,18,19,19,20,20,21,21,22,22,23,23,24,24,25,25,26,26,27,27,28,28,29,29,30,30,31,31,32,32,33,33,34,34,35,35,36,36,37,37,38,38,39,39,40,40,41,41,42,42,43,43,44,44,46,46,47,47,48,48,50,50,52,52,53,53,54,54,55,55,58,58,62,62],"right_children":[2,4,6,8,10,12,14,16,18,20,22,24,26,28,30,32,34,36,38,40,42,44,46,48,50,52,54,56,58,60,62,64,66,68,70,72,74,76,78,80,82,84,86,88,90,-1,92,94,96,-1,98,-1,100,102,104,106,-1,-1,108,-1,-1,-1,110,-1,-1,-1,-1,-1,-1,-1,-1,-1,-1,-1,-1,-1,-1,-1,-1,-1,-1,-1,-1,-1,-1,-1,-1,-1,-1,-1,-1,-1,-1,-1,-1,-1,-1,-1,-1,-1,-1,-1,-1,-1,-1,-1,-1,-1,-1,-1,-1],"split_conditions":[5E0,2E0,1.1E1,5E0,3.9E1,1E1,1.8E1,2E0,6E0,9E0,NaN,4E0,4E0,1.2E1,3E0,3E0,8E0,3.4E1,2.8E1,8E0,2E0,8E0,4E0,6E0,NaN,NaN,7E0,1E1,NaN,1.2E1,3E0,NaN,1.1E1,5E0,2.6E1,1.7E1,5E0,2E0,3.7E1,NaN,3E0,1.8E1,4E0,4E0,9E0,2.1859412E-1,4E0,NaN,2E0,-3.432333E-1,NaN,7.3845394E-2,8E0,8E0,2.8E1,1.3E1,2.7557954E-1,1.4549525E-1,2E0,-1.9948627E-1,1.4549525E-1,3.0501414E-2,8E0,-5.0578594E-1,-4.3692347E-1,-1.5157677E-1,-3.5291046E-1,-4.6109334E-1,-4.8458847E-1,-4.554392E-1,-2.0863217E-1,-5.031262E-1,-4.5055774E-1,-1.8579438E-1,-3.84488E-1,-4.149697E-1,-4.6956527E-1,-4.0285286E-1,-2.997846E-1,-7.986061E-2,-2.9564077E-1,-4.488172E-1,-3.911241E-1,-1.4081588E-1,1.7130335E-1,-7.0903346E-2,-3.5007772E-1,-4.7871435E-1,-2.5560495E-1,-3.025206E-1,9.7324796E-2,-3.773457E-1,-3.3994925E-1,6.072672E-2,-2.6489294E-1,7.7385484E-4,-1.3720813E-1,1.376584E0,-2.4021414E-1,-1.5503171E-1,-6.4989835E-1,-4.526474E-1,-1.4255974E-1,-3.339608E-2,-3.7960547E-1,-2.1565208E-1,2.1859412E-1,-6.4989835E-1,-1.2583649E-1,2.9864758E-1,7.3845394E-2],"split_indices":[6,6,6,1,4,1,5,6,0,0,9,2,4,3,2,5,0,3,4,3,4,0,3,6,7,7,6,3,15,3,1,8,3,2,3,3,0,6,3,7,6,3,5,6,0,0,1,11,4,0,15,0,0,0,3,6,0,0,5,0,0,0,1,0,0,0,0,0,0,0,0,0,0,0,0,0,0,0,0,0,0,0,0,0,0,0,0,0,0,0,0,0,0,0,0,0,0,0,0,0,0,0,0,0,0,0,0,0,0,0,0],"split_type":[0,0,0,0,0,0,0,0,0,0,1,0,0,0,0,0,0,0,0,0,0,0,0,0,1,1,0,0,1,0,0,1,0,0,0,0,0,0,0,1,0,0,0,0,0,0,0,1,0,0,1,0,0,0,0,0,0,0,0,0,0,0,0,0,0,0,0,0,0,0,0,0,0,0,0,0,0,0,0,0,0,0,0,0,0,0,0,0,0,0,0,0,0,0,0,0,0,0,0,0,0,0,0,0,0,0,0,0,0,0,0],"sum_hessian":[9.905332E3,9.546025E3,3.5930658E2,7.7390347E3,1.8069904E3,3.3302893E2,2.6277645E1,4.6854653E3,3.0535696E3,5.268936E2,1.2800968E3,2.9951154E2,3.3517406E1,1.796533E1,8.312317E0,1.3120054E3,3.3734597E3,7.9932306E2,2.2542466E3,5.196539E2,7.2397594E0,1.8018958E2,1.0999072E3,1.3380148E2,1.6571005E2,1.0189291E1,2.3328114E1,4.0220885E0,1.3943241E1,3.217671E0,5.0946455E0,1.2798286E3,3.217671E1,2.717055E3,6.5640485E2,7.309476E2,6.83755E1,3.81294E2,1.8729526E3,1.8233469E1,5.0142038E2,4.290228E0,2.9495316E0,1.4452705E2,3.5662518E1,1.072557E0,1.0988346E3,5.0678318E1,8.312317E1,3.3249268E1,1.3246078E2,1.072557E0,9.1167345E0,1.796533E1,5.362785E0,2.145114E0,1.8769747E0,1.6088355E0,1.2334405E1,1.6088355E0,1.6088355E0,1.6088355E0,3.4858103E0,1.69464E2,1.1103646E3,1.0189291E1,2.1987417E1,1.0932037E3,1.6238512E3,6.4675183E2,9.653013E0,2.788648E2,4.5208276E2,2.3864393E1,4.4511116E1,1.5176682E2,2.2952719E2,1.7927789E3,8.017364E1,4.0220885E0,1.421138E1,2.780604E2,2.2335999E2,2.4132533E0,1.8769747E0,1.072557E0,1.8769747E0,1.2897498E2,1.5552076E1,3.3517406E1,2.145114E0,4.5154648E2,6.4728815E2,3.4858103E0,4.7192505E1,1.8501608E1,6.462156E1,1.072557E0,1.3138823E2,8.044177E0,1.072557E0,1.6624634E1,1.3406962E0,3.217671E0,2.145114E0,1.072557E0,1.072557E0,1.072557E0,1.1261848E1,2.4132533E0,1.072557E0],"tree_param":{"num_deleted":"0","num_feature":"16","num_nodes":"111",