{"learner":{"attributes":{"best_ntree_limit":"1"},"feature_names":[],"feature_types":["q","q","q","q","q","q","q","c","c","c","c","c","c","c","c","c"],"gradient_booster":{"model":{"gbtree_model_param":{"num_parallel_tree":"1","num_trees":"1","size_leaf_vector":"0"},"tree_info":[0],"trees":[{"base_weights":[-1.4550998E0,-1.4814095E0,-7.316926E-1,-1.5203507E0,-1.3133097E0,-8.505406E-1,-3.530432E-1,-1.5774031E0,-1.4330035E0,-1.4541063E0,-1.2543998E0,-7.759744E-1,-1.4543588E0,-8.719204E-2,-5.9511065E-1,-1.5805299E0,-1.129173E0,-1.5646003E0,-1.3857564E0,-1.4653187E0,-6.2795126E-1,-1.168437E0,-1.3225756E0,-5.7069737E-1,-8.823737E-1,-6.0779035E-1,-1.5823126E0,4.9969014E-3,-6.9141144E-1,3.6377317E-1,-7.136665E-1,-1.5223737E0,-1.6023561E0,-1.2912822E0,-2.214853E-1,-1.6047788E0,-1.1123066E0,-1.3376422E0,-1.4489197E0,-1.5373923E0,-1.373918E0,-1.1622627E0,1.3976222E-1,-7.1273834E-1,-1.1958804E0,-1.32973E0,-3.6878574E-1,-6.728929E-1,-8.456327E-2,-1.1209543E0,-7.6972824E-1,9.9001534E-2,-1.0101871E0,-7.672997E-1,-5.2518415E-1,-6.178796E-1,9.295275E-2,-1.1793396E0,5.1077362E-2,-3.5698652E-1,2.7688518E-1,-9.005065E-1,-3.107723E-1,-5.212274E-1,-4.4669202E-1,-5.001261E-1,-4.751978E-1,-2.1483892E-1,-4.7895727E-1,2.4210876E-1,-2.1298118E-1,-5.1412016E-1,-4.5963666E-1,-2.2068757E-1,-3.663252E-1,-3.951054E-1,-4.8347047E-1,-4.3528593E-1,6.104905E-2,-4.6926916E-1,-2.8982657E-1,-4.664133E-1,-3.7932727E-1,-3.9808333E-1,-8.1628904E-2,-6.784988E-2,2.0372702E-1,-2.3779361E-1,2.2514224E-1,-3.6594343E-1,-2.6248133E-1,-2.1713382E-1,-4.0273792E-1,-2.942874E-1,4.1928668E-2,-4.0011457E-1,-1.7635664E-1,1.21169426E-1,-1.2538648E-1,-2.3257606E-1,-4.1449183E-1,-1.4703904E-1,-2.6650694E-1,-2.7139165E-2,-4.3612403E-1,1.603117E-2,-3.28444E-1,-2.7394232E-1,6.104905E-2,2.1774454E-1,2.5544043E-3,-8.1628904E-2,-4.3612403E-1,6.104905E-2,-2.2430687E-1,-3.0390313E-1,8.0095485E-2,-2.0872848E-1,2.2867042E-1],"categories":[2,2,3],"categories_nodes":[31,37,38],"categories_segments":[0,1,2],"categories_sizes":[1,1,1],"default_left":[1,1,0,0,0,0,0,1,1,0,0,0,0,0,0,0,0,0,0,0,0,0,0,1,0,0,0,0,0,1,0,0,0,0,0,0,0,0,0,0,0,0,0,1,0,0,0,0,0,0,0,0,0,0,0,0,0,0,0,0,0,1,0,0,0,0,0,0,0,0,0,0,0,0,0,0,0,0,0,0,0,0,0,0,0,0,0,0,0,0,0,0,0,0,0,0,0,0,0,0,0,0,0,0,0,0,0,0,0,0,0,0,0,0,0,0,0,0,0],"id":0,"left_children":[1,3,5,7,9,11,13,15,17,19,21,23,25,27,29,31,33,35,37,39,41,43,45,47,49,51,53,55,57,59,61,63,65,67,69,71,73,75,77,79,81,83,85,87,89,91,93,95,97,99,101,-1,103,105,-1,107,109,111,-1,113,-1,115,117,-1,-1,-1,-1,-1,-1,-1,-1,-1,-1,-1,-1,-1,-1,-1,-1,-1,-1,-1,-1,-1,-1,-1,-1,-1,-1,-1,-1,-1,-1,-1,-1,-1,-1,-1,-1,-1,-1,-1,-1,-1,-1,-1,-1,-1,-1,-1,-1,-1,-1,-1,-1,-1,-1,-1,-1],"loss_changes":[1.9274219E2,6.2320312E1,1.5871414E1,3.746289E1,1.3564941E1,1.1154114E1,5.5827503E0,4.9589844E0,1.7481445E1,4.0914307E0,6.16333E0,4.846649E0,2.1624527E0,2.393098E0,5.449936E0,3.6220703E0,5.1341705E0,1.3246216E1,5.1557617E0,1.3990479E0,3.8518116E0,6.5306396E0,4.463501E0,4.238222E0,3.423851E0,2.3751235E0,2.0079079E0,2.1510124E0,2.5914607E0,2.6212082E0,2.8042812E0,6.918457E0,1.4648438E0,4.307289E0,3.9835203E0,3.3703613E0,2.0003433E0,5.4365234E0,3.645996E0,2.9294434E0,2.8723755E0,4.320979E-1,1.0581799E0,4.8050346E0,3.19812E0,4.583618E0,2.2505975E0,3.2222595E0,2.8006556E0,3.3415337E0,3.2641525E0,0E0,1.513454E0,1.6610692E0,0E0,1.364286E0,1.8296598E0,5.39659E-1,0E0,8.540516E-1,0E0,3.8776894E0,6.5232477E0,0E0,0E0,0E0,0E0,0E0,0E0,0E0,0E0,0E0,0E0,0E0,0E0,0E0,0E0,0E0,0E0,0E0,0E0,0E0,0E0,0E0,0E0,0E0,0E0,0E0,0E0,0E0,0E0,0E0,0E0,0E0,0E0,0E0,0E0,0E0,0E0,0E0,0E0,0E0,0E0,0E0,0E0,0E0,0E0,0E0,0E0,0E0,0E0,0E0,0E0,0E0,0E0,0E0,0E0,0E0,0E0],"parents":[2147483647,0,0,1,1,2,2,3,3,4,4,5,5,6,6,7,7,8,8,9,9,10,10,11,11,12,12,13,13,14,14,15,15,16,16,17,17,18,18,19,19,20,20,21,21,22,22,23,23,24,24,25,25,26,26,27,27,28,28,29,29,30,30,31,31,32,32,33,33,34,34,35,35,36,36,37,37,38,38,39,39,40,40,41,41,42,42,43,43,44,44,45,45,46,46,47,47,48,48,49,49,50,50,52,52,53,53,55,55,56,56,57,57,59,59,61,61,62,62],"right_children":[2,4,6,8,10,12,14,16,18,20,22,24,26,28,30,32,34,36,38,40,42,44,46,48,50,52,54,56,58,60,62,64,66,68,70,72,74,76,78,80,82,84,86,88,90,92,94,96,98,100,102,-1,104,106,-1,108,110,112,-1,114,-1,116,118,-1,-1,-1,-1,-1,-1,-1,-1,-1,-1,-1,-1,-1,-1,-1,-1,-1,-1,-1,-1,-1,-1,-1,-1,-1,-1,-1,-1,-1,-1,-1,-1,-1,-1,-1,-1,-1,-1,-1,-1,-1,-1,-1,-1,-1,-1,-1,-1,-1,-1,-1,-1,-1,-1,-1,-1],"split_conditions":[5E0,2E0,8E0,5E0,3.9E1,1E1,4E0,4E0,6E0,9E0,5E0,7E0,2E0,1E1,2E0,2E0,7E0,3.4E1,6E0,3E0,5E0,4E0,3.7E1,4E0,3E0,6E0,2E0,1.1E1,1.2E1,2E0,1.1E1,NaN,2E0,1.1E1,1.3E1,1.7E1,3.6E1,NaN,NaN,3.3E1,6E0,1.8E1,4E0,7E0,1.2E1,5E0,6E0,2E0,5E0,6E0,6E0,9.9001534E-2,2.3E1,1.1E1,-5.2518415E-1,7E0,2E0,1.2E1,5.1077362E-2,3E0,2.7688518E-1,8E0,4.2E1,-5.212274E-1,-4.4669202E-1,-5.001261E-1,-4.751978E-1,-2.1483892E-1,-4.7895727E-1,2.4210876E-1,-2.1298118E-1,-5.1412016E-1,-4.5963666E-1,-2.2068757E-1,-3.663252E-1,-3.951054E-1,-4.8347047E-1,-4.3528593E-1,6.104905E-2,-4.6926916E-1,-2.8982657E-1,-4.664133E-1,-3.7932727E-1,-3.9808333E-1,-8.1628904E-2,-6.784988E-2,2.0372702E-1,-2.3779361E-1,2.2514224E-1,-3.6594343E-1,-2.6248133E-1,-2.1713382E-1,-4.0273792E-1,-2.942874E-1,4.1928668E-2,-4.0011457E-1,-1.7635664E-1,1.21169426E-1,-1.2538648E-1,-2.3257606E-1,-4.1449183E-1,-1.4703904E-1,-2.6650694E-1,-2.7139165E-2,-4.3612403E-1,1.603117E-2,-3.28444E-1,-2.7394232E-1,6.104905E-2,2.1774454E-1,2.5544043E-3,-8.1628904E-2,-4.3612403E-1,6.104905E-2,-2.2430687E-1,-3.0390313E-1,8.0095485E-2,-2.0872848E-1,2.2867042E-1],"split_indices":[6,6,6,1,4,1,2,5,0,0,2,4,4,1,1,6,0,3,2,6,1,0,3,5,1,6,2,3,1,5,6,8,1,3,3,3,3,12,12,3,0,3,6,5,1,3,2,1,0,0,5,0,3,1,0,0,5,5,0,0,0,5,5,0,0,0,0,0,0,0,0,0,0,0,0,0,0,0,0,0,0,0,0,0,0,0,0,0,0,0,0,0,0,0,0,0,0,0,0,0,0,0,0,0,0,0,0,0,0,0,0,0,0,0,0,0,0,0,0],"split_type":[0,0,0,0,0,0,0,0,0,0,0,0,0,0,0,0,0,0,0,0,0,0,0,0,0,0,0,0,0,0,0,1,0,0,0,0,0,1,1,0,0,0,0,0,0,0,0,0,0,0,0,0,0,0,0,0,0,0,0,0,0,0,0,0,0,0,0,0,0,0,0,0,0,0,0,0,0,0,0,0,0,0,0,0,0,0,0,0,0,0,0,0,0,0,0,0,0,0,0,0,0,0,0,0,0,0,0,0,0,0,0,0,0,0,0,0,0,0,0],"sum_hessian":[1.0182856E4,9.824499E3,3.5835715E2,7.9701387E3,1.8543605E3,2.718001E2,8.655704E1,4.810807E3,3.1593318E3,5.4001666E2,1.3143438E3,2.4395853E2,2.7841595E1,4.1900223E1,4.4656815E1,4.774971E3,3.5835716E1,8.2615106E2,2.3331807E3,5.320225E2,7.994121E0,5.893597E2,7.249841E2,8.54544E1,1.5850414E2,4.4105496E0,2.3431046E1,3.7214012E1,4.686209E0,4.686209E0,3.9970608E1,1.3223379E3,3.4526333E3,3.004687E1,5.7888465E0,7.5640924E2,6.974181E1,1.3369479E3,9.962329E2,2.8861536E2,2.4340721E2,4.4105496E0,3.5835717E0,3.500874E1,5.5435095E2,7.1919525E2,5.7888465E0,7.029314E1,1.5161264E1,4.7964725E1,1.105394E2,1.3782967E0,3.0322528E0,4.9618683E0,1.8469177E1,3.859231E0,3.3354782E1,2.7565935E0,1.9296155E0,2.2052748E0,2.4809341E0,2.6463299E1,1.3507308E1,1.709088E2,1.1514291E3,7.431776E2,2.7094558E3,1.1577693E1,1.8469177E1,1.6539562E0,4.13489E0,2.935772E2,4.6283206E2,1.7366539E1,5.237528E1,1.2487368E3,8.821099E1,9.9513025E2,1.1026374E0,2.740054E2,1.4609945E1,8.6832695E1,1.5657451E2,3.3079123E0,1.1026374E0,2.4809341E0,1.1026374E0,3.363044E1,1.3782967E0,5.132777E2,4.1073242E1,1.5988242E1,7.0320703E2,2.2052748E0,3.5835717E0,6.340165E0,6.395297E1,6.0645056E0,9.096759E0,2.2328407E1,2.563632E1,3.445742E1,7.608198E1,1.3782967E0,1.6539562E0,1.6539562E0,3.3079123E0,2.7565935E0,1.1026374E0,3.0322528E0,3.0322529E1,1.1026374E0,1.6539562E0,1.1026374E0,1.1026374E0,2.4258022E1,2.2052748E0,1.0199396E1,3.3079123E0],"tree_param":{"num_deleted":"0","num_feature":"16","num_nodes":"119","size_leaf_vector":"0"}}]},"name":"gbtree"},"learner_model_param":{"base_score":"5E-1","num_class":"0","num_feature":"16","num_target":"1"},"objective":{"name":"reg:squarederror","reg_loss_param":{"scale_pos_weight":"1"}}},"version":[1,6,2]}