{"learner":{"attributes":{"best_ntree_limit":"1"},"feature_names":[],"feature_types":["q","q","q","q","q","q","q","c","c","c","c","c","c","c","c","c"],"gradient_booster":{"model":{"gbtree_model_param":{"num_parallel_tree":"1","num_trees":"1","size_leaf_vector":"0"},"tree_info":[0],"trees":[{"base_weights":[-1.61928E0,-1.650591E0,-7.704363E-1,-1.6958492E0,-1.4563085E0,-8.9901066E-1,-3.7264913E-1,-1.7545263E0,-1.6049799E0,-1.4125885E0,-1.6942226E0,-6.028478E-1,-1.0618294E0,1.1909813E-1,-5.044641E-1,-1.6827009E0,-1.7812877E0,-1.7419975E0,-1.554871E0,-1.2966202E0,-1.5048805E0,-4.298543E-1,-1.7530687E0,2.2088103E-2,-7.9703164E-1,-7.532285E-1,-1.1926382E0,4.337702E-1,-1.0091056E0,-2.6620564E-1,-7.620344E-1,-1.9016619E0,-1.6481407E0,-1.857696E0,-1.7454008E0,-1.7893529E0,-1.1985561E0,-1.5588132E0,-6.6329575E-1,-7.780479E-1,-1.3298585E0,-1.6423506E0,-1.4409498E0,-1.650924E0,-4.815584E0,7.8198606E-1,-5.194708E-1,-9.86806E-1,-3.2039487E-1,-8.163571E-1,1.8632534E-1,-9.4359565E-1,-1.3869313E0,3.176841E-1,1.05924055E-1,-9.146257E-2,-3.8077685E-1,-7.9051375E-1,-1.1419387E-1,4.705316E-1,-9.25524E-1,-4.572746E-1,-5.994424E-1,-4.9743167E-1,1.0879499E0,-5.579731E-1,-1.5489077E-2,-5.5249715E-1,-5.1586735E-1,-5.141389E-1,-5.739274E-1,-2.0664953E-1,-4.2984784E-1,-4.4915584E-1,-4.8885557E-1,2.6037067E-1,-2.8572208E-1,-1.8799293E-1,-4.1722277E-1,-1.5540811E-1,-4.0123108E-1,-3.84339E-1,-5.0543135E-1,9.511624E-3,-4.3615714E-1,-4.0268406E-1,-5.1882374E-1,-2.6361563E0,-5.5271524E-1,3.6419582E-1,-7.088228E-2,-6.284582E-2,-3.296765E-1,-3.172508E-1,6.943862E-2,7.199647E-2,-2.1929735E-1,-1.8543154E-2,-2.9074195E-1,-2.3977496E-1,-5.300429E-1,-3.56789E-1,-5.1388806E-1,1.8688247E-1,-1.2890291E-1,3.831733E-2,-3.5588083E-1,2.478383E-2,-1.9631056E-1,-1.5341894E-1,3.1461397E-1,-3.1996018E-1,1.3462448E-1],"categories":[1,2,3],"categories_nodes":[10,15,25],"categories_segments":[0,1,2],"categories_sizes":[1,1,1],"default_left":[1,1,0,0,1,0,0,0,1,0,0,0,0,1,0,0,1,0,0,0,0,0,0,0,1,0,0,0,0,0,0,0,0,0,0,0,0,0,0,0,0,0,0,0,1,0,0,0,0,1,0,0,0,0,0,0,0,0,0,1,1,0,0,0,0,0,0,0,0,0,0,0,0,0,0,0,0,0,0,0,0,0,0,0,0,0,0,0,0,0,0,0,0,0,0,0,0,0,0,0,0,0,0,0,0,0,0,0,0,0,0,0,0],"id":0,"left_children":[1,3,5,7,9,11,13,15,17,19,21,23,25,27,29,31,33,35,37,39,41,-1,43,45,47,49,51,53,55,57,59,61,63,65,67,69,71,73,75,77,79,81,83,85,87,89,91,93,95,97,-1,99,101,-1,103,-1,-1,105,107,109,111,-1,-1,-1,-1,-1,-1,-1,-1,-1,-1,-1,-1,-1,-1,-1,-1,-1,-1,-1,-1,-1,-1,-1,-1,-1,-1,-1,-1,-1,-1,-1,-1,-1,-1,-1,-1,-1,-1,-1,-1,-1,-1,-1,-1,-1,-1,-1,-1,-1,-1,-1,-1],"loss_changes":[2.2948242E2,7.1146484E1,1.5557587E1,3.335742E1,1.4134277E1,1.0649536E1,5.0908117E0,4.90625E0,1.56484375E1,1.2479248E1,1.204834E0,1.037702E1,5.1470337E0,6.5493803E0,3.564909E0,5.448242E0,4.9248047E0,1.6066895E1,5.879883E0,9.388733E0,4.177002E0,0E0,5.2349976E1,9.134891E0,5.5774193E0,4.6103306E0,3.697525E0,2.7901337E0,3.5594463E-1,2.5741732E0,6.2723637E0,2.3475342E0,5.789453E1,3.6481934E0,1.9155273E0,2.788086E0,6.1480637E0,6.0908203E0,5.4306006E0,2.731081E0,2.7948608E0,1.3534546E0,9.861084E0,2.234436E0,5.1119232E1,4.344862E0,2.1022031E0,4.2170258E0,4.785376E0,5.2027874E0,0E0,4.347534E0,1.5705338E0,0E0,3.1476178E0,0E0,0E0,2.8207102E0,2.9335082E0,2.838492E0,5.4996758E0,0E0,0E0,0E0,0E0,0E0,0E0,0E0,0E0,0E0,0E0,0E0,0E0,0E0,0E0,0E0,0E0,0E0,0E0,0E0,0E0,0E0,0E0,0E0,0E0,0E0,0E0,0E0,0E0,0E0,0E0,0E0,0E0,0E0,0E0,0E0,0E0,0E0,0E0,0E0,0E0,0E0,0E0,0E0,0E0,0E0,0E0,0E0,0E0,0E0,0E0,0E0,0E0],"parents":[2147483647,0,0,1,1,2,2,3,3,4,4,5,5,6,6,7,7,8,8,9,9,10,10,11,11,12,12,13,13,14,14,15,15,16,16,17,17,18,18,19,19,20,20,22,22,23,23,24,24,25,25,26,26,27,27,28,28,29,29,30,30,31,31,32,32,33,33,34,34,35,35,36,36,37,37,38,38,39,39,40,40,41,41,42,42,43,43,44,44,45,45,46,46,47,47,48,48,49,49,51,51,52,52,54,54,57,57,58,58,59,59,60,60],"right_children":[2,4,6,8,10,12,14,16,18,20,22,24,26,28,30,32,34,36,38,40,42,-1,44,46,48,50,52,54,56,58,60,62,64,66,68,70,72,74,76,78,80,82,84,86,88,90,92,94,96,98,-1,100,102,-1,104,-1,-1,106,108,110,112,-1,-1,-1,-1,-1,-1,-1,-1,-1,-1,-1,-1,-1,-1,-1,-1,-1,-1,-1,-1,-1,-1,-1,-1,-1,-1,-1,-1,-1,-1,-1,-1,-1,-1,-1,-1,-1,-1,-1,-1,-1,-1,-1,-1,-1,-1,-1,-1,-1,-1,-1,-1],"split_conditions":[5E0,2E0,8E0,5E0,2E0,6E0,3E0,2E0,6E0,5E0,NaN,5E0,5E0,5E0,6E0,NaN,6E0,3.4E1,5.5E1,4E0,3E0,-4.298543E-1,5E0,5E0,2E0,NaN,6E0,2E0,3E0,1.4E1,2E0,1.2E1,2.7E1,4.2E1,2E0,1.200001E1,5E0,5E0,7E0,9E0,6E0,4E0,5E0,2E0,1.7E1,2.1E1,6E0,4E0,3E0,4E0,1.8632534E-1,1E1,6E0,3.176841E-1,1.2E1,-9.146257E-2,-3.8077685E-1,9E0,2.6E1,2E0,8E0,-4.572746E-1,-5.994424E-1,-4.9743167E-1,1.0879499E0,-5.579731E-1,-1.5489077E-2,-5.5249715E-1,-5.1586735E-1,-5.141389E-1,-5.739274E-1,-2.0664953E-1,-4.2984784E-1,-4.4915584E-1,-4.8885557E-1,2.6037067E-1,-2.8572208E-1,-1.8799293E-1,-4.1722277E-1,-1.5540811E-1,-4.0123108E-1,-3.84339E-1,-5.0543135E-1,9.511624E-3,-4.3615714E-1,-4.0268406E-1,-5.1882374E-1,-2.6361563E0,-5.5271524E-1,3.6419582E-1,-7.088228E-2,-6.284582E-2,-3.296765E-1,-3.172508E-1,6.943862E-2,7.199647E-2,-2.1929735E-1,-1.8543154E-2,-2.9074195E-1,-2.3977496E-1,-5.300429E-1,-3.56789E-1,-5.1388806E-1,1.8688247E-1,-1.2890291E-1,3.831733E-2,-3.5588083E-1,2.478383E-2,-1.9631056E-1,-1.5341894E-1,3.1461397E-1,-3.1996018E-1,1.3462448E-1],"split_indices":[6,6,6,1,4,4,0,6,0,2,15,0,5,5,2,8,0,3,3,0,1,0,4,2,5,8,0,4,2,3,1,3,3,3,1,2,0,2,1,1,3,0,3,2,4,3,1,4,2,0,0,1,1,0,6,0,0,3,3,5,5,0,0,0,0,0,0,0,0,0,0,0,0,0,0,0,0,0,0,0,0,0,0,0,0,0,0,0,0,0,0,0,0,0,0,0,0,0,0,0,0,0,0,0,0,0,0,0,0,0,0,0,0],"split_type":[0,0,0,0,0,0,0,0,0,0,1,0,0,0,0,1,0,0,0,0,0,0,0,0,0,1,0,0,0,0,0,0,0,0,0,0,0,0,0,0,0,0,0,0,0,0,0,0,0,0,0,0,0,0,0,0,0,0,0,0,0,0,0,0,0,0,0,0,0,0,0,0,0,0,0,0,0,0,0,0,0,0,0,0,0,0,0,0,0,0,0,0,0,0,0,0,0,0,0,0,0,0,0,0,0,0,0,0,0,0,0,0,0],"sum_hessian":[8.681037E3,8.371302E3,3.097349E2,6.7833823E3,1.58792E3,2.3312369E2,7.6611206E1,4.110685E3,2.6726973E3,1.3472762E3,2.406438E2,8.436633E1,1.4875735E2,1.6215256E1,6.0395954E1,1.1331879E3,2.977497E3,7.066561E2,1.966041E3,6.0372455E2,7.4355176E2,4.888077E1,1.9176303E2,2.021032E1,6.415601E1,4.629573E1,1.0246162E2,1.3160208E1,3.0550482E0,3.243051E1,2.796544E1,1.4711232E2,9.8607556E2,9.3531476E2,2.0421823E3,6.479052E2,5.8750927E1,1.9566409E3,9.400148E0,3.7835598E1,5.658889E2,2.281886E2,5.1536316E2,1.8706296E2,4.700074E0,8.22513E0,1.1985189E1,4.5120712E1,1.9035301E1,4.4650703E1,1.645026E0,4.747075E1,5.4990868E1,3.7600594E0,9.400148E0,1.4100223E0,1.645026E0,6.3451004E0,2.6085411E1,3.0550482E0,2.4910393E1,3.3370525E1,1.137418E2,9.849006E2,1.1750185E0,9.341398E2,1.1750185E0,4.1736658E2,1.6248157E3,4.114915E2,2.3641373E2,1.974031E1,3.9010616E1,1.0572817E3,8.993592E2,1.1750185E0,8.22513E0,3.1960505E1,5.8750925E0,5.8750925E0,5.6001385E2,2.726043E1,2.0092818E2,4.4650707E0,5.1089807E2,4.1595657E1,1.454673E2,1.1750185E0,3.5250556E0,5.640089E0,2.5850408E0,8.695137E0,3.290052E0,4.2770676E1,2.350037E0,8.22513E0,1.0810171E1,7.755122E0,3.6895584E1,4.2065662E1,5.4050856E0,3.7130585E1,1.7860283E1,4.700074E0,4.700074E0,2.1150334E0,4.230067E0,1.974031E1,6.3451004E0,1.1750185E0,1.8800297E0,2.279536E1,2.1150334E0],"tree_param":{"num_deleted":"0","num_feature":"16","num_nodes":"113","size_leaf_vector":"0"}}]},"name":"gbtree"},"learner_model_param":{"base_score":"5E-1","num_class":"0","num_feature":"16","num_target":"1"},"objective":{"name":"reg:squarederror","reg_loss_param":{"scale_pos_weight":"1"}}},"version":[1,6,2]}