{"learner":{"attributes":{"best_ntree_limit":"1"},"feature_names":[],"feature_types":["c","c","c","c","c","c","c","c","c","c","c"],"gradient_booster":{"model":{"gbtree_model_param":{"num_parallel_tree":"1","num_trees":"1","size_leaf_vector":"0"},"tree_info":[0],"trees":[{"base_weights":[-6.2289685E-1,1.1268815E0,-1.3844414E0,-5.7652825E-1,1.1655537E0,-1.6147054E0,1.0076749E0,1.2463961E0,3.676982E-1,-1.5100307E0,-2.5065184E0,1.1982464E1,-2.1450043E0,4.4884416E-1,1.144284E0,2.281798E-1,-3.54915E-1,-4.5345044E-1,-5.191958E-1,-1.8889511E0,-2.5389307E0,9.0405035E0,-9.5156413E-1,1.4840072E0,-2.3491166E0,3.897278E-1,8.940828E-1,-8.464575E0,1.9582044E-1,4.0064657E-1,-8.806444E-1,-6.700263E-1,-6.603292E-1,-7.8273576E-1,-2.3700182E0,7.6090293E0,-1.4524813E0,1.7005396E1,-7.0096004E-1,-7.1872735E-1,4.5678735E-1,-3.1694286E-2,3.322869E-1,-6.4561496E0,1.0300433E-1,3.6505178E-1,-1.6848788E-1,-1.5341894E-1,2.997458E-1,-3.9960575E-1,-9.5002346E-2,5.362304E-1,-3.6119974E-1,-6.076249E-1,-7.7114856E-1,5.759106E0,-5.08071E-1,-1.2387564E0,-3.8965046E-1,1.03431835E1,-5.08071E-1,1.602739E0,-6.749469E-1],"categories":[1,2,3,4,0,1,2,3,4,5,6,7,8,9,10,11,2,0,3,4,5,1,2,3,4,5,6,7,8,10,11,1,0,1,2,3,4,5,6,7,8,10,11,1,3,4,1,2,3,1,3,4,5,8,10,11,1,0,1,1,1,3,4,5,10,11,1,2,1,1,2,0,1,0,1,3,5,6,1,0,1,2,3,4,5,6,1,0,1,2,3,4,4,3,2,2,1],"categories_nodes":[0,1,2,4,5,6,7,8,9,10,11,12,14,16,18,19,20,22,23,24,26,27,28,29,30,31,34,35,36,37,40],"categories_segments":[0,4,16,17,21,31,32,43,44,46,49,50,56,57,59,60,66,68,69,70,71,73,78,79,86,87,92,93,94,95,96],"categories_sizes":[4,12,1,4,10,1,11,1,2,3,1,6,1,2,1,6,2,1,1,1,2,5,1,7,1,5,1,1,1,1,1],"default_left":[0,0,0,0,0,0,0,0,0,0,0,0,0,0,0,0,0,0,0,0,0,0,0,0,0,0,0,0,0,0,0,0,0,0,0,0,0,0,0,0,0,0,0,0,0,0,0,0,0,0,0,0,0,0,0,0,0,0,0,0,0,0,0],"id":0,"left_children":[1,3,5,-1,7,9,11,13,15,17,19,21,23,-1,25,-1,27,-1,29,31,33,-1,35,37,39,-1,41,43,45,47,49,51,-1,-1,53,55,57,59,-1,-1,61,-1,-1,-1,-1,-1,-1,-1,-1,-1,-1,-1,-1,-1,-1,-1,-1,-1,-1,-1,-1,-1,-1],"loss_changes":[1.5139334E4,4.0844922E2,4.3617344E3,0E0,2.1903174E2,6.703008E2,2.409591E4,7.707617E1,8.9559944E1,8.635742E0,1.0356934E1,3.651375E4,4.044214E2,0E0,8.393994E1,0E0,4.9943192E2,0E0,4.045023E0,1.4374466E1,2.3085938E0,0E0,4.043241E2,1.7852587E3,6.820972E1,0E0,1.8008679E2,8.2501855E2,8.215119E1,2.5961847E0,1.6872573E0,1.518257E1,0E0,0E0,1.0075195E1,5.9630444E2,3.0615005E1,1.9974158E3,0E0,0E0,1.340092E2,0E0,0E0,0E0,0E0,0E0,0E0,0E0,0E0,0E0,0E0,0E0,0E0,0E0,0E0,0E0,0E0,0E0,0E0,0E0,0E0,0E0,0E0],"parents":[2147483647,0,0,1,1,2,2,4,4,5,5,6,6,7,7,8,8,9,9,10,10,11,11,12,12,14,14,16,16,18,18,19,19,20,20,22,22,23,23,24,24,26,26,27,27,28,28,29,29,30,30,31,31,34,34,35,35,36,36,37,37,40,40],"right_children":[2,4,6,-1,8,10,12,14,16,18,20,22,24,-1,26,-1,28,-1,30,32,34,-1,36,38,40,-1,42,44,46,48,50,52,-1,-1,54,56,58,60,-1,-1,62,-1,-1,-1,-1,-1,-1,-1,-1,-1,-1,-1,-1,-1,-1,-1,-1,-1,-1,-1,-1,-1,-1],"split_conditions":[NaN,NaN,NaN,-5.7652825E-1,NaN,NaN,NaN,NaN,NaN,NaN,NaN,NaN,NaN,4.4884416E-1,NaN,2.281798E-1,NaN,-4.5345044E-1,NaN,NaN,NaN,9.0405035E0,NaN,NaN,NaN,3.897278E-1,NaN,NaN,NaN,NaN,NaN,NaN,-6.603292E-1,-7.8273576E-1,NaN,NaN,NaN,NaN,-7.0096004E-1,-7.1872735E-1,NaN,-3.1694286E-2,3.322869E-1,-6.4561496E0,1.0300433E-1,3.6505178E-1,-1.6848788E-1,-1.5341894E-1,2.997458E-1,-3.9960575E-1,-9.5002346E-2,5.362304E-1,-3.6119974E-1,-6.076249E-1,-7.7114856E-1,5.759106E0,-5.08071E-1,-1.2387564E0,-3.8965046E-1,1.03431835E1,-5.08071E-1,1.602739E0,-6.749469E-1],"split_indices":[7,1,8,0,9,9,1,9,0,7,7,4,9,0,0,0,3,0,1,9,1,0,5,7,8,0,3,2,0,2,0,3,0,0,3,10,10,5,0,0,5,0,0,0,0,0,0,0,0,0,0,0,0,0,0,0,0,0,0,0,0,0,0],"split_type":[1,1,1,0,1,1,1,1,1,1,1,1,1,0,1,0,1,0,1,1,1,0,1,1,1,0,1,1,1,1,1,1,0,0,1,1,1,1,0,0,1,0,0,0,0,0,0,0,0,0,0,0,0,0,0,0,0,0,0,0,0,0,0],"sum_hessian":[1.135914E4,3.4444495E3,7.91469E3,4.253567E1,3.4019138E3,7.220019E3,6.9467096E2,3.0884187E3,3.1349493E2,6.464012E3,7.5600696E2,1.5439743E2,5.402735E2,8.923091E2,2.1961096E3,2.0304321E2,1.10451744E2,6.4539067E3,1.010516E1,4.0655643E1,7.153513E2,6.3686005E1,9.071143E1,2.843545E1,5.1183807E2,1.3540914E3,8.420183E2,6.1100965E0,1.04341644E2,2.8200445E0,7.2851152E0,8.930141E0,3.17255E1,4.951528E2,2.2019847E2,4.230067E0,8.648137E1,4.9350777E0,2.350037E1,5.0361295E2,8.22513E0,1.4828734E2,6.9373096E2,1.8800297E0,4.230067E0,4.41807E1,6.016095E1,1.1750185E0,1.645026E0,3.290052E0,3.995063E0,1.1750185E0,7.755122E0,8.507134E1,1.3512714E2,1.4100223E0,2.8200445E0,3.290052E0,8.3191315E1,2.1150334E0,2.8200445E0,2.5850408E0,5.640089E0],"tree_param":{"num_deleted":"0","num_feature":"11","num_nodes":"63","size_leaf_vector":"0"}}]},"name":"gbtree"},"learner_model_param":{"base_score":"5E-1","num_class":"0","num_feature":"11","num_target":"1"},"objective":{"name":"reg:squarederror","reg_loss_param":{"scale_pos_weight":"1"}}},"version":[1,6,2]}