{"learner":{"attributes":{"best_ntree_limit":"3"},"feature_names":[],"feature_types":["c","c","c","c","c","c","c","c","c","c"],"gradient_booster":{"model":{"gbtree_model_param":{"num_parallel_tree":"1","num_trees":"3","size_leaf_vector":"0"},"tree_info":[0,0,0],"trees":[{"base_weights":[-5.2555835E-1,4.8628768E-1,-9.672087E-1,-4.0312698E-1,5.093476E-1,-1.0991738E0,4.2442578E-1,5.5922955E-1,1.3419507E-2,-1.0384685E0,-1.6214095E0,7.063976E0,-1.4089332E0,7.1063757E-1,4.9728817E-1,-1.4877987E0,8.339446E-2,-3.116319E-1,2.540114E-1,-1.2088311E0,-1.6437395E0,5.633272E0,-6.833656E-1,1.0891327E0,-1.506565E0,2.1649179E-1,6.4864886E-1,5.139677E-1,-4.7403134E-2,1.9231658E0,2.0325E-2,3.980506E-1,-2.8009513E-1,-3.8087574E-1,-1.4498897E0,-5.0568986E-1,-1.5427815E0,6.611483E0,-1.0256714E0,3.061862E0,-1.4685665E0,-4.5898953E-1,1.2275814E-1,1.9780107E-1,-1.2649299E-2,1.4939453E-1,2.1480519E-1,2.385117E-2,-2.4142915E-1,1.4950941E0,1.9211717E-1,2.022824E-2,-4.2490515E-1,5.52153E-1,-2.3964864E-1,-3.3316717E-1,-4.668459E-1,-4.3420595E-1,-5.036244E-1,4.632507E0,-4.0093666E-1,-6.1121815E-1,-2.839938E-1,-5.0284433E-1,3.4944367E-2,2.3219438E0,-4.682801E-1],"categories":[1,2,3,4,0,1,2,3,4,5,6,7,8,9,10,11,2,0,3,4,5,1,2,3,4,5,6,7,8,10,11,1,0,1,2,3,4,5,6,7,8,10,11,0,1,2,3,4,5,6,7,1,1,2,3,1,1,3,4,5,0,4,6,7,1,0,1,2,3,4,5,6,8,11,5,1,3,4,5,10,11,1,2,1,1,2,1,2,1,2,1,1,2,3,4,3,4,5,1,1,2,2,7],"categories_nodes":[0,1,2,4,5,6,7,8,9,10,11,12,13,14,16,18,19,20,22,23,24,26,27,28,29,30,33,34,36,37,38,40,42],"categories_segments":[0,4,16,17,21,31,32,43,51,52,55,56,60,64,65,74,75,81,83,84,85,86,87,88,89,90,91,95,98,99,100,101,102],"categories_sizes":[4,12,1,4,10,1,11,8,1,3,1,4,4,1,9,1,6,2,1,1,1,1,1,1,1,1,4,3,1,1,1,1,1],"default_left":[0,0,0,0,0,0,0,0,0,0,0,0,0,0,0,0,0,0,0,0,0,0,0,0,0,0,0,0,0,0,0,0,0,0,0,0,0,0,0,0,0,0,0,0,0,0,0,0,0,0,0,0,0,0,0,0,0,0,0,0,0,0,0,0,0,0,0],"id":0,"left_children":[1,3,5,-1,7,9,11,13,15,17,19,21,23,25,27,-1,29,-1,31,33,35,-1,37,39,41,-1,43,45,47,49,51,-1,-1,53,55,-1,57,59,61,-1,63,-1,65,-1,-1,-1,-1,-1,-1,-1,-1,-1,-1,-1,-1,-1,-1,-1,-1,-1,-1,-1,-1,-1,-1,-1,-1],"loss_changes":[8.726897E3,2.5110864E2,2.4970088E3,0E0,1.4498132E2,3.919668E2,1.4351468E4,4.9589966E1,1.8715608E2,4.6416016E0,9.909668E0,2.3162773E4,2.2701404E2,5.847168E-1,3.438977E1,0E0,6.1482098E1,0E0,5.601278E0,1.3434563E1,2.5688477E0,0E0,3.9260107E2,8.390156E2,3.411035E1,0E0,1.8188324E0,1.149823E1,1.0954131E1,6.575859E1,3.485399E1,0E0,0E0,1.7401133E1,2.1608734E-1,0E0,2.3739624E0,5.160915E2,9.940094E0,0E0,9.56263E0,0E0,1.8551213E2,0E0,0E0,0E0,0E0,0E0,0E0,0E0,0E0,0E0,0E0,0E0,0E0,0E0,0E0,0E0,0E0,0E0,0E0,0E0,0E0,0E0,0E0,0E0,0E0],"parents":[2147483647,0,0,1,1,2,2,4,4,5,5,6,6,7,7,8,8,9,9,10,10,11,11,12,12,13,13,14,14,16,16,18,18,19,19,20,20,22,22,23,23,24,24,26,26,27,27,28,28,29,29,30,30,33,33,34,34,36,36,37,37,38,38,40,40,42,42],"right_children":[2,4,6,-1,8,10,12,14,16,18,20,22,24,26,28,-1,30,-1,32,34,36,-1,38,40,42,-1,44,46,48,50,52,-1,-1,54,56,-1,58,60,62,-1,64,-1,66,-1,-1,-1,-1,-1,-1,-1,-1,-1,-1,-1,-1,-1,-1,-1,-1,-1,-1,-1,-1,-1,-1,-1,-1],"split_conditions":[NaN,NaN,NaN,-4.0312698E-1,NaN,NaN,NaN,NaN,NaN,NaN,NaN,NaN,NaN,NaN,NaN,-1.4877987E0,NaN,-3.116319E-1,NaN,NaN,NaN,5.633272E0,NaN,NaN,NaN,2.1649179E-1,NaN,NaN,NaN,NaN,NaN,3.980506E-1,-2.8009513E-1,NaN,NaN,-5.0568986E-1,NaN,NaN,NaN,3.061862E0,NaN,-4.5898953E-1,NaN,1.9780107E-1,-1.2649299E-2,1.4939453E-1,2.1480519E-1,2.385117E-2,-2.4142915E-1,1.4950941E0,1.9211717E-1,2.022824E-2,-4.2490515E-1,5.52153E-1,-2.3964864E-1,-3.3316717E-1,-4.668459E-1,-4.3420595E-1,-5.036244E-1,4.632507E0,-4.0093666E-1,-6.1121815E-1,-2.839938E-1,-5.0284433E-1,3.4944367E-2,2.3219438E0,-4.682801E-1],"split_indices":[6,0,7,0,8,8,0,8,1,9,6,3,2,1,0,0,0,0,2,8,0,0,4,9,7,0,5,7,7,7,7,0,0,2,8,0,6,3,9,0,7,0,1,0,0,0,0,0,0,0,0,0,0,0,0,0,0,0,0,0,0,0,0,0,0,0,0],"split_type":[1,1,1,0,1,1,1,1,1,1,1,1,1,1,1,0,1,0,1,1,1,0,1,1,1,0,1,1,1,1,1,0,0,1,1,0,1,1,1,0,1,0,1,0,0,0,0,0,0,0,0,0,0,0,0,0,0,0,0,0,0,0,0,0,0,0,0],"sum_hessian":[1.952636E4,5.933127E3,1.3593231E4,7.311881E1,5.8600083E3,1.241606E4,1.1771725E3,5.3243423E3,5.35666E2,1.1125774E4,1.2902844E3,2.5409798E2,9.230745E2,1.5427666E3,3.7815757E3,6.4635415E0,5.2920245E2,1.1123351E4,2.4238281E0,6.90791E1,1.2212053E3,1.0058887E2,1.5350911E2,3.4337563E1,8.8873694E2,1.3011917E3,2.4157486E2,3.6692717E3,1.1230403E2,1.6562824E1,5.1263965E2,1.2119141E0,1.2119141E0,1.6158854E1,5.2920246E1,8.519756E2,3.692298E2,6.0595703E0,1.4744954E2,6.8675127E0,2.747005E1,8.7621387E2,1.2523111E1,2.3793912E2,3.6357422E0,3.4034585E3,2.6581314E2,9.6953125E1,1.5350911E1,4.0397134E0,1.2523111E1,4.9728873E2,1.5350911E1,2.0198567E0,1.4138997E1,1.5350911E1,3.7569336E1,2.2380013E2,1.4542969E2,2.4238281E0,3.6357422E0,8.887369E0,1.3856216E2,2.4238281E1,3.2317708E0,1.6158854E0,1.0907227E1],"tree_param":{"num_deleted":"0","num_feature":"10","num_nodes":"67","size_leaf_vector":"0"}},{"base_weights":[-2.2837977E-1,3.5046282E-1,-5.158234E-1,3.7288275E-1,-6.0513294E-1,-6.614211E-1,9.40368E-1,1.06781416E-1,6.419863E-1,-1.6854092E1,1.0534531E-1,-1.815991E-1,-1.1122441E0,4.769459E0,-2.6493828E0,1.1486422E0,5.6757903E-1,-1.5857204E1,1.9455738E-1,4.431056E0,-5.9605795E-1,-3.4585688E-1,-1.0176195E0,1.5790508E2,-6.821638E-1,-1.0366E0,-1.1561364E1,1.1728557E0,5.9176713E-2,6.686582E-1,5.4007304E-1,6.371732E-1,-1.9830996E-1,-4.7383308E-1,1.9164832E-1,-7.495667E-1,-3.1202537E-1,3.370034E2,-8.464293E-1,-2.502464E-1,-2.4404293E-1,-9.615334E-1,-4.89257E0,-5.7681522E1,-3.050981E0,3.581304E-1,7.486678E-2,2.0939189E-1,1.0070992E-1,8.983579E-2,1.6654807E-1,3.6204267E-1,-1.0387159E-1,2.3137476E-1,-7.176065E-2,1.3743271E-1,-2.584376E-1,-3.3639595E-2,-2.9568088E-1,1.3308E0,-1.9730623E-1,-2.680073E-1,-4.8779073E-1,-6.282244E-1,-2.8183906E0,-3.5198465E-1,-3.5096185E0],"categories":[1,2,3,1,2,0,1,2,3,4,5,6,7,8,9,10,11,1,1,1,0,1,2,3,5,2,1,1,2,2,1,3,5,6,0,1,8,10,0,1,2,4,5,6,7,8,10,11,4,1,1,5,1,3,5,8,10,0,3,7,0,2,0,1,2,3,4,5,5,4,0,1,2,3,4,5,6,7,8,10,11,2,3,2,2,4,2,0,1,2,3,4,5,6],"categories_nodes":[0,1,2,3,4,5,6,8,9,10,12,13,14,15,16,18,20,22,23,24,25,26,27,29,30,31,34,35,38,40,41,42,44],"categories_segments":[0,3,4,5,17,18,19,20,25,26,27,29,30,34,38,48,49,50,51,52,53,55,57,60,62,68,69,70,81,83,84,86,87],"categories_sizes":[3,1,1,12,1,1,1,5,1,1,2,1,4,4,10,1,1,1,1,1,2,2,3,2,6,1,1,11,2,1,2,1,7],"default_left":[0,0,0,0,0,0,0,0,0,0,0,0,0,0,0,0,0,0,0,0,0,0,0,0,0,0,0,0,0,0,0,0,0,0,0,0,0,0,0,0,0,0,0,0,0,0,0,0,0,0,0,0,0,0,0,0,0,0,0,0,0,0,0,0,0,0,0],"id":1,"left_children":[1,3,5,7,9,11,13,-1,15,17,19,-1,21,23,25,27,29,-1,31,-1,33,-1,35,37,39,41,43,45,-1,47,49,51,-1,-1,53,55,-1,-1,57,-1,59,61,63,-1,65,-1,-1,-1,-1,-1,-1,-1,-1,-1,-1,-1,-1,-1,-1,-1,-1,-1,-1,-1,-1,-1,-1],"loss_changes":[3.2772222E3,1.4025146E2,2.7909429E3,2.8893738E1,1.7358525E3,3.0188818E2,1.646166E4,0E0,1.3563583E1,3.876549E3,1.4993314E3,0E0,3.9100342E0,4.8381E5,8.87474E3,8.584938E-1,5.585098E-1,0E0,2.417303E0,0E0,1.081727E2,0E0,1.6637573E0,3.0542575E6,3.7118683E1,1.4715576E2,1.449712E5,5.889778E-1,0E0,4.1531754E-1,7.965622E-1,2.6491017E0,0E0,0E0,1.971579E1,5.1182365E0,0E0,0E0,1.7400017E0,0E0,2.8511215E2,2.1915466E1,1.03468185E2,0E0,1.4705051E3,0E0,0E0,0E0,0E0,0E0,0E0,0E0,0E0,0E0,0E0,0E0,0E0,0E0,0E0,0E0,0E0,0E0,0E0,0E0,0E0,0E0,0E0],"parents":[2147483647,0,0,1,1,2,2,3,3,4,4,5,5,6,6,8,8,9,9,10,10,12,12,13,13,14,14,15,15,16,16,18,18,20,20,22,22,23,23,24,24,25,25,26,26,27,27,29,29,30,30,31,31,34,34,35,35,38,38,40,40,41,41,42,42,44,44],"right_children":[2,4,6,8,10,12,14,-1,16,18,20,-1,22,24,26,28,30,-1,32,-1,34,-1,36,38,40,42,44,46,-1,48,50,52,-1,-1,54,56,-1,-1,58,-1,60,62,64,-1,66,-1,-1,-1,-1,-1,-1,-1,-1,-1,-1,-1,-1,-1,-1,-1,-1,-1,-1,-1,-1,-1,-1],