{"learner":{"attributes":{"best_ntree_limit":"1"},"feature_names":[],"feature_types":["c","c","c","c","c","c","c","c","c","c"],"gradient_booster":{"model":{"gbtree_model_param":{"num_parallel_tree":"1","num_trees":"1","size_leaf_vector":"0"},"tree_info":[0],"trees":[{"base_weights":[-6.2289685E-1,1.1320684E0,-1.383264E0,-5.512688E-1,1.1713073E0,-1.6124059E0,1.0087323E0,1.2567494E0,3.3713016E-1,-1.5086969E0,-2.4916418E0,1.18267E1,-2.129366E0,1.487625E0,1.1560827E0,-4.323789E0,4.4892076E-1,-4.53006E-1,-5.1902014E-1,-7.839552E-1,-2.2554295E0,2.8117224E1,-4.535717E-1,7.342385E0,-2.3330262E0,1.4116881E0,1.5197376E0,1.1842349E0,2.5563148E-1,7.0424956E-1,-3.804224E-1,1.3462448E-1,-8.290296E-1,-1.8707911E0,-2.5556846E0,1.8079992E1,-2.1472845E0,9.382769E0,-2.144802E0,-7.134188E-1,4.5678735E-1,4.243059E-1,1.2244079E-1,6.1253726E-1,4.3947625E-1,3.475663E-1,4.495567E-1,1.5205109E-1,-3.4321743E-1,5.3874165E-1,1.6661626E-1,-5.3304512E-2,-5.667936E-1,-2.011263E-2,-3.394265E-1,-4.591771E-1,-6.563404E-1,-9.2778987E-1,-6.7551595E-1,-6.71795E-1,3.301761E-2,-7.3132664E-1,-9.146257E-2,1.2981908E0,-5.7688063E-1],"categories":[1,2,3,4,0,1,2,3,4,5,6,7,8,9,10,11,2,0,3,4,5,1,2,3,4,5,6,7,8,10,11,1,0,1,3,4,5,6,7,8,10,11,0,1,2,3,4,5,6,7,0,1,2,3,4,5,6,7,8,9,10,11,1,2,3,1,3,4,5,6,8,10,11,1,0,1,1,2,1,4,0,1,2,3,4,5,6,7,8,9,1,2,1,0,1,2,3,4,5,7,9,10,11,2,1,0,1,2,3,4,6,7,8,10,11,1,0,1,2,3,4,5,1,2,3,7,0,1,2,3,2,2,1],"categories_nodes":[0,1,2,4,5,6,7,8,9,10,11,12,13,14,16,18,20,21,23,24,25,26,27,28,29,30,32,33,34,36,38,40],"categories_segments":[0,4,16,17,21,31,32,42,50,62,65,66,73,74,76,78,79,80,90,91,92,93,103,104,105,115,116,122,126,130,131,132],"categories_sizes":[4,12,1,4,10,1,10,8,12,3,1,7,1,2,2,1,1,10,1,1,1,10,1,1,10,1,6,4,4,1,1,1],"default_left":[0,0,0,0,0,0,0,0,0,0,0,0,0,0,0,0,0,0,0,0,0,0,0,0,0,0,0,0,0,0,0,0,0,0,0,0,0,0,0,0,0,0,0,0,0,0,0,0,0,0,0,0,0,0,0,0,0,0,0,0,0,0,0,0,0],"id":0,"left_children":[1,3,5,-1,7,9,11,13,15,17,19,21,23,25,27,-1,29,-1,31,-1,33,35,-1,37,39,41,43,45,47,49,51,-1,53,55,57,-1,59,-1,61,-1,63,-1,-1,-1,-1,-1,-1,-1,-1,-1,-1,-1,-1,-1,-1,-1,-1,-1,-1,-1,-1,-1,-1,-1,-1],"loss_changes":[1.5160736E4,4.0237402E2,4.3461934E3,0E0,2.4122705E2,6.5586523E2,2.3569914E4,6.974951E1,5.2813586E2,7.6914062E0,1.5974121E1,3.396246E4,1.0558162E3,1.23046875E-1,5.409424E1,0E0,6.6963394E1,0E0,3.4217453E0,0E0,2.5948853E1,6.855573E4,0E0,2.6953574E3,6.7410645E1,1.99646E-1,1.5343384E1,1.5056152E1,2.3902481E1,3.8191277E1,2.2543922E1,0E0,1.7790451E0,9.634216E0,1.6980042E1,0E0,7.9727325E0,0E0,4.2292557E0,0E0,9.329151E1,0E0,0E0,0E0,0E0,0E0,0E0,0E0,0E0,0E0,0E0,0E0,0E0,0E0,0E0,0E0,0E0,0E0,0E0,0E0,0E0,0E0,0E0,0E0,0E0],"parents":[2147483647,0,0,1,1,2,2,4,4,5,5,6,6,7,7,8,8,9,9,10,10,11,11,12,12,13,13,14,14,16,16,18,18,20,20,21,21,23,23,24,24,25,25,26,26,27,27,28,28,29,29,30,30,32,32,33,33,34,34,36,36,38,38,40,40],"right_children":[2,4,6,-1,8,10,12,14,16,18,20,22,24,26,28,-1,30,-1,32,-1,34,36,-1,38,40,42,44,46,48,50,52,-1,54,56,58,-1,60,-1,62,-1,64,-1,-1,-1,-1,-1,-1,-1,-1,-1,-1,-1,-1,-1,-1,-1,-1,-1,-1,-1,-1,-1,-1,-1,-1],"split_conditions":[NaN,NaN,NaN,-5.512688E-1,NaN,NaN,NaN,NaN,NaN,NaN,NaN,NaN,NaN,NaN,NaN,-4.323789E0,NaN,-4.53006E-1,NaN,-7.839552E-1,NaN,NaN,-4.535717E-1,NaN,NaN,NaN,NaN,NaN,NaN,NaN,NaN,1.3462448E-1,NaN,NaN,NaN,1.8079992E1,NaN,9.382769E0,NaN,-7.134188E-1,NaN,4.243059E-1,1.2244079E-1,6.1253726E-1,4.3947625E-1,3.475663E-1,4.495567E-1,1.5205109E-1,-3.4321743E-1,5.3874165E-1,1.6661626E-1,-5.3304512E-2,-5.667936E-1,-2.011263E-2,-3.394265E-1,-4.591771E-1,-6.563404E-1,-9.2778987E-1,-6.7551595E-1,-6.71795E-1,3.301761E-2,-7.3132664E-1,-9.146257E-2,1.2981908E0,-5.7688063E-1],"split_indices":[6,0,7,0,8,8,0,8,1,0,0,4,8,9,0,0,0,0,0,0,2,0,0,5,7,5,0,7,7,0,7,0,2,1,0,0,7,0,7,0,4,0,0,0,0,0,0,0,0,0,0,0,0,0,0,0,0,0,0,0,0,0,0,0,0],"split_type":[1,1,1,0,1,1,1,1,1,1,1,1,1,1,1,0,1,0,1,0,1,1,0,1,1,1,1,1,1,1,1,0,1,1,1,0,1,0,1,0,1,0,0,0,0,0,0,0,0,0,0,0,0,0,0,0,0,0,0,0,0,0,0,0,0],"sum_hessian":[1.135914E4,3.4336392E3,7.9255E3,4.41807E1,3.3894585E3,7.2329443E3,6.925559E2,3.0740835E3,3.1537497E2,6.4722373E3,7.6070703E2,1.5510245E2,5.374535E2,9.2920465E2,2.144879E3,1.4100223E0,3.1396497E2,6.4630723E3,9.165145E0,4.9562283E2,2.650842E2,6.9326096E1,8.577635E1,1.0575167E1,5.268783E2,2.8952457E2,6.396801E2,2.0795479E3,6.533103E1,2.401738E2,7.379117E1,2.1150334E0,7.0501113E0,1.1938188E2,1.457023E2,3.3135525E1,3.619057E1,2.350037E0,8.22513E0,5.186532E2,8.22513E0,2.8834955E2,1.1750185E0,5.7340904E1,5.823392E2,1.9267954E3,1.5275241E2,5.593088E1,9.400148E0,2.7495434E1,2.1267836E2,6.603604E1,7.755122E0,2.350037E0,4.700074E0,6.0395954E1,5.898593E1,4.935078E1,9.6351524E1,3.478055E1,1.4100223E0,6.8151073E0,1.4100223E0,2.8200445E0,5.4050856E0],"tree_param":{"num_deleted":"0","num_feature":"10","num_nodes":"65","size_leaf_vector":"0"}}]},"name":"gbtree"},"learner_model_param":{"base_score":"5E-1","num_class":"0","num_feature":"10","num_target":"1"},"objective":{"name":"reg:squarederror","reg_loss_param":{"scale_pos_weight":"1"}}},"version":[1,6,2]}