{"learner":{"attributes":{"best_ntree_limit":"3"},"feature_names":[],"feature_types":["c","c","c","c","c","c","c","c","c","c"],"gradient_booster":{"model":{"gbtree_model_param":{"num_parallel_tree":"1","num_trees":"3","size_leaf_vector":"0"},"tree_info":[0,0,0],"trees":[{"base_weights":[-5.263162E-1,4.8865488E-1,-9.6915746E-1,-3.8782957E-1,5.1197666E-1,-1.1013833E0,4.2123178E-1,5.6256974E-1,1.0652442E-2,-1.0423391E0,-1.6296238E0,7.159203E0,-1.4104098E0,7.0876294E-1,5.033035E-1,-1.9117553E0,8.06596E-2,-1.0404211E0,-4.7406262E-1,-5.056176E-1,-4.503963E-1,1.9303583E1,-1.0540634E0,3.6340013E0,-1.519563E0,7.200826E-1,6.4211583E-1,5.2105856E-1,-6.266089E-2,2.3362303E-1,-4.120729E-1,-3.121855E-1,1.2666774E-1,1.4915025E1,-1.4498357E0,-2.972969E0,-6.687766E-1,2.0881615E1,-1.4782208E0,-4.6302286E-1,-6.881804E-3,2.1838158E-1,1.9428211E-1,1.959044E-1,6.7319544E-3,1.5196474E-1,2.1123572E-1,2.2660652E-2,-2.6605287E-1,2.9105946E-1,4.167629E-2,-8.858314E-2,-3.9201868E-1,-4.571674E-1,7.604245E-2,1.1023071E0,-3.0523965E-1,1.1496517E1,-3.420813E-1,-4.962585E-1,-9.92E-2,4.9590707E-1,-3.890274E-1],"categories":[1,2,3,4,0,1,2,3,4,5,6,7,8,9,10,11,2,0,3,4,5,1,2,3,1,0,1,2,3,4,5,6,7,8,10,11,0,1,2,3,4,5,6,7,3,4,5,1,2,1,3,4,5,6,8,10,11,0,5,6,7,1,1,2,1,0,1,2,3,4,5,6,7,8,9,1,1,2,0,3,9,10,11,1,2,1,0,1,2,3,4,6,7,8,10,11,1,2,2,7,2,1],"categories_nodes":[0,1,2,4,5,6,7,8,9,10,11,12,13,14,16,17,21,22,23,24,25,26,27,28,29,30,34,36,37,38,40],"categories_segments":[0,4,16,17,21,24,25,36,44,47,49,50,57,61,62,64,65,75,76,77,78,83,84,85,86,96,97,98,99,100,101],"categories_sizes":[4,12,1,4,3,1,11,8,3,2,1,7,4,1,2,1,10,1,1,1,5,1,1,1,10,1,1,1,1,1,1],"default_left":[0,0,0,0,0,0,0,0,0,0,0,0,0,0,0,0,0,0,0,0,0,0,0,0,0,0,0,0,0,0,0,0,0,0,0,0,0,0,0,0,0,0,0,0,0,0,0,0,0,0,0,0,0,0,0,0,0,0,0,0,0,0,0],"id":0,"left_children":[1,3,5,-1,7,9,11,13,15,17,19,21,23,25,27,-1,29,31,-1,-1,-1,33,35,37,39,41,43,45,47,49,51,-1,-1,-1,53,-1,55,57,59,-1,61,-1,-1,-1,-1,-1,-1,-1,-1,-1,-1,-1,-1,-1,-1,-1,-1,-1,-1,-1,-1,-1,-1],"loss_changes":[8.777455E3,2.4713342E2,2.499998E3,0E0,1.4853723E2,3.855332E2,1.4590456E4,4.573462E1,2.4087419E2,9.878906E0,6.3881836E0,2.522334E4,5.1744385E2,6.934204E-1,3.8103577E1,0E0,4.027079E1,3.649414E0,0E0,0E0,0E0,6.4447633E4,5.1091458E2,1.7931633E3,3.2841797E1,2.695923E-1,1.5499725E0,9.400574E0,1.3294285E1,2.8283148E1,1.2846516E1,0E0,0E0,0E0,8.155945E0,0E0,2.2549194E2,1.8241193E3,2.7549133E0,0E0,3.455726E1,0E0,0E0,0E0,0E0,0E0,0E0,0E0,0E0,0E0,0E0,0E0,0E0,0E0,0E0,0E0,0E0,0E0,0E0,0E0,0E0,0E0,0E0],"parents":[2147483647,0,0,1,1,2,2,4,4,5,5,6,6,7,7,8,8,9,9,10,10,11,11,12,12,13,13,14,14,16,16,17,17,21,21,22,22,23,23,24,24,25,25,26,26,27,27,28,28,29,29,30,30,34,34,36,36,37,37,38,38,40,40],"right_children":[2,4,6,-1,8,10,12,14,16,18,20,22,24,26,28,-1,30,32,-1,-1,-1,34,36,38,40,42,44,46,48,50,52,-1,-1,-1,54,-1,56,58,60,-1,62,-1,-1,-1,-1,-1,-1,-1,-1,-1,-1,-1,-1,-1,-1,-1,-1,-1,-1,-1,-1,-1,-1],"split_conditions":[NaN,NaN,NaN,-3.8782957E-1,NaN,NaN,NaN,NaN,NaN,NaN,NaN,NaN,NaN,NaN,NaN,-1.9117553E0,NaN,NaN,-4.7406262E-1,-5.056176E-1,-4.503963E-1,NaN,NaN,NaN,NaN,NaN,NaN,NaN,NaN,NaN,NaN,-3.121855E-1,1.2666774E-1,1.4915025E1,NaN,-2.972969E0,NaN,NaN,NaN,-4.6302286E-1,NaN,2.1838158E-1,1.9428211E-1,1.959044E-1,6.7319544E-3,1.5196474E-1,2.1123572E-1,2.2660652E-2,-2.6605287E-1,2.9105946E-1,4.167629E-2,-8.858314E-2,-3.9201868E-1,-4.571674E-1,7.604245E-2,1.1023071E0,-3.0523965E-1,1.1496517E1,-3.420813E-1,-4.962585E-1,-9.92E-2,4.9590707E-1,-3.890274E-1],"split_indices":[6,0,7,0,8,6,0,8,1,8,0,4,8,1,0,0,0,9,0,0,0,0,3,5,7,0,5,7,7,0,7,0,0,0,7,0,9,1,7,0,4,0,0,0,0,0,0,0,0,0,0,0,0,0,0,0,0,0,0,0,0,0,0],"split_type":[1,1,1,0,1,1,1,1,1,1,1,1,1,1,1,0,1,1,0,0,0,1,1,1,1,1,1,1,1,1,1,0,0,0,1,0,1,1,1,0,1,0,0,0,0,0,0,0,0,0,0,0,0,0,0,0,0,0,0,0,0,0,0],"sum_hessian":[1.952636E4,5.931511E3,1.3594848E4,7.594661E1,5.8555645E3,1.2414443E4,1.1804043E3,5.3186865E3,5.368779E2,1.1169E4,1.2454436E3,2.5167415E2,9.287301E2,1.5310514E3,3.7876353E3,4.8476562E0,5.320303E2,1.1132238E4,3.676139E1,8.59651E2,3.8579263E2,1.00992836E2,1.506813E2,1.8986652E1,9.0974347E2,1.3003838E3,2.3066763E2,3.6725034E3,1.15131836E2,4.0639517E2,1.25635086E2,1.1131026E4,1.2119141E0,4.0397133E1,6.0595703E1,5.2516274E0,1.4542969E2,3.6357422E0,1.5350911E1,8.956045E2,1.4138997E1,1.1650533E3,1.353304E2,2.2662793E2,4.0397134E0,3.4062864E3,2.662171E2,9.937695E1,1.5754883E1,4.524479E1,3.611504E2,1.1230403E2,1.3331055E1,5.8171875E1,2.4238281E0,1.0099283E1,1.353304E2,1.6158854E0,2.0198567E0,1.2927083E1,2.4238281E0,6.0595703E0,8.079427E0],"tree_param":{"num_deleted":"0","num_feature":"10","num_nodes":"63","size_leaf_vector":"0"}},{"base_weights":[-1.09342E0,3.362801E-1,-1.8729668E0,-7.0556384E-1,3.641619E-1,-1.0013573E0,-2.752013E0,5.6384224E-1,2.9339877E-1,-8.628259E-1,-3.0130048E0,-3.2177796E0,-1.1114208E0,6.295805E-1,5.4677075E-1,3.4134284E-1,7.158456E-2,-8.5108685E-1,-2.1593437E0,-2.1148792E1,-1.3905289E0,-1.1063192E0,-6.527959E-1,4.656783E0,-3.040903E0,1.9141994E-1,1.707108E-2,5.6124514E-1,5.121668E-1,3.472666E-1,-2.1747248E-1,-4.1660264E-1,1.0261979E-1,-2.5629148E-1,6.563538E-1,-1.089038E0,-2.5117834E0,-8.333434E1,-1.6913139E0,-2.8277564E-1,-3.371318E0,-4.348046E-1,-2.6930516E0,1.3163812E2,-2.7054124E0,-1.154363E-1,-3.3488226E0,-2.8158104E-1,1.6950671E-1,-6.1908726E-2,1.6886549E-1,1.244525E-1,1.5944515E-1,9.969979E-2,1.6028112E-1,-1.7742923E-1,6.6184565E-2,1.2265494E-2,1.8529959E-1,7.637709E-1,-2.8929913E-1,-5.3903405E-2,-4.480014E-1,-8.3735687E-1,-2.1267603E-1,-4.9305607E1,-3.070153E-1,7.1723306E-1,-6.2497115E-1,-9.895859E0,-4.1205823E-1,-1.544371E-2,-2.155039E-1,-1.5227654E0,-2.6252815E-1,5.5871414E1,-9.555227E-1,-5.857517E-1,-1.0735238E0,-1.076464E0,-3.2444394E-1],"categories":[1,2,3,4,0,1,2,3,4,5,6,7,8,9,10,11,1,2,5,0,1,2,3,4,5,6,7,8,10,11,3,1,0,1,2,3,4,0,3,4,5,6,9,1,10,1,2,3,4,5,10,1,0,3,5,9,10,11,1,0,1,2,3,4,5,6,7,2,1,4,5,7,8,9,10,11,2,3,10,11,2,1,2,5,0,4,5,0,1,2,3,4,1,0,1,2,3,4,5,6,7,2,2,11,0,1,2,3,4,5,6,8,9,2,2,9,4,1,2,3,3,3,1],"categories_nodes":[0,1,2,4,5,6,7,8,9,10,11,12,13,14,15,16,17,18,19,20,22,23,24,26,27,28,29,30,32,34,35,36,37,38,40,41,42,43,44,46],"categories_segments":[0,4,16,19,30,31,32,37,43,44,45,50,51,52,58,59,67,68,76,77,78,80,81,84,87,92,93,101,102,103,104,113,114,115,116,117,119,120,121,122],"categories_sizes":[4,12,3,11,1,1,5,6,1,1,5,1,1,6,1,8,1,8,1,1,2,1,3,3,5,1,8,1,1,1,9,1,1,1,1,2,1,1,1,1],"default_left":[0,0,0,0,0,0,0,0,0,0,0,0,0,0,0,0,0,0,0,0,0,0,0,0,0,0,0,0,0,0,0,0,0,0,0,0,0,0,0,0,0,0,0,0,0,0,0,0,0,0,0,0,0,0,0,0,0,0,0,0,0,0,0,0,0,0,0,0,0,0,0,0,0,0,0,0,0,0,0,0,0],"id":1,"left_children":[1,3,5,-1,7,9,11,13,15,17,19,21,23,25,27,29,31,33,35,37,39,-1,41,43,45,-1,47,49,51,53,55,-1,57,-1,59,61,63,65,67,-1,69,71,73,75,77,-1,79,-1,-1,-1,-1,-1,-1,-1,-1,-1,-1,-1,-1,-1,-1,-1,-1,-1,-1,-1,-1,-1,-1,-1,-1,-1,-1,-1,-1,-1,-1,-1,-1,-1,-1],"loss_changes":[1.7740918E4,4.218866E2,7.889742E3,0E0,7.840613E1,1.4392627E3,3.9149531E3,1.2874146E0,4.3660004E1,7.185693E1,9.767498E3,4.811539E3,1.2651505E4,1.5126648E0,2.944336E-1,1.1255707E1,3.3286137E1,2.384668E1,1.3408356E1,3.2854992E4,2.689306E2,0E0,2.7440646E2,2.667993E5,6.950923E2,0E0,3.1659365E0,1.1340485E0,4.451828E-1,9.156738E0,6.0350842E0,0E0,2.2774046E1,0E0,3.5501373E1,4.278473E0,1.38535E1,4.3033695E4,3.9844177E1,0E0,3.2781763E3,6.0936623E1,2.538226E2,1.1571675E5,1.7072339E2,0E0,4.1019336E2,0E0,0E0,0E0,0E0,0E0,0E0,0E0,0E0,0E0,0E0,0E0,0E0,0E0,0E0,0E0,0E0,0E0,0E0,0E0,0E0,0E0,0E0,0E0,0E0,0E0,0E0,0E0,0E0,0E0,0E0,0E0,0E0,0E0,0E0],"parents":[2147483647,0,0,1,1,2,2,4,4,5,5,6,6,7,7,8,8,9,9,10,10,11,11,12,12,13,13,14,14,15,15,16,16,17,17,18,18,19,19,20,20,22,22,23,23,24,24,26,26,27,27,28,28,29,29,30,30,32,32,34,34,35,35,36,36,37,37,38,38,40,40,41,41,42,42,43,43,44,44,46,46],"right_children":[2,4,6,-1,8,10,12,14,16,18,20,22,24,26,28,30,32,34,36,38,40,-1,42,44,46,-1,48,50,52,54,56,-1,58,-1,60,62,64,66,68,-1,70,72,74,76,78,-1,80,-1,-1,-1,-1,-1,-1,-1,-1,-1,-1,-1,-1,-1,-1,-1,-1,-1,-1,-1,-1,-1,-1,-1,-1,-1,-1,-1,-1,-1,-1,-1,-1,-1,-1],