{"learner":{"attributes":{"best_ntree_limit":"1"},"feature_names":[],"feature_types":["c","c","c","c","c","c","c","c","c","c"],"gradient_booster":{"model":{"gbtree_model_param":{"num_parallel_tree":"1","num_trees":"1","size_leaf_vector":"0"},"tree_info":[0],"trees":[{"base_weights":[-6.2289685E-1,1.1162752E0,-1.3820499E0,-6.040919E-1,1.1559081E0,-1.6088797E0,1.009263E0,1.2416245E0,3.0266917E-1,-1.5045259E0,-2.5054955E0,1.2387489E1,-2.140065E0,4.503703E-1,1.1350776E0,-2.2663174E0,4.227819E-1,-4.5151478E-1,1.574978E-1,-1.7831594E0,-2.5437915E0,9.698283E0,-8.918416E-1,1.5477273E0,-2.3327932E0,1.1637353E0,1.953279E-1,3.6068602E0,3.185279E-1,-3.7483832E-1,-6.563579E-1,-7.8455925E-1,-7.1030146E-1,1.05331545E1,-1.477334E0,8.666359E0,-2.1822197E0,-7.120724E-1,2.8084603E-1,3.4087127E-1,4.5187575E-1,1.2339403E-1,-3.2185212E-1,2.2577047E0,1.2568615E-1,1.1976397E-1,-6.239626E-1,8.120901E-1,-3.1824195E-1,6.6304674E0,-5.395256E-1,-9.0893966E-1,-4.0255567E-1,-7.2268987E-1,2.8197798E-1,1.3231561E0,-5.7688063E-1],"categories":[1,2,3,4,0,1,2,3,4,5,6,7,8,9,10,11,2,0,3,4,5,1,2,3,4,5,6,7,8,10,11,1,0,1,2,3,4,5,6,7,8,10,11,0,1,2,3,4,5,6,7,1,1,2,3,1,3,4,5,8,10,11,0,1,0,1,2,3,4,5,6,8,10,11,1,3,4,5,10,11,1,2,1,1,2,2,1,0,3,4,5,6,7,1,0,1,2,3,4,1,2,2,1],"categories_nodes":[0,1,2,4,5,6,7,8,9,10,11,12,14,16,19,20,22,23,24,25,26,27,28,29,33,34,36,38],"categories_segments":[0,4,16,17,21,31,32,43,51,52,55,56,62,64,74,80,82,83,84,85,86,87,93,94,99,100,101,102],"categories_sizes":[4,12,1,4,10,1,11,8,1,3,1,6,2,10,6,2,1,1,1,1,1,6,1,5,1,1,1,1],"default_left":[0,0,0,0,0,0,0,0,0,0,0,0,0,0,0,0,0,0,0,0,0,0,0,0,0,0,0,0,0,0,0,0,0,0,0,0,0,0,0,0,0,0,0,0,0,0,0,0,0,0,0,0,0,0,0,0,0],"id":0,"left_children":[1,3,5,-1,7,9,11,13,15,17,19,21,23,-1,25,-1,27,-1,-1,29,31,-1,33,35,37,39,41,43,45,47,-1,-1,-1,49,51,-1,53,-1,55,-1,-1,-1,-1,-1,-1,-1,-1,-1,-1,-1,-1,-1,-1,-1,-1,-1,-1],"loss_changes":[1.5000309E4,4.3060107E2,4.2914365E3,0E0,2.4901758E2,6.7213086E2,2.4601336E4,8.399805E1,2.982189E2,7.665039E0,1.6254883E1,3.943439E4,3.8597803E2,0E0,5.9044434E1,0E0,1.01376396E2,0E0,0E0,2.265355E1,2.755371E0,0E0,6.196096E2,2.8491006E3,5.520337E1,1.84021E1,1.8609737E1,1.1796688E2,5.891601E1,2.485769E1,0E0,0E0,0E0,6.852769E2,1.4186188E1,0E0,1.9941658E1,0E0,8.816063E1,0E0,0E0,0E0,0E0,0E0,0E0,0E0,0E0,0E0,0E0,0E0,0E0,0E0,0E0,0E0,0E0,0E0,0E0],"parents":[2147483647,0,0,1,1,2,2,4,4,5,5,6,6,7,7,8,8,9,9,10,10,11,11,12,12,14,14,16,16,19,19,20,20,22,22,23,23,24,24,25,25,26,26,27,27,28,28,29,29,33,33,34,34,36,36,38,38],"right_children":[2,4,6,-1,8,10,12,14,16,18,20,22,24,-1,26,-1,28,-1,-1,30,32,-1,34,36,38,40,42,44,46,48,-1,-1,-1,50,52,-1,54,-1,56,-1,-1,-1,-1,-1,-1,-1,-1,-1,-1,-1,-1,-1,-1,-1,-1,-1,-1],"split_conditions":[NaN,NaN,NaN,-6.040919E-1,NaN,NaN,NaN,NaN,NaN,NaN,NaN,NaN,NaN,4.503703E-1,NaN,-2.2663174E0,NaN,-4.5151478E-1,1.574978E-1,NaN,NaN,9.698283E0,NaN,NaN,NaN,NaN,NaN,NaN,NaN,NaN,-6.563579E-1,-7.8455925E-1,-7.1030146E-1,NaN,NaN,8.666359E0,NaN,-7.120724E-1,NaN,3.4087127E-1,4.5187575E-1,1.2339403E-1,-3.2185212E-1,2.2577047E0,1.2568615E-1,1.1976397E-1,-6.239626E-1,8.120901E-1,-3.1824195E-1,6.6304674E0,-5.395256E-1,-9.0893966E-1,-4.0255567E-1,-7.2268987E-1,2.8197798E-1,1.3231561E0,-5.7688063E-1],"split_indices":[6,0,7,0,8,8,0,8,1,9,6,3,8,0,0,0,0,0,0,8,0,0,4,9,7,7,7,1,7,2,0,0,0,3,9,0,7,0,4,0,0,0,0,0,0,0,0,0,0,0,0,0,0,0,0,0,0],"split_type":[1,1,1,0,1,1,1,1,1,1,1,1,1,0,1,0,1,0,0,1,1,0,1,1,1,1,1,1,1,1,0,0,0,1,1,0,1,0,1,0,0,0,0,0,0,0,0,0,0,0,0,0,0,0,0,0,0],"sum_hessian":[1.135914E4,3.4514995E3,7.9076396E3,4.253567E1,3.4089639E3,7.222839E3,6.848008E2,3.0973489E3,3.1161493E2,6.4722373E3,7.5060187E2,1.4781734E2,5.3698346E2,8.974792E2,2.1998696E3,3.7600594E0,3.0785486E2,6.470827E3,1.4100223E0,4.0185635E1,7.104162E2,5.8515923E1,8.930141E1,2.6320415E1,5.1066306E2,2.1345386E3,6.533103E1,8.695137E0,2.9915973E2,9.400148E0,3.0785486E1,4.9562283E2,2.147934E2,3.5250556E0,8.577635E1,2.350037E0,2.3970379E1,5.0290793E2,7.755122E0,1.9799062E3,1.5463245E2,5.640089E1,8.930141E0,3.290052E0,5.4050856E0,2.9022958E2,8.930141E0,1.1750185E0,8.22513E0,1.4100223E0,2.1150334E0,5.1700816E0,8.060627E1,2.2560356E1,1.4100223E0,2.350037E0,5.4050856E0],"tree_param":{"num_deleted":"0","num_feature":"10","num_nodes":"57","size_leaf_vector":"0"}}]},"name":"gbtree"},"learner_model_param":{"base_score":"5E-1","num_class":"0","num_feature":"10","num_target":"1"},"objective":{"name":"reg:squarederror","reg_loss_param":{"scale_pos_weight":"1"}}},"version":[1,6,2]}