{"learner":{"attributes":{"best_ntree_limit":"2"},"feature_names":[],"feature_types":["c","c","c","c","c","c","c","c","c","c","c"],"gradient_booster":{"model":{"gbtree_model_param":{"num_parallel_tree":"1","num_trees":"2","size_leaf_vector":"0"},"tree_info":[0,0],"trees":[{"base_weights":[-6.229849E-1,1.1169236E0,-1.3806782E0,-5.7263494E-1,1.1533868E0,-1.6098006E0,9.920859E-1,1.2392191E0,3.173017E-1,-1.5068165E0,-2.4947073E0,1.1981668E1,-2.1416633E0,1.4949397E0,1.1347764E0,-2.4090462E0,4.362209E-1,-4.522147E-1,2.6037067E-1,-1.7977266E0,-2.5323157E0,8.980212E0,-8.770621E-1,3.3029425E0,-2.3354201E0,4.0656865E-1,1.5150491E0,3.8785878E-1,8.8007957E-1,2.7805683E-1,-4.2524046E-1,-9.2501116E-1,-6.756381E-1,-7.833297E-1,-2.3391929E0,8.749397E0,-1.5288881E0,2.2443916E1,-2.1015153E0,-7.1631604E-1,4.211662E-1,5.1186776E-1,4.468427E-1,-2.2412956E-2,3.2944372E-1,-2.073901E0,7.013764E-2,3.47523E-1,-4.2341292E-1,-6.3656884E-1,-7.82681E-1,5.263411E0,-5.7296866E-1,-1.9465072E0,-4.152659E-1,1.3915427E1,-4.4321847E-1,-7.3657376E-1,3.831733E-2,1.0461245E0,-5.845867E-1],"categories":[1,2,3,4,0,1,2,3,4,5,6,7,8,9,10,11,2,0,3,4,5,1,2,3,4,5,6,7,8,10,11,1,0,1,2,3,4,5,6,7,8,10,11,0,1,2,3,4,5,6,7,1,1,2,3,1,3,4,5,6,8,10,11,0,1,2,3,4,5,1,1,3,4,5,10,1,2,1,2,2,0,2,3,4,5,6,7,0,1,0,1,1,1,3,2,0,1,3,2,1],"categories_nodes":[0,1,2,4,5,6,7,8,9,10,11,12,13,14,16,19,20,22,23,24,26,28,30,31,34,35,36,37,38,40],"categories_segments":[0,4,16,17,21,31,32,43,51,52,55,56,63,69,70,71,75,77,78,79,80,87,89,91,92,93,94,95,98,99],"categories_sizes":[4,12,1,4,10,1,11,8,1,3,1,7,6,1,1,4,2,1,1,1,7,2,2,1,1,1,1,3,1,1],"default_left":[0,0,0,0,0,0,0,0,0,0,0,0,0,0,0,0,0,0,0,0,0,0,0,0,0,0,0,0,0,0,0,0,0,0,0,0,0,0,0,0,0,0,0,0,0,0,0,0,0,0,0,0,0,0,0,0,0,0,0,0,0],"id":0,"left_children":[1,3,5,-1,7,9,11,13,15,17,19,21,23,25,27,-1,29,-1,-1,31,33,-1,35,37,39,-1,41,-1,43,-1,45,47,-1,-1,49,51,53,55,57,-1,59,-1,-1,-1,-1,-1,-1,-1,-1,-1,-1,-1,-1,-1,-1,-1,-1,-1,-1,-1,-1],"loss_changes":[1.4977807E4,3.824834E2,4.3042217E3,0E0,2.4406348E2,6.54E2,2.4048338E4,8.080371E1,3.1965936E2,9.998047E0,1.5129883E1,3.5790434E4,5.81198E2,4.5458984E-1,8.733618E1,0E0,1.3351825E2,0E0,0E0,1.4529022E1,4.694824E0,0E0,5.858964E2,2.0225085E3,7.6770996E1,0E0,1.2320557E0,0E0,1.7594702E2,0E0,4.9321637E2,1.788858E1,0E0,0E0,7.085083E0,5.899324E2,5.2941696E1,2.5254253E3,1.2776817E1,0E0,8.4065445E1,0E0,0E0,0E0,0E0,0E0,0E0,0E0,0E0,0E0,0E0,0E0,0E0,0E0,0E0,0E0,0E0,0E0,0E0,0E0,0E0],"parents":[2147483647,0,0,1,1,2,2,4,4,5,5,6,6,7,7,8,8,9,9,10,10,11,11,12,12,13,13,14,14,16,16,19,19,20,20,22,22,23,23,24,24,26,26,28,28,30,30,31,31,34,34,35,35,36,36,37,37,38,38,40,40],"right_children":[2,4,6,-1,8,10,12,14,16,18,20,22,24,26,28,-1,30,-1,-1,32,34,-1,36,38,40,-1,42,-1,44,-1,46,48,-1,-1,50,52,54,56,58,-1,60,-1,-1,-1,-1,-1,-1,-1,-1,-1,-1,-1,-1,-1,-1,-1,-1,-1,-1,-1,-1],"split_conditions":[NaN,NaN,NaN,-5.7263494E-1,NaN,NaN,NaN,NaN,NaN,NaN,NaN,NaN,NaN,NaN,NaN,-2.4090462E0,NaN,-4.522147E-1,2.6037067E-1,NaN,NaN,8.980212E0,NaN,NaN,NaN,4.0656865E-1,NaN,3.8785878E-1,NaN,2.7805683E-1,NaN,NaN,-6.756381E-1,-7.833297E-1,NaN,NaN,NaN,NaN,NaN,-7.1631604E-1,NaN,5.1186776E-1,4.468427E-1,-2.2412956E-2,3.2944372E-1,-2.073901E0,7.013764E-2,3.47523E-1,-4.2341292E-1,-6.3656884E-1,-7.82681E-1,5.263411E0,-5.7296866E-1,-1.9465072E0,-4.152659E-1,1.3915427E1,-4.4321847E-1,-7.3657376E-1,3.831733E-2,1.0461245E0,-5.845867E-1],"split_indices":[7,1,8,0,9,9,1,9,2,4,7,4,9,3,0,0,0,0,0,9,1,0,5,6,8,0,2,0,3,0,3,1,0,0,7,10,10,2,8,0,5,0,0,0,0,0,0,0,0,0,0,0,0,0,0,0,0,0,0,0,0],"split_type":[1,1,1,0,1,1,1,1,1,1,1,1,1,1,1,0,1,0,0,1,1,0,1,1,1,0,1,0,1,0,1,1,0,0,1,1,1,1,1,0,1,0,0,0,0,0,0,0,0,0,0,0,0,0,0,0,0,0,0,0,0],"sum_hessian":[1.135914E4,3.4458594E3,7.91328E3,4.042064E1,3.4054387E3,7.216729E3,6.96551E2,3.0879487E3,3.1749002E2,6.466832E3,7.4989685E2,1.5392743E2,5.426236E2,8.9160406E2,2.1963447E3,3.5250556E0,3.1396497E2,6.465657E3,1.1750185E0,4.0890644E1,7.0900616E2,6.3686005E1,9.0241425E1,1.8095285E1,5.2452826E2,1.2079191E2,7.708122E2,1.3526814E3,8.436633E2,1.9998816E2,1.139768E2,1.5040237E1,2.5850409E1,4.946828E2,2.1432338E2,4.9350777E0,8.530634E1,3.290052E0,1.4805234E1,5.148931E2,9.635152E0,8.3191315E1,6.8762085E2,1.5698248E2,6.8668085E2,9.635152E0,1.04341644E2,2.5850408E0,1.2455196E1,1.2361195E2,9.071143E1,2.350037E0,2.5850408E0,1.1750185E0,8.4131325E1,1.1750185E0,2.1150334E0,1.2690201E1,2.1150334E0,3.995063E0,5.640089E0],"tree_param":{"num_deleted":"0","num_feature":"11","num_nodes":"61","size_leaf_vector":"0"}},{"base_weights":[3.5211226E-1,-6.3116354E-1,1.1911682E0,-7.9322547E-1,6.448887E-1,3.0242846E0,-3.6836278E-1,-2.4048518E-1,1.4533837E0,4.7634235E-1,8.089263E-2,-3.2193497E1,3.6050493E-1,3.7392216E0,-8.542719E-1,-6.80011E0,3.7259966E-1,-4.826104E2,1.8440576E-1,9.3973E0,-1.634914E-2,-1.5338083E-1,-5.174053E-1,-1.4204436E1,1.24614E-1,3.681385E-1,-5.5138387E-2,-4.040926E2,-3.8119343E-1,-1.04391165E-1,8.788663E-1,3.2456974E1,-2.8287944E-1,-2.2831867E0,1.6473821E-1,6.930814E-2,-2.4866597E-1,-8.836856E0,2.2747049E-1,5.8409816E-1,-1.5253666E-1,-2.4107237E0,7.884918E-2,1.1096492E0,-9.978181E-2,3.0029785E1,2.2418651E-1,-4.5139405E-1,1.2237643E-1,3.2436514E-1,-1.8170014E-1],"categories":[1,3,1,2,1,0,1,2,5,0,5,6,7,8,10,11,1,0,1,3,4,5,6,7,10,11,2,0,1,2,10,11,1,5,1,1,2,0,1,2,3,4,5,6,7,8,9,10,11,0,1,2,3,4,1,1,2,0,1,2,3,4,7,9,10,0,3,5,7,2,1,1],"categories_nodes":[0,1,2,3,4,6,8,10,11,12,14,15,16,17,18,19,20,21,23,24,26,30,31,32,34],"categories_segments":[0,1,2,3,4,5,8,9,16,17,26,27,32,33,34,35,37,49,54,55,57,65,69,70,71],"categories_sizes":[1,1,1,1,1,3,1,7,1,9,1,5,1,1,1,2,12,5,1,2,8,4,1,1,1],"default_left":[0,0,0,0,0,0,0,0,0,0,0,0,0,0,0,0,0,0,0,0,0,0,0,0,0,0,0,0,0,0,0,0,0,0,0,0,0,0,0,0,0,0,0,0,0,0,0,0,0,0,0],"id":1,"left_children":[1,3,5,7,9,-1,11,-1,13,-1,15,17,19,-1,21,23,25,27,29,31,33,35,-1,37,39,-1,41,-1,-1,-1,43,45,47,-1,49,-1,-1,-1,-1,-1,-1,-1,-1,-1,-1,-1,-1,-1,-1,-1,-1],"loss_changes":[7.7838613E3,8.989022E2,7.057847E4,7.384595E1,2.605127E2,0E0,1.0049248E5,0E0,3.8420935E2,0E0,6.202176E2,1.4146504E6,1.4425271E4,0E0,7.721493E0,6.4611475E2,1.0831894E2,2.704856E6,3.4131607E1,3.786111E4,5.5945664E3,2.3594747E0,0E0,1.4102583E3,9.625462E0,0E0,5.0537878E2,0E0,0E0,0E0,1.3783386E2,1.0748331E5,1.02252495E2,0E0,2.8061475E3,0E0,0E0,0E0,0E0,0E0,0E0,0E0,0E0,0E0,0E0,0E0,0E0,0E0,0E0,0E0,0E0],"parents":[2147483647,0,0,1,1,2,2,3,3,4,4,6,6,8,8,10,10,11,11,12,12,14,14,15,15,16,16,17,17,18,18,19,19,20,20,21,21,23,23,24,24,26,26,30,30,31,31,32,32,34,34],"right_children":[2,4,6,8,10,-1,12,-1,14,-1,16,18,20,-1,22,24,26,28,30,32,34,36,-1,38,40,-1,42,-1,-1,-1,44,46,48,-1,50,-1,-1,-1,-1,-1,-1,-1,-1,-1,-1,-1,-1,-1,-1,-1,-1],"split_conditions":[NaN,NaN,NaN,NaN,NaN,3.0242846E0,NaN,-2.4048518E-1,NaN,4.7634235E-1,NaN,NaN,NaN,3.7392216E0,NaN,NaN,NaN,NaN,NaN,NaN,NaN,NaN,-5.174053E-1,NaN,NaN,3.681385E-1,NaN,-4.040926E2,-3.8119343E-1,-1.04391165E-1,NaN,NaN,NaN,-2.2831867E0,NaN,6.930814E-2,-2.4866597E-1,-8.836856E0,2.2747049E-1,5.8409816E-1,-1.5253666E-1,-2.4107237E0,7.884918E-2,1.1096492E0,-9.978181E-2,3.0029785E1,2.2418651E-1,-4.5139405E-1,1.2237643E-1,3.2436514E-1,-1.8170014E-1],"split_indices":[10,10,0,8,0,0,3,0,1,0,9,6,9,0,7,1,0,2,4,7,1,9,0,5,1,0,9,0,0,0,2,6,10,0,0,0,0,0,0,0,0,0,0,0,0,0,0,0,0,0,0],"split_type":[1,1,1,1,1,0,1,0,1,0,1,1,1,0,1,1,1,1,1,1,1,1,0,1,1,0,1,0,0,0,1,1,1,0,1,0,0,0,0,0,0,0,0,0,0,0,0,0,0,0,0],"sum_hessian":[9.432806E3,4.3432593E3,5.089546E3,3.8541504E3,4.8910873E2,7.587853E2,4.3307607E3,3.8404485E3,1.3702016E1,1.8238026E2,3.0672845E2,9.5997025E1,4.2347637E3,1.6115456E0,1.209047E1,1.156696E1,2.951615E2,5.50534E0,9.0491684E1,1.6857092E2,4.0661929E3,7.348986E0,4.741484E0,5.0818644E0,6.485096E0,9.783645E1,1.9732504E2,1.3259252E0,4.1794147E0,5.1505947E1,3.8985737E1,4.9145607E1,1.1942532E2,9.37457E1,3.9724473E3,5.10302E0,2.2459662E0,2.036933E0,3.0449314E0,1.1368967E0,5.348199E0,6.630712E0,1.9069434E2,1.1098472E1,2.7887264E1,1.4997205E1,3.41484E1,4.270973E1,7.671559E1,1.8140449E3,2.1584023E3],"tree_param":{"num_deleted":"0","num_feature":"11","num_nodes":"51","size_leaf_vector":"0"}}]},"name":"gbtree"},