{"learner":{"attributes":{"best_ntree_limit":"3"},"feature_names":[],"feature_types":["c","c","c","c","c","c","c","c","c","c","c"],"gradient_booster":{"model":{"gbtree_model_param":{"num_parallel_tree":"1","num_trees":"3","size_leaf_vector":"0"},"tree_info":[0,0,0],"trees":[{"base_weights":[-6.2289685E-1,1.1238569E0,-1.3874491E0,-5.5028355E-1,1.1614285E0,-1.6159331E0,9.887558E-1,1.2634121E0,4.7374237E-1,-1.511623E0,-2.496893E0,1.2509278E1,-2.14062E0,1.4949397E0,1.1635869E0,-1.5033044E0,5.6495845E-1,-4.538617E-1,-6.131396E-1,-7.8395015E-1,-2.2707963E0,3.3063923E1,-1.5194407E0,1.146168E0,-2.3534224E0,4.041931E-1,1.5171779E0,3.9253798E-1,9.344695E-1,3.070469E-1,-3.1761107E-1,-2.3493972E-1,1.2244079E-1,-1.937418E0,-2.5710316E0,2.6168398E1,-2.257312E0,-1.20067E0,-1.3188783E0,6.500065E0,-1.9873896E0,-7.2219324E-1,4.211662E-1,5.1699585E-1,4.472665E-1,3.1088868E-2,3.3929315E-1,-3.4536335E0,9.4516255E-2,-3.3446264E-1,-7.7930737E-1,-9.6707326E-1,-6.7660344E-1,-7.0649046E-1,1.2244079E-1,2.6332538E0,-5.333939E-1,2.3295727E0,-3.8077685E-1,-6.6511416E-1,3.831733E-2,1.0781354E0,-6.705562E-1],"categories":[1,2,3,4,0,1,2,3,4,5,6,7,8,9,10,11,2,0,3,4,5,6,1,2,3,4,5,6,7,8,10,11,1,0,1,2,3,4,5,6,7,8,10,11,0,1,2,3,4,5,6,7,3,4,1,2,3,1,3,4,5,8,10,11,0,1,2,3,4,5,1,1,1,4,0,1,2,3,4,5,6,7,8,9,2,1,2,0,2,3,4,5,6,7,0,1,0,1,1,0,1,2,3,2,5,1,2,1],"categories_nodes":[0,1,2,4,5,6,7,8,9,10,11,12,13,14,16,18,20,21,22,23,24,26,28,30,33,34,36,38,39,40,42],"categories_segments":[0,4,16,17,22,32,33,44,52,54,57,58,64,70,71,72,73,74,84,85,86,87,94,96,98,99,103,104,105,106,107],"categories_sizes":[4,12,1,5,10,1,11,8,2,3,1,6,6,1,1,1,1,10,1,1,1,7,2,2,1,4,1,1,1,1,1],"default_left":[0,0,0,0,0,0,0,0,0,0,0,0,0,0,0,0,0,0,0,0,0,0,0,0,0,0,0,0,0,0,0,0,0,0,0,0,0,0,0,0,0,0,0,0,0,0,0,0,0,0,0,0,0,0,0,0,0,0,0,0,0,0,0],"id":0,"left_children":[1,3,5,-1,7,9,11,13,15,17,19,21,23,25,27,-1,29,-1,31,-1,33,35,37,39,41,-1,43,-1,45,-1,47,-1,-1,49,51,-1,53,-1,55,57,59,-1,61,-1,-1,-1,-1,-1,-1,-1,-1,-1,-1,-1,-1,-1,-1,-1,-1,-1,-1,-1,-1],"loss_changes":[1.517285E4,3.8657764E2,4.2918223E3,0E0,2.3899658E2,6.587051E2,2.503936E4,6.70083E1,2.2436649E2,6.310547E0,1.4090332E1,4.2826977E4,3.848999E2,8.864746E-1,6.7914795E1,0E0,1.7695486E2,0E0,2.1659868E0,0E0,2.1675293E1,1.1540809E5,3.9102463E1,5.8165845E2,7.779785E1,0E0,1.5917969E0,0E0,1.3218616E2,0E0,1.0659286E3,0E0,0E0,6.784418E1,2.0965576E1,0E0,1.0702927E1,0E0,4.0476627E2,1.3518488E2,1.10427475E1,0E0,9.766153E1,0E0,0E0,0E0,0E0,0E0,0E0,0E0,0E0,0E0,0E0,0E0,0E0,0E0,0E0,0E0,0E0,0E0,0E0,0E0,0E0],"parents":[2147483647,0,0,1,1,2,2,4,4,5,5,6,6,7,7,8,8,9,9,10,10,11,11,12,12,13,13,14,14,16,16,18,18,20,20,21,21,22,22,23,23,24,24,26,26,28,28,30,30,33,33,34,34,36,36,38,38,39,39,40,40,42,42],"right_children":[2,4,6,-1,8,10,12,14,16,18,20,22,24,26,28,-1,30,-1,32,-1,34,36,38,40,42,-1,44,-1,46,-1,48,-1,-1,50,52,-1,54,-1,56,58,60,-1,62,-1,-1,-1,-1,-1,-1,-1,-1,-1,-1,-1,-1,-1,-1,-1,-1,-1,-1,-1,-1],"split_conditions":[NaN,NaN,NaN,-5.5028355E-1,NaN,NaN,NaN,NaN,NaN,NaN,NaN,NaN,NaN,NaN,NaN,-1.5033044E0,NaN,-4.538617E-1,NaN,-7.8395015E-1,NaN,NaN,NaN,NaN,NaN,4.041931E-1,NaN,3.9253798E-1,NaN,3.070469E-1,NaN,-2.3493972E-1,1.2244079E-1,NaN,NaN,2.6168398E1,NaN,-1.20067E0,NaN,NaN,NaN,-7.2219324E-1,NaN,5.1699585E-1,4.472665E-1,3.1088868E-2,3.3929315E-1,-3.4536335E0,9.4516255E-2,-3.3446264E-1,-7.7930737E-1,-9.6707326E-1,-6.7660344E-1,-7.0649046E-1,1.2244079E-1,2.6332538E0,-5.333939E-1,2.3295727E0,-3.8077685E-1,-6.6511416E-1,3.831733E-2,1.0781354E0,-6.705562E-1],"split_indices":[7,1,8,0,9,9,1,9,2,7,1,5,9,3,0,0,0,0,4,0,3,1,10,10,8,0,2,0,3,0,3,0,0,7,1,0,8,0,2,0,8,0,5,0,0,0,0,0,0,0,0,0,0,0,0,0,0,0,0,0,0,0,0],"split_type":[1,1,1,0,1,1,1,1,1,1,1,1,1,1,1,0,1,0,1,0,1,1,1,1,1,0,1,0,1,0,1,0,0,1,1,0,1,0,1,1,1,0,1,0,0,0,0,0,0,0,0,0,0,0,0,0,0,0,0,0,0,0,0],"sum_hessian":[1.135914E4,3.4580796E3,7.9010596E3,4.2770676E1,3.4153088E3,7.2082686E3,6.9279095E2,2.973502E3,4.4180698E2,6.447562E3,7.6070703E2,1.4734732E2,5.454436E2,8.9160406E2,2.081898E3,6.3451004E0,4.3546188E2,6.437927E3,9.635152E0,4.9538782E2,2.6531918E2,5.9220936E1,8.812639E1,3.290052E1,5.125431E2,1.2478697E2,7.668171E2,1.272545E3,8.093528E2,2.864695E2,1.4899236E2,8.460134E0,1.1750185E0,1.2925204E2,1.3606715E2,2.279536E1,3.6425575E1,5.1700816E0,8.295631E1,1.1750185E1,2.1150333E1,5.0290793E2,9.635152E0,7.943125E1,6.8738586E2,1.5510245E2,6.542503E2,7.0501113E0,1.4194225E2,5.8750927E1,7.0501114E1,4.1360653E1,9.47065E1,3.5250557E1,1.1750185E0,2.8200445E0,8.013627E1,1.010516E1,1.645026E0,1.9035301E1,2.1150334E0,4.230067E0,5.4050856E0],"tree_param":{"num_deleted":"0","num_feature":"11","num_nodes":"63","size_leaf_vector":"0"}},{"base_weights":[-1.5438442E-1,1.1838607E0,-8.636237E-1,6.563335E-1,1.480944E0,-2.526197E0,5.6796048E-2,5.735424E-1,1.1105661E0,5.2044415E1,1.1022658E0,-3.0273705E0,-3.9324084E-1,1.4219186E2,-9.8786974E-1,5.7878524E-1,-1.0080676E0,4.1212976E-1,8.3293813E-1,2.5821863E2,4.255932E-1,1.1818836E0,-9.4725144E-1,-2.9805608E0,-1.3864563E1,-1.7424014E-1,2.2315521E0,9.60216E2,-5.69944E0,8.118861E0,-1.4110459E0,1.7189097E-1,1.0628651E0,5.2020166E-2,-5.204052E-1,-1.7586076E0,1.1511897E0,1.2148861E2,8.6358584E-2,3.3925515E-1,2.0859494E0,-3.5535603E1,7.9232895E-1,-3.0218866E0,-8.444653E-1,-4.736781E0,-1.4339156E-1,4.874242E0,-9.851553E-1,6.263711E2,-5.278811E-1,-3.512177E0,6.580265E-1,1.3967818E2,-2.5459518E0,-1.0829937E1,-1.1037939E0,6.733721E-1,7.312908E-2,-1.2991643E0,6.1212975E-1,1.1630688E0,2.247713E-1,2.5350437E0,4.8158932E-1,-1.5546568E1,-4.3009773E-2,3.6075422E-1,-2.278419E-1,-9.04095E-1,-2.692989E0,-3.808798E-1,4.584542E-1,5.9400716E0,-2.4893473E-1,-2.2794114E-2,-3.4456494E-1,1.3886155E1,-2.121724E0,8.977609E1,-3.4092E-2,-2.1020226E0,1.888049E-2,3.1448014E0,-4.2762974E-1],"categories":[1,2,3,1,1,3,0,1,2,3,6,7,8,9,10,11,3,1,2,3,4,5,6,4,1,1,1,3,6,2,0,3,4,5,6,7,3,4,5,6,7,8,10,11,0,1,2,3,4,5,1,0,1,3,4,5,0,1,2,3,4,5,6,8,0,1,2,3,4,5,2,5,2,1,2,2,1,0,1,3,4,5,6,7,1,2,3,4,5,0,1,2,3,4,5,6,7,8,0,3,4,5,6,11,1,0,1,2,4,5,6,7,8,9,10,11,6,4,0,1,2,3,4,5,6,7,8,9,10,11,2,1,1,1,8,10,1,1,3,4,5,7,8,10,11],"categories_nodes":[0,1,2,3,4,5,6,7,8,9,10,11,12,13,14,15,16,18,19,21,22,23,24,26,27,28,29,30,32,35,36,40,41,42,43,44,47,48,52,53,54,56],"categories_segments":[0,3,4,5,6,16,17,23,24,25,26,27,29,30,36,44,50,51,56,64,70,71,72,73,75,76,77,84,89,98,104,105,116,117,118,130,131,132,133,136,137,138],"categories_sizes":[3,1,1,1,10,1,6,1,1,1,1,2,1,6,8,6,1,5,8,6,1,1,1,2,1,1,7,5,9,6,1,11,1,1,12,1,1,1,3,1,1,7],"default_left":[0,0,0,0,0,0,0,0,0,0,0,0,0,0,0,0,0,0,0,0,0,0,0,0,0,0,0,0,0,0,0,0,0,0,0,0,0,0,0,0,0,0,0,0,0,0,0,0,0,0,0,0,0,0,0,0,0,0,0,0,0,0,0,0,0,0,0,0,0,0,0,0,0,0,0,0,0,0,0,0,0,0,0,0,0],"id":1,"left_children":[1,3,5,7,9,11,13,15,17,19,21,23,25,27,29,31,33,-1,35,37,-1,39,41,43,45,-1,47,49,51,53,55,-1,57,-1,-1,59,61,-1,-1,-1,63,65,67,69,71,-1,-1,73,75,-1,-1,-1,77,79,81,-1,83,-1,-1,-1,-1,-1,-1,-1,-1,-1,-1,-1,-1,-1,-1,-1,-1,-1,-1,-1,-1,-1,-1,-1,-1,-1,-1,-1,-1],"loss_changes":[9.342722E3,5.334038E2,9.845201E3,4.5627686E1,4.1693746E4,2.449499E3,6.1516194E5,9.229187E0,1.263652E1,1.6859206E5,3.544546E2,9.0030664E2,2.1659738E2,3.6623922E6,1.5861118E4,2.3182068E0,3.5711937E0,0E0,7.9816864E1,1.2045908E5,0E0,9.382837E1,4.933545E3,1.6071484E2,1.9108557E2,0E0,2.5449336E2,5.030761E6,1.02343744E3,2.5680142E5,4.1857613E4,0E0,1.0268442E1,0E0,0E0,1.1349939E2,8.979331E1,0E0,0E0,0E0,3.2356952E2,2.2554043E3,5.0944736E1,6.1921875E1,3.8747456E1,0E0,0E0,1.4036143E3,2.0043058E0,0E0,0E0,0E0,5.2189473E3,3.061708E5,1.9794674E3,0E0,1.4539686E4,0E0,0E0,0E0,0E0,0E0,0E0,0E0,0E0,0E0,0E0,0E0,0E0,0E0,0E0,0E0,0E0,0E0,0E0,0E0,0E0,0E0,0E0,0E0,0E0,0E0,0E0,0E0,0E0],"parents":[2147483647,0,0,1,1,2,2,3,3,4,4,5,5,6,6,7,7,8,8,9,9,10,10,11,11,12,12,13,13,14,14,15,15,16,16,18,18,19,19,21,21,22,22,23,23,24,24,26,26,27,27,28,28,29,29,30,30,32,32,35,35,36,36,40,40,41,41,42,42,43,43,44,44,47,47,48,48,52,52,53,53,54,54,56,56],