{"learner":{"attributes":{"best_ntree_limit":"8"},"feature_names":[],"feature_types":["c","c","c","c","c","c","c","c","c","c"],"gradient_booster":{"model":{"gbtree_model_param":{"num_parallel_tree":"1","num_trees":"3","size_leaf_vector":"0"},"tree_info":[0,0,0],"trees":[{"base_weights":[-5.1352555E-1,9.203066E-1,-1.1393903E0,-5.0003153E-1,9.529823E-1,-1.3263963E0,8.322519E-1,1.023656E0,2.4966139E-1,-1.2403682E0,-2.066019E0,1.0224339E1,-1.7648505E0,1.237863E0,9.3583524E-1,-1.9399205E0,3.4874064E-1,-3.7223992E-1,1.4004545E-1,-1.476335E0,-2.0976253E0,8.018947E0,-7.3666877E-1,1.2842039E0,-1.9238204E0,3.7600774E-1,1.1475731E0,9.594649E-1,1.6145618E-1,2.8752189E0,2.5941154E-1,-3.1432468E-1,-1.813696E0,-6.4702123E-1,-1.9535034E0,9.034132E0,-1.2203871E0,2.5132584E1,-1.8117677E0,-5.872387E-1,2.3626885E-1,3.4879464E-1,3.347597E-2,2.8103995E-1,3.729482E-1,1.02038465E-1,-2.701121E-1,1.6536621E0,1.0653669E-1,9.782596E-2,-5.236562E-1,7.2828627E-1,-2.674502E-1,-3.968841E-1,-5.8765185E-1,-5.4525E-1,-6.429714E-1,5.8957453E0,-4.7135705E-1,-7.7128226E-1,-3.3258346E-1,1.0876638E1,-2.0883249E-1,-6.00261E-1,2.5073197E-1,1.1511525E0,-4.8898748E-1],"categories":[1,2,3,4,0,1,2,3,4,5,6,7,8,9,10,11,2,0,3,4,5,1,2,3,4,5,6,7,8,10,11,1,0,1,2,3,4,5,6,7,8,10,11,0,1,2,3,4,5,6,7,1,1,2,3,1,3,4,5,8,10,11,0,4,6,7,0,1,0,1,2,3,4,5,6,8,11,1,3,4,5,10,11,1,2,1,1,2,1,2,1,0,3,4,5,6,7,1,1,2,3,4,3,4,5,1,1,2,1,2,1],"categories_nodes":[0,1,2,4,5,6,7,8,9,10,11,12,13,14,16,19,20,22,23,24,26,27,28,29,30,31,32,34,35,36,37,38,40],"categories_segments":[0,4,16,17,21,31,32,43,51,52,55,56,62,66,68,77,83,85,86,87,88,89,90,91,97,98,102,105,106,107,108,109,110],"categories_sizes":[4,12,1,4,10,1,11,8,1,3,1,6,4,2,9,6,2,1,1,1,1,1,1,6,1,4,3,1,1,1,1,1,1],"default_left":[0,0,0,0,0,0,0,0,0,0,0,0,0,0,0,0,0,0,0,0,0,0,0,0,0,0,0,0,0,0,0,0,0,0,0,0,0,0,0,0,0,0,0,0,0,0,0,0,0,0,0,0,0,0,0,0,0,0,0,0,0,0,0,0,0,0,0],"id":0,"left_children":[1,3,5,-1,7,9,11,13,15,17,19,21,23,25,27,-1,29,-1,-1,31,33,-1,35,37,39,-1,41,43,45,47,49,51,53,-1,55,57,59,61,63,-1,65,-1,-1,-1,-1,-1,-1,-1,-1,-1,-1,-1,-1,-1,-1,-1,-1,-1,-1,-1,-1,-1,-1,-1,-1,-1,-1],"loss_changes":[1.2366689E4,3.555913E2,3.5381162E3,0E0,2.053335E2,5.549678E2,2.0304152E4,6.953784E1,2.5444284E2,6.3623047E0,1.3891113E1,3.2639414E4,3.1867505E2,8.618164E-2,4.8691406E1,0E0,8.3758026E1,0E0,0E0,1.8930862E1,3.136963E0,0E0,5.277183E2,2.476639E3,4.5549316E1,0E0,2.5482483E0,1.5490234E1,1.5530558E1,8.2356415E1,4.9059895E1,2.1792051E1,1.3967896E-1,0E0,2.8537598E0,6.2500146E2,1.3007568E1,1.1314727E3,1.6730019E1,0E0,7.619035E1,0E0,0E0,0E0,0E0,0E0,0E0,0E0,0E0,0E0,0E0,0E0,0E0,0E0,0E0,0E0,0E0,0E0,0E0,0E0,0E0,0E0,0E0,0E0,0E0,0E0,0E0],"parents":[2147483647,0,0,1,1,2,2,4,4,5,5,6,6,7,7,8,8,9,9,10,10,11,11,12,12,13,13,14,14,16,16,19,19,20,20,22,22,23,23,24,24,26,26,27,27,28,28,29,29,30,30,31,31,32,32,34,34,35,35,36,36,37,37,38,38,40,40],"right_children":[2,4,6,-1,8,10,12,14,16,18,20,22,24,26,28,-1,30,-1,-1,32,34,-1,36,38,40,-1,42,44,46,48,50,52,54,-1,56,58,60,62,64,-1,66,-1,-1,-1,-1,-1,-1,-1,-1,-1,-1,-1,-1,-1,-1,-1,-1,-1,-1,-1,-1,-1,-1,-1,-1,-1,-1],"split_conditions":[NaN,NaN,NaN,-5.0003153E-1,NaN,NaN,NaN,NaN,NaN,NaN,NaN,NaN,NaN,NaN,NaN,-1.9399205E0,NaN,-3.7223992E-1,1.4004545E-1,NaN,NaN,8.018947E0,NaN,NaN,NaN,3.7600774E-1,NaN,NaN,NaN,NaN,NaN,NaN,NaN,-6.4702123E-1,NaN,NaN,NaN,NaN,NaN,-5.872387E-1,NaN,3.4879464E-1,3.347597E-2,2.8103995E-1,3.729482E-1,1.02038465E-1,-2.701121E-1,1.6536621E0,1.0653669E-1,9.782596E-2,-5.236562E-1,7.2828627E-1,-2.674502E-1,-3.968841E-1,-5.8765185E-1,-5.4525E-1,-6.429714E-1,5.8957453E0,-4.7135705E-1,-7.7128226E-1,-3.3258346E-1,1.0876638E1,-2.0883249E-1,-6.00261E-1,2.5073197E-1,1.1511525E0,-4.8898748E-1],"split_indices":[6,0,7,0,8,8,0,8,1,9,6,3,8,1,0,0,0,0,0,8,0,0,4,9,7,0,5,7,7,1,7,2,8,0,6,3,9,0,7,0,4,0,0,0,0,0,0,0,0,0,0,0,0,0,0,0,0,0,0,0,0,0,0,0,0,0,0],"split_type":[1,1,1,0,1,1,1,1,1,1,1,1,1,1,1,0,1,0,0,1,1,0,1,1,1,0,1,1,1,1,1,1,1,0,1,1,1,1,1,0,1,0,0,0,0,0,0,0,0,0,0,0,0,0,0,0,0,0,0,0,0,0,0,0,0,0,0],"sum_hessian":[1.3778637E4,4.186669E3,9.591968E3,5.159577E1,4.135073E3,8.761304E3,8.306634E2,3.7570845E3,3.7798892E2,7.850824E3,9.104801E2,1.7930243E2,6.5136096E2,1.0886423E3,2.6684421E3,4.560952E0,3.7342795E2,7.849114E3,1.7103571E0,4.874518E1,8.617349E2,7.097982E1,1.0832262E2,3.1926666E1,6.194343E2,9.181767E2,1.7046559E2,2.5891956E3,7.9246544E1,1.168744E1,3.617405E2,1.140238E1,3.7342796E1,6.011905E2,2.605444E2,4.2758927E0,1.0404672E2,2.850595E0,2.907607E1,6.1002734E2,9.406964E0,1.6790005E2,2.5655355E0,2.4016265E3,1.8756915E2,6.841428E1,1.0832261E1,5.131071E0,6.556369E0,3.5090826E2,1.0832261E1,1.4252975E0,9.977083E0,1.0832261E1,2.6510534E1,1.5792297E2,1.0262142E2,1.7103571E0,2.5655355E0,6.2713094E0,9.777541E1,1.7103571E0,1.140238E0,2.7365713E1,1.7103571E0,2.850595E0,6.556369E0],"tree_param":{"num_deleted":"0","num_feature":"10","num_nodes":"67","size_leaf_vector":"0"}},{"base_weights":[-1.921006E-1,6.3558155E-1,-5.792195E-1,6.699317E-1,-7.709946E-1,-7.750559E-1,1.4279325E0,1.9364114E-1,1.0625505E0,-1.337796E1,2.7255687E-1,-2.0666175E-1,-1.4801749E0,1.1106139E1,-1.5522034E0,5.1428586E-1,9.5758146E-1,-1.4448703E1,2.9687312E-1,5.1352334E-1,-2.3014356E-1,-4.6140638E-1,-1.34432E0,2.4349186E1,-5.8839E-1,1.38857225E-2,-1.813722E0,9.614733E-1,7.43888E-2,4.127532E-1,-3.962182E-1,2.3822662E-1,4.1645637E-1,-1.13684E0,2.500047E-1,-9.390419E-1,-4.1334906E-1,1.4202443E1,-1.3653256E0,6.071123E-1,-8.4306556E-1,7.516931E0,-1.338437E0,-1.4715751E0,-2.2989867E0,2.961005E-1,2.1229124E-1,1.031867E-1,1.4233148E-1,1.3827122E0,-7.351598E-2,2.3100384E-1,-3.3426476E-1,-4.3442655E-1,1.7896678E-1,1.8384441E0,-3.3942908E-1,9.554422E0,-3.8472724E-1,-4.292277E-1,1.771901E-1,-4.460654E-1,9.328021E-3,-7.0951384E-1,3.0773428E-1],"categories":[1,2,3,1,2,0,1,2,3,4,5,6,7,8,9,10,11,1,1,1,0,1,2,3,5,1,4,1,2,1,1,2,4,5,6,7,8,10,11,2,4,1,0,1,2,3,4,5,1,0,1,2,3,4,5,6,7,8,9,2,1,3,4,7,1,6,7,0,2,4,5,8,11,2,0,1,2,3,7,8,9,10,11,0,1,2,3,4,5,6,7,8,10,11,2,5,2,2,2,2],"categories_nodes":[0,1,2,3,4,5,6,8,9,10,12,13,14,16,18,19,20,22,23,24,25,26,27,32,34,35,38,40,41,42,43,44],"categories_segments":[0,3,4,5,17,18,19,20,25,26,27,29,30,39,40,41,42,48,49,59,60,64,67,73,74,83,94,95,96,97,98,99],"categories_sizes":[3,1,1,12,1,1,1,5,1,1,2,1,9,1,1,1,6,1,10,1,4,3,6,1,9,11,1,1,1,1,1,1],"default_left":[0,0,0,0,0,0,0,0,0,0,0,0,0,0,0,0,0,0,0,0,0,0,0,0,0,0,0,0,0,0,0,0,0,0,0,0,0,0,0,0,0,0,0,0,0,0,0,0,0,0,0,0,0,0,0,0,0,0,0,0,0,0,0,0,0],"id":1,"left_children":[1,3,5,7,9,11,13,-1,15,17,19,-1,21,23,25,-1,27,-1,29,31,33,-1,35,37,39,41,43,45,-1,-1,-1,-1,47,-1,49,51,-1,-1,53,-1,55,57,59,61,63,-1,-1,-1,-1,-1,-1,-1,-1,-1,-1,-1,-1,-1,-1,-1,-1,-1,-1,-1,-1],"loss_changes":[4.4288384E3,2.1334204E2,3.7028127E3,4.061499E1,1.3912386E3,5.204336E2,2.4173121E4,0E0,1.5506958E1,3.8591772E3,1.203643E1,0E0,5.2698975E0,3.0569996E4,2.626427E2,0E0,3.6408997E-1,0E0,1.3678401E1,1.4889927E0,5.66113E1,0E0,2.60083E0,5.4781465E4,7.2055466E1,9.511143E2,8.784631E1,7.0526123E-1,0E0,0E0,0E0,0E0,5.4340363E-2,0E0,6.508664E1,8.354822E0,0E0,0E0,8.115196E0,0E0,2.0205273E2,3.105581E3,1.4991486E1,7.5236816E0,5.193872E1,0E0,0E0,0E0,0E0,0E0,0E0,0E0,0E0,0E0,0E0,0E0,0E0,0E0,0E0,0E0,0E0,0E0,0E0,0E0,0E0],"parents":[2147483647,0,0,1,1,2,2,3,3,4,4,5,5,6,6,8,8,9,9,10,10,12,12,13,13,14,14,16,16,18,18,19,19,20,20,22,22,23,23,24,24,25,25,26,26,27,27,32,32,34,34,35,35,38,38,40,40,41,41,42,42,43,43,44,44],"right_children":[2,4,6,8,10,12,14,-1,16,18,20,-1,22,24,26,-1,28,-1,30,32,34,-1,36,38,40,42,44,46,-1,-1,-1,-1,48,-1,50,52,-1,-1,54,-1,56,58,60,62,64,-1,-1,-1,-1,-1,-1,-1,-1,-1,-1,-1,-1,-1,-1,-1,-1,-1,-1,-1,-1],