{"learner":{"attributes":{"best_ntree_limit":"4"},"feature_names":[],"feature_types":["c","c","c","c","c","c","c","c","c","c"],"gradient_booster":{"model":{"gbtree_model_param":{"num_parallel_tree":"1","num_trees":"4","size_leaf_vector":"0"},"tree_info":[0,0,0,0],"trees":[{"base_weights":[-6.230729E-1,1.1177547E0,-1.3784981E0,-6.203684E-1,1.1555893E0,-1.6122038E0,9.9964607E-1,1.2403363E0,3.219225E-1,-1.5098805E0,-2.501174E0,1.0887637E1,-2.1395407E0,4.4744638E-1,1.137665E0,1.4072311E-1,1.4140368E0,-4.5312154E-1,1.574978E-1,-7.837652E-1,-2.2793086E0,2.3198708E1,-1.4825416E0,-4.1442984E-1,-2.3179028E0,1.1685076E0,1.559238E-1,6.687397E-2,-6.471961E-1,2.68241E0,-5.471366E-1,-2.0804563E0,-7.8277206E-1,1.1913998E1,-2.113462E0,-8.4306824E-1,-1.4312057E0,1.9936448E0,-2.4504888E0,-7.063338E-1,8.4942706E-2,3.4296763E-1,4.4565433E-1,1.1888701E-1,-3.5319197E-1,2.146278E0,9.261234E-3,-1.4691847E-2,-3.2693404E-1,-2.6124123E-1,-6.861781E-1,-6.71268E-1,7.290491E-2,3.6494488E-1,-5.498057E-1,4.7983375E0,-7.2246975E-1,-7.8749293E-1,2.6037067E-1,8.809781E-1,-6.4268404E-1],"categories":[1,2,3,4,0,1,2,3,4,5,6,7,8,9,10,11,2,0,3,4,5,1,2,3,4,5,6,7,8,10,11,1,0,1,2,3,4,5,6,7,8,10,11,2,1,1,2,3,1,1,3,4,0,1,5,1,1,0,1,2,3,4,5,6,7,8,9,2,1,10,2,2,1,0,1,2,4,6,7,8,9,10,11,1,4,1,2,3,6,7,2,5,1,2,2],"categories_nodes":[0,1,2,4,5,6,7,8,9,10,11,12,14,15,16,20,21,22,23,24,25,26,29,30,31,34,36,37,38,40],"categories_segments":[0,4,16,17,21,31,32,43,44,45,48,49,52,54,55,56,57,67,68,70,71,72,73,83,85,90,91,92,93,94],"categories_sizes":[4,12,1,4,10,1,11,1,1,3,1,3,2,1,1,1,10,1,2,1,1,1,10,2,5,1,1,1,1,1],"default_left":[0,0,0,0,0,0,0,0,0,0,0,0,0,0,0,0,0,0,0,0,0,0,0,0,0,0,0,0,0,0,0,0,0,0,0,0,0,0,0,0,0,0,0,0,0,0,0,0,0,0,0,0,0,0,0,0,0,0,0,0,0],"id":0,"left_children":[1,3,5,-1,7,9,11,13,15,17,19,21,23,-1,25,27,29,-1,-1,-1,31,33,35,37,39,41,43,-1,-1,45,47,49,-1,-1,51,-1,53,55,57,-1,59,-1,-1,-1,-1,-1,-1,-1,-1,-1,-1,-1,-1,-1,-1,-1,-1,-1,-1,-1,-1],"loss_changes":[1.4940863E4,4.168125E2,4.404958E3,0E0,2.3972021E2,6.524453E2,2.2047477E4,7.78457E1,6.2129566E1,7.701172E0,1.2408691E1,2.6097738E4,1.6500781E2,0E0,6.624536E1,5.171442E1,1.1268546E2,0E0,0E0,0E0,1.13811035E1,3.5965312E4,1.8604279E0,2.586677E2,4.3105713E1,1.5347412E1,2.22504E1,0E0,0E0,3.2372504E2,4.9179883E0,3.923419E1,0E0,0E0,1.07323E1,0E0,9.272348E1,1.5339896E3,1.8777588E1,0E0,5.891194E1,0E0,0E0,0E0,0E0,0E0,0E0,0E0,0E0,0E0,0E0,0E0,0E0,0E0,0E0,0E0,0E0,0E0,0E0,0E0,0E0],"parents":[2147483647,0,0,1,1,2,2,4,4,5,5,6,6,7,7,8,8,9,9,10,10,11,11,12,12,14,14,15,15,16,16,20,20,21,21,22,22,23,23,24,24,25,25,26,26,29,29,30,30,31,31,34,34,36,36,37,37,38,38,40,40],"right_children":[2,4,6,-1,8,10,12,14,16,18,20,22,24,-1,26,28,30,-1,-1,-1,32,34,36,38,40,42,44,-1,-1,46,48,50,-1,-1,52,-1,54,56,58,-1,60,-1,-1,-1,-1,-1,-1,-1,-1,-1,-1,-1,-1,-1,-1,-1,-1,-1,-1,-1,-1],"split_conditions":[NaN,NaN,NaN,-6.203684E-1,NaN,NaN,NaN,NaN,NaN,NaN,NaN,NaN,NaN,4.4744638E-1,NaN,NaN,NaN,-4.5312154E-1,1.574978E-1,-7.837652E-1,NaN,NaN,NaN,NaN,NaN,NaN,NaN,6.687397E-2,-6.471961E-1,NaN,NaN,NaN,-7.8277206E-1,1.1913998E1,NaN,-8.4306824E-1,NaN,NaN,NaN,-7.063338E-1,NaN,3.4296763E-1,4.4565433E-1,1.1888701E-1,-3.5319197E-1,2.146278E0,9.261234E-3,-1.4691847E-2,-3.2693404E-1,-2.6124123E-1,-6.861781E-1,-6.71268E-1,7.290491E-2,3.6494488E-1,-5.498057E-1,4.7983375E0,-7.2246975E-1,-7.8749293E-1,2.6037067E-1,8.809781E-1,-6.4268404E-1],"split_indices":[6,0,7,0,8,8,0,8,7,3,0,4,2,0,0,6,0,0,0,0,6,0,9,8,7,7,7,0,0,8,2,1,0,0,7,0,1,6,7,0,4,0,0,0,0,0,0,0,0,0,0,0,0,0,0,0,0,0,0,0,0],"split_type":[1,1,1,0,1,1,1,1,1,1,1,1,1,0,1,1,1,0,0,0,1,1,1,1,1,1,1,0,0,1,1,1,0,0,1,0,1,1,1,0,1,0,0,0,0,0,0,0,0,0,0,0,0,0,0,0,0,0,0,0,0],"sum_hessian":[1.135914E4,3.4373992E3,7.92174E3,3.9715626E1,3.3976836E3,7.213204E3,7.085362E2,3.0837188E3,3.1396497E2,6.471062E3,7.421417E2,1.7014268E2,5.383935E2,8.9089905E2,2.1928196E3,2.7025427E2,4.371069E1,6.4696523E3,1.4100223E0,4.8692767E2,2.5521404E2,8.483634E1,8.530634E1,5.0760803E1,4.876327E2,2.1258435E3,6.697606E1,2.6179413E2,8.460134E0,2.6320415E1,1.7390274E1,1.6379759E2,9.141644E1,5.0995804E1,3.3840534E1,1.1750185E0,8.4131325E1,2.3265368E1,2.7495434E1,4.803476E2,7.2851152E0,1.9730912E3,1.5275241E2,5.7340904E1,9.635152E0,9.165145E0,1.7155272E1,9.635152E0,7.755122E0,2.467539E1,1.391222E2,3.2195507E1,1.645026E0,1.0810171E1,7.332116E1,4.9350777E0,1.833029E1,2.6320415E1,1.1750185E0,3.0550482E0,4.230067E0],"tree_param":{"num_deleted":"0","num_feature":"10","num_nodes":"61","size_leaf_vector":"0"}},{"base_weights":[-3.4206775E-1,7.518179E-1,-8.295357E-1,8.928726E-1,-1.1539507E0,-1.0885051E0,1.6856046E0,2.8525587E-2,9.368811E-1,-2.3473418E0,-7.370505E-1,-3.0297363E-1,-1.7124524E0,8.77709E0,-2.295809E0,1.3564888E0,7.950098E-1,4.416008E0,-1.2839848E0,-5.3590035E-1,-1.5372581E0,2.8423603E1,-1.0164031E0,-9.904884E-1,-1.2337639E1,3.7000947E0,1.2635982E0,8.2504195E-1,-5.4654604E-1,1.0404132E1,-8.5301936E-1,-6.170366E0,-8.2376957E-1,-1.1408951E0,-4.7067624E-1,3.57351E2,-1.916319E0,-6.146988E-1,-1.537606E0,8.7804395E-1,-1.4988667E0,-4.7357845E1,-8.358798E0,4.4275478E-1,3.6315885E-1,2.364574E-1,3.9949152E-1,-3.7184968E0,1.0357582E-1,-3.300247E-2,-4.6310943E-1,2.4592294E-1,-5.74274E-1,-1.2854365E-1,-4.2702475E-1,-6.1254853E-1,1.8764414E-1,-3.4314856E-1,3.0648906E-2,-3.6566412E-1,-6.3568276E-1,-1.5901752E-1,-5.0726944E-1,-2.7288012E1,-9.125541E-1,-9.04816E0,-6.299005E-1],"categories":[1,2,3,3,4,5,2,0,1,2,3,4,5,6,7,0,1,2,3,4,5,1,1,0,1,3,4,5,6,7,8,10,11,3,5,1,2,1,2,5,0,1,2,3,4,5,1,1,2,3,0,1,2,3,4,5,1,3,4,6,7,2,1,3,4,5,6,0,1,2,3,4,5,6,9,10,11,0,1,2,3,4,5,6,7,8,9,10,11,0,5,1,5,3,4,5,8,10,11,2,1,1,1,4,5,6,7,10,11,1,0,1,2,3,4,5,6,7],"categories_nodes":[0,1,2,3,4,5,6,8,10,12,13,14,15,16,17,18,20,21,22,23,24,26,27,28,30,32,33,36,37,38,40,41,42],"categories_segments":[0,3,6,7,15,21,22,23,33,35,37,38,40,46,47,50,56,57,61,62,63,67,77,89,91,92,93,99,100,101,102,109,110],"categories_sizes":[3,3,1,8,6,1,1,10,2,2,1,2,6,1,3,6,1,4,1,1,4,10,12,2,1,1,6,1,1,1,7,1,8],"default_left":[0,0,0,0,0,0,0,0,0,0,0,0,0,0,0,0,0,0,0,0,0,0,0,0,0,0,0,0,0,0,0,0,0,0,0,0,0,0,0,0,0,0,0,0,0,0,0,0,0,0,0,0,0,0,0,0,0,0,0,0,0,0,0,0,0,0,0],"id":1,"left_children":[1,3,5,7,9,11,13,-1,15,-1,17,-1,19,21,23,25,27,29,31,-1,33,35,37,39,41,-1,43,45,47,-1,49,-1,51,53,-1,-1,55,57,59,-1,61,63,65,-1,-1,-1,-1,-1,-1,-1,-1,-1,-1,-1,-1,-1,-1,-1,-1,-1,-1,-1,-1,-1,-1,-1,-1],"loss_changes":[5.7220713E3,8.9029614E2,4.8365337E3,1.0807129E2,6.2942236E2,3.283125E2,1.9595248E4,0E0,1.7271948E2,0E0,6.146566E2,0E0,6.980957E0,4.8034242E4,5.818336E3,7.351649E2,8.8453E1,3.3717205E3,1.7235531E3,0E0,1.0975342E0,2.9314642E6,3.411699E1,7.90487E2,6.7219185E3,0E0,6.449585E0,3.8841064E1,5.1598096E2,0E0,9.491723E0,0E0,3.467284E2,3.553484E0,0E0,0E0,2.741095E1,3.6622124E1,1.0799591E1,0E0,6.4227905E1,9.379412E3,6.361865E3,0E0,0E0,0E0,0E0,0E0,0E0,0E0,0E0,0E0,0E0,0E0,0E0,0E0,0E0,0E0,0E0,0E0,0E0,0E0,0E0,0E0,0E0,0E0,0E0],"parents":[2147483647,0,0,1,1,2,2,3,3,4,4,5,5,6,6,8,8,10,10,12,12,13,13,14,14,15,15,16,16,17,17,18,18,20,20,21,21,22,22,23,23,24,24,26,26,27,27,28,28,30,30,32,32,33,33,36,36,37,37,38,38,40,40,41,41,42,42],"right_children":[2,4,6,8,10,12,14,-1,16,-1,18,-1,20,22,24,26,28,30,32,-1,34,36,38,40,42,-1,44,46,48,-1,50,-1,52,54,-1,-1,56,58,60,-1,62,64,66,-1,-1,-1,-1,-1,-1,-1,-1,-1,-1,-1,-1,-1,-1,-1,-1,-1,-1,-1,-1,-1,-1,-1,-1],"split_conditions":[NaN,NaN,NaN,NaN,NaN,NaN,NaN,2.8525587E-2,NaN,-2.3473418E0,NaN,-3.0297363E-1,NaN,NaN,NaN,NaN,NaN,NaN,NaN,-5.3590035E-1,NaN,NaN,NaN,NaN,NaN,3.7000947E0,NaN,NaN,NaN,1.0404132E1,NaN,-6.170366E0,NaN,NaN,-4.7067624E-1,3.57351E2,NaN,NaN,NaN,8.7804395E-1,NaN,NaN,NaN,4.4275478E-1,3.6315885E-1,2.364574E-1,3.9949152E-1,-3.7184968E0,1.0357582E-1,-3.300247E-2,-4.6310943E-1,2.4592294E-1,-5.74274E-1,-1.2854365E-1,-4.2702475E-1,-6.1254853E-1,1.8764414E-1,-3.4314856E-1,3.0648906E-2,-3.6566412E-1,-6.3568276E-1,-1.5901752E-1,-5.0726944E-1,-2.7288012E1,-9.125541E-1,-9.04816E0,-6.299005E-1],"split_indices":[6,8,7,1,2,7,0,0,8,0,8,0,0,5,2,2,7,0,2,0,0,1,9,0,8,0,0,0,1,0,7,0,6,8,0,0,7,3,5,0,8,4,1,0,0,0,0,0,0,0,0,0,0,0,0,0,0,0,0,0,0,0,0,0,0,0,0],