{"learner":{"attributes":{"best_ntree_limit":"8"},"feature_names":[],"feature_types":["c","c","c","c","c","c","c","c","c","c"],"gradient_booster":{"model":{"gbtree_model_param":{"num_parallel_tree":"1","num_trees":"3","size_leaf_vector":"0"},"tree_info":[0,0,0],"trees":[{"base_weights":[-5.136707E-1,9.279481E-1,-1.1429347E0,-4.8530918E-1,9.572556E-1,-1.3325619E0,8.289167E-1,1.0317714E0,2.3529655E-1,-1.2472624E0,-2.0726578E0,9.354175E0,-1.7538054E0,3.7158117E-1,9.457605E-1,8.200084E-2,1.1719408E0,-3.7444115E-1,-5.6231475E-1,-6.4784276E-1,-1.9047933E0,2.1452057E1,-1.2609692E0,1.0917537E0,-1.9171691E0,9.687035E-1,1.9482829E-1,4.2378955E-2,-4.903651E-1,2.2620783E0,-5.703763E-1,3.5185283E-1,-8.570518E-1,-1.7616551E0,-6.4397943E-1,1.27613325E1,-1.7312076E0,-7.064572E0,-2.1858452E-1,7.012002E0,-1.6610761E0,-5.872074E-1,3.4372E-1,2.84271E-1,3.6848068E-1,1.0830842E-1,-2.2965263E-1,1.7192789E0,-1.6873695E-2,6.041195E-2,-2.0911095E-1,-1.0305479E-1,-3.3348647E-1,-2.1338229E-1,-5.766275E-1,-5.4820365E-1,6.437681E-2,2.522265E0,-1.9201413E-1,-5.481063E-1,1.858741E-3,1.4627926E0,-5.1076484E-1],"categories":[1,2,3,4,0,1,2,3,4,5,6,7,8,9,10,11,2,0,3,4,5,1,2,3,4,5,6,7,8,10,11,1,0,1,2,3,4,5,6,7,8,10,11,2,0,1,2,3,4,5,6,7,8,9,10,11,1,2,3,1,3,4,5,8,10,11,0,1,5,1,2,3,1,2,3,4,5,6,7,8,1,1,2,2,1,4,3,5,1,0,1,2,3,4,5,6,7,2,0,1,2,3,2,1],"categories_nodes":[0,1,2,4,5,6,7,8,9,10,11,12,14,15,16,18,20,21,22,23,24,25,26,29,30,32,33,36,39,40,42],"categories_segments":[0,4,16,17,21,31,32,43,44,56,59,60,66,68,69,70,72,73,80,81,82,83,84,85,86,88,89,97,98,102,103],"categories_sizes":[4,12,1,4,10,1,11,1,12,3,1,6,2,1,1,2,1,7,1,1,1,1,1,1,2,1,8,1,4,1,1],"default_left":[0,0,0,0,0,0,0,0,0,0,0,0,0,0,0,0,0,0,0,0,0,0,0,0,0,0,0,0,0,0,0,0,0,0,0,0,0,0,0,0,0,0,0,0,0,0,0,0,0,0,0,0,0,0,0,0,0,0,0,0,0,0,0],"id":0,"left_children":[1,3,5,-1,7,9,11,13,15,17,19,21,23,-1,25,27,29,-1,31,-1,33,35,37,39,41,43,45,-1,-1,47,49,-1,51,53,-1,-1,55,-1,-1,57,59,-1,61,-1,-1,-1,-1,-1,-1,-1,-1,-1,-1,-1,-1,-1,-1,-1,-1,-1,-1,-1,-1],"loss_changes":[1.2501378E4,3.1397583E2,3.5880752E3,0E0,2.2251245E2,5.499121E2,1.8560514E4,6.559302E1,5.571209E1,4.0009766E0,9.04541E0,2.5195037E4,3.0296484E2,0E0,4.5551514E1,3.4318512E1,1.04978836E2,0E0,7.0563855E0,0E0,7.165283E0,4.4874906E4,1.2325929E3,5.947251E2,5.6321777E1,1.2966553E1,1.3038845E1,0E0,0E0,2.7199323E2,2.2722259E0,0E0,1.0159144E0,3.305255E1,0E0,0E0,8.737854E0,0E0,0E0,1.2869147E2,6.9918594E0,0E0,1.1539282E2,0E0,0E0,0E0,0E0,0E0,0E0,0E0,0E0,0E0,0E0,0E0,0E0,0E0,0E0,0E0,0E0,0E0,0E0,0E0,0E0],"parents":[2147483647,0,0,1,1,2,2,4,4,5,5,6,6,7,7,8,8,9,9,10,10,11,11,12,12,14,14,15,15,16,16,18,18,20,20,21,21,22,22,23,23,24,24,25,25,26,26,29,29,30,30,32,32,33,33,36,36,39,39,40,40,42,42],"right_children":[2,4,6,-1,8,10,12,14,16,18,20,22,24,-1,26,28,30,-1,32,-1,34,36,38,40,42,44,46,-1,-1,48,50,-1,52,54,-1,-1,56,-1,-1,58,60,-1,62,-1,-1,-1,-1,-1,-1,-1,-1,-1,-1,-1,-1,-1,-1,-1,-1,-1,-1,-1,-1],"split_conditions":[NaN,NaN,NaN,-4.8530918E-1,NaN,NaN,NaN,NaN,NaN,NaN,NaN,NaN,NaN,3.7158117E-1,NaN,NaN,NaN,-3.7444115E-1,NaN,-6.4784276E-1,NaN,NaN,NaN,NaN,NaN,NaN,NaN,4.2378955E-2,-4.903651E-1,NaN,NaN,3.5185283E-1,NaN,NaN,-6.4397943E-1,1.27613325E1,NaN,-7.064572E0,-2.1858452E-1,NaN,NaN,-5.872074E-1,NaN,2.84271E-1,3.6848068E-1,1.0830842E-1,-2.2965263E-1,1.7192789E0,-1.6873695E-2,6.041195E-2,-2.0911095E-1,-1.0305479E-1,-3.3348647E-1,-2.1338229E-1,-5.766275E-1,-5.4820365E-1,6.437681E-2,2.522265E0,-1.9201413E-1,-5.481063E-1,1.858741E-3,1.4627926E0,-5.1076484E-1],"split_indices":[6,0,7,0,8,8,0,8,7,0,0,4,8,0,0,6,0,0,6,0,6,0,3,9,7,7,7,0,0,8,8,0,0,1,0,0,7,0,0,6,7,0,4,0,0,0,0,0,0,0,0,0,0,0,0,0,0,0,0,0,0,0,0],"split_type":[1,1,1,0,1,1,1,1,1,1,1,1,1,0,1,1,1,0,1,0,1,1,1,1,1,1,1,0,0,1,1,0,1,1,0,0,1,0,0,1,1,0,1,0,0,0,0,0,0,0,0,0,0,0,0,0,0,0,0,0,0,0,0],"sum_hessian":[1.3778637E4,4.186669E3,9.591968E3,4.703482E1,4.1396343E3,8.750757E3,8.4121063E2,3.7519534E3,3.8768094E2,7.8488286E3,9.019283E2,1.9498071E2,6.462299E2,1.0980492E3,2.653904E3,3.3408975E2,5.3591187E1,7.837996E3,1.0832261E1,5.8665247E2,3.1527582E2,9.0648926E1,1.0433178E2,3.477726E1,6.1145264E2,2.5749426E3,7.896149E1,3.238276E2,1.0262142E1,3.2781845E1,2.0809345E1,1.140238E0,9.692023E0,2.0324744E2,1.1202839E2,4.703482E1,4.3614105E1,1.4252975E0,1.0290649E2,1.0547202E1,2.4230059E1,6.0090546E2,1.0547202E1,2.385378E3,1.8956458E2,6.784416E1,1.1117321E1,1.2542619E1,2.0239225E1,2.850595E0,1.795875E1,3.9908333E0,5.70119E0,2.7650772E1,1.7559666E2,4.161869E1,1.9954166E0,8.836844E0,1.7103571E0,2.1949583E1,2.280476E0,2.850595E0,7.6966066E0],"tree_param":{"num_deleted":"0","num_feature":"10","num_nodes":"63","size_leaf_vector":"0"}},{"base_weights":[-5.074414E-1,4.8294374E-1,-9.48694E-1,6.1866254E-1,-1.1328633E0,-1.135743E0,9.4509953E-1,6.8894273E-1,1.0406398E-1,-9.704022E0,-9.991338E-1,-1.0992421E0,-1.4591631E0,8.900906E0,-1.4182507E0,-1.16704196E-1,7.1624E-1,2.6333997E-1,-6.482778E-1,-5.504671E0,-3.3213887E-1,-3.7406972E-1,8.318645E-1,-3.3005166E-1,-7.1577114E-1,-4.5295343E-1,-1.3388325E0,2.0738691E1,-1.1041156E0,-7.3994555E-2,-1.6500535E0,9.40099E-1,6.258671E-1,4.5314884E-1,-5.943783E-2,-4.3955E-1,-3.2623437E-1,-1.02449935E-2,-1.463124E-1,2.0589054E0,-6.941539E-1,2.2315614E0,-4.253027E-1,-9.8402447E-1,-4.0983415E-1,1.2419639E1,-1.8972435E0,-2.1809876E0,-1.994414E-1,5.0233226E0,-1.2548516E0,-5.05492E-1,4.3373716E-1,2.851841E-1,2.5473294E-1,1.9983955E-1,1.2658311E-1,1.17928974E-1,3.547521E-1,5.4520506E-2,-1.6706982E-1,-7.380617E-5,-2.661639E-1,1.4226282E0,-4.588628E-1,1.6744026E0,-3.5094944E-1,-9.951221E-2,-3.6123592E-1,-5.990805E-1,4.0611245E-2,4.953128E0,-4.0572867E-1,-4.1020998E-1,2.5995338E-1,1.402657E0,-6.741721E-1],"categories":[1,2,3,3,4,5,2,0,1,2,3,4,1,2,3,4,5,6,8,1,2,3,4,5,7,8,10,1,0,1,2,3,4,5,6,7,8,9,10,11,1,2,3,2,1,2,1,2,1,1,4,5,6,7,8,10,11,0,1,2,3,4,5,6,7,8,10,11,8,10,6,10,1,1,2,1,2,3,4,5,6,7,8,1,1,3,4,7,2,0,3,9,10,11,0,1,2,2,3,4,1,0,1,2,3,4,5,6,7,8,5,0,1,2,3,6,7,2,1,2,2,2],"categories_nodes":[0,1,2,3,4,5,6,7,8,9,10,11,12,13,14,16,17,18,20,22,24,26,27,28,29,30,31,32,33,34,35,39,41,43,46,49,50,52],"categories_segments":[0,3,6,7,12,19,27,28,40,42,43,44,46,48,49,57,68,70,72,73,74,75,76,83,84,88,89,94,97,98,100,101,110,111,117,118,120,121],"categories_sizes":[3,3,1,5,7,8,1,12,2,1,1,2,2,1,8,11,2,2,1,1,1,1,7,1,4,1,5,3,1,2,1,9,1,6,1,2,1,1],"default_left":[0,0,0,0,0,0,0,0,0,0,0,0,0,0,0,0,0,0,0,0,0,0,0,0,0,0,0,0,0,0,0,0,0,0,0,0,0,0,0,0,0,0,0,0,0,0,0,0,0,0,0,0,0,0,0,0,0,0,0,0,0,0,0,0,0,0,0,0,0,0,0,0,0,0,0,0,0],"id":1,"left_children":[1,3,5,7,9,11,13,15,17,19,21,23,25,27,29,-1,31,33,35,-1,37,-1,39,-1,41,-1,43,45,47,49,51,53,55,57,59,61,-1,-1,-1,63,-1,65,-1,67,-1,-1,69,-1,-1,71,73,-1,75,-1,-1,-1,-1,-1,-1,-1,-1,-1,-1,-1,-1,-1,-1,-1,-1,-1,-1,-1,-1,-1,-1,-1,-1],"loss_changes":[5.937477E3,9.1909564E2,3.3303643E3,1.3967676E2,3.6266406E2,9.937988E1,1.5908066E4,1.0031238E2,5.5950726E1,3.889455E2,1.4665402E2,1.9560547E0,3.2504883E0,2.297069E4,2.0324243E2,0E0,6.6496216E1,2.360666E1,7.0037613E0,0E0,1.3901505E-1,0E0,1.5475061E2,0E0,4.7575996E1,0E0,1.2210388E0,4.160647E4,2.8217105E2,5.903818E2,4.1232666E1,1.0333252E-1,1.9140198E1,1.0155365E1,1.7305681E1,1.1209957E1,0E0,0E0,0E0,2.814994E2,0E0,5.80041E1,0E0,2.8306751E0,0E0,0E0,9.0504E0,0E0,0E0,1.3736799E3,2.0180489E1,0E0,1.23876434E2,0E0,0E0,0E0,0E0,0E0,0E0,0E0,0E0,0E0,0E0,0E0,0E0,0E0,0E0,0E0,0E0,0E0,0E0,0E0,0E0,0E0,0E0,0E0,0E0],"parents":[2147483647,0,0,1,1,2,2,3,3,4,4,5,5,6,6,7,7,8,8,9,9,10,10,11,11,12,12,13,13,14,14,16,16,17,17,18,18,20,20,22,22,24,24,26,26,27,27,28,28,29,29,30,30,31,31,32,32,33,33,34,34,35,35,39,39,41,41,43,43,46,46,49,49,50,50,52,52],"right_children":[2,4,6,8,10,12,14,16,18,20,22,24,26,28,30,-1,32,34,36,-1,38,-1,40,-1,42,-1,44,46,48,50,52,54,56,58,60,62,-1,-1,-1,64,-1,66,-1,68,-1,-1,70,-1,-1,72,74,-1,76,-1,-1,-1,-1,-1,-1,-1,-1,-1,-1,-1,-1,-1,-1,-1,-1,-1,-1,-1,-1,-1,-1,-1,-1],