{"learner":{"attributes":{"best_ntree_limit":"6"},"feature_names":[],"feature_types":["c","c","c","c","c","c","c","c","c","c"],"gradient_booster":{"model":{"gbtree_model_param":{"num_parallel_tree":"1","num_trees":"1","size_leaf_vector":"0"},"tree_info":[0],"trees":[{"base_weights":[-5.135981E-1,9.208413E-1,-1.1382595E0,-4.7409138E-1,9.509037E-1,-1.3271556E0,8.1808376E-1,1.0216731E0,2.6172853E-1,-1.2422568E0,-2.0571234E0,9.888923E0,-1.7661626E0,1.2326741E0,9.3558705E-1,-2.0662034E0,3.5982212E-1,-3.7281695E-1,2.3350166E-1,-1.4882885E0,-2.0881634E0,7.4234595E0,-7.244462E-1,2.7482257E0,-1.9259691E0,3.3566004E-1,1.2492942E0,9.6021813E-1,1.9540328E-1,4.3339792E-1,-1.9208796E0,3.5185283E-1,-1.5733503E0,-6.460077E-1,-1.9300098E0,7.432937E0,-1.2629884E0,1.9292484E1,-1.7519584E0,-5.9073365E-1,3.5303944E-1,4.228669E-1,3.684721E-1,2.817951E-1,3.664444E-1,1.117268E-1,-2.7916852E-1,9.271386E-2,3.5532293E-1,-8.8600355E-1,-5.1754605E-2,-3.28161E-1,-5.9413606E-1,-5.255294E-1,-6.4648175E-1,4.579194E0,-4.9668458E-1,-1.745637E0,-3.4305373E-1,1.4368986E1,-4.8495832E-1,-6.15123E-1,3.347597E-2,8.9384997E-1,-4.9502558E-1],"categories":[1,2,3,4,0,1,2,3,4,5,6,7,8,9,10,11,2,0,3,4,5,1,2,3,4,5,6,7,8,10,11,1,0,1,2,3,4,5,6,7,8,10,11,0,1,2,3,4,5,6,7,1,1,2,3,1,3,4,5,6,8,10,11,0,1,2,3,4,5,0,1,1,1,3,4,5,7,10,1,2,1,2,2,0,2,3,4,5,6,7,2,1,0,1,2,3,4,5,6,7,8,9,10,11,5,3,4,5,1,3,2,1,2,1],"categories_nodes":[0,1,2,4,5,6,7,8,9,10,11,12,13,14,16,19,20,22,23,24,26,27,28,29,30,32,34,35,36,37,38,40],"categories_segments":[0,4,16,17,21,31,32,43,51,52,55,56,63,69,71,72,78,80,81,82,83,90,91,92,104,105,108,109,110,111,112,113],"categories_sizes":[4,12,1,4,10,1,11,8,1,3,1,7,6,2,1,6,2,1,1,1,7,1,1,12,1,3,1,1,1,1,1,1],"default_left":[0,0,0,0,0,0,0,0,0,0,0,0,0,0,0,0,0,0,0,0,0,0,0,0,0,0,0,0,0,0,0,0,0,0,0,0,0,0,0,0,0,0,0,0,0,0,0,0,0,0,0,0,0,0,0,0,0,0,0,0,0,0,0,0,0],"id":0,"left_children":[1,3,5,-1,7,9,11,13,15,17,19,21,23,25,27,-1,29,-1,-1,31,33,-1,35,37,39,-1,41,43,45,47,49,-1,51,-1,53,55,57,59,61,-1,63,-1,-1,-1,-1,-1,-1,-1,-1,-1,-1,-1,-1,-1,-1,-1,-1,-1,-1,-1,-1,-1,-1,-1,-1],"loss_changes":[1.2348139E4,3.1586182E2,3.5486514E3,0E0,2.0125073E2,5.400156E2,1.9846832E4,6.690234E1,2.7325256E2,8.360352E0,1.2970703E1,2.9615088E4,4.808606E2,6.497803E-1,4.8402588E1,0E0,6.490686E1,0E0,0E0,1.329921E1,4.721924E0,0E0,4.946616E2,1.7424467E3,6.335205E1,0E0,1.4268799E0,1.2936279E1,1.7704727E1,3.4255554E1,2.1363789E1,0E0,7.488167E0,0E0,6.6882324E0,5.225025E2,5.02137E1,3.0623643E3,1.0773228E1,0E0,7.166667E1,0E0,0E0,0E0,0E0,0E0,0E0,0E0,0E0,0E0,0E0,0E0,0E0,0E0,0E0,0E0,0E0,0E0,0E0,0E0,0E0,0E0,0E0,0E0,0E0],"parents":[2147483647,0,0,1,1,2,2,4,4,5,5,6,6,7,7,8,8,9,9,10,10,11,11,12,12,13,13,14,14,16,16,19,19,20,20,22,22,23,23,24,24,26,26,27,27,28,28,29,29,30,30,32,32,34,34,35,35,36,36,37,37,38,38,40,40],"right_children":[2,4,6,-1,8,10,12,14,16,18,20,22,24,26,28,-1,30,-1,-1,32,34,-1,36,38,40,-1,42,44,46,48,50,-1,52,-1,54,56,58,60,62,-1,64,-1,-1,-1,-1,-1,-1,-1,-1,-1,-1,-1,-1,-1,-1,-1,-1,-1,-1,-1,-1,-1,-1,-1,-1],"split_conditions":[NaN,NaN,NaN,-4.7409138E-1,NaN,NaN,NaN,NaN,NaN,NaN,NaN,NaN,NaN,NaN,NaN,-2.0662034E0,NaN,-3.7281695E-1,2.3350166E-1,NaN,NaN,7.4234595E0,NaN,NaN,NaN,3.3566004E-1,NaN,NaN,NaN,NaN,NaN,3.5185283E-1,NaN,-6.460077E-1,NaN,NaN,NaN,NaN,NaN,-5.9073365E-1,NaN,4.228669E-1,3.684721E-1,2.817951E-1,3.664444E-1,1.117268E-1,-2.7916852E-1,9.271386E-2,3.5532293E-1,-8.8600355E-1,-5.1754605E-2,-3.28161E-1,-5.9413606E-1,-5.255294E-1,-6.4648175E-1,4.579194E0,-4.9668458E-1,-1.745637E0,-3.4305373E-1,1.4368986E1,-4.8495832E-1,-6.15123E-1,3.347597E-2,8.9384997E-1,-4.9502558E-1],"split_indices":[6,0,7,0,8,8,0,8,1,3,6,3,8,2,0,0,7,0,0,8,0,0,4,5,7,0,1,7,7,0,1,0,8,0,6,9,9,4,7,0,4,0,0,0,0,0,0,0,0,0,0,0,0,0,0,0,0,0,0,0,0,0,0,0,0],"split_type":[1,1,1,0,1,1,1,1,1,1,1,1,1,1,1,0,1,0,0,1,1,0,1,1,1,0,1,1,1,1,1,0,1,0,1,1,1,1,1,0,1,0,0,0,0,0,0,0,0,0,0,0,0,0,0,0,0,0,0,0,0,0,0,0,0],"sum_hessian":[1.3778637E4,4.1798276E3,9.598809E3,4.9030235E1,4.1307974E3,8.753893E3,8.449164E2,3.745682E3,3.851154E2,7.8442676E3,9.096249E2,1.8671397E2,6.582024E2,1.0815157E3,2.6641663E3,4.2758927E0,3.808395E2,7.8428423E3,1.4252975E0,4.9600353E1,8.6002454E2,7.725113E1,1.0946285E2,2.1949583E1,6.362528E2,1.4652058E2,9.349952E2,2.5780781E3,8.6087975E1,3.697222E2,1.1117321E1,1.140238E0,4.8460117E1,6.000503E2,2.5997427E2,5.98625E0,1.034766E2,3.9908333E0,1.795875E1,6.2456537E2,1.168744E1,1.00911064E2,8.340841E2,2.3913643E3,1.8671397E2,7.497065E1,1.1117321E1,3.1841147E2,5.131071E1,6.556369E0,4.560952E0,2.3945E1,2.4515118E1,1.499413E2,1.10032974E2,2.850595E0,3.1356547E0,1.4252975E0,1.0205131E2,1.140238E0,2.850595E0,1.5393213E1,2.5655355E0,4.8460116E0,6.8414283E0],"tree_param":{"num_deleted":"0","num_feature":"10","num_nodes":"65","size_leaf_vector":"0"}}]},"name":"gbtree"},"learner_model_param":{"base_score":"5E-1","num_class":"0","num_feature":"10","num_target":"1"},"objective":{"name":"reg:squarederror","reg_loss_param":{"scale_pos_weight":"1"}}},"version":[1,6,2]}