{"learner":{"attributes":{"best_ntree_limit":"4"},"feature_names":[],"feature_types":["c","c","c","c","c","c","c","c","c","c"],"gradient_booster":{"model":{"gbtree_model_param":{"num_parallel_tree":"1","num_trees":"4","size_leaf_vector":"0"},"tree_info":[0,0,0,0],"trees":[{"base_weights":[-5.2637655E-1,4.8952657E-1,-9.671573E-1,-3.8141528E-1,5.1291686E-1,-1.101196E0,4.2146453E-1,5.621198E-1,3.737283E-2,-1.0404878E0,-1.6183654E0,6.3595185E0,-1.393101E0,7.0299995E-1,5.05061E-1,-2.0172071E0,9.995011E-2,-3.1223783E-1,2.5343215E-1,-5.0557494E-1,-1.4888134E0,1.4971486E1,-1.0361261E0,2.3153884E0,-1.5133498E0,1.614896E-1,7.0671624E-1,5.2035373E-1,3.0229198E-2,2.4883199E0,3.8984243E-2,3.9791614E-1,-2.8022963E-1,-1.3840523E0,-5.0428385E-1,8.973095E0,-1.4548148E0,-2.5212893E0,-6.728185E-1,9.714365E0,-1.6041378E0,-4.628848E-1,8.458533E-2,2.1407296E-1,1.9308E-1,1.6657245E-1,1.3326988E-1,5.1708087E-2,-2.3252967E-1,2.0580242E0,5.607952E-2,2.6616609E-2,-4.1620183E-1,-1.6325118E-1,-4.5178667E-1,-4.4426882E-1,-8.6570464E-2,8.6306196E-1,-2.9074636E-1,-5.150239E-1,-4.406599E-2,7.0836914E-1,-4.1132072E-1],"categories":[1,2,3,4,0,1,2,3,4,5,6,7,8,9,10,11,2,0,3,4,5,1,2,3,4,5,6,7,8,10,11,1,0,1,2,3,4,5,6,7,8,10,11,0,1,2,3,4,5,6,7,1,1,2,3,1,3,4,5,6,8,10,11,0,1,2,3,4,5,6,7,8,9,10,11,0,1,0,1,2,3,4,5,6,8,10,11,5,1,0,1,2,3,4,5,6,7,8,9,1,2,4,7,2,0,3,9,10,11,0,1,2,3,10,1,0,3,1,1,2,3,6,7,2,2,2,1],"categories_nodes":[0,1,2,4,5,6,7,8,9,10,11,12,13,14,16,18,20,21,22,23,24,26,27,28,29,30,33,36,38,40,42],"categories_segments":[0,4,16,17,21,31,32,43,51,52,55,56,63,75,77,87,88,89,99,100,103,104,109,114,115,117,118,123,124,125,126],"categories_sizes":[4,12,1,4,10,1,11,8,1,3,1,7,12,2,10,1,1,10,1,3,1,5,5,1,2,1,5,1,1,1,1],"default_left":[0,0,0,0,0,0,0,0,0,0,0,0,0,0,0,0,0,0,0,0,0,0,0,0,0,0,0,0,0,0,0,0,0,0,0,0,0,0,0,0,0,0,0,0,0,0,0,0,0,0,0,0,0,0,0,0,0,0,0,0,0,0,0],"id":0,"left_children":[1,3,5,-1,7,9,11,13,15,17,19,21,23,25,27,-1,29,-1,31,-1,33,35,37,39,41,-1,43,45,47,49,51,-1,-1,53,-1,-1,55,-1,57,-1,59,-1,61,-1,-1,-1,-1,-1,-1,-1,-1,-1,-1,-1,-1,-1,-1,-1,-1,-1,-1,-1,-1],"loss_changes":[8.744641E3,2.4405334E2,2.535334E3,0E0,1.364541E2,3.8826953E2,1.2934352E4,4.2134277E1,2.325266E2,4.6503906E0,8.781494E0,1.7909648E4,4.1360522E2,5.5059814E-1,2.7328247E1,0E0,7.91052E1,0E0,5.6015053E0,0E0,6.776062E0,3.19115E4,4.0146448E2,3.502174E3,4.2289917E1,0E0,1.8347168E-1,9.441467E0,1.3703733E1,1.3477524E2,3.782278E1,0E0,0E0,2.972406E1,0E0,0E0,1.4830933E0,0E0,1.5639279E2,0E0,4.154564E0,0E0,6.010199E1,0E0,0E0,0E0,0E0,0E0,0E0,0E0,0E0,0E0,0E0,0E0,0E0,0E0,0E0,0E0,0E0,0E0,0E0,0E0,0E0],"parents":[2147483647,0,0,1,1,2,2,4,4,5,5,6,6,7,7,8,8,9,9,10,10,11,11,12,12,13,13,14,14,16,16,18,18,20,20,21,21,22,22,23,23,24,24,26,26,27,27,28,28,29,29,30,30,33,33,36,36,38,38,40,40,42,42],"right_children":[2,4,6,-1,8,10,12,14,16,18,20,22,24,26,28,-1,30,-1,32,-1,34,36,38,40,42,-1,44,46,48,50,52,-1,-1,54,-1,-1,56,-1,58,-1,60,-1,62,-1,-1,-1,-1,-1,-1,-1,-1,-1,-1,-1,-1,-1,-1,-1,-1,-1,-1,-1,-1],"split_conditions":[NaN,NaN,NaN,-3.8141528E-1,NaN,NaN,NaN,NaN,NaN,NaN,NaN,NaN,NaN,NaN,NaN,-2.0172071E0,NaN,-3.1223783E-1,NaN,-5.0557494E-1,NaN,NaN,NaN,NaN,NaN,1.614896E-1,NaN,NaN,NaN,NaN,NaN,3.9791614E-1,-2.8022963E-1,NaN,-5.0428385E-1,8.973095E0,NaN,-2.5212893E0,NaN,9.714365E0,NaN,-4.628848E-1,NaN,2.1407296E-1,1.9308E-1,1.6657245E-1,1.3326988E-1,5.1708087E-2,-2.3252967E-1,2.0580242E0,5.607952E-2,2.6616609E-2,-4.1620183E-1,-1.6325118E-1,-4.5178667E-1,-4.4426882E-1,-8.6570464E-2,8.6306196E-1,-2.9074636E-1,-5.150239E-1,-4.406599E-2,7.0836914E-1,-4.1132072E-1],"split_indices":[6,0,7,0,8,8,0,8,1,9,0,4,8,0,0,0,0,0,2,0,6,0,3,1,7,0,0,0,7,2,7,0,0,1,0,0,7,0,9,0,7,0,4,0,0,0,0,0,0,0,0,0,0,0,0,0,0,0,0,0,0,0,0],"split_type":[1,1,1,0,1,1,1,1,1,1,1,1,1,1,1,0,1,0,1,0,1,1,1,1,1,0,1,1,1,1,1,0,0,1,0,0,1,0,1,0,1,0,1,0,0,0,0,0,0,0,0,0,0,0,0,0,0,0,0,0,0,0,0],"sum_hessian":[1.952636E4,5.908485E3,1.3617874E4,7.6754555E1,5.8317305E3,1.2419291E4,1.198583E3,5.284753E3,5.469772E2,1.1117291E4,1.3019996E3,2.7995215E2,9.1863086E2,1.5201442E3,3.764609E3,4.0397134E0,5.429375E2,1.1114867E4,2.4238281E0,8.507637E2,4.51236E2,1.2886685E2,1.5108528E2,2.8277994E1,8.9035284E2,3.676139E1,1.4833828E3,3.6470532E3,1.17555664E2,1.2523111E1,5.3041437E2,1.2119141E0,1.2119141E0,2.973229E2,1.5391309E2,6.705924E1,6.1807617E1,6.0595703E0,1.4502571E2,2.4238281E0,2.5854166E1,8.74194E2,1.6158854E1,1.3286617E3,1.5472102E2,2.496543E3,1.1505104E3,1.0058887E2,1.6966797E1,3.6357422E0,8.887369E0,5.134476E2,1.6966797E1,3.8377277E1,2.5894562E2,6.019173E1,1.6158854E0,1.0503255E1,1.3452246E2,2.3834309E1,2.0198567E0,6.0595703E0,1.0099283E1],"tree_param":{"num_deleted":"0","num_feature":"10","num_nodes":"63","size_leaf_vector":"0"}},{"base_weights":[-9.577026E-1,3.8543898E-1,-1.6455095E0,-5.9528244E-1,4.123056E-1,-1.0262475E0,-2.1828132E0,4.2106536E-1,-2.7726695E-1,-9.1192824E-1,-2.4261193E0,-2.4318147E0,-3.7060693E-1,1.2359622E-1,5.6350577E-1,-7.4098635E-1,3.3435363E-1,-9.0278E-1,-1.7992359E0,-4.581509E0,4.975957E-1,-8.409955E-1,-1.1019123E0,1.4708601E0,-2.3585744E0,5.996927E-1,3.4948194E-1,-1.3385948E0,-1.4501084E-2,1.213852E0,-3.2719377E-1,-2.7199993E-1,6.8345076E-1,-2.0366225E0,-5.278117E-1,-1.5200365E2,-1.0044385E0,1.6564026E1,-1.5536784E0,-3.4089044E-1,-9.8603153E-1,1.6339628E0,-2.4977934E0,-2.694972E0,-5.231626E-1,1.8736523E-1,1.4996725E-1,1.104672E-1,-6.1294112E-2,-1.5884119E0,-2.6063198E-2,9.3937635E-2,-1.6413516E-1,9.8179054E-1,1.0701833E-2,-9.11245E-3,-2.3051885E-1,1.0537703E0,-2.503818E-1,-6.354771E-1,6.596852E-2,1.1235068E0,-7.6394016E-1,-8.904491E1,-1.6529319E-1,-1.6100413E-1,-3.1523865E-1,3.644814E1,-5.450669E-1,-6.905635E-1,-3.43035E-1,-1.4966975E-1,-3.039009E-1,-7.879459E-1,-1.7229517E-1,-8.6452144E-1,-4.616973E-1,-1.135128E-1,-4.9579063E-1],"categories":[1,2,3,4,0,1,2,3,4,5,6,7,8,9,10,11,1,2,5,1,3,2,0,1,2,3,4,5,6,7,8,9,10,11,2,1,2,1,2,3,4,5,2,0,2,4,8,11,0,1,10,11,4,2,2,2,3,2,1,2,1,2,3,4,5,2,0,1,7,9,11,2,2,0,1,2,3,4,5,8,2,2,3,4,0,1,2,8,10,1,1,2,3,4,5,6,7,8,10,1,5,6,7,1,1,2,2,2],"categories_nodes":[0,1,2,4,5,6,7,8,9,10,11,12,14,15,16,17,18,19,20,22,23,24,25,26,27,28,29,30,32,33,34,35,36,37,38,40,42,43,44],"categories_segments":[0,4,16,19,20,21,22,34,35,36,37,42,43,48,52,53,54,55,57,58,60,65,66,71,72,73,80,81,83,84,87,89,90,99,103,104,105,106,107],"categories_sizes":[4,12,3,1,1,1,12,1,1,1,5,1,5,4,1,1,1,2,1,2,5,1,5,1,1,7,1,2,1,3,2,1,9,4,1,1,1,1,1],"default_left":[0,0,0,0,0,0,0,0,0,0,0,0,0,0,0,0,0,0,0,0,0,0,0,0,0,0,0,0,0,0,0,0,0,0,0,0,0,0,0,0,0,0,0,0,0,0,0,0,0,0,0,0,0,0,0,0,0,0,0,0,0,0,0,0,0,0,0,0,0,0,0,0,0,0,0,0,0,0,0],"id":1,"left_children":[1,3,5,-1,7,9,11,13,15,17,19,21,23,-1,25,27,29,31,33,35,37,-1,39,41,43,45,47,49,51,53,55,-1,57,59,61,63,65,67,69,-1,71,-1,73,75,77,-1,-1,-1,-1,-1,-1,-1,-1,-1,-1,-1,-1,-1,-1,-1,-1,-1,-1,-1,-1,-1,-1,-1,-1,-1,-1,-1,-1,-1,-1,-1,-1,-1,-1],"loss_changes":[1.5419745E4,3.6074158E2,3.670545E3,0E0,3.3887573E1,8.187407E2,2.6656504E3,6.9068604E0,2.0308863E1,3.6885742E1,2.4391602E3,2.5637227E3,2.6211152E3,0E0,2.331215E0,1.7581741E1,1.8545013E1,2.9580566E1,1.3233398E1,1.17283664E5,5.463693E3,0E0,3.4067383E0,5.880214E3,2.1112903E2,3.805008E-1,5.925679E-1,1.0963478E2,3.5406528E0,3.28768E1,2.411005E0,0E0,5.4692368E1,7.7602234E0,8.551361E1,1.1539469E5,4.172409E0,3.6417363E4,4.255948E1,0E0,3.0097961E0,0E0,4.472168E1,5.8320557E1,8.297025E0,0E0,0E0,0E0,0E0,0E0,0E0,0E0,0E0,0E0,0E0,0E0,0E0,0E0,0E0,0E0,0E0,0E0,0E0,0E0,0E0,0E0,0E0,0E0,0E0,0E0,0E0,0E0,0E0,0E0,0E0,0E0,0E0,0E0,0E0],"parents":[2147483647,0,0,1,1,2,2,4,4,5,5,6,6,7,7,8,8,9,9,10,10,11,11,12,12,14,14,15,15,16,16,17,17,18,18,19,19,20,20,22,22,23,23,24,24,25,25,26,26,27,27,28,28,29,29,30,30,32,32,33,33,34,34,35,35,36,36,37,37,38,38,40,40,42,42,43,43,44,44],"right_children":[2,4,6,-1,8,10,12,14,16,18,20,22,24,-1,26,28,30,32,34,36,38,-1,40,42,44,46,48,50,52,54,56,-1,58,60,62,64,66,68,70,-1,72,-1,74,76,78,-1,-1,-1,-1,-1,-1,-1,-1,-1,-1,-1,-1,-1,-1,-1,-1,-1,-1,-1,-1,-1,-1,-1,-1,-1,-1,-1,-1,-1,-1,-1,-1,-1,-1],