{"learner":{"attributes":{"best_ntree_limit":"3"},"feature_names":[],"feature_types":["c","c","c","c","c","c","c","c","c","c"],"gradient_booster":{"model":{"gbtree_model_param":{"num_parallel_tree":"1","num_trees":"3","size_leaf_vector":"0"},"tree_info":[0,0,0],"trees":[{"base_weights":[-5.2559817E-1,4.9174282E-1,-9.6964717E-1,-3.9278236E-1,5.124258E-1,-1.103462E0,4.2212975E-1,5.650193E-1,3.326864E-3,-1.043271E0,-1.6260364E0,6.448094E0,-1.4010763E0,7.112202E-1,5.043559E-1,-1.0487269E-1,6.704443E-1,-3.1316647E-1,-5.6007034E-1,-5.062552E-1,-1.5081224E0,1.5024397E1,-1.0543222E0,6.168927E-1,-1.51643E0,2.1524619E-1,6.566813E-1,5.205509E-1,-2.3698619E-2,-1.890127E-2,-4.010999E-1,1.4505571E0,-5.657689E-1,2.623307E-1,-8.890153E-1,-1.4074599E0,-5.0423896E-1,9.01225E0,-1.3902614E0,-5.70641E0,-2.0328672E-1,4.9245E0,-1.3444774E0,-4.6344325E-1,9.598703E-2,2.098558E-1,1.7269668E-1,1.5169382E-1,2.1166031E-1,2.8319815E-2,-2.121057E-1,1.1938199E0,-5.9364565E-2,6.9292765E-3,-1.9697377E-1,-1.1404505E-2,1.5479569E-1,-9.9025734E-2,-2.9911903E-1,-1.998561E-1,-4.563158E-1,-4.3764967E-1,1.4223603E-2,1.7894001E0,-1.8664695E-1,-4.392075E-1,-3.59336E-2,1.0784189E0,-4.178733E-1],"categories":[1,2,3,4,0,1,2,3,4,5,6,7,8,9,10,11,2,0,3,4,5,1,2,3,4,5,6,7,8,10,11,1,0,1,2,3,4,5,6,7,8,10,11,2,0,1,2,3,4,5,6,7,8,9,10,11,1,2,3,1,3,4,5,8,10,11,0,3,9,10,11,1,5,1,1,1,2,3,4,5,6,7,8,1,1,2,0,3,4,5,6,7,2,1,4,3,5,0,1,2,3,0,1,2,3,4,5,0,1,2,3,4,5,6,7,2,0,1,2,3,2,1],"categories_nodes":[0,1,2,4,5,6,7,8,9,10,11,12,13,14,15,16,18,20,21,22,23,24,26,27,28,31,32,33,34,35,38,41,42,44],"categories_segments":[0,4,16,17,21,31,32,43,44,56,59,60,66,71,72,73,74,75,76,83,84,85,86,92,93,94,95,97,101,107,115,116,120,121],"categories_sizes":[4,12,1,4,10,1,11,1,12,3,1,6,5,1,1,1,1,1,7,1,1,1,6,1,1,1,2,4,6,8,1,4,1,1],"default_left":[0,0,0,0,0,0,0,0,0,0,0,0,0,0,0,0,0,0,0,0,0,0,0,0,0,0,0,0,0,0,0,0,0,0,0,0,0,0,0,0,0,0,0,0,0,0,0,0,0,0,0,0,0,0,0,0,0,0,0,0,0,0,0,0,0,0,0,0,0],"id":0,"left_children":[1,3,5,-1,7,9,11,13,15,17,19,21,23,25,27,29,31,-1,33,-1,35,37,39,41,43,-1,45,47,49,-1,-1,51,53,55,57,59,-1,-1,61,-1,-1,63,65,-1,67,-1,-1,-1,-1,-1,-1,-1,-1,-1,-1,-1,-1,-1,-1,-1,-1,-1,-1,-1,-1,-1,-1,-1,-1],"loss_changes":[8.821947E3,2.2171912E2,2.5322607E3,0E0,1.5710144E2,3.884043E2,1.3117329E4,4.6807617E1,3.979925E1,2.7333984E0,6.7282715E0,1.7859207E4,2.1434912E2,6.1035156E-2,3.2184143E1,2.439156E1,7.50269E1,0E0,4.656541E0,0E0,5.4178467E0,3.1953027E4,9.945784E2,4.3146518E2,3.9847412E1,0E0,1.953125E-1,9.707031E0,9.177638E0,0E0,0E0,1.9861748E2,1.6456165E0,4.3433776E-1,3.899765E-1,2.3324097E1,0E0,0E0,6.260895E0,0E0,0E0,9.5716034E1,4.9984055E0,0E0,8.8079056E1,0E0,0E0,0E0,0E0,0E0,0E0,0E0,0E0,0E0,0E0,0E0,0E0,0E0,0E0,0E0,0E0,0E0,0E0,0E0,0E0,0E0,0E0,0E0,0E0],"parents":[2147483647,0,0,1,1,2,2,4,4,5,5,6,6,7,7,8,8,9,9,10,10,11,11,12,12,13,13,14,14,15,15,16,16,18,18,20,20,21,21,22,22,23,23,24,24,26,26,27,27,28,28,31,31,32,32,33,33,34,34,35,35,38,38,41,41,42,42,44,44],"right_children":[2,4,6,-1,8,10,12,14,16,18,20,22,24,26,28,30,32,-1,34,-1,36,38,40,42,44,-1,46,48,50,-1,-1,52,54,56,58,60,-1,-1,62,-1,-1,64,66,-1,68,-1,-1,-1,-1,-1,-1,-1,-1,-1,-1,-1,-1,-1,-1,-1,-1,-1,-1,-1,-1,-1,-1,-1,-1],"split_conditions":[NaN,NaN,NaN,-3.9278236E-1,NaN,NaN,NaN,NaN,NaN,NaN,NaN,NaN,NaN,NaN,NaN,NaN,NaN,-3.1316647E-1,NaN,-5.062552E-1,NaN,NaN,NaN,NaN,NaN,2.1524619E-1,NaN,NaN,NaN,-1.890127E-2,-4.010999E-1,NaN,NaN,NaN,NaN,NaN,-5.0423896E-1,9.01225E0,NaN,-5.70641E0,-2.0328672E-1,NaN,NaN,-4.6344325E-1,NaN,2.098558E-1,1.7269668E-1,1.5169382E-1,2.1166031E-1,2.8319815E-2,-2.121057E-1,1.1938199E0,-5.9364565E-2,6.9292765E-3,-1.9697377E-1,-1.1404505E-2,1.5479569E-1,-9.9025734E-2,-2.9911903E-1,-1.998561E-1,-4.563158E-1,-4.3764967E-1,1.4223603E-2,1.7894001E0,-1.8664695E-1,-4.392075E-1,-3.59336E-2,1.0784189E0,-4.178733E-1],"split_indices":[6,0,7,0,8,8,0,8,7,0,0,4,8,0,0,6,0,0,0,0,6,0,3,9,7,0,1,7,7,0,0,8,8,1,2,1,0,0,7,0,0,6,7,0,4,0,0,0,0,0,0,0,0,0,0,0,0,0,0,0,0,0,0,0,0,0,0,0,0],"split_type":[1,1,1,0,1,1,1,1,1,1,1,1,1,1,1,1,1,0,1,0,1,1,1,1,1,0,1,1,1,0,0,1,1,1,1,1,0,0,1,0,0,1,1,0,1,0,0,0,0,0,0,0,0,0,0,0,0,0,0,0,0,0,0,0,0,0,0,0,0],"sum_hessian":[1.952636E4,5.933127E3,1.3593231E4,6.665527E1,5.8664717E3,1.2401112E4,1.1921194E3,5.317071E3,5.49401E2,1.1122947E4,1.2781653E3,2.763164E2,9.1580304E2,1.5560977E3,3.7609731E3,4.734544E2,7.594661E1,1.1107596E4,1.5350911E1,8.3137305E2,4.467923E2,1.2846289E2,1.4785352E2,4.9284504E1,8.6651855E2,1.3848137E3,1.7128384E2,3.6490732E3,1.1190006E2,4.5891144E2,1.4542969E1,4.6456703E1,2.9489908E1,4.4436846E0,1.0907227E1,2.8803156E2,1.5876074E2,6.665527E1,6.1807617E1,2.0198567E0,1.4583365E2,1.4946939E1,3.4337563E1,8.515716E2,1.4946939E1,1.0705241E2,6.4231445E1,3.3804321E3,2.6864093E2,9.614518E1,1.5754883E1,1.7774738E1,2.8681965E1,4.0397134E0,2.5450195E1,2.4238281E0,2.0198567E0,2.4238281E0,8.483398E0,3.918522E1,2.4884634E2,5.8979816E1,2.8277993E0,1.2523111E1,2.4238281E0,3.1105793E1,3.2317708E0,4.0397134E0,1.0907227E1],"tree_param":{"num_deleted":"0","num_feature":"10","num_nodes":"69","size_leaf_vector":"0"}},{"base_weights":[-4.3040788E-1,2.2363986E-1,-7.40148E-1,3.312166E-1,-9.0887034E-1,-8.722523E-1,5.986992E-1,3.7320718E-1,5.836626E-3,-5.4236126E0,-7.826158E-1,-8.468204E-1,-1.0971464E0,6.324659E0,-1.0680822E0,-1.0387948E-1,3.904506E-1,1.16572306E-1,-5.140782E-1,8.949334E-1,-9.6646976E-1,-8.4604114E-1,-1.0953865E0,-3.398246E-1,-1.0134585E0,1.5121476E1,-8.5245454E-1,-1.06056765E-1,-1.2328255E0,5.384863E-1,3.3061525E-1,2.5115433E-1,-1.11752264E-1,-1.10711426E-1,-6.3455397E-1,6.574815E0,-3.5910362E-1,-7.0606627E0,-8.643641E-1,-2.5402477E-1,-5.238008E-1,-3.3731014E-1,-7.316185E-2,-7.695618E-1,-3.098353E-1,9.538124E0,-1.4212003E0,-1.629007E0,-1.6228959E-1,3.6864953E0,-9.523636E-1,-3.772347E-1,2.537723E-1,1.6376168E-1,1.4848001E-1,1.0676914E-1,6.0377922E-2,6.260356E-2,2.3489939E-1,1.7845357E-2,-1.3958319E-1,1.3140766E-1,-6.492915E-2,-1.4537719E-1,-2.5298864E-1,-1.7359243E-1,1.4691201E-1,-4.258054E0,-1.3117674E-1,2.0309947E-1,-3.018988E-1,1.8218544E-1,-2.2464192E-1,-8.826183E-2,-2.7025956E-1,-4.474535E-1,1.1105804E-2,3.947901E0,-3.109293E-1,-3.096515E-1,1.8028449E-1,1.1510391E0,-5.133417E-1],"categories":[1,2,3,3,4,5,2,0,1,2,3,4,1,2,3,4,5,6,7,1,2,3,4,5,7,8,10,1,0,1,2,3,4,5,6,7,8,9,10,11,1,2,3,5,1,2,1,2,1,1,4,5,6,7,8,10,11,0,1,2,3,4,5,6,7,8,10,11,8,10,6,7,8,10,0,1,2,3,4,5,6,7,1,2,3,4,5,6,8,1,2,1,1,2,3,4,5,6,7,8,1,1,3,4,7,2,0,5,6,7,0,1,2,2,3,4,1,2,9,6,10,2,3,3,5,6,11,0,1,2,3,4,6,7,2,1,2,2,2],"categories_nodes":[0,1,2,3,4,5,6,7,8,10,11,12,13,14,16,17,18,19,20,21,22,24,25,26,27,28,29,30,31,32,33,34,36,37,38,40,43,46,49,50,52],"categories_segments":[0,3,6,7,12,19,27,28,40,42,44,46,48,49,57,68,70,74,82,89,91,92,93,100,101,105,106,110,113,114,116,119,121,122,123,125,127,134,135,137,138],"categories_sizes":[3,3,1,5,7,8,1,12,2,2,2,2,1,8,11,2,4,8,7,2,1,1,7,1,4,1,4,3,1,2,3,2,1,1,2,2,7,1,2,1,1],"default_left":[0,0,0,0,0,0,0,0,0,0,0,0,0,0,0,0,0,0,0,0,0,0,0,0,0,0,0,0,0,0,0,0,0,0,0,0,0,0,0,0,0,0,0,0,0,0,0,0,0,0,0,0,0,0,0,0,0,0,0,0,0,0,0,0,0,0,0,0,0,0,0,0,0,0,0,0,0,0,0,0,0,0,0],"id":1,"left_children":[1,3,5,7,9,11,13,15,17,-1,19,21,23,25,27,-1,29,31,33,35,37,39,41,-1,43,45,47,49,51,53,55,57,59,61,63,-1,65,67,69,-1,71,-1,-1,73,-1,-1,75,-1,-1,77,79,-1,81,-1,-1,-1,-1,-1,-1,-1,-1,-1,-1,-1,-1,-1,-1,-1,-1,-1,-1,-1,-1,-1,-1,-1,-1,-1,-1,-1,-1,-1,-1],"loss_changes":[3.970621E3,7.677736E2,2.3529531E3,7.861011E1,1.1710576E3,6.831445E1,1.1412669E4,6.3357544E1,3.7981407E1,0E0,1.6858417E2,1.1806641E0,2.5065918E0,1.7033867E4,1.4670825E2,0E0,4.390912E1,1.673898E1,5.5590916E0,1.4374595E3,2.9915103E2,2.0322266E0,4.8122406E-1,0E0,9.7546387E-1,3.3467684E4,2.1010257E2,4.4181244E2,2.9271729E1,1.9018555E-1,1.1528717E1,7.5729237E0,1.2278283E1,1.7105932E0,2.3769608E0,0E0,1.0003451E1,3.6911026E2,1.06506836E2,0E0,7.1765347E0,0E0,0E0,1.7009258E0,0E0,0E0,6.3899612E0,0E0,0E0,1.1374706E3,1.4558884E1,0E0,1.0315525E2,0E0,0E0,0E0,0E0,0E0,0E0,0E0,0E0,0E0,0E0,0E0,0E0,0E0,0E0,0E0,0E0,0E0,0E0,0E0,0E0,0E0,0E0,0E0,0E0,0E0,0E0,0E0,0E0,0E0,0E0],