{"learner":{"attributes":{"best_ntree_limit":"4"},"feature_names":[],"feature_types":["c","c","c","c","c","c","c","c","c","c"],"gradient_booster":{"model":{"gbtree_model_param":{"num_parallel_tree":"1","num_trees":"4","size_leaf_vector":"0"},"tree_info":[0,0,0,0],"trees":[{"base_weights":[-5.2514434E-1,4.911126E-1,-9.699358E-1,-3.7138543E-1,5.129732E-1,-1.1028632E0,4.128968E-1,5.723253E-1,1.1328723E-1,-1.0421836E0,-1.6159796E0,7.1355047E0,-1.4088304E0,7.0739126E-1,5.142998E-1,-9.7206205E-1,1.6640851E-1,-3.127272E-1,5.552375E-2,-5.0521123E-1,-1.4854996E0,1.9207727E1,-1.0497892E0,2.320772E0,-1.5323625E0,1.8731001E-1,7.2041863E-1,5.3027666E-1,3.3220973E-2,3.0359843E-1,-3.183732E-1,-1.292742E0,-1.6623198E0,1.5447792E1,-1.4882164E0,-7.93157E-1,-9.32723E-1,1.3002877E1,-1.3351814E0,-4.6883863E-1,1.01525955E-1,2.5384733E-1,2.1155567E-1,1.652895E-1,1.1862551E-1,4.6918627E-2,-2.1200657E-1,2.639587E-1,6.507115E-2,-5.5426013E-2,-4.307437E-1,-2.4429475E-1,-5.0445104E-1,-6.1634576E-1,-4.438663E-1,-4.6382767E-1,5.552375E-2,1.6797189E0,-3.603829E-1,1.2758259E1,-4.2933595E-1,-4.7050735E-1,-1.2551875E-2,6.3877606E-1,-4.6142688E-1],"categories":[1,2,3,4,0,1,2,3,4,5,6,7,8,9,10,11,2,0,3,4,5,6,1,2,3,4,5,6,7,8,10,11,1,0,1,2,3,4,5,6,7,8,10,11,0,1,2,3,4,5,6,7,1,1,2,3,1,3,4,5,6,8,10,11,0,1,2,3,4,5,0,1,1,2,10,4,0,1,2,3,4,5,6,7,8,9,2,2,2,0,2,3,4,5,6,7,0,1,2,1,0,1,2,3,4,6,7,8,10,11,1,1,1,2,3,2,5,1,2,2,1],"categories_nodes":[0,1,2,4,5,6,7,8,9,10,11,12,13,14,16,20,21,22,23,24,26,27,28,29,30,31,32,34,36,37,38,40],"categories_segments":[0,4,16,17,22,32,33,44,52,53,56,57,64,70,72,75,76,86,87,88,89,96,99,100,110,111,112,115,116,117,119,120],"categories_sizes":[4,12,1,5,10,1,11,8,1,3,1,7,6,2,3,1,10,1,1,1,7,3,1,10,1,1,3,1,1,2,1,1],"default_left":[0,0,0,0,0,0,0,0,0,0,0,0,0,0,0,0,0,0,0,0,0,0,0,0,0,0,0,0,0,0,0,0,0,0,0,0,0,0,0,0,0,0,0,0,0,0,0,0,0,0,0,0,0,0,0,0,0,0,0,0,0,0,0,0,0],"id":0,"left_children":[1,3,5,-1,7,9,11,13,15,17,19,21,23,25,27,-1,29,-1,-1,-1,31,33,35,37,39,-1,41,43,45,47,49,51,53,-1,55,-1,57,59,61,-1,63,-1,-1,-1,-1,-1,-1,-1,-1,-1,-1,-1,-1,-1,-1,-1,-1,-1,-1,-1,-1,-1,-1,-1,-1],"loss_changes":[8.82728E3,2.253628E2,2.4972188E3,0E0,1.3922986E2,3.841504E2,1.4607055E4,3.9703857E1,1.3601004E2,3.4628906E0,9.119385E0,2.514775E4,4.3600122E2,1.2089844E0,2.749707E1,0E0,4.9947693E1,0E0,0E0,0E0,1.3430054E1,6.876469E4,2.599025E1,1.208092E3,4.536377E1,0E0,1.9299927E0,9.448547E0,1.0694538E1,2.9022095E1,2.4493689E1,4.014154E1,1.379657E1,0E0,6.446884E0,0E0,2.5862277E2,3.4136714E3,7.058346E0,0E0,6.1665985E1,0E0,0E0,0E0,0E0,0E0,0E0,0E0,0E0,0E0,0E0,0E0,0E0,0E0,0E0,0E0,0E0,0E0,0E0,0E0,0E0,0E0,0E0,0E0,0E0],"parents":[2147483647,0,0,1,1,2,2,4,4,5,5,6,6,7,7,8,8,9,9,10,10,11,11,12,12,13,13,14,14,16,16,20,20,21,21,22,22,23,23,24,24,26,26,27,27,28,28,29,29,30,30,31,31,32,32,34,34,36,36,37,37,38,38,40,40],"right_children":[2,4,6,-1,8,10,12,14,16,18,20,22,24,26,28,-1,30,-1,-1,-1,32,34,36,38,40,-1,42,44,46,48,50,52,54,-1,56,-1,58,60,62,-1,64,-1,-1,-1,-1,-1,-1,-1,-1,-1,-1,-1,-1,-1,-1,-1,-1,-1,-1,-1,-1,-1,-1,-1,-1],"split_conditions":[NaN,NaN,NaN,-3.7138543E-1,NaN,NaN,NaN,NaN,NaN,NaN,NaN,NaN,NaN,NaN,NaN,-9.7206205E-1,NaN,-3.127272E-1,5.552375E-2,-5.0521123E-1,NaN,NaN,NaN,NaN,NaN,1.8731001E-1,NaN,NaN,NaN,NaN,NaN,NaN,NaN,1.5447792E1,NaN,-7.93157E-1,NaN,NaN,NaN,-4.6883863E-1,NaN,2.5384733E-1,2.1155567E-1,1.652895E-1,1.1862551E-1,4.6918627E-2,-2.1200657E-1,2.639587E-1,6.507115E-2,-5.5426013E-2,-4.307437E-1,-2.4429475E-1,-5.0445104E-1,-6.1634576E-1,-4.438663E-1,-4.6382767E-1,5.552375E-2,1.6797189E0,-3.603829E-1,1.2758259E1,-4.2933595E-1,-4.7050735E-1,-1.2551875E-2,6.3877606E-1,-4.6142688E-1],"split_indices":[6,0,7,0,8,8,0,8,1,3,0,4,8,2,0,0,0,0,0,0,2,0,9,5,7,0,1,0,7,0,7,6,0,0,7,0,1,2,7,0,4,0,0,0,0,0,0,0,0,0,0,0,0,0,0,0,0,0,0,0,0,0,0,0,0],"split_type":[1,1,1,0,1,1,1,1,1,1,1,1,1,1,1,0,1,0,0,0,1,1,1,1,1,0,1,1,1,1,1,1,1,0,1,0,1,1,1,0,1,0,0,0,0,0,0,0,0,0,0,0,0,0,0,0,0,0,0,0,0,0,0,0,0],"sum_hessian":[1.952636E4,5.9444385E3,1.3581921E4,7.352278E1,5.8709155E3,1.2391013E4,1.1909075E3,5.111449E3,7.594661E2,1.1083357E4,1.3076553E3,2.5329004E2,9.376175E2,1.5326672E3,3.5787822E3,1.0907227E1,7.485589E2,1.1081338E4,2.0198567E0,8.515716E2,4.5608365E2,1.0180078E2,1.5148926E2,2.9489908E1,9.0812756E2,2.1450879E2,1.3181584E3,3.4636504E3,1.15131836E2,5.837386E2,1.6482031E2,2.2218423E2,2.3389941E2,3.918522E1,6.261556E1,8.887369E0,1.4260188E2,6.8675127E0,2.2622395E1,8.9156476E2,1.6562824E1,1.3654231E2,1.1816162E3,3.0002952E3,4.6335513E2,9.937695E1,1.5754883E1,7.513867E1,5.085999E2,1.4825748E2,1.6562824E1,1.00992836E2,1.2119141E2,7.109895E1,1.6280045E2,6.0595703E1,2.0198567E0,4.8476562E0,1.3775423E2,1.6158854E0,5.2516274E0,1.8986652E1,3.6357422E0,7.2714844E0,9.291341E0],"tree_param":{"num_deleted":"0","num_feature":"10","num_nodes":"65","size_leaf_vector":"0"}},{"base_weights":[-2.6127568E-1,-9.847912E-1,1.4400628E-1,-1.1805967E0,-6.0881674E-2,2.0098757E1,-4.7410688E-1,-1.1611574E0,-3.2131352E0,3.9710522E-1,-2.5798863E-1,7.0186295E1,-8.5793716E-1,-4.6989307E-1,4.510088E-2,-3.5161406E-1,-3.9686564E-1,1.3313395E-1,-5.143516E0,-1.4850219E-1,4.1560248E-1,-1.07381895E-1,1.146268E0,1.4887982E3,-8.511072E-1,-1.0678288E0,-2.501593E-1,1.1895062E1,-5.0434893E-1,-1.7624132E-1,8.5866433E-1,3.738513E-1,-6.098663E-1,-1.7116868E0,-1.2149984E0,5.8053535E-1,3.582102E-1,2.5652127E0,-6.738492E-1,1.0133146E3,6.0295564E-1,-5.356497E0,1.4500202E-1,1.9604052E1,-9.823283E-1,4.2954178E1,-1.5736616E-1,2.2904718E0,-8.947618E-1,2.1708658E0,-2.1204075E-1,1.2279373E-1,2.3816023E-2,-3.0030483E-1,-7.552598E-2,4.189454E-1,-1.1462E0,2.4227211E-1,1.4964622E-1,1.6345E-1,9.093949E-2,3.1361358E0,-1.5053724E-1,-1.4136218E-1,-3.9043212E-1,3.494126E-1,-4.190959E-2,6.514683E-1,-5.001317E-2,1.5724438E1,-3.2241705E-1,-1.4825086E-1,-1.2435484E0,2.9119688E1,-4.334546E-2,-6.8862824E0,4.05952E-1,2.8884192E0,4.265479E-2,-1.5401736E-1,-8.54325E-1],"categories":[1,3,3,4,5,6,7,10,11,3,4,6,7,1,2,3,1,1,1,2,3,1,2,3,4,0,1,2,3,4,5,6,7,2,1,1,1,2,3,4,5,2,0,1,2,3,4,5,6,8,2,0,1,2,4,6,7,8,9,11,1,2,1,1,1,8,5,1,2,3,4,1,0,1,2,3,4,5,6,7,8,6,2,0,1,2,3,5,0,1,2,4,5,6,7,1,1,4,1,3,3,4,6,7,1,2,0,1,2,3,4,5,6,8,9,11,3,4,6,7],"categories_nodes":[0,1,2,3,4,5,6,7,8,9,10,11,12,14,16,17,18,20,22,23,24,26,27,28,30,31,32,34,35,36,37,38,40,42,43,44,45,46,47,48],"categories_segments":[0,1,2,9,13,16,17,18,21,25,33,34,35,36,41,42,50,51,60,62,63,64,66,67,71,72,81,82,83,88,95,96,97,98,99,100,104,105,106,116],"categories_sizes":[1,1,7,4,3,1,1,3,4,8,1,1,1,5,1,8,1,9,2,1,1,2,1,4,1,9,1,1,5,7,1,1,1,1,1,4,1,1,10,4],"default_left":[0,0,0,0,0,0,0,0,0,0,0,0,0,0,0,0,0,0,0,0,0,0,0,0,0,0,0,0,0,0,0,0,0,0,0,0,0,0,0,0,0,0,0,0,0,0,0,0,0,0,0,0,0,0,0,0,0,0,0,0,0,0,0,0,0,0,0,0,0,0,0,0,0,0,0,0,0,0,0,0,0],"id":1,"left_children":[1,3,5,7,9,11,13,15,17,19,21,23,25,-1,27,-1,29,31,33,-1,35,-1,37,39,41,-1,43,45,47,-1,49,51,53,-1,55,57,59,61,63,-1,65,-1,67,69,71,73,75,77,79,-1,-1,-1,-1,-1,-1,-1,-1,-1,-1,-1,-1,-1,-1,-1,-1,-1,-1,-1,-1,-1,-1,-1,-1,-1,-1,-1,-1,-1,-1,-1,-1],"loss_changes":[5.4807725E3,1.213957E3,1.4778528E5,2.1505176E2,1.061345E2,3.7793012E5,6.590619E3,4.519629E1,3.3587775E2,6.0440903E0,1.1575189E2,1.0703734E7,4.174469E2,0E0,5.130071E4,0E0,1.930996E1,3.7975924E0,6.5791016E1,0E0,3.0782394E0,0E0,1.4336823E2,1.423626E7,1.7325583E3,0E0,3.0584175E3,1.3070472E5,8.21836E3,0E0,1.12576744E2,1.3138747E-1,4.8532987E-1,0E0,4.203202E1,1.2299042E0,2.5089607E0,7.55891E2,2.542902E0,0E0,1.7618818E0,0E0,6.193849E1,5.1337134E3,3.1073654E2,2.2765758E5,8.727182E3,1.4551885E4,4.92013E3,0E0,0E0,0E0,0E0,0E0,0E0,0E0,0E0,0E0,0E0,0E0,0E0,0E0,0E0,0E0,0E0,0E0,0E0,0E0,0E0,0E0,0E0,0E0,0E0,0E0,0E0,0E0,0E0,0E0,0E0,0E0,0E0],"parents":[2147483647,0,0,1,1,2,2,3,3,4,4,5,5,6,6,7,7,8,8,9,9,10,10,11,11,12,12,14,14,16,16,17,17,18,18,20,20,22,22,23,23,24,24,26,26,27,27,28,28,30,30,31,31,32,32,34,34,35,35,36,36,37,37,38,38,40,40,42,42,43,43,44,44,45,45,46,46,47,47,48,48],