{"learner":{"attributes":{"best_ntree_limit":"8"},"feature_names":[],"feature_types":["c","c","c","c","c","c","c","c","c","c"],"gradient_booster":{"model":{"gbtree_model_param":{"num_parallel_tree":"1","num_trees":"3","size_leaf_vector":"0"},"tree_info":[0,0,0],"trees":[{"base_weights":[-5.1352555E-1,9.2605513E-1,-1.1381581E0,-4.6917278E-1,9.591989E-1,-1.3281026E0,8.2922375E-1,1.0289099E0,2.8475043E-1,-1.2420702E0,-2.0605524E0,9.230271E0,-1.7412637E0,1.2281935E0,9.480076E-1,-2.588529E0,3.7335894E-1,-3.727507E-1,1.4004545E-1,-6.465109E-1,-1.8762228E0,2.1378769E1,-1.2340583E0,3.456489E0,-1.9115772E0,2.9349437E-1,3.7003392E-1,9.6967185E-1,2.7234897E-1,3.6295948E0,2.8701228E-1,-1.7273412E0,-6.436329E-1,1.2707018E1,-1.8208654E0,-3.3171766E0,-7.205877E-1,1.2315563E1,-2.0181763E0,-5.8604777E-1,3.307128E-1,3.0560344E-1,2.5877756E-1,1.4173816E-1,-2.5769806E-1,2.7259188E0,1.3639474E-1,1.0722574E-1,-5.1208234E-1,-1.6168042E-1,-5.698734E-1,-5.5720675E-1,-6.866116E-2,1.2417237E0,-3.4176445E-1,-6.5199226E-1,-1.3890678E-2,1.0043671E0,-5.0064003E-1],"categories":[1,2,3,4,0,1,2,3,4,5,6,7,8,9,10,11,2,0,3,4,5,1,2,3,4,5,6,7,8,10,11,1,0,1,2,3,4,5,6,7,8,10,11,0,1,2,3,4,5,6,7,1,1,2,3,1,3,4,5,6,8,10,11,0,1,2,3,4,5,6,7,8,9,10,11,0,1,0,1,2,3,4,5,6,8,10,11,1,0,1,2,3,4,5,6,7,8,9,1,2,4,7,2,0,1,2,3,10,11,1,0,3,1,1,2,3,6,7,2,2,2,1],"categories_nodes":[0,1,2,4,5,6,7,8,9,10,11,12,13,14,16,20,21,22,23,24,27,28,29,30,31,34,36,38,40],"categories_segments":[0,4,16,17,21,31,32,43,51,52,55,56,63,75,77,87,88,98,99,102,103,109,110,112,113,118,119,120,121],"categories_sizes":[4,12,1,4,10,1,11,8,1,3,1,7,12,2,10,1,10,1,3,1,6,1,2,1,5,1,1,1,1],"default_left":[0,0,0,0,0,0,0,0,0,0,0,0,0,0,0,0,0,0,0,0,0,0,0,0,0,0,0,0,0,0,0,0,0,0,0,0,0,0,0,0,0,0,0,0,0,0,0,0,0,0,0,0,0,0,0,0,0,0,0],"id":0,"left_children":[1,3,5,-1,7,9,11,13,15,17,19,21,23,25,27,-1,29,-1,-1,-1,31,33,35,37,39,-1,-1,41,43,45,47,49,-1,-1,51,-1,53,-1,55,-1,57,-1,-1,-1,-1,-1,-1,-1,-1,-1,-1,-1,-1,-1,-1,-1,-1,-1,-1],"loss_changes":[1.2391827E4,3.456599E2,3.5924277E3,0E0,1.9323267E2,5.4973535E2,1.8301926E4,5.8974854E1,3.088446E2,6.3740234E0,1.19748535E1,2.5266752E4,5.8133203E2,2.0263672E-1,3.863501E1,0E0,1.0695938E2,0E0,0E0,0E0,9.09668E0,4.481964E4,5.348202E2,4.3956816E3,5.978882E1,0E0,0E0,1.2631348E1,1.9412197E1,1.6629266E2,5.329531E1,4.2125183E1,0E0,0E0,2.1666565E0,0E0,2.1494156E2,0E0,5.7860413E0,0E0,8.0409096E1,0E0,0E0,0E0,0E0,0E0,0E0,0E0,0E0,0E0,0E0,0E0,0E0,0E0,0E0,0E0,0E0,0E0,0E0],"parents":[2147483647,0,0,1,1,2,2,4,4,5,5,6,6,7,7,8,8,9,9,10,10,11,11,12,12,13,13,14,14,16,16,20,20,21,21,22,22,23,23,24,24,27,27,28,28,29,29,30,30,31,31,34,34,36,36,38,38,40,40],"right_children":[2,4,6,-1,8,10,12,14,16,18,20,22,24,26,28,-1,30,-1,-1,-1,32,34,36,38,40,-1,-1,42,44,46,48,50,-1,-1,52,-1,54,-1,56,-1,58,-1,-1,-1,-1,-1,-1,-1,-1,-1,-1,-1,-1,-1,-1,-1,-1,-1,-1],"split_conditions":[NaN,NaN,NaN,-4.6917278E-1,NaN,NaN,NaN,NaN,NaN,NaN,NaN,NaN,NaN,NaN,NaN,-2.588529E0,NaN,-3.727507E-1,1.4004545E-1,-6.465109E-1,NaN,NaN,NaN,NaN,NaN,2.9349437E-1,3.7003392E-1,NaN,NaN,NaN,NaN,NaN,-6.436329E-1,1.2707018E1,NaN,-3.3171766E0,NaN,1.2315563E1,NaN,-5.8604777E-1,NaN,3.0560344E-1,2.5877756E-1,1.4173816E-1,-2.5769806E-1,2.7259188E0,1.3639474E-1,1.0722574E-1,-5.1208234E-1,-1.6168042E-1,-5.698734E-1,-5.5720675E-1,-6.866116E-2,1.2417237E0,-3.4176445E-1,-6.5199226E-1,-1.3890678E-2,1.0043671E0,-5.0064003E-1],"split_indices":[6,0,7,0,8,8,0,8,1,9,0,4,8,0,0,0,0,0,0,0,6,0,3,1,7,0,0,0,7,2,7,1,0,0,7,0,9,0,7,0,4,0,0,0,0,0,0,0,0,0,0,0,0,0,0,0,0,0,0],"split_type":[1,1,1,0,1,1,1,1,1,1,1,1,1,1,1,0,1,0,0,0,1,1,1,1,1,0,0,1,1,1,1,1,0,0,1,0,1,0,1,0,1,0,0,0,0,0,0,0,0,0,0,0,0,0,0,0,0,0,0],"sum_hessian":[1.3778637E4,4.1692803E3,9.609356E3,5.416131E1,4.115119E3,8.763585E3,8.4577155E2,3.7291484E3,3.8597058E2,7.844838E3,9.187468E2,1.9754623E2,6.4822534E2,1.072679E3,2.6564695E3,2.850595E0,3.8312E2,7.8431274E3,1.7103571E0,6.003353E2,3.1841147E2,9.093398E1,1.0661226E2,1.9954166E1,6.282712E2,2.5940416E1,1.0467385E3,2.5735173E3,8.295232E1,8.836844E0,3.7428314E2,2.098038E2,1.0860767E2,4.7319878E1,4.3614105E1,4.2758927E0,1.02336365E2,1.7103571E0,1.8243809E1,6.168688E2,1.140238E1,1.7596724E3,8.138449E2,7.097982E1,1.19725E1,2.5655355E0,6.2713094E0,3.6231064E2,1.19725E1,2.7080654E1,1.8272314E2,4.2473866E1,1.140238E0,7.411547E0,9.492482E1,1.6818512E1,1.4252975E0,4.2758927E0,7.1264877E0],"tree_param":{"num_deleted":"0","num_feature":"10","num_nodes":"59","size_leaf_vector":"0"}},{"base_weights":[-1.2603269E0,7.047402E-1,-2.3506436E0,-8.63398E-1,7.4245864E-1,-1.333541E0,-3.448006E0,7.5585586E-1,-2.8747606E-1,-1.1686947E0,-3.90221E0,-3.8971133E0,-2.212356E-1,2.223997E-1,9.8260486E-1,-9.4614166E-1,6.22869E-1,-1.1558374E0,-2.6709113E0,-6.2542023E1,-1.7454207E0,-1.4483081E0,-1.4552505E0,3.257757E0,-3.5812528E0,3.1017852E-1,6.676086E-1,-1.7556051E0,8.428286E-2,2.0574424E0,-3.642289E-1,-3.4838808E-1,1.0237169E0,-9.1552776E-1,-4.9087065E-1,-3.65615E-1,-4.5401297E0,-4.5243478E-1,-1.276483E0,3.485255E0,-3.907208E0,-4.2428293E0,-6.319666E-1,-9.562248E-2,2.1471295E-1,-1.7842861E0,-3.4001565E-3,1.6376504E-1,-1.9633193E-1,1.7527395E0,4.6761274E-2,1.3006407E-2,-2.853585E-1,1.3814151E0,-3.1105542E-1,1.7055292E0,-1.1248838E0,-9.985038E0,3.9542118E-1,-1.5516716E-1,-3.9575455E-1,-1.2358327E0,-1.7027748E-1,-1.4083742E0,-6.0352445E-1,-1.3017526E-1,-6.376195E-1],"categories":[1,2,3,4,0,1,2,3,4,5,6,7,8,9,10,11,1,2,5,1,3,2,0,1,2,3,4,5,6,7,8,9,10,11,2,1,10,1,2,3,4,5,2,0,2,4,8,11,0,1,10,11,4,2,2,3,1,2,1,2,3,4,5,2,0,1,2,5,6,7,8,9,10,11,2,0,1,2,3,4,5,8,2,2,3,4,8,10,2,1,2,2,2],"categories_nodes":[0,1,2,4,5,6,7,8,9,10,11,12,14,15,16,17,18,20,22,23,24,26,27,28,29,30,32,34,36,38,40,41,42],"categories_segments":[0,4,16,19,20,21,22,34,35,36,37,42,43,48,52,53,54,55,56,58,63,64,74,75,82,83,85,86,88,89,90,91,92],"categories_sizes":[4,12,3,1,1,1,12,1,1,1,5,1,5,4,1,1,1,1,2,5,1,10,1,7,1,2,1,2,1,1,1,1,1],"default_left":[0,0,0,0,0,0,0,0,0,0,0,0,0,0,0,0,0,0,0,0,0,0,0,0,0,0,0,0,0,0,0,0,0,0,0,0,0,0,0,0,0,0,0,0,0,0,0,0,0,0,0,0,0,0,0,0,0,0,0,0,0,0,0,0,0,0,0],"id":1,"left_children":[1,3,5,-1,7,9,11,13,15,17,19,21,23,-1,25,27,29,31,33,-1,35,-1,37,39,41,-1,43,45,47,49,51,-1,53,-1,55,-1,57,-1,59,-1,61,63,65,-1,-1,-1,-1,-1,-1,-1,-1,-1,-1,-1,-1,-1,-1,-1,-1,-1,-1,-1,-1,-1,-1,-1,-1],"loss_changes":[2.2879215E4,5.1715466E2,7.6605547E3,0E0,5.226758E1,1.5053159E3,4.7855E3,1.1535645E1,3.0068005E1,6.165869E1,9.432516E4,6.581074E3,4.741119E3,0E0,2.8841858E0,2.4271067E1,3.0828602E1,4.0734375E1,2.1487457E1,0E0,3.0855634E2,0E0,5.649048E0,1.1982926E4,3.9982935E2,0E0,1.8317461E0,1.18702896E2,5.021459E0,6.248932E1,3.2548704E0,0E0,6.996953E1,0E0,1.2816211E2,0E0,5.6797266E3,0E0,5.4586487E0,0E0,7.4257935E1,1.6020386E2,1.0604407E1,0E0,0E0,0E0,0E0,0E0,0E0,0E0,0E0,0E0,0E0,0E0,0E0,0E0,0E0,0E0,0E0,0E0,0E0,0E0,0E0,0E0,0E0,0E0,0E0],"parents":[2147483647,0,0,1,1,2,2,4,4,5,5,6,6,7,7,8,8,9,9,10,10,11,11,12,12,14,14,15,15,16,16,17,17,18,18,20,20,22,22,23,23,24,24,26,26,27,27,28,28,29,29,30,30,32,32,34,34,36,36,38,38,40,40,41,41,42,42],"right_children":[2,4,6,-1,8,10,12,14,16,18,20,22,24,-1,26,28,30,32,34,-1,36,-1,38,40,42,-1,44,46,48,50,52,-1,54,-1,56,-1,58,-1,60,-1,62,64,66,-1,-1,-1,-1,-1,-1,-1,-1,-1,-1,-1,-1,-1,-1,-1,-1,-1,-1,-1,-1,-1,-1,-1,-1],"split_conditions":[NaN,NaN,NaN,-8.63398E-1,NaN,NaN,NaN,NaN,NaN,NaN,NaN,NaN,NaN,2.223997E-1,NaN,NaN,NaN,NaN,NaN,-6.2542023E1,NaN,-1.4483081E0,NaN,NaN,NaN,3.1017852E-1,NaN,NaN,NaN,NaN,NaN,-3.4838808E-1,NaN,-9.1552776E-1,NaN,-3.65615E-1,NaN,-4.5243478E-1,NaN,3.485255E0,NaN,NaN,NaN,-9.562248E-2,2.1471295E-1,-1.7842861E0,-3.4001565E-3,1.6376504E-1,-1.9633193E-1,1.7527395E0,4.6761274E-2,1.3006407E-2,-2.853585E-1,1.3814151E0,-3.1105542E-1,1.7055292E0,-1.1248838E0,-9.985038E0,3.9542118E-1,-1.5516716E-1,-3.9575455E-1,-1.2358327E0,-1.7027748E-1,-1.4083742E0,-6.0352445E-1,-1.3017526E-1,-6.376195E-1],"split_indices":[6,0,1,0,7,9,7,0,9,9,8,2,5,0,8,0,8,7,7,0,9,0,0,2,9,0,0,4,8,4,2,0,1,0,8,0,7,0,0,0,7,4,4,0,0,0,0,0,0,0,0,0,0,0,0,0,0,0,0,0,0,0,0,0,0,0,0],