{"learner":{"attributes":{"best_ntree_limit":"1"},"feature_names":[],"feature_types":["c","c","c","c","c","c","c","c","c","c","c"],"gradient_booster":{"model":{"gbtree_model_param":{"num_parallel_tree":"1","num_trees":"1","size_leaf_vector":"0"},"tree_info":[0],"trees":[{"base_weights":[-6.230729E-1,1.1255438E0,-1.386349E0,-5.860812E-1,1.1610913E0,-1.6163583E0,1.0052217E0,1.2514678E0,2.8525838E-1,-1.5128883E0,-2.513541E0,1.1334296E1,-2.1266663E0,4.5064065E-1,1.1471155E0,2.1634881E-1,-5.209089E-1,-4.5420647E-1,-6.6329575E-1,-7.855486E-1,-2.3089592E0,2.596101E1,-1.5264688E0,1.3164598E0,-2.3247178E0,3.9255932E-1,8.840795E-1,-9.818976E0,1.45665E-1,1.4654179E-1,-1.0998373E0,-2.1346614E0,-7.7967787E-1,1.54111595E1,-2.0899768E0,-7.877491E0,-2.6460063E-1,8.351507E0,-1.9980174E0,-7.120306E-1,4.0938088E-1,-6.849301E-2,3.3595037E-1,-1.03602295E1,3.2010578E-2,4.0408164E-1,-2.1354724E-1,-2.1594276E-1,2.3093164E-1,-4.4321847E-1,-1.8651131E-1,-2.569227E-1,-6.986066E-1,-6.616641E-1,7.290491E-2,2.9946632E0,-2.1594276E-1,-6.587391E-1,2.117185E-3,1.6813612E0,-6.047461E-1],"categories":[1,2,3,4,0,1,2,3,4,5,6,7,8,9,10,11,2,0,3,4,5,1,2,3,4,5,6,7,8,10,11,1,0,1,2,3,4,5,6,7,8,10,11,1,3,4,1,2,3,1,3,4,5,8,10,11,1,0,1,1,1,2,3,4,5,6,7,8,1,1,2,0,1,1,1,0,1,2,3,4,5,6,1,0,1,2,3,4,5,6,7,2,1,2,1],"categories_nodes":[0,1,2,4,5,6,7,8,9,10,11,12,14,16,18,20,21,22,23,24,26,27,28,29,30,31,34,37,38,40],"categories_segments":[0,4,16,17,21,31,32,43,44,46,49,50,56,57,59,60,61,68,69,70,71,73,74,75,82,83,91,92,93,94],"categories_sizes":[4,12,1,4,10,1,11,1,2,3,1,6,1,2,1,1,7,1,1,1,2,1,1,7,1,8,1,1,1,1],"default_left":[0,0,0,0,0,0,0,0,0,0,0,0,0,0,0,0,0,0,0,0,0,0,0,0,0,0,0,0,0,0,0,0,0,0,0,0,0,0,0,0,0,0,0,0,0,0,0,0,0,0,0,0,0,0,0,0,0,0,0,0,0],"id":0,"left_children":[1,3,5,-1,7,9,11,13,15,17,19,21,23,-1,25,-1,27,-1,29,-1,31,33,35,37,39,-1,41,43,45,47,49,51,-1,-1,53,-1,-1,55,57,-1,59,-1,-1,-1,-1,-1,-1,-1,-1,-1,-1,-1,-1,-1,-1,-1,-1,-1,-1,-1,-1],"loss_changes":[1.516368E4,3.8016504E2,4.352035E3,0E0,2.6985498E2,6.6599023E2,2.2490705E4,7.9211914E1,1.1304006E2,5.225586E0,9.94043E0,3.0465137E4,3.6703564E2,0E0,9.177881E1,0E0,7.02387E2,0E0,3.837914E0,0E0,7.638916E0,5.408567E4,1.3637007E3,7.0852734E2,6.82478E1,0E0,2.1936621E2,1.8631929E3,1.1067938E2,2.9973304E0,3.2260704E-1,3.9810608E1,0E0,0E0,1.0500107E1,0E0,0E0,1.5060187E2,8.333527E0,0E0,1.3344968E2,0E0,0E0,0E0,0E0,0E0,0E0,0E0,0E0,0E0,0E0,0E0,0E0,0E0,0E0,0E0,0E0,0E0,0E0,0E0,0E0],"parents":[2147483647,0,0,1,1,2,2,4,4,5,5,6,6,7,7,8,8,9,9,10,10,11,11,12,12,14,14,16,16,18,18,20,20,21,21,22,22,23,23,24,24,26,26,27,27,28,28,29,29,30,30,31,31,34,34,37,37,38,38,40,40],"right_children":[2,4,6,-1,8,10,12,14,16,18,20,22,24,-1,26,-1,28,-1,30,-1,32,34,36,38,40,-1,42,44,46,48,50,52,-1,-1,54,-1,-1,56,58,-1,60,-1,-1,-1,-1,-1,-1,-1,-1,-1,-1,-1,-1,-1,-1,-1,-1,-1,-1,-1,-1],"split_conditions":[NaN,NaN,NaN,-5.860812E-1,NaN,NaN,NaN,NaN,NaN,NaN,NaN,NaN,NaN,4.5064065E-1,NaN,2.1634881E-1,NaN,-4.5420647E-1,NaN,-7.855486E-1,NaN,NaN,NaN,NaN,NaN,3.9255932E-1,NaN,NaN,NaN,NaN,NaN,NaN,-7.7967787E-1,1.54111595E1,NaN,-7.877491E0,-2.6460063E-1,NaN,NaN,-7.120306E-1,NaN,-6.849301E-2,3.3595037E-1,-1.03602295E1,3.2010578E-2,4.0408164E-1,-2.1354724E-1,-2.1594276E-1,2.3093164E-1,-4.4321847E-1,-1.8651131E-1,-2.569227E-1,-6.986066E-1,-6.616641E-1,7.290491E-2,2.9946632E0,-2.1594276E-1,-6.587391E-1,2.117185E-3,1.6813612E0,-6.047461E-1],"split_indices":[7,1,8,0,9,9,1,9,0,7,1,5,9,0,0,0,3,0,1,0,7,1,4,10,8,0,3,4,0,2,0,2,0,0,8,0,0,0,8,0,5,0,0,0,0,0,0,0,0,0,0,0,0,0,0,0,0,0,0,0,0],"split_type":[1,1,1,0,1,1,1,1,1,1,1,1,1,0,1,0,1,0,1,0,1,1,1,1,1,0,1,1,1,1,1,1,0,0,1,0,0,1,1,0,1,0,0,0,0,0,0,0,0,0,0,0,0,0,0,0,0,0,0,0,0],"sum_hessian":[1.135914E4,3.4514995E3,7.9076396E3,3.877561E1,3.4127239E3,7.214144E3,6.93496E2,3.093119E3,3.1960504E2,6.4705923E3,7.4355176E2,1.6074254E2,5.327534E2,9.052343E2,2.1878845E3,2.0750827E2,1.1209677E2,6.461192E3,9.400148E0,4.8363763E2,2.599141E2,7.473118E1,8.601136E1,2.8670452E1,5.0408295E2,1.3533864E3,8.3449817E2,6.580104E0,1.0551666E2,3.5250556E0,5.8750925E0,1.6755765E2,9.235646E1,3.877561E1,3.5955566E1,1.1750185E0,8.483634E1,8.695137E0,1.9975315E1,4.9538782E2,8.695137E0,1.459373E2,6.8856085E2,1.1750185E0,5.4050856E0,4.371069E1,6.1805977E1,1.4100223E0,2.1150334E0,2.1150334E0,3.7600594E0,2.279536E1,1.4476228E2,3.4310543E1,1.645026E0,7.2851152E0,1.4100223E0,1.8095285E1,1.8800297E0,2.350037E0,6.3451004E0],"tree_param":{"num_deleted":"0","num_feature":"11","num_nodes":"61","size_leaf_vector":"0"}}]},"name":"gbtree"},"learner_model_param":{"base_score":"5E-1","num_class":"0","num_feature":"11","num_target":"1"},"objective":{"name":"reg:squarederror","reg_loss_param":{"scale_pos_weight":"1"}}},"version":[1,6,2]}