{"learner":{"attributes":{"best_ntree_limit":"3"},"feature_names":[],"feature_types":["c","c","c","c","c","c","c","c","c","c"],"gradient_booster":{"model":{"gbtree_model_param":{"num_parallel_tree":"1","num_trees":"3","size_leaf_vector":"0"},"tree_info":[0,0,0],"trees":[{"base_weights":[-5.251203E-1,4.876893E-1,-9.6460193E-1,-4.1272646E-1,5.097029E-1,-1.1005673E0,4.193513E-1,5.59021E-1,2.5170136E-2,-1.0410433E0,-1.6183617E0,6.187123E0,-1.408086E0,7.05509E-1,4.9933448E-1,-8.031368E-2,6.6984415E-1,-3.1240454E-1,7.631821E-2,-5.050714E-1,-1.4904015E0,1.3400006E1,-1.0281954E0,-4.0386173E-1,-1.5120163E0,6.6990596E-1,7.20969E-1,5.1728547E-1,-6.998456E-2,-9.722816E-3,-4.395684E-1,1.4255737E0,-4.8308328E-1,-1.3754281E0,-5.0592244E-1,6.9387326E0,-1.4043154E0,-6.398481E-1,-9.9822724E-1,1.0214269E0,-1.6060507E0,-5.7312137E-1,-1.4257567E0,2.014721E-1,5.554911E-2,2.5055483E-1,2.0836647E-1,1.5077662E-1,2.1134856E-1,2.1354202E-2,-2.5989255E-1,1.2562579E0,-4.1680843E-2,-5.4914128E-2,-2.4512139E-1,-2.0216148E-1,-4.4896063E-1,-4.4341204E-1,1.4329507E-2,1.7379148E-1,-3.700624E-1,2.9593349E0,-4.7687504E-1,-5.129744E-1,1.5489157E-1,-3.2056627E-1,-4.6770078E-1],"categories":[1,2,3,4,0,1,2,3,4,5,6,7,8,9,10,11,2,0,3,4,5,1,2,3,4,5,6,7,8,10,11,1,0,1,2,3,4,5,6,7,8,10,11,2,1,1,2,3,1,1,3,4,1,1,5,1,1,0,1,2,3,4,5,6,7,8,9,2,1,10,1,1,0,1,2,3,5,6,9,10,11,2,1,4,1,4,1,2,3,6,7,2,5,1,2,4,5,7,8,10,11],"categories_nodes":[0,1,2,4,5,6,7,8,9,10,11,12,13,14,15,16,20,21,22,23,24,25,26,27,28,31,32,33,36,38,39,40,42],"categories_segments":[0,4,16,17,21,31,32,43,44,45,48,49,52,53,54,55,56,57,67,68,70,71,72,81,82,83,84,86,91,92,93,94,95],"categories_sizes":[4,12,1,4,10,1,11,1,1,3,1,3,1,1,1,1,1,10,1,2,1,1,9,1,1,1,2,5,1,1,1,1,6],"default_left":[0,0,0,0,0,0,0,0,0,0,0,0,0,0,0,0,0,0,0,0,0,0,0,0,0,0,0,0,0,0,0,0,0,0,0,0,0,0,0,0,0,0,0,0,0,0,0,0,0,0,0,0,0,0,0,0,0,0,0,0,0,0,0,0,0,0,0],"id":0,"left_children":[1,3,5,-1,7,9,11,13,15,17,19,21,23,25,27,29,31,-1,-1,-1,33,35,37,39,41,43,45,47,49,-1,-1,51,53,55,-1,-1,57,-1,59,61,63,-1,65,-1,-1,-1,-1,-1,-1,-1,-1,-1,-1,-1,-1,-1,-1,-1,-1,-1,-1,-1,-1,-1,-1,-1,-1],"loss_changes":[8.692316E3,2.4313184E2,2.563045E3,0E0,1.3957849E2,3.8051367E2,1.2856987E4,4.600415E1,3.6823235E1,4.663086E0,8.144287E0,1.5287184E4,9.60874E1,3.6047363E-1,3.8569702E1,3.0839788E1,6.70284E1,0E0,0E0,0E0,7.5896606E0,2.1181332E4,2.7584534E0,1.5286725E2,2.6116577E1,2.6213074E-1,2.6038208E0,9.703064E0,1.3116421E1,0E0,0E0,2.0041026E2,2.9462657E0,2.299945E1,0E0,0E0,6.405205E0,0E0,5.4771667E1,9.621807E2,1.1522102E1,0E0,3.1356567E1,0E0,0E0,0E0,0E0,0E0,0E0,0E0,0E0,0E0,0E0,0E0,0E0,0E0,0E0,0E0,0E0,0E0,0E0,0E0,0E0,0E0,0E0,0E0,0E0],"parents":[2147483647,0,0,1,1,2,2,4,4,5,5,6,6,7,7,8,8,9,9,10,10,11,11,12,12,13,13,14,14,15,15,16,16,20,20,21,21,22,22,23,23,24,24,25,25,26,26,27,27,28,28,31,31,32,32,33,33,36,36,38,38,39,39,40,40,42,42],"right_children":[2,4,6,-1,8,10,12,14,16,18,20,22,24,26,28,30,32,-1,-1,-1,34,36,38,40,42,44,46,48,50,-1,-1,52,54,56,-1,-1,58,-1,60,62,64,-1,66,-1,-1,-1,-1,-1,-1,-1,-1,-1,-1,-1,-1,-1,-1,-1,-1,-1,-1,-1,-1,-1,-1,-1,-1],"split_conditions":[NaN,NaN,NaN,-4.1272646E-1,NaN,NaN,NaN,NaN,NaN,NaN,NaN,NaN,NaN,NaN,NaN,NaN,NaN,-3.1240454E-1,7.631821E-2,-5.050714E-1,NaN,NaN,NaN,NaN,NaN,NaN,NaN,NaN,NaN,-9.722816E-3,-4.395684E-1,NaN,NaN,NaN,-5.0592244E-1,6.9387326E0,NaN,-6.398481E-1,NaN,NaN,NaN,-5.7312137E-1,NaN,2.014721E-1,5.554911E-2,2.5055483E-1,2.0836647E-1,1.5077662E-1,2.1134856E-1,2.1354202E-2,-2.5989255E-1,1.2562579E0,-4.1680843E-2,-5.4914128E-2,-2.4512139E-1,-2.0216148E-1,-4.4896063E-1,-4.4341204E-1,1.4329507E-2,1.7379148E-1,-3.700624E-1,2.9593349E0,-4.7687504E-1,-5.129744E-1,1.5489157E-1,-3.2056627E-1,-4.6770078E-1],"split_indices":[6,0,7,0,8,8,0,8,7,3,0,4,2,9,0,6,0,0,0,0,6,0,9,8,0,5,0,7,7,0,0,8,2,1,0,0,7,0,1,6,7,0,8,0,0,0,0,0,0,0,0,0,0,0,0,0,0,0,0,0,0,0,0,0,0,0,0],"split_type":[1,1,1,0,1,1,1,1,1,1,1,1,1,1,1,1,1,0,0,0,1,1,1,1,1,1,1,1,1,0,0,1,1,1,0,0,1,0,1,1,1,0,1,0,0,0,0,0,0,0,0,0,0,0,0,0,0,0,0,0,0,0,0,0,0,0,0],"sum_hessian":[1.952636E4,5.9088887E3,1.361747E4,6.827116E1,5.8406177E3,1.2399496E4,1.2179736E3,5.300912E3,5.397057E2,1.1123755E4,1.2757415E3,2.9247525E2,9.2549835E2,1.5314553E3,3.7694565E3,4.6456705E2,7.513867E1,1.1121331E4,2.4238281E0,8.370286E2,4.387129E2,1.4583365E2,1.466416E2,8.725781E1,8.3824054E2,4.7709015E2,1.0543652E3,3.6543247E3,1.15131836E2,4.5002408E2,1.4542969E1,4.524479E1,2.9893879E1,2.8156802E2,1.5714485E2,8.766178E1,5.8171875E1,2.0198567E0,1.4462173E2,3.9993164E1,4.726465E1,1.4542969E2,6.9281085E2,4.750703E2,2.0198567E0,1.9229036E2,8.620748E2,3.3917434E3,2.6258136E2,9.856901E1,1.6562824E1,1.5754883E1,2.9489908E1,1.6562824E1,1.3331055E1,4.2416992E1,2.3915103E2,5.5344074E1,2.8277993E0,1.8582682E1,1.2603906E2,8.483398E0,3.1509766E1,4.524479E1,2.0198567E0,1.9067447E2,5.0213638E2],"tree_param":{"num_deleted":"0","num_feature":"10","num_nodes":"67","size_leaf_vector":"0"}},{"base_weights":[-2.7507138E-1,2.5426817E-1,-5.2769345E-1,3.573023E-1,-8.745612E-1,-6.7753994E-1,9.282733E-1,2.2808816E-1,4.321117E-1,-1.3477884E1,-7.083503E-1,-1.8785386E-1,-1.0943456E0,5.4100766E0,-1.5666317E0,2.042573E-1,3.662495E-1,2.3438053E0,3.2003608E-1,-1.26332855E1,-4.5836675E-1,1.2649078E0,-9.4593936E-1,-3.4087417E-1,-9.9620557E-1,1.7741787E1,-6.000122E-1,-6.217855E-1,-7.121361E0,2.0696962E-1,-3.4673733E-1,6.3924456E-1,2.4972336E-1,6.410263E1,4.6619982E-1,3.3884883E-1,-3.1830165E-1,1.4544496E-1,-8.331989E-1,6.150124E0,-2.7090278E-1,-5.968969E0,-8.2708794E-1,-7.7849716E-1,-3.0434626E-1,4.763805E2,-8.7875295E-1,-2.9902664E-1,-9.894103E-1,1.360115E1,-1.0887029E0,-2.4143272E1,-5.2455378E0,6.1158463E-2,1.1456286E-1,-1.2219456E-3,-2.2312954E-1,1.9453306E-1,4.490818E-2,9.413604E-2,1.0680369E-2,3.9479687E1,-1.2452061E-2,3.227508E-1,9.355768E-2,9.8724715E-2,1.7312092E-1,-1.0744228E0,5.4890964E-2,-4.3976837E-4,-3.5233903E-1,1.3034152E-2,-3.0794227E-1,-2.033967E-2,-3.832509E-1,-1.10632464E-1,-2.846429E-1,2.601391E2,-1.21207796E-1,4.8545542E-1,-3.4767774E-1,-1.6857803E-1,1.5788035E-2,-2.4418254E-1,-3.948185E-1,8.128844E0,-2.881136E-1,-3.3301768E-1,1.19702525E-1,-4.02864E0,-4.622166E-1],"categories":[1,2,3,3,4,5,2,1,1,2,3,4,5,6,1,1,3,0,1,2,3,4,5,9,10,11,3,5,3,5,1,2,1,2,5,6,8,0,1,3,4,5,6,7,8,10,11,0,4,1,0,2,3,4,5,6,7,8,0,1,2,3,4,5,6,7,8,9,10,11,1,2,3,4,5,6,8,10,1,1,2,1,3,4,5,6,10,11,3,4,5,6,8,11,0,1,2,3,4,5,6,7,8,9,10,11,4,1,0,1,2,5,7,2,0,1,3,4,5,6,8,10,11,0,1,2,3,4,5,6,7,1,0,1,2,1,5,3,4,5,8,10,11,2,3,5,6,7,1,1,2,2,0,1,2,3,4,5,6,7],"categories_nodes":[0,1,2,3,4,5,6,7,8,9,10,12,13,14,15,16,17,18,20,21,22,24,25,26,27,28,29,30,31,32,33,34,35,36,38,40,42,43,45,46,47,48,49,50,52],"categories_segments":[0,3,6,7,8,14,15,16,17,26,28,30,32,33,35,37,47,49,50,58,70,78,79,80,81,88,94,106,107,108,113,114,123,131,132,135,136,137,143,144,148,149,150,151,152],"categories_sizes":[3,3,1,1,6,1,1,1,9,2,2,2,1,2,2,10,2,1,8,12,8,1,1,1,7,6,12,1,1,5,1,9,8,1,3,1,1,6,1,4,1,1,1,1,8],"default_left":[0,0,0,0,0,0,0,0,0,0,0,0,0,0,0,0,0,0,0,0,0,0,0,0,0,0,0,0,0,0,0,0,0,0,0,0,0,0,0,0,0,0,0,0,0,0,0,0,0,0,0,0,0,0,0,0,0,0,0,0,0,0,0,0,0,0,0,0,0,0,0,0,0,0,0,0,0,0,0,0,0,0,0,0,0,0,0,0,0,0,0],"id":1,"left_children":[1,3,5,7,9,11,13,15,17,19,21,-1,23,25,27,29,31,33,35,-1,37,39,41,-1,43,45,47,49,51,53,55,57,59,61,63,65,67,-1,69,-1,71,-1,73,75,-1,77,79,81,83,85,87,-1,89,-1,-1,-1,-1,-1,-1,-1,-1,-1,-1,-1,-1,-1,-1,-1,-1,-1,-1,-1,-1,-1,-1,-1,-1,-1,-1,-1,-1,-1,-1,-1,-1,-1,-1,-1,-1,-1,-1],