{"learner":{"attributes":{"best_ntree_limit":"7"},"feature_names":[],"feature_types":["c","c","c","c","c","c","c","c","c","c"],"gradient_booster":{"model":{"gbtree_model_param":{"num_parallel_tree":"1","num_trees":"2","size_leaf_vector":"0"},"tree_info":[0,0],"trees":[{"base_weights":[-5.1352555E-1,9.2655724E-1,-1.1438416E0,-4.5548227E-1,9.575334E-1,-1.3322114E0,8.153389E-1,1.0416213E0,3.9070922E-1,-1.2462194E0,-2.058919E0,1.0324899E1,-1.7652993E0,1.2326741E0,9.5934457E-1,-1.2696816E0,4.6594048E-1,-3.7415695E-1,-5.1792926E-1,-6.4651895E-1,-1.8732847E0,2.7337685E1,-1.2551031E0,3.4645915E0,-1.9402647E0,3.3368355E-1,1.2510511E0,9.819775E-1,2.7478775E-1,6.600605E-1,-2.2133392E-1,3.920493E-1,-8.0338705E-1,-1.599368E0,-2.1222832E0,2.173367E1,-1.8697057E0,-1.0188305E0,-1.0895652E0,1.7690384E1,-1.6422318E0,-5.950082E-1,3.5303944E-1,4.271451E-1,3.688216E-1,3.0337903E-1,2.3695257E-1,1.3444708E-1,-2.2965263E-1,4.399537E-1,1.6115235E-1,-9.778504E-3,-5.3251487E-1,-1.3890678E-2,2.116815E-1,-2.9188246E-1,7.1510166E-2,-2.7654448E-1,-6.4404446E-1,-8.0057603E-1,-5.588187E-1,-5.8526736E-1,1.0980549E-1,2.2754574E0,-4.406849E-1,1.56305275E1,-5.158751E-1,-5.887482E-1,3.347597E-2,9.196957E-1,-5.6839067E-1],"categories":[1,2,3,4,0,1,2,3,4,5,6,7,8,9,10,11,2,0,3,4,5,6,1,2,3,4,5,6,7,8,10,11,1,0,1,2,3,4,5,6,7,8,10,11,0,1,2,3,4,5,6,7,0,1,2,3,4,5,6,7,8,9,10,11,1,2,3,1,3,4,5,6,8,10,11,0,1,2,3,4,5,0,1,0,1,2,10,11,1,4,0,1,2,3,4,5,6,7,8,9,2,2,2,0,2,3,4,5,6,7,0,1,2,1,0,1,2,3,4,6,7,8,10,11,1,0,1,2,3,1,1,0,1,2,3,2,5,1,2,2,1],"categories_nodes":[0,1,2,4,5,6,7,8,9,10,11,12,13,14,16,18,20,21,22,23,24,26,27,28,29,30,31,32,33,34,36,38,39,40,42],"categories_segments":[0,4,16,17,22,32,33,44,52,64,67,68,75,81,83,88,89,90,100,101,102,103,110,113,114,124,125,129,130,131,135,136,137,139,140],"categories_sizes":[4,12,1,5,10,1,11,8,12,3,1,7,6,2,5,1,1,10,1,1,1,7,3,1,10,1,4,1,1,4,1,1,2,1,1],"default_left":[0,0,0,0,0,0,0,0,0,0,0,0,0,0,0,0,0,0,0,0,0,0,0,0,0,0,0,0,0,0,0,0,0,0,0,0,0,0,0,0,0,0,0,0,0,0,0,0,0,0,0,0,0,0,0,0,0,0,0,0,0,0,0,0,0,0,0,0,0,0,0],"id":0,"left_children":[1,3,5,-1,7,9,11,13,15,17,19,21,23,25,27,-1,29,-1,31,-1,33,35,37,39,41,-1,43,45,47,49,51,53,55,57,59,-1,61,-1,63,65,67,-1,69,-1,-1,-1,-1,-1,-1,-1,-1,-1,-1,-1,-1,-1,-1,-1,-1,-1,-1,-1,-1,-1,-1,-1,-1,-1,-1,-1,-1],"loss_changes":[1.25089375E4,3.1919702E2,3.5384277E3,0E0,1.9709766E2,5.438955E2,2.0665707E4,5.5530273E1,1.8870602E2,4.8808594E0,1.2449463E1,3.544303E4,6.130552E2,1.00354E0,3.8872314E1,0E0,7.075066E1,0E0,3.4625683E0,0E0,1.862439E1,9.609437E4,3.454033E1,1.6134702E3,6.413208E1,0E0,1.7316895E0,1.2959473E1,1.5175844E1,4.0132385E1,3.4341217E1,5.2274543E-1,1.9190879E0,5.654648E1,1.8574219E1,0E0,8.91539E0,0E0,3.4558713E2,3.9942832E3,9.746979E0,0E0,8.316453E1,0E0,0E0,0E0,0E0,0E0,0E0,0E0,0E0,0E0,0E0,0E0,0E0,0E0,0E0,0E0,0E0,0E0,0E0,0E0,0E0,0E0,0E0,0E0,0E0,0E0,0E0,0E0,0E0],"parents":[2147483647,0,0,1,1,2,2,4,4,5,5,6,6,7,7,8,8,9,9,10,10,11,11,12,12,13,13,14,14,16,16,18,18,20,20,21,21,22,22,23,23,24,24,26,26,27,27,28,28,29,29,30,30,31,31,32,32,33,33,34,34,36,36,38,38,39,39,40,40,42,42],"right_children":[2,4,6,-1,8,10,12,14,16,18,20,22,24,26,28,-1,30,-1,32,-1,34,36,38,40,42,-1,44,46,48,50,52,54,56,58,60,-1,62,-1,64,66,68,-1,70,-1,-1,-1,-1,-1,-1,-1,-1,-1,-1,-1,-1,-1,-1,-1,-1,-1,-1,-1,-1,-1,-1,-1,-1,-1,-1,-1,-1],"split_conditions":[NaN,NaN,NaN,-4.5548227E-1,NaN,NaN,NaN,NaN,NaN,NaN,NaN,NaN,NaN,NaN,NaN,-1.2696816E0,NaN,-3.7415695E-1,NaN,-6.4651895E-1,NaN,NaN,NaN,NaN,NaN,3.3368355E-1,NaN,NaN,NaN,NaN,NaN,NaN,NaN,NaN,NaN,2.173367E1,NaN,-1.0188305E0,NaN,NaN,NaN,-5.950082E-1,NaN,4.271451E-1,3.688216E-1,3.0337903E-1,2.3695257E-1,1.3444708E-1,-2.2965263E-1,4.399537E-1,1.6115235E-1,-9.778504E-3,-5.3251487E-1,-1.3890678E-2,2.116815E-1,-2.9188246E-1,7.1510166E-2,-2.7654448E-1,-6.4404446E-1,-8.0057603E-1,-5.588187E-1,-5.8526736E-1,1.0980549E-1,2.2754574E0,-4.406849E-1,1.56305275E1,-5.158751E-1,-5.887482E-1,3.347597E-2,9.196957E-1,-5.6839067E-1],"split_indices":[6,0,7,0,8,8,0,8,1,0,0,4,8,2,0,0,0,0,0,0,2,0,9,5,7,0,1,0,7,0,7,1,3,6,0,0,7,0,1,2,7,0,4,0,0,0,0,0,0,0,0,0,0,0,0,0,0,0,0,0,0,0,0,0,0,0,0,0,0,0,0],"split_type":[1,1,1,0,1,1,1,1,1,1,1,1,1,1,1,0,1,0,1,0,1,1,1,1,1,0,1,1,1,1,1,1,1,1,1,0,1,0,1,1,1,0,1,0,0,0,0,0,0,0,0,0,0,0,0,0,0,0,0,0,0,0,0,0,0,0,0,0,0,0,0],"sum_hessian":[1.3778637E4,4.194651E3,9.583986E3,5.1880833E1,4.14277E3,8.743631E3,8.4035547E2,3.606858E3,5.3591187E2,7.8208926E3,9.227376E2,1.7873232E2,6.616231E2,1.0815157E3,2.5253423E3,7.6966066E0,5.282153E2,7.8097754E3,1.1117321E1,6.0090546E2,3.2183218E2,7.1835E1,1.06897316E2,2.0809345E1,6.408138E2,1.5136661E2,9.301492E2,2.4441003E3,8.124196E1,4.1191098E2,1.1630428E2,2.5655355E0,8.551785E0,1.5678273E2,1.6504945E2,2.7650772E1,4.4184223E1,6.2713094E0,1.0062601E2,4.8460116E0,1.5963333E1,6.2912634E2,1.168744E1,9.635011E1,8.337991E2,2.117137E3,3.2696326E2,7.012464E1,1.1117321E1,5.302107E1,3.5888992E2,1.04616844E2,1.168744E1,1.4252975E0,1.140238E0,7.411547E0,1.140238E0,7.126488E1,8.551785E1,5.0170475E1,1.1487898E2,4.2758926E1,1.4252975E0,3.4207141E0,9.720529E1,1.140238E0,3.7057736E0,1.3397797E1,2.5655355E0,5.131071E0,6.556369E0],"tree_param":{"num_deleted":"0","num_feature":"10","num_nodes":"71","size_leaf_vector":"0"}},{"base_weights":[-2.608219E-1,-1.2575201E0,2.892611E-1,-1.5249572E0,-1.7912436E-2,3.02532E2,-6.8747824E-1,-1.4984746E0,-5.061754E0,7.011675E-1,-3.2630545E-1,1.0306512E3,3.9675683E-2,-2.621385E-1,-4.472025E0,-4.5121983E-1,1.2408633E0,3.040157E-1,-9.7063265E0,-1.9014853E-1,7.295557E-1,-1.4227462E-1,1.7379243E0,-3.0219407E0,1.0023962E0,-4.4537842E-1,9.191486E-2,-1.7990097E1,-3.2105482E0,2.143999E0,-3.8243595E-1,6.593933E-1,-2.2204751E-1,-3.2654119E0,-2.8953198E-1,7.896206E-1,3.7499052E-1,3.7934265E0,-8.9697796E-1,2.122901E0,1.8395181E-1,-1.3904056E-1,1.7997746E0,-2.9809587E1,4.5871027E-2,-1.6161846E0,-5.6225553E0,1.2682498E0,-5.6148842E-2,2.1294238E-1,5.0772287E-2,2.4276054E-1,-1.4387001E-1,3.2462844E-1,3.6045987E-2,4.468484E0,-2.0324956E-1,-1.8881029E-1,-4.7755268E-1,1.18933536E-1,-7.003649E-2,-4.1198883E-2,-4.5066938E-1,7.587483E0,-1.5192E-1,-1.2430441E2,-4.6121773E-1,1.8392088E0,-1.0981802E0,-6.4618236E-1,-4.1797492E-1,-9.738995E0,-1.3684994E0],"categories":[1,3,0,1,2,3,4,3,4,6,1,2,3,0,4,3,4,6,7,2,0,1,2,3,4,0,1,2,3,4,5,6,7,2,2,1,1,5,6,8,9,10,11,1,0,1,2,3,4,5,6,8,2,0,3,4,5,11,1,2,0,1,2,3,4,5,6,7,8,9,10,11,2,2,2,3,4,5,6,7,8,9,0,1,2,3,4,5,6,7,8,9,10,11,0,1,2,3,4,5,6,7,8,2,0,1,2,3,5,1,1,0,4,5,6,0,1,2,3,4,5,6,7,8,10,1,3,1,1,2,3,4,1,3],"categories_nodes":[0,1,2,3,4,5,6,7,8,9,10,12,13,14,16,17,18,20,22,24,26,27,28,29,31,35,36,37,38,40,41,42,43,44,45,46],"categories_segments":[0,1,2,7,10,13,15,19,20,25,33,34,35,36,43,44,52,53,58,60,72,73,74,82,94,103,104,109,110,111,115,125,126,127,128,132],"categories_sizes":[1,1,5,3,3,2,4,1,5,8,1,1,1,7,1,8,1,5,2,12,1,1,8,12,9,1,5,1,1,4,10,1,1,1,4,2],"default_left":[0,0,0,0,0,0,0,0,0,0,0,0,0,0,0,0,0,0,0,0,0,0,0,0,0,0,0,0,0,0,0,0,0,0,0,0,0,0,0,0,0,0,0,0,0,0,0,0,0,0,0,0,0,0,0,0,0,0,0,0,0,0,0,0,0,0,0,0,0,0,0,0,0],"id":1,"left_children":[1,3,5,7,9,11,13,15,17,19,21,-1,23,25,27,-1,29,31,33,-1,35,-1,37,-1,39,-1,41,43,45,47,-1,49,-1,-1,-1,51,53,55,57,-1,59,61,63,65,67,69,71,-1,-1,-1,-1,-1,-1,-1,-1,-1,-1,-1,-1,-1,-1,-1,-1,-1,-1,-1,-1,-1,-1,-1,-1,-1,-1],"loss_changes":[6.86958E3,1.4771709E3,2.3837805E6,3.3570312E2,1.758049E2,2.465027E7,1.2955582E4,5.76084E1,6.71326E2,9.48053E0,1.702495E2,0E0,2.5077177E2,3.132381E3,1.3808928E4,0E0,2.0820686E1,5.465313E0,1.378833E2,0E0,4.6760254E0,0E0,2.0551166E2,0E0,1.1542783E2,0E0,2.214077E3,1.4750738E4,2.8558057E3,3.1054796E1,0E0,1.4022493E-1,0E0,0E0,0E0,5.32724E0,6.3075533E0,1.0600718E3,2.189519E0,0E0,2.0189986E0,1.132695E1,3.6237996E4,4.5379228E5,6.6271954E2,5.0936523E1,8.282403E3,0E0,0E0,0E0,0E0,0E0,0E0,0E0,0E0,0E0,0E0,0E0,0E0,0E0,0E0,0E0,0E0,0E0,0E0,0E0,0E0,0E0,0E0,0E0,0E0,0E0,0E0],"parents":[2147483647,0,0,1,1,2,2,3,3,4,4,5,5,6,6,7,7,8,8,9,9,10,10,12,12,13,13,14,14,16,16,17,17,18,18,20,20,22,22,24,24,26,26,27,27,28,28,29,29,31,31,35,35,36,36,37,37,38,38,40,40,41,41,42,42,43,43,44,44,45,45,46,46],