{"learner":{"attributes":{"best_ntree_limit":"4"},"feature_names":[],"feature_types":["c","c","c","c","c","c","c","c","c","c","c"],"gradient_booster":{"model":{"gbtree_model_param":{"num_parallel_tree":"1","num_trees":"4","size_leaf_vector":"0"},"tree_info":[0,0,0,0],"trees":[{"base_weights":[-6.2289685E-1,1.1216464E0,-1.3840969E0,-5.778288E-1,1.1617293E0,-1.611375E0,1.0050793E0,1.2486677E0,2.992198E-1,-1.5098766E0,-2.5182643E0,1.2551669E1,-2.1413093E0,4.4979241E-1,1.1467189E0,-2.8640647E0,4.1939157E-1,-1.5065796E0,-7.189144E-1,-1.4531395E0,-2.5355446E0,3.3227688E1,-1.5247333E0,6.2883615E0,-2.3287673E0,3.8872167E-1,9.012328E-1,2.7036265E-1,-4.2405033E-1,-4.522883E-1,-8.911312E-1,-6.047461E-1,-7.1619886E-1,-7.8512746E-1,-7.018828E-1,2.528232E1,-2.1894534E0,-4.5196977E0,-8.6546975E-1,9.380112E0,-2.180579E0,-7.109108E-1,2.3998824E-1,-5.3137776E-2,3.3555728E-1,-2.4367642E0,5.4021202E-2,-2.4500782E-2,-4.5232347E-1,1.574978E-1,-3.2547897E-1,-6.943133E-1,1.574978E-1,1.8518376E0,-4.3846497E-1,-7.365637E-1,-9.146257E-2,8.395329E-1,-5.4995006E-1],"categories":[1,2,3,4,0,1,2,3,4,5,6,7,8,9,10,11,2,0,3,4,5,1,2,3,1,0,1,2,3,4,5,6,7,8,10,11,0,1,2,3,4,5,6,7,3,4,5,1,2,3,4,5,6,7,8,10,11,1,3,4,5,6,8,10,11,1,1,1,2,3,0,1,2,3,4,5,6,7,8,9,10,11,1,2,0,1,2,3,4,5,6,7,8,9,1,1,2,0,1,0,1,1,10,0,1,2,3,4,5,2,2,2,1],"categories_nodes":[0,1,2,4,5,6,7,8,9,10,11,12,14,16,17,19,20,21,22,23,24,26,28,30,32,36,38,40,42],"categories_segments":[0,4,16,17,21,24,25,36,44,47,57,58,65,66,67,70,82,84,94,95,96,97,99,101,103,109,110,111,112],"categories_sizes":[4,12,1,4,3,1,11,8,3,10,1,7,1,1,3,12,2,10,1,1,1,2,2,2,6,1,1,1,1],"default_left":[0,0,0,0,0,0,0,0,0,0,0,0,0,0,0,0,0,0,0,0,0,0,0,0,0,0,0,0,0,0,0,0,0,0,0,0,0,0,0,0,0,0,0,0,0,0,0,0,0,0,0,0,0,0,0,0,0,0,0],"id":0,"left_children":[1,3,5,-1,7,9,11,13,15,17,19,21,23,-1,25,-1,27,29,-1,31,33,35,37,39,41,-1,43,-1,45,-1,47,-1,49,-1,-1,-1,51,-1,53,-1,55,-1,57,-1,-1,-1,-1,-1,-1,-1,-1,-1,-1,-1,-1,-1,-1,-1,-1],"loss_changes":[1.5087207E4,4.238877E2,4.29658E3,0E0,2.551294E2,6.610488E2,2.5010363E4,7.736719E1,3.7473138E2,1.53828125E1,9.669434E0,4.295267E4,8.699695E2,0E0,7.947412E1,0E0,1.2656462E2,2.8330078E0,0E0,4.3305283E0,5.2626953E0,1.0820993E5,7.784E2,2.6162515E3,5.6323486E1,0E0,1.9608063E2,0E0,5.2964166E2,0E0,6.5926914E0,0E0,4.0387344E0,0E0,0E0,0E0,1.3507584E1,0E0,3.6815094E2,0E0,4.366787E0,0E0,5.406078E1,0E0,0E0,0E0,0E0,0E0,0E0,0E0,0E0,0E0,0E0,0E0,0E0,0E0,0E0,0E0,0E0],"parents":[2147483647,0,0,1,1,2,2,4,4,5,5,6,6,7,7,8,8,9,9,10,10,11,11,12,12,14,14,16,16,17,17,19,19,20,20,21,21,22,22,23,23,24,24,26,26,28,28,30,30,32,32,36,36,38,38,40,40,42,42],"right_children":[2,4,6,-1,8,10,12,14,16,18,20,22,24,-1,26,-1,28,30,-1,32,34,36,38,40,42,-1,44,-1,46,-1,48,-1,50,-1,-1,-1,52,-1,54,-1,56,-1,58,-1,-1,-1,-1,-1,-1,-1,-1,-1,-1,-1,-1,-1,-1,-1,-1],"split_conditions":[NaN,NaN,NaN,-5.778288E-1,NaN,NaN,NaN,NaN,NaN,NaN,NaN,NaN,NaN,4.4979241E-1,NaN,-2.8640647E0,NaN,NaN,-7.189144E-1,NaN,NaN,NaN,NaN,NaN,NaN,3.8872167E-1,NaN,2.7036265E-1,NaN,-4.522883E-1,NaN,-6.047461E-1,NaN,-7.8512746E-1,-7.018828E-1,2.528232E1,NaN,-4.5196977E0,NaN,9.380112E0,NaN,-7.109108E-1,NaN,-5.3137776E-2,3.3555728E-1,-2.4367642E0,5.4021202E-2,-2.4500782E-2,-4.5232347E-1,1.574978E-1,-3.2547897E-1,-6.943133E-1,1.574978E-1,1.8518376E0,-4.3846497E-1,-7.365637E-1,-9.146257E-2,8.395329E-1,-5.4995006E-1],"split_indices":[7,1,8,0,9,7,1,9,2,9,9,5,9,0,0,0,0,3,0,1,1,1,4,6,8,0,3,0,3,0,9,0,3,0,0,0,8,0,10,0,8,0,5,0,0,0,0,0,0,0,0,0,0,0,0,0,0,0,0],"split_type":[1,1,1,0,1,1,1,1,1,1,1,1,1,0,1,0,1,1,0,1,1,1,1,1,1,0,1,0,1,0,1,0,1,0,0,0,1,0,1,0,1,0,1,0,0,0,0,0,0,0,0,0,0,0,0,0,0,0,0],"sum_hessian":[1.135914E4,3.4505596E3,7.90858E3,4.41807E1,3.4063787E3,7.221899E3,6.8668085E2,3.0940588E3,3.1231992E2,6.497383E3,7.245164E2,1.4640732E2,5.402735E2,8.9066406E2,2.2033948E3,2.8200445E0,3.0949988E2,6.475997E3,2.1385338E1,1.2925204E1,7.1159125E2,5.8750927E1,8.765639E1,1.1045175E1,5.2922833E2,1.3684266E3,8.349682E2,1.969331E2,1.1256678E2,6.463542E3,1.2455196E1,6.3451004E0,6.580104E0,4.937428E2,2.1784843E2,2.350037E1,3.5250557E1,3.0550482E0,8.460133E1,2.1150334E0,8.930141E0,5.2100323E2,8.22513E0,1.4006221E2,6.9490594E2,7.2851152E0,1.0528166E2,5.8750925E0,6.580104E0,1.4100223E0,5.1700816E0,3.3840534E1,1.4100223E0,5.8750925E0,7.872624E1,7.5201187E0,1.4100223E0,3.5250556E0,4.700074E0],"tree_param":{"num_deleted":"0","num_feature":"11","num_nodes":"59","size_leaf_vector":"0"}},{"base_weights":[-1.5622622E0,1.1497812E0,-3.365665E0,-1.3225441E0,1.1962551E0,-1.5280386E0,-6.404009E0,1.4705276E0,8.690382E-1,-1.2981228E0,-7.287756E0,-5.583381E1,-4.7384305E0,3.2167246E0,1.2840486E0,9.632485E-1,3.2628456E-1,-1.279717E0,-4.2435126E0,-3.41454E1,-1.7932568E0,-1.3076326E2,-5.7181544E0,-2.0075505E0,-6.6820793E0,4.204816E-1,5.7991695E0,4.1377988E-1,1.1194575E0,1.3113449E0,8.672601E-1,2.5397809E0,1.9334528E-1,-3.855802E-1,1.2078304E0,-8.500892E-1,-6.051891E0,2.130276E0,-7.50777E0,-5.785198E2,-5.4268394E0,-8.287826E0,-1.039772E0,-1.6604745E0,-8.809595E0,-2.0696577E1,-5.64844E0,1.9362178E0,1.0473582E0,3.0009133E-1,5.29507E-1,6.457994E-1,3.5448748E-1,2.777504E-1,-9.445985E-4,8.775264E-1,-1.7368506E-1,-9.351806E-1,9.1914915E-2,1.1876206E0,-4.02639E-1,-2.385626E0,-2.1244965E-1,-1.2189293E1,-8.3959556E-1,-3.3418292E2,-1.8473451E0,-2.2670696E0,-7.410042E-1,-2.736042E0,-1.4069085E0,5.9973E-1,-5.555442E-1,-5.025268E-1,4.2676267E-1,-1.3462654E0,-2.812406E0,-2.416884E1,-1.8025247E-2,-5.650194E-1,-2.0836616E0],"categories":[1,2,3,4,0,1,2,3,4,5,6,7,8,9,10,11,1,2,5,0,1,3,5,6,7,3,1,3,0,1,2,6,7,8,9,10,11,0,3,4,5,6,1,3,4,1,1,0,1,2,3,4,5,6,7,8,9,10,11,1,0,1,2,3,4,5,6,7,8,10,11,0,1,2,3,4,5,6,2,1,3,1,2,3,1,5,6,7,8,9,10,11,1,2,0,1,3,4,5,6,7,9,10,11,1,1,0,1,2,3,4,6,7,8,10,11,11,2,1,3,2,1,1,2,1,2,1],"categories_nodes":[0,1,2,4,5,6,7,8,9,10,11,12,13,14,15,16,17,18,20,21,22,23,24,26,28,29,30,31,32,34,36,38,39,40,41,42,43,44,45,46],"categories_segments":[0,4,16,19,25,26,28,37,42,43,45,46,47,59,60,71,78,79,80,81,82,83,84,92,93,94,104,105,106,116,117,118,119,120,121,122,123,124,125,126],"categories_sizes":[4,12,3,6,1,2,9,5,1,2,1,1,12,1,11,7,1,1,1,1,1,1,8,1,1,10,1,1,10,1,1,1,1,1,1,1,1,1,1,1],"default_left":[0,0,0,0,0,0,0,0,0,0,0,0,0,0,0,0,0,0,0,0,0,0,0,0,0,0,0,0,0,0,0,0,0,0,0,0,0,0,0,0,0,0,0,0,0,0,0,0,0,0,0,0,0,0,0,0,0,0,0,0,0,0,0,0,0,0,0,0,0,0,0,0,0,0,0,0,0,0,0,0,0],"id":1,"left_children":[1,3,5,-1,7,9,11,13,15,17,19,21,23,25,27,29,31,33,35,-1,37,39,41,43,45,-1,47,-1,49,51,53,55,57,-1,59,-1,61,-1,63,65,67,69,71,73,75,77,79,-1,-1,-1,-1,-1,-1,-1,-1,-1,-1,-1,-1,-1,-1,-1,-1,-1,-1,-1,-1,-1,-1,-1,-1,-1,-1,-1,-1,-1,-1,-1,-1,-1,-1],"loss_changes":[3.820962E4,8.113618E2,2.61873E4,0E0,2.7653174E2,3.8640078E3,1.4529203E5,5.4375244E2,7.198535E1,1.4712012E2,6.538935E4,2.1531908E5,9.070711E3,7.49735E2,2.230664E1,3.910266E1,6.1493008E1,4.0183105E1,2.6305267E1,0E0,5.52126E3,1.2884541E6,4.1845093E2,1.6687375E3,1.4360395E4,0E0,7.7852295E1,0E0,4.154541E1,2.5652466E1,4.8282166E1,1.5935402E1,7.5722E1,0E0,5.262419E1,0E0,6.124437E1,0E0,1.0178693E4,1.532745E6,1.0094287E2,2.5469116E1,3.760295E1,3.3006348E1,4.1909424E1,8.434103E4,4.5391016E3,0E0,0E0,0E0,0E0,0E0,0E0,0E0,0E0,0E0,0E0,0E0,0E0,0E0,0E0,0E0,0E0,0E0,0E0,0E0,0E0,0E0,0E0,0E0,0E0,0E0,0E0,0E0,0E0,0E0,0E0,0E0,0E0,0E0,0E0],"parents":[2147483647,0,0,1,1,2,2,4,4,5,5,6,6,7,7,8,8,9,9,10,10,11,11,12,12,13,13,14,14,15,15,16,16,17,17,18,18,20,20,21,21,22,22,23,23,24,24,26,26,28,28,29,29,30,30,31,31,32,32,34,34,36,36,38,38,39,39,40,40,41,41,42,42,43,43,44,44,45,45,46,46],"right_children":[2,4,6,-1,8,10,12,14,16,18,20,22,24,26,28,30,32,34,36,-1,38,40,42,44,46,-1,48,-1,50,52,54,56,58,-1,60,-1,62,-1,64,66,68,70,72,74,76,78,80,-1,-1,-1,-1,-1,-1,-1,-1,-1,-1,-1,-1,-1,-1,-1,-1,-1,-1,-1,-1,-1,-1,-1,-1,-1,-1,-1,-1,-1,-1,-1,-1,-1,-1],