{"learner":{"attributes":{"best_ntree_limit":"2"},"feature_names":[],"feature_types":["c","c","c","c","c","c","c","c","c","c","c"],"gradient_booster":{"model":{"gbtree_model_param":{"num_parallel_tree":"1","num_trees":"2","size_leaf_vector":"0"},"tree_info":[0,0],"trees":[{"base_weights":[-6.229849E-1,1.1243138E0,-1.3848654E0,-5.563147E-1,1.1610025E0,-1.6137698E0,1.0093904E0,1.2489583E0,3.092603E-1,-1.5091908E0,-2.5144732E0,1.1488036E1,-2.1165957E0,4.4977826E-1,1.1454366E0,-3.9503481E0,4.1012192E-1,-4.5309615E-1,-2.2712186E-1,-7.84434E-1,-2.3157248E0,2.7816347E1,-1.5336009E0,8.665757E-1,-2.3190565E0,3.9070782E-1,8.936914E-1,2.676726E-1,-5.073313E-1,3.272388E-1,-3.1256014E-1,-2.1513805E0,-7.7929205E-1,1.8487951E1,-2.162642E0,-3.0124457E0,-2.5987858E-1,5.165339E0,-2.0122786E0,-7.1153355E-1,3.271384E-1,-3.6150612E-2,3.326405E-1,-3.4309342E0,5.6849405E-2,-2.2753954E-1,-6.994632E-1,-6.68385E-1,-1.5489077E-2,1.8097898E0,-2.6735643E-1,-6.4842594E-1,-4.051554E-2,1.1710205E0,-5.984705E-1],"categories":[1,2,3,4,0,1,2,3,4,5,6,7,8,9,10,11,2,0,3,4,5,1,2,3,4,5,6,7,8,10,11,1,0,1,2,3,4,5,6,7,8,10,11,0,1,2,3,4,5,6,7,0,1,2,3,6,1,2,3,1,3,4,5,8,10,11,1,1,2,3,1,0,1,2,3,4,5,6,7,8,9,1,1,2,0,1,0,1,0,1,2,3,4,5,6,7,2,1,2,1],"categories_nodes":[0,1,2,4,5,6,7,8,9,10,11,12,14,16,18,20,21,22,23,24,26,28,31,34,37,38,40],"categories_segments":[0,4,16,17,21,31,32,43,51,56,59,60,66,67,68,70,71,81,82,83,84,86,88,96,97,98,99],"categories_sizes":[4,12,1,4,10,1,11,8,5,3,1,6,1,1,2,1,10,1,1,1,2,2,8,1,1,1,1],"default_left":[0,0,0,0,0,0,0,0,0,0,0,0,0,0,0,0,0,0,0,0,0,0,0,0,0,0,0,0,0,0,0,0,0,0,0,0,0,0,0,0,0,0,0,0,0,0,0,0,0,0,0,0,0,0,0],"id":0,"left_children":[1,3,5,-1,7,9,11,13,15,17,19,21,23,-1,25,-1,27,-1,29,-1,31,33,35,37,39,-1,41,-1,43,-1,-1,45,-1,-1,47,-1,-1,49,51,-1,53,-1,-1,-1,-1,-1,-1,-1,-1,-1,-1,-1,-1,-1,-1],"loss_changes":[1.5124549E4,3.7917432E2,4.337418E3,0E0,2.5496777E2,6.764082E2,2.2657828E4,7.832861E1,4.4088605E2,9.03125E0,8.891113E0,3.3832977E4,3.2395776E2,0E0,8.533496E1,0E0,1.4153587E2,0E0,8.518715E0,0E0,6.467407E0,7.16536E4,4.9866354E2,4.386553E2,7.0454346E1,0E0,1.8425433E2,0E0,8.437944E2,0E0,0E0,4.0944336E1,0E0,0E0,5.174301E0,0E0,0E0,7.9756744E1,5.712166E0,0E0,9.6103615E1,0E0,0E0,0E0,0E0,0E0,0E0,0E0,0E0,0E0,0E0,0E0,0E0,0E0,0E0],"parents":[2147483647,0,0,1,1,2,2,4,4,5,5,6,6,7,7,8,8,9,9,10,10,11,11,12,12,14,14,16,16,18,18,20,20,21,21,22,22,23,23,24,24,26,26,28,28,31,31,34,34,37,37,38,38,40,40],"right_children":[2,4,6,-1,8,10,12,14,16,18,20,22,24,-1,26,-1,28,-1,30,-1,32,34,36,38,40,-1,42,-1,44,-1,-1,46,-1,-1,48,-1,-1,50,52,-1,54,-1,-1,-1,-1,-1,-1,-1,-1,-1,-1,-1,-1,-1,-1],"split_conditions":[NaN,NaN,NaN,-5.563147E-1,NaN,NaN,NaN,NaN,NaN,NaN,NaN,NaN,NaN,4.4977826E-1,NaN,-3.9503481E0,NaN,-4.5309615E-1,NaN,-7.84434E-1,NaN,NaN,NaN,NaN,NaN,3.9070782E-1,NaN,2.676726E-1,NaN,3.272388E-1,-3.1256014E-1,NaN,-7.7929205E-1,1.8487951E1,NaN,-3.0124457E0,-2.5987858E-1,NaN,NaN,-7.1153355E-1,NaN,-3.6150612E-2,3.326405E-1,-3.4309342E0,5.6849405E-2,-2.2753954E-1,-6.994632E-1,-6.68385E-1,-1.5489077E-2,1.8097898E0,-2.6735643E-1,-6.4842594E-1,-4.051554E-2,1.1710205E0,-5.984705E-1],"split_indices":[7,1,8,0,9,9,1,9,2,2,1,5,9,0,0,0,0,0,3,0,7,1,4,10,8,0,3,0,3,0,0,2,0,0,8,0,0,0,8,0,5,0,0,0,0,0,0,0,0,0,0,0,0,0,0],"split_type":[1,1,1,0,1,1,1,1,1,1,1,1,1,0,1,0,1,0,1,0,1,1,1,1,1,0,1,0,1,0,0,1,0,0,1,0,0,1,1,0,1,0,0,0,0,0,0,0,0,0,0,0,0,0,0],"sum_hessian":[1.135914E4,3.4489146E3,7.910225E3,4.1360653E1,3.4075537E3,7.220254E3,6.899709E2,3.0881838E3,3.1937006E2,6.471532E3,7.487218E2,1.5792249E2,5.320484E2,8.995942E2,2.1885896E3,1.4100223E0,3.1796002E2,6.465657E3,5.8750925E0,4.8951273E2,2.592091E2,6.95611E1,8.83614E1,3.360553E1,4.9844287E2,1.3456312E3,8.429583E2,2.0844829E2,1.0951173E2,2.1150334E0,3.7600594E0,1.6920267E2,9.0006424E1,3.2195507E1,3.736559E1,5.4050856E0,8.295631E1,1.3160208E1,2.0445322E1,4.888077E2,9.635152E0,1.4758234E2,6.95376E2,5.640089E0,1.0387164E2,1.9975315E1,1.4922736E2,3.619057E1,1.1750185E0,1.1515182E1,1.645026E0,1.8800297E1,1.645026E0,3.5250556E0,6.1100965E0],"tree_param":{"num_deleted":"0","num_feature":"11","num_nodes":"55","size_leaf_vector":"0"}},{"base_weights":[-4.112928E-1,1.0394179E0,-1.0795783E0,1.198131E0,7.0660114E-2,-1.3042481E0,1.208156E0,-4.4180253E-1,1.2359773E0,2.4293132E-1,-7.8819716E-1,-1.2570488E0,-1.7242649E0,1.0814563E1,-1.6445357E0,3.0855122E0,1.1205024E0,-1.908623E1,1.0098873E-1,-3.7756464E-1,-6.835333E-1,-5.3463906E-1,-1.5845342E0,2.585936E1,-1.284785E0,-1.3628878E-1,-1.908303E0,1.1747302E1,1.7744246E-1,2.7376255E-3,1.1466997E0,-4.1079E1,-4.5054054E-1,4.9396628E-1,-9.1248554E-1,1.709305E0,-4.8004898E-1,-1.1810424E0,-4.8420227E-1,1.6638666E1,-2.1541991E0,-1.8242921E0,-2.1426815E-1,1.5305442E1,-1.3777839E0,-5.8529675E-1,4.596084E-1,1.7618713E0,4.3784637E0,-2.7683005E-1,1.880252E-1,3.9350393E-1,2.8521803E-1,-2.723938E1,1.62691E-1,-3.0800808E-2,-1.9453897E-1,-4.539052E0,-1.3105826E-1,-9.533861E-2,-4.235532E-1,-6.6643405E-1,-1.294784E-2,8.400318E0,-4.055657E-1,-4.3931568E-1,2.5688303E-1,1.5424116E0,-6.988495E-1],"categories":[1,2,3,0,1,2,3,4,2,0,1,2,3,4,5,6,7,8,9,10,11,1,1,2,3,4,5,7,8,10,1,0,1,2,4,6,7,8,9,10,11,0,2,3,1,2,1,2,1,1,4,5,6,7,8,10,11,0,1,3,5,6,7,0,1,2,3,4,5,6,7,2,1,1,2,1,0,1,2,3,4,5,6,7,8,9,1,3,4,6,7,2,0,1,2,3,4,5,6,7,8,9,10,11,0,1,2,3,4,5,0,1,3,5,6,7,0,1,2,3,4,5,6,7,4,0,3,4,5,6,10,0,1,2,3,6,7,2,1,2,2],"categories_nodes":[0,1,2,3,4,5,6,8,10,11,12,13,14,15,16,17,18,20,22,23,24,25,26,27,28,30,31,32,34,37,40,43,44,46],"categories_segments":[0,3,8,9,21,22,30,31,41,44,46,48,49,57,63,71,72,73,75,76,86,87,91,92,104,110,116,124,125,131,137,138,139,140],"categories_sizes":[3,5,1,12,1,8,1,10,3,2,2,1,8,6,8,1,1,2,1,10,1,4,1,12,6,6,8,1,6,6,1,1,1,1],"default_left":[0,0,0,0,0,0,0,0,0,0,0,0,0,0,0,0,0,0,0,0,0,0,0,0,0,0,0,0,0,0,0,0,0,0,0,0,0,0,0,0,0,0,0,0,0,0,0,0,0,0,0,0,0,0,0,0,0,0,0,0,0,0,0,0,0,0,0,0,0],"id":1,"left_children":[1,3,5,7,9,11,13,-1,15,-1,17,19,21,23,25,27,29,31,33,-1,35,-1,37,39,41,43,45,47,49,-1,51,53,55,-1,57,-1,-1,59,-1,-1,61,-1,-1,63,65,-1,67,-1,-1,-1,-1,-1,-1,-1,-1,-1,-1,-1,-1,-1,-1,-1,-1,-1,-1,-1,-1,-1,-1],"loss_changes":[1.1028448E4,5.5154614E2,4.0042988E3,3.1341357E2,3.219094E2,1.3842188E2,1.9116314E4,0E0,6.458325E2,0E0,3.8188967E3,4.6279297E0,2.9470215E0,2.9104207E4,2.1385767E2,4.48367E3,8.3346436E1,4.439469E3,3.5350107E2,0E0,1.1924399E2,0E0,6.8670654E-1,5.9192316E4,2.4048796E2,1.5776025E3,4.719275E1,6.627822E2,6.698585E1,0E0,8.9187256E1,1.0350697E4,4.0843046E-1,0E0,9.1553375E2,0E0,0E0,3.251171E0,0E0,0E0,5.236511E0,0E0,0E0,1.333041E3,1.59709015E1,0E0,1.2845285E2,0E0,0E0,0E0,0E0,0E0,0E0,0E0,0E0,0E0,0E0,0E0,0E0,0E0,0E0,0E0,0E0,0E0,0E0,0E0,0E0,0E0,0E0],"parents":[2147483647,0,0,1,1,2,2,3,3,4,4,5,5,6,6,8,8,10,10,11,11,12,12,13,13,14,14,15,15,16,16,17,17,18,18,20,20,22,22,23,23,24,24,25,25,26,26,27,27,28,28,30,30,31,31,32,32,34,34,37,37,40,40,43,43,44,44,46,46],"right_children":[2,4,6,8,10,12,14,-1,16,-1,18,20,22,24,26,28,30,32,34,-1,36,-1,38,40,42,44,46,48,50,-1,52,54,56,-1,58,-1,-1,60,-1,-1,62,-1,-1,64,66,-1,68,-1,-1,-1,-1,-1,-1,-1,-1,-1,-1,-1,-1,-1,-1,-1,-1,-1,-1,-1,-1,-1,-1],"split_conditions":[NaN,NaN,NaN,NaN,NaN,NaN,NaN,-4.4180253E-1,NaN,2.4293132E-1,NaN,NaN,NaN,NaN,NaN,NaN,NaN,NaN,NaN,-3.7756464E-1,NaN,-5.3463906E-1,NaN,NaN,NaN,NaN,NaN,NaN,NaN,2.7376255E-3,NaN,NaN,NaN,4.9396628E-1,NaN,1.709305E0,-4.8004898E-1,NaN,-4.8420227E-1,1.6638666E1,NaN,-1.8242921E0,-2.1426815E-1,NaN,NaN,-5.8529675E-1,NaN,1.7618713E0,4.3784637E0,-2.7683005E-1,1.880252E-1,3.9350393E-1,2.8521803E-1,-2.723938E1,1.62691E-1,-3.0800808E-2,-1.9453897E-1,-4.539052E0,-1.3105826E-1,-9.533861E-2,-4.235532E-1,-6.6643405E-1,-1.294784E-2,8.400318E0,-4.055657E-1,-4.3931568E-1,2.5688303E-1,1.5424116E0,-6.988495E-1],"split_indices":[7,7,8,1,0,9,1,0,9,0,3,1,1,5,9,2,2,6,0,0,7,0,1,1,4,2,8,1,3,0,2,1,9,0,9,0,0,2,0,0,8,0,0,7,8,0,5,0,0,0,0,0,0,0,0,0,0,0,0,0,0,0,0,0,0,0,0,0,0],"split_type":[1,1,1,1,1,1,1,0,1,0,1,1,1,1,1,1,1,1,1,0,1,0,1,1,1,1,1,1,1,0,1,1,1,0,1,0,0,1,0,0,1,0,0,1,1,0,1,0,0,0,0,0,0,0,0,0,0,0,0,0,0,0,0,0,0,0,0,0,0],