{"learner":{"attributes":{"best_ntree_limit":"2"},"feature_names":[],"feature_types":["c","c","c","c","c","c","c","c","c","c"],"gradient_booster":{"model":{"gbtree_model_param":{"num_parallel_tree":"1","num_trees":"2","size_leaf_vector":"0"},"tree_info":[0,0],"trees":[{"base_weights":[-6.230729E-1,1.1255438E0,-1.386349E0,-5.860812E-1,1.1610913E0,-1.6163583E0,1.0052217E0,1.2514678E0,2.8525838E-1,-1.5128883E0,-2.513541E0,1.1334296E1,-2.1266663E0,4.5064065E-1,1.1471155E0,9.940383E-2,1.4160392E0,-4.5420647E-1,-6.6329575E-1,-7.855486E-1,-2.3089592E0,2.596101E1,-1.5264688E0,1.3164598E0,-2.3247178E0,1.1749402E0,2.3569888E-1,5.1371984E-2,-5.83772E-1,2.7267087E0,-6.851747E-1,1.4654179E-1,-3.299512E-1,-2.1346614E0,-7.7967787E-1,1.54111595E1,-2.0899768E0,-7.877491E0,-2.6460063E-1,8.351507E0,-1.9980174E0,-7.120306E-1,4.0938088E-1,3.4478998E-1,4.4646806E-1,1.3097289E-1,-2.737565E-1,2.0531924E0,-2.0264568E-2,6.943862E-2,-2.5083348E-1,-2.1594276E-1,2.3093164E-1,-2.569227E-1,-6.986066E-1,-6.616641E-1,7.290491E-2,2.9946632E0,-2.1594276E-1,-6.587391E-1,2.117185E-3,1.6813612E0,-6.047461E-1],"categories":[1,2,3,4,0,1,2,3,4,5,6,7,8,9,10,11,2,0,3,4,5,1,2,3,4,5,6,7,8,10,11,1,0,1,2,3,4,5,6,7,8,10,11,2,3,4,1,2,3,1,3,4,5,8,10,11,0,1,5,1,1,1,2,3,4,5,6,7,8,1,1,2,2,1,4,3,5,0,1,2,3,4,5,6,0,1,2,3,4,5,6,7,2,0,1,2,3,2,1],"categories_nodes":[0,1,2,4,5,6,7,8,9,10,11,12,14,15,16,18,20,21,22,23,24,25,26,29,30,31,33,36,39,40,42],"categories_segments":[0,4,16,17,21,31,32,43,44,46,49,50,56,58,59,60,61,62,69,70,71,72,73,74,75,77,84,92,93,97,98],"categories_sizes":[4,12,1,4,10,1,11,1,2,3,1,6,2,1,1,1,1,7,1,1,1,1,1,1,2,7,8,1,4,1,1],"default_left":[0,0,0,0,0,0,0,0,0,0,0,0,0,0,0,0,0,0,0,0,0,0,0,0,0,0,0,0,0,0,0,0,0,0,0,0,0,0,0,0,0,0,0,0,0,0,0,0,0,0,0,0,0,0,0,0,0,0,0,0,0,0,0],"id":0,"left_children":[1,3,5,-1,7,9,11,13,15,17,19,21,23,-1,25,27,29,-1,31,-1,33,35,37,39,41,43,45,-1,-1,47,49,51,-1,53,-1,-1,55,-1,-1,57,59,-1,61,-1,-1,-1,-1,-1,-1,-1,-1,-1,-1,-1,-1,-1,-1,-1,-1,-1,-1,-1,-1],"loss_changes":[1.516368E4,3.8016504E2,4.352035E3,0E0,2.6985498E2,6.6599023E2,2.2490705E4,7.9211914E1,6.7237854E1,5.225586E0,9.94043E0,3.0465137E4,3.6703564E2,0E0,5.523291E1,4.0947456E1,1.2629577E2,0E0,3.837914E0,0E0,7.638916E0,5.408567E4,1.3637007E3,7.0852734E2,6.82478E1,1.5349609E1,1.56435375E1,0E0,0E0,3.228864E2,2.705387E0,2.9973304E0,0E0,3.9810608E1,0E0,0E0,1.0500107E1,0E0,0E0,1.5060187E2,8.333527E0,0E0,1.3344968E2,0E0,0E0,0E0,0E0,0E0,0E0,0E0,0E0,0E0,0E0,0E0,0E0,0E0,0E0,0E0,0E0,0E0,0E0,0E0,0E0],"parents":[2147483647,0,0,1,1,2,2,4,4,5,5,6,6,7,7,8,8,9,9,10,10,11,11,12,12,14,14,15,15,16,16,18,18,20,20,21,21,22,22,23,23,24,24,25,25,26,26,29,29,30,30,31,31,33,33,36,36,39,39,40,40,42,42],"right_children":[2,4,6,-1,8,10,12,14,16,18,20,22,24,-1,26,28,30,-1,32,-1,34,36,38,40,42,44,46,-1,-1,48,50,52,-1,54,-1,-1,56,-1,-1,58,60,-1,62,-1,-1,-1,-1,-1,-1,-1,-1,-1,-1,-1,-1,-1,-1,-1,-1,-1,-1,-1,-1],"split_conditions":[NaN,NaN,NaN,-5.860812E-1,NaN,NaN,NaN,NaN,NaN,NaN,NaN,NaN,NaN,4.5064065E-1,NaN,NaN,NaN,-4.5420647E-1,NaN,-7.855486E-1,NaN,NaN,NaN,NaN,NaN,NaN,NaN,5.1371984E-2,-5.83772E-1,NaN,NaN,NaN,-3.299512E-1,NaN,-7.7967787E-1,1.54111595E1,NaN,-7.877491E0,-2.6460063E-1,NaN,NaN,-7.120306E-1,NaN,3.4478998E-1,4.4646806E-1,1.3097289E-1,-2.737565E-1,2.0531924E0,-2.0264568E-2,6.943862E-2,-2.5083348E-1,-2.1594276E-1,2.3093164E-1,-2.569227E-1,-6.986066E-1,-6.616641E-1,7.290491E-2,2.9946632E0,-2.1594276E-1,-6.587391E-1,2.117185E-3,1.6813612E0,-6.047461E-1],"split_indices":[6,0,7,0,8,8,0,8,7,6,0,4,8,0,0,6,0,0,0,0,6,0,3,9,7,7,7,0,0,8,8,1,0,1,0,0,7,0,0,6,7,0,4,0,0,0,0,0,0,0,0,0,0,0,0,0,0,0,0,0,0,0,0],"split_type":[1,1,1,0,1,1,1,1,1,1,1,1,1,0,1,1,1,0,1,0,1,1,1,1,1,1,1,0,0,1,1,1,0,1,0,0,1,0,0,1,1,0,1,0,0,0,0,0,0,0,0,0,0,0,0,0,0,0,0,0,0,0,0],"sum_hessian":[1.135914E4,3.4514995E3,7.9076396E3,3.877561E1,3.4127239E3,7.214144E3,6.93496E2,3.093119E3,3.1960504E2,6.4705923E3,7.4355176E2,1.6074254E2,5.327534E2,9.052343E2,2.1878845E3,2.7542435E2,4.41807E1,6.461192E3,9.400148E0,4.8363763E2,2.599141E2,7.473118E1,8.601136E1,2.8670452E1,5.0408295E2,2.1227886E3,6.509603E1,2.669642E2,8.460134E0,2.7025427E1,1.7155272E1,3.5250556E0,5.8750925E0,1.6755765E2,9.235646E1,3.877561E1,3.5955566E1,1.1750185E0,8.483634E1,8.695137E0,1.9975315E1,4.9538782E2,8.695137E0,1.966511E3,1.5627747E2,5.593088E1,9.165145E0,1.0340163E1,1.6685263E1,2.350037E0,1.4805234E1,1.4100223E0,2.1150334E0,2.279536E1,1.4476228E2,3.4310543E1,1.645026E0,7.2851152E0,1.4100223E0,1.8095285E1,1.8800297E0,2.350037E0,6.3451004E0],"tree_param":{"num_deleted":"0","num_feature":"10","num_nodes":"63","size_leaf_vector":"0"}},{"base_weights":[-5.4391265E-1,7.047976E-1,-1.0806677E0,8.559473E-1,-1.2267907E0,-1.3070811E0,1.206028E0,9.49505E-1,1.954878E-1,-1.7075925E0,-8.626102E-1,-1.2603621E0,-1.7125593E0,1.0539538E1,-1.6647733E0,-1.2078192E-1,9.849483E-1,3.8390532E-1,-6.956236E-1,5.312087E0,-1.3373976E0,-3.7830633E-1,-6.9984734E-1,-5.3417164E-1,-1.5522311E0,2.3721098E1,-1.2628382E0,-4.2169277E-2,-1.9436238E0,3.802109E-1,8.710035E-1,6.1238366E-1,-5.3779776E-3,-1.4711956E-2,-8.9933723E-1,1.1112977E1,-1.0887742E0,-3.1910481E0,-9.3438363E-1,1.15387626E-1,-4.4980606E-1,-1.1719892E0,-4.743826E-1,1.3401809E1,-2.221302E0,-2.5376062E0,-2.2022255E-1,6.105518E0,-1.4678973E0,-5.957826E-1,5.6586313E-1,2.7706367E-1,1.8197943E-1,1.619903E-1,4.416177E-1,8.5377954E-2,-1.8106699E-1,9.52323E-2,-1.5106218E-1,-1.9155E-1,-3.7419996E-1,-2.2979212E-1,-5.155901E-1,1.4811347E-1,-5.6402224E-1,5.596933E-1,-2.5413966E-1,-1.013382E-1,-4.2815533E-1,-7.024336E-1,6.0136102E-2,5.9607735E0,-4.70653E-1,-4.8127666E-1,3.141411E-1,1.5790004E0,-7.7623457E-1],"categories":[1,2,3,3,4,5,2,0,1,2,3,4,0,1,2,3,4,5,1,2,3,4,5,7,8,10,11,1,0,1,2,3,4,5,6,7,8,9,10,11,1,2,3,5,1,2,1,2,1,1,4,5,6,7,8,10,11,0,1,2,3,4,5,6,7,8,10,11,0,3,4,5,8,10,6,7,8,10,1,2,0,1,2,3,4,5,2,1,2,3,4,5,6,7,8,1,1,3,4,7,2,0,1,2,2,3,4,1,6,10,2,3,5,6,0,1,2,3,6,7,2,1,2,2,2],"categories_nodes":[0,1,2,3,4,5,6,7,8,10,11,12,13,14,16,17,18,19,20,22,24,25,26,27,28,30,31,32,33,34,36,38,39,41,44,47,48,50],"categories_segments":[0,3,6,7,12,18,27,28,40,42,44,46,48,49,57,68,74,78,80,86,87,88,95,96,100,101,104,105,107,108,110,112,113,114,120,121,123,124],"categories_sizes":[3,3,1,5,6,9,1,12,2,2,2,2,1,8,11,6,4,2,6,1,1,7,1,4,1,3,1,2,1,2,2,1,1,6,1,2,1,1],"default_left":[0,0,0,0,0,0,0,0,0,0,0,0,0,0,0,0,0,0,0,0,0,0,0,0,0,0,0,0,0,0,0,0,0,0,0,0,0,0,0,0,0,0,0,0,0,0,0,0,0,0,0,0,0,0,0,0,0,0,0,0,0,0,0,0,0,0,0,0,0,0,0,0,0,0,0,0,0],"id":1,"left_children":[1,3,5,7,9,11,13,15,17,-1,19,21,23,25,27,-1,29,31,33,35,37,-1,39,-1,41,43,45,47,49,-1,51,53,55,57,59,-1,61,-1,63,65,-1,67,-1,-1,69,-1,-1,71,73,-1,75,-1,-1,-1,-1,-1,-1,-1,-1,-1,-1,-1,-1,-1,-1,-1,-1,-1,-1,-1,-1,-1,-1,-1,-1,-1,-1],"loss_changes":[7.453264E3,9.7713916E2,4.0278838E3,1.9144067E2,3.90303E2,1.3189746E2,1.8804557E4,1.3056348E2,6.5085754E1,0E0,6.6933813E2,1.4619141E0,5.1782227E0,2.5709936E4,2.4292786E2,0E0,8.407959E1,2.840424E1,9.382511E0,3.3570938E3,7.7919635E2,0E0,6.4971128E0,0E0,6.286621E-1,4.250996E4,3.2876892E2,7.082786E2,4.979309E1,0E0,2.5686646E1,1.1732368E1,2.0828516E1,2.8575635E0,3.93462E0,0E0,1.6439781E0,0E0,2.749652E2,1.1238005E1,0E0,3.735426E0,0E0,0E0,1.0889786E1,0E0,0E0,1.6381753E3,2.4167465E1,0E0,1.3772481E2,0E0,0E0,0E0,0E0,0E0,0E0,0E0,0E0,0E0,0E0,0E0,0E0,0E0,0E0,0E0,0E0,0E0,0E0,0E0,0E0,0E0,0E0,0E0,0E0,0E0,0E0],"parents":[2147483647,0,0,1,1,2,2,3,3,4,4,5,5,6,6,7,7,8,8,10,10,11,11,12,12,13,13,14,14,16,16,17,17,18,18,19,19,20,20,22,22,24,24,25,25,26,26,27,27,28,28,30,30,31,31,32,32,33,33,34,34,36,36,38,38,39,39,41,41,44,44,47,47,48,48,50,50],"right_children":[2,4,6,8,10,12,14,16,18,-1,20,22,24,26,28,-1,30,32,34,36,38,-1,40,-1,42,44,46,48,50,-1,52,54,56,58,60,-1,62,-1,64,66,-1,68,-1,-1,70,-1,-1,72,74,-1,76,-1,-1,-1,-1,-1,-1,-1,-1,-1,-1,-1,-1,-1,-1,-1,-1,-1,-1,-1,-1,-1,-1,-1,-1,-1,-1],