{"learner":{"attributes":{"best_ntree_limit":"3"},"feature_names":[],"feature_types":["c","c","c","c","c","c","c","c","c","c"],"gradient_booster":{"model":{"gbtree_model_param":{"num_parallel_tree":"1","num_trees":"3","size_leaf_vector":"0"},"tree_info":[0,0,0],"trees":[{"base_weights":[-5.260412E-1,4.9053308E-1,-9.6927834E-1,-3.7526098E-1,5.1188004E-1,-1.1024503E0,4.2406482E-1,5.630653E-1,1.6814835E-2,-1.041614E0,-1.6270682E0,6.5375876E0,-1.3957081E0,7.0905644E-1,5.028848E-1,-2.815389E0,7.5568825E-2,-3.127225E-1,-4.3821704E-1,-5.0575036E-1,-1.5125625E0,1.6115929E1,-1.0588975E0,3.4944317E-1,-1.5136383E0,1.9607587E-1,7.172808E-1,5.18027E-1,2.1163445E-2,1.22168005E-1,-1.3720244E0,4.8766997E-1,-9.202377E-1,-1.417678E0,-5.042059E-1,1.0844091E1,-1.4330652E0,-1.919192E0,-2.0068273E-1,2.9396126E0,-1.3529938E0,-4.6330595E-1,4.378992E-2,2.3153998E-1,2.1087185E-1,1.5093647E-1,2.105244E-1,3.9246954E-2,-2.082253E-1,9.4571E-3,2.0753786E-1,-2.6095455E0,-1.5211951E-2,1.8139282E-1,2.8185112E-2,-5.3723687E-1,-1.4117843E-1,-1.8275902E-1,-4.5693424E-1,-4.4155568E-1,-4.3988425E-2,1.0424912E0,-2.21008E-1,-4.329656E-1,-6.425996E-2,7.084686E-1,-4.1473147E-1],"categories":[1,2,3,4,0,1,2,3,4,5,6,7,8,9,10,11,2,0,3,4,5,1,2,3,4,5,6,7,8,10,11,1,0,1,2,3,4,5,6,7,8,10,11,0,1,2,3,4,5,6,7,0,1,2,3,4,5,6,7,8,9,10,11,1,2,3,1,3,4,5,8,10,11,0,1,2,3,4,5,0,1,1,2,3,4,5,1,0,1,2,3,4,5,6,7,8,9,1,1,2,0,1,2,3,4,5,6,9,10,11,2,1,0,1,2,3,4,5,6,7,8,9,10,11,3,1,0,1,2,6,0,1,2,3,4,5,6,7,2,0,1,2,3,2,1],"categories_nodes":[0,1,2,4,5,6,7,8,9,10,11,12,13,14,16,18,20,21,22,23,24,26,27,28,29,30,31,32,33,36,39,40,42],"categories_segments":[0,4,16,17,21,31,32,43,51,63,66,67,73,79,81,82,86,87,97,98,99,100,110,111,112,124,125,126,130,138,139,143,144],"categories_sizes":[4,12,1,4,10,1,11,8,12,3,1,6,6,2,1,4,1,10,1,1,1,10,1,1,12,1,1,4,8,1,4,1,1],"default_left":[0,0,0,0,0,0,0,0,0,0,0,0,0,0,0,0,0,0,0,0,0,0,0,0,0,0,0,0,0,0,0,0,0,0,0,0,0,0,0,0,0,0,0,0,0,0,0,0,0,0,0,0,0,0,0,0,0,0,0,0,0,0,0,0,0,0,0],"id":0,"left_children":[1,3,5,-1,7,9,11,13,15,17,19,21,23,25,27,-1,29,-1,31,-1,33,35,37,39,41,-1,43,45,47,49,51,53,55,57,-1,-1,59,-1,-1,61,63,-1,65,-1,-1,-1,-1,-1,-1,-1,-1,-1,-1,-1,-1,-1,-1,-1,-1,-1,-1,-1,-1,-1,-1,-1,-1],"loss_changes":[8.79918E3,2.2106812E2,2.5237598E3,0E0,1.4844727E2,3.944629E2,1.3215431E4,4.629248E1,3.0451233E2,4.875E0,6.117676E0,1.9842363E4,1.8896301E2,2.3712158E-1,2.7438904E1,0E0,3.7105072E1,0E0,7.746129E0,0E0,4.741333E0,4.2437055E4,3.1400446E2,2.6312024E2,4.110254E1,0E0,5.0561523E-1,9.638062E0,9.167788E0,2.7416851E1,1.6566663E2,2.311089E-1,3.5019398E0,2.395111E1,0E0,0E0,3.0390472E0,0E0,0E0,4.905214E1,3.4047241E0,0E0,6.1321648E1,0E0,0E0,0E0,0E0,0E0,0E0,0E0,0E0,0E0,0E0,0E0,0E0,0E0,0E0,0E0,0E0,0E0,0E0,0E0,0E0,0E0,0E0,0E0,0E0],"parents":[2147483647,0,0,1,1,2,2,4,4,5,5,6,6,7,7,8,8,9,9,10,10,11,11,12,12,13,13,14,14,16,16,18,18,20,20,21,21,22,22,23,23,24,24,26,26,27,27,28,28,29,29,30,30,31,31,32,32,33,33,36,36,39,39,40,40,42,42],"right_children":[2,4,6,-1,8,10,12,14,16,18,20,22,24,26,28,-1,30,-1,32,-1,34,36,38,40,42,-1,44,46,48,50,52,54,56,58,-1,-1,60,-1,-1,62,64,-1,66,-1,-1,-1,-1,-1,-1,-1,-1,-1,-1,-1,-1,-1,-1,-1,-1,-1,-1,-1,-1,-1,-1,-1,-1],"split_conditions":[NaN,NaN,NaN,-3.7526098E-1,NaN,NaN,NaN,NaN,NaN,NaN,NaN,NaN,NaN,NaN,NaN,-2.815389E0,NaN,-3.127225E-1,NaN,-5.0575036E-1,NaN,NaN,NaN,NaN,NaN,1.9607587E-1,NaN,NaN,NaN,NaN,NaN,NaN,NaN,NaN,-5.042059E-1,1.0844091E1,NaN,-1.919192E0,-2.0068273E-1,NaN,NaN,-4.6330595E-1,NaN,2.3153998E-1,2.1087185E-1,1.5093647E-1,2.105244E-1,3.9246954E-2,-2.082253E-1,9.4571E-3,2.0753786E-1,-2.6095455E0,-1.5211951E-2,1.8139282E-1,2.8185112E-2,-5.3723687E-1,-1.4117843E-1,-1.8275902E-1,-4.5693424E-1,-4.4155568E-1,-4.3988425E-2,1.0424912E0,-2.21008E-1,-4.329656E-1,-6.425996E-2,7.084686E-1,-4.1473147E-1],"split_indices":[6,0,7,0,8,8,0,8,1,0,0,4,8,2,0,0,7,0,2,0,6,0,3,9,7,0,0,7,7,0,9,9,1,1,0,0,7,0,0,6,7,0,4,0,0,0,0,0,0,0,0,0,0,0,0,0,0,0,0,0,0,0,0,0,0,0,0],"split_type":[1,1,1,0,1,1,1,1,1,1,1,1,1,1,1,0,1,0,1,0,1,1,1,1,1,0,1,1,1,1,1,1,1,1,0,0,1,0,0,1,1,0,1,0,0,0,0,0,0,0,0,0,0,0,0,0,0,0,0,0,0,0,0,0,0,0,0],"sum_hessian":[1.952636E4,5.9286836E3,1.3597676E4,7.109895E1,5.8575845E3,1.2411615E4,1.1860598E3,5.3085874E3,5.489971E2,1.11245625E4,1.2870527E3,2.7146875E2,9.145911E2,1.5464023E3,3.762185E3,2.4238281E0,5.4657324E2,1.1109212E4,1.5350911E1,8.414723E2,4.4558038E2,1.19575516E2,1.5189322E2,5.7767902E1,8.5682324E2,2.100651E2,1.3363372E3,3.6474573E3,1.1472786E2,5.3041437E2,1.6158854E1,5.2516274E0,1.0099283E1,2.9085938E2,1.5472102E2,5.5344074E1,6.4231445E1,9.291341E0,1.4260188E2,2.2622395E1,3.5145508E1,8.402604E2,1.6562824E1,2.67833E2,1.0685042E3,3.3772004E3,2.7025684E2,1.0018489E2,1.4542969E1,4.5850748E2,7.19069E1,1.6158854E0,1.4542969E1,3.6357422E0,1.6158854E0,2.4238281E0,7.6754556E0,3.4337563E1,2.565218E2,6.2211586E1,2.0198567E0,1.9794596E1,2.8277993E0,3.2317707E1,2.8277993E0,6.0595703E0,1.0503255E1],"tree_param":{"num_deleted":"0","num_feature":"10","num_nodes":"67","size_leaf_vector":"0"}},{"base_weights":[-3.7578002E-1,3.9273933E-1,-7.3968834E-1,1.5443811E-1,5.3753954E-1,-8.707773E-1,5.9958476E-1,3.8293503E-2,2.9429823E-1,1.5786399E1,2.7677748E-1,-8.44584E-1,-1.1002854E0,6.4532175E0,-1.0563421E0,4.4916758E-1,1.6680099E-1,7.9541245E1,5.4644865E-1,3.3230755E-1,-4.0496815E-2,-2.5363755E-1,-5.2012783E-1,-3.3998436E-1,-1.022007E0,1.6387468E1,-8.655602E-1,-1.60932E-1,-1.2128242E0,4.7314128E-1,-1.1458565E-1,2.4619333E-1,-1.6175744E-1,9.717219E0,-7.840009E-1,-1.4763087E-1,3.4799898E-1,1.4430204E-1,-4.098277E-1,3.866839E0,-1.0477515E0,-8.005099E-1,-3.1174707E-1,1.1955507E1,-1.384236E0,-1.1497409E0,-1.5887304E-1,5.265016E0,-9.1594654E-1,-3.7132552E-1,1.9079985E-1,1.4600734E-1,-1.5921935E-1,-1.6691475E-1,4.8415545E-2,7.869882E-2,-1.2501779E-1,1.08473204E-1,-8.642518E-2,9.891773E0,1.256214E-1,-1.5075041E0,1.7405565E-1,1.1443748E-1,5.9083E-2,2.8430168E-2,2.2912617E-1,-5.1169287E-2,-2.2716302E-1,2.0516837E0,3.0882625E-2,-3.2196724E-1,-8.223942E-2,-8.822024E-2,-2.8236005E-1,-4.2718652E-1,-3.487351E-2,5.892384E0,-2.9887843E-1,-3.0270284E-1,2.0216563E-1,2.9834852E0,-3.9756244E-1],"categories":[1,2,3,1,2,0,1,2,3,4,5,6,7,8,9,10,11,0,1,4,6,7,8,10,11,1,2,3,4,5,7,8,10,1,0,1,3,4,5,6,8,10,11,1,4,1,2,1,2,1,1,4,5,6,7,8,10,11,1,4,1,0,1,2,3,4,5,6,7,1,2,3,1,2,1,0,1,2,3,4,5,6,7,8,9,1,1,2,3,4,7,2,4,1,4,4,5,6,0,5,6,7,1,0,1,2,2,4,6,8,10,1,1,0,1,2,3,6,7,2,2,2,1],"categories_nodes":[0,1,2,3,4,5,6,8,9,10,11,12,13,14,15,16,18,19,20,22,24,25,26,27,28,29,30,31,32,33,34,36,37,38,39,40,41,44,47,48,50],"categories_segments":[0,3,4,5,17,25,33,34,43,44,45,47,49,50,58,59,60,61,69,72,74,75,85,86,91,92,93,94,95,98,102,103,106,107,111,112,113,119,120,121,122],"categories_sizes":[3,1,1,12,8,8,1,9,1,1,2,2,1,8,1,1,1,8,3,2,1,10,1,5,1,1,1,1,3,4,1,3,1,4,1,1,6,1,1,1,1],"default_left":[0,0,0,0,0,0,0,0,0,0,0,0,0,0,0,0,0,0,0,0,0,0,0,0,0,0,0,0,0,0,0,0,0,0,0,0,0,0,0,0,0,0,0,0,0,0,0,0,0,0,0,0,0,0,0,0,0,0,0,0,0,0,0,0,0,0,0,0,0,0,0,0,0,0,0,0,0,0,0,0,0,0,0],"id":1,"left_children":[1,3,5,7,9,11,13,-1,15,17,19,21,23,25,27,29,31,-1,33,35,37,-1,39,-1,41,43,45,47,49,51,53,55,57,59,61,-1,63,65,67,69,71,73,-1,-1,75,-1,-1,77,79,-1,81,-1,-1,-1,-1,-1,-1,-1,-1,-1,-1,-1,-1,-1,-1,-1,-1,-1,-1,-1,-1,-1,-1,-1,-1,-1,-1,-1,-1,-1,-1,-1,-1],"loss_changes":[5.488955E3,2.1755865E2,2.33888E3,8.901131E0,1.5594605E4,7.200293E1,1.1522792E4,0E0,7.4823494E0,2.504284E5,6.79852E1,2.6513672E0,2.0430908E0,1.9071754E4,1.2968262E2,2.381897E0,5.5570483E0,0E0,7.780388E2,4.264676E1,3.934176E1,0E0,7.784664E1,0E0,6.029663E-1,4.6442375E4,1.4936499E2,5.7444684E2,2.7838379E1,2.5080643E0,1.0444785E0,1.9357443E0,2.8653483E0,1.7322222E3,3.2730008E2,0E0,1.6213257E1,1.1721165E1,1.5846043E1,3.9970272E1,2.8211212E-1,1.9675407E0,0E0,0E0,3.0710678E0,0E0,0E0,1.56176E3,1.8865463E1,0E0,2.2954912E2,0E0,0E0,0E0,0E0,0E0,0E0,0E0,0E0,0E0,0E0,0E0,0E0,0E0,0E0,0E0,0E0,0E0,0E0,0E0,0E0,0E0,0E0,0E0,0E0,0E0,0E0,0E0,0E0,0E0,0E0,0E0,0E0],