{"learner":{"attributes":{"best_ntree_limit":"4"},"feature_names":[],"feature_types":["c","c","c","c","c","c","c","c","c","c"],"gradient_booster":{"model":{"gbtree_model_param":{"num_parallel_tree":"1","num_trees":"4","size_leaf_vector":"0"},"tree_info":[0,0,0,0],"trees":[{"base_weights":[-5.2506053E-1,4.9295652E-1,-9.6810216E-1,-3.8678944E-1,5.1545745E-1,-1.1020652E0,4.239917E-1,5.625039E-1,5.1793173E-2,-1.0411733E0,-1.6215024E0,6.82733E0,-1.4113066E0,7.081774E-1,5.0314283E-1,-5.747061E-2,6.980291E-1,-3.1259614E-1,-4.6777952E-1,-5.047927E-1,-1.5040481E0,5.245026E0,-7.1775174E-1,7.163071E-1,-1.5301863E0,1.9246401E-1,7.188238E-1,5.1879084E-1,-1.6840985E-2,-2.7676523E-3,-4.2257884E-1,1.4661452E0,-4.9887687E-1,1.7684308E-1,-7.4733233E-1,-1.325456E0,-1.6625886E0,4.66817E0,-1.0106249E0,1.0497096E1,-4.6248394E-1,-4.6720704E-1,1.2640022E-1,2.37944E-1,2.1032499E-1,1.508676E-1,2.1603134E-1,3.2973733E-2,-2.3445494E-1,1.2314364E0,-5.1532526E-2,6.656114E-2,-1.8414983E-1,-2.5023907E-1,-4.3801904E-2,-2.8077564E-1,-5.039055E-1,-5.9414846E-1,-4.5631555E-1,4.0192647E0,-3.723648E-1,-8.3995026E-1,-2.7627423E-1,6.9119263E0,-3.723648E-1,1.0156713E0,-4.6327984E-1],"categories":[1,2,3,4,0,1,2,3,4,5,6,7,8,9,10,11,2,0,3,4,5,1,2,3,4,5,6,7,8,10,11,1,0,1,2,3,4,5,6,7,8,10,11,2,0,1,2,3,4,5,6,7,8,9,10,11,1,2,3,1,3,4,5,8,10,11,0,1,2,3,4,5,1,5,1,1,4,1,1,2,0,1,2,3,4,5,6,9,10,11,2,1,2,3,5,1,1,0,1,2,3,3,2,2,1],"categories_nodes":[0,1,2,4,5,6,7,8,9,10,11,12,13,14,15,16,18,20,22,23,24,26,27,28,31,32,34,35,36,37,38,39,42],"categories_segments":[0,4,16,17,21,31,32,43,44,56,59,60,66,72,73,74,75,76,77,78,79,80,90,91,92,93,95,96,97,101,102,103,104],"categories_sizes":[4,12,1,4,10,1,11,1,12,3,1,6,6,1,1,1,1,1,1,1,1,10,1,1,1,2,1,1,4,1,1,1,1],"default_left":[0,0,0,0,0,0,0,0,0,0,0,0,0,0,0,0,0,0,0,0,0,0,0,0,0,0,0,0,0,0,0,0,0,0,0,0,0,0,0,0,0,0,0,0,0,0,0,0,0,0,0,0,0,0,0,0,0,0,0,0,0,0,0,0,0,0,0],"id":0,"left_children":[1,3,5,-1,7,9,11,13,15,17,19,21,23,25,27,29,31,-1,33,-1,35,-1,37,39,41,-1,43,45,47,-1,-1,49,51,-1,53,55,57,59,61,63,-1,-1,65,-1,-1,-1,-1,-1,-1,-1,-1,-1,-1,-1,-1,-1,-1,-1,-1,-1,-1,-1,-1,-1,-1,-1,-1],"loss_changes":[8.807783E3,2.3815149E2,2.5379043E3,0E0,1.27556885E2,3.909043E2,1.4054956E4,4.5561035E1,3.8162395E1,4.6972656E0,6.808838E0,2.1432133E4,2.3625293E2,6.276245E-1,3.0733826E1,3.0150747E1,7.258746E1,0E0,5.6313868E0,0E0,1.0669556E1,0E0,2.522625E2,1.1177562E3,3.9843994E1,0E0,1.1779785E0,1.1370911E1,1.0872142E1,0E0,0E0,2.075535E2,2.7293482E0,0E0,6.262045E-1,2.8610931E1,7.647888E0,4.4331592E2,2.144397E1,1.4248345E3,0E0,0E0,8.765986E1,0E0,0E0,0E0,0E0,0E0,0E0,0E0,0E0,0E0,0E0,0E0,0E0,0E0,0E0,0E0,0E0,0E0,0E0,0E0,0E0,0E0,0E0,0E0,0E0],"parents":[2147483647,0,0,1,1,2,2,4,4,5,5,6,6,7,7,8,8,9,9,10,10,11,11,12,12,13,13,14,14,15,15,16,16,18,18,20,20,22,22,23,23,24,24,26,26,27,27,28,28,31,31,32,32,34,34,35,35,36,36,37,37,38,38,39,39,42,42],"right_children":[2,4,6,-1,8,10,12,14,16,18,20,22,24,26,28,30,32,-1,34,-1,36,-1,38,40,42,-1,44,46,48,-1,-1,50,52,-1,54,56,58,60,62,64,-1,-1,66,-1,-1,-1,-1,-1,-1,-1,-1,-1,-1,-1,-1,-1,-1,-1,-1,-1,-1,-1,-1,-1,-1,-1,-1],"split_conditions":[NaN,NaN,NaN,-3.8678944E-1,NaN,NaN,NaN,NaN,NaN,NaN,NaN,NaN,NaN,NaN,NaN,NaN,NaN,-3.1259614E-1,NaN,-5.047927E-1,NaN,5.245026E0,NaN,NaN,NaN,1.9246401E-1,NaN,NaN,NaN,-2.7676523E-3,-4.2257884E-1,NaN,NaN,1.7684308E-1,NaN,NaN,NaN,NaN,NaN,NaN,-4.6248394E-1,-4.6720704E-1,NaN,2.37944E-1,2.1032499E-1,1.508676E-1,2.1603134E-1,3.2973733E-2,-2.3445494E-1,1.2314364E0,-5.1532526E-2,6.656114E-2,-1.8414983E-1,-2.5023907E-1,-4.3801904E-2,-2.8077564E-1,-5.039055E-1,-5.9414846E-1,-4.5631555E-1,4.0192647E0,-3.723648E-1,-8.3995026E-1,-2.7627423E-1,6.9119263E0,-3.723648E-1,1.0156713E0,-4.6327984E-1],"split_indices":[6,0,7,0,8,8,0,8,7,0,0,3,8,2,0,6,0,0,0,0,2,0,4,6,7,0,0,7,7,0,0,5,8,0,3,6,0,9,9,4,0,0,4,0,0,0,0,0,0,0,0,0,0,0,0,0,0,0,0,0,0,0,0,0,0,0,0],"split_type":[1,1,1,0,1,1,1,1,1,1,1,1,1,1,1,1,1,0,1,0,1,0,1,1,1,0,1,1,1,0,0,1,1,0,1,1,1,1,1,1,0,0,1,0,0,0,0,0,0,0,0,0,0,0,0,0,0,0,0,0,0,0,0,0,0,0,0],"sum_hessian":[1.952636E4,5.921008E3,1.3605351E4,7.311881E1,5.847889E3,1.2411212E4,1.1941393E3,5.308991E3,5.3889777E2,1.1111636E4,1.2995758E3,2.6540918E2,9.287301E2,1.5338792E3,3.7751123E3,4.6173926E2,7.715852E1,1.1095073E4,1.6562824E1,8.45916E2,4.5365982E2,1.09476234E2,1.5593294E2,4.888053E1,8.798496E2,2.197604E2,1.3141188E3,3.6648281E3,1.1028418E2,4.467923E2,1.4946939E1,4.6860676E1,3.0297852E1,3.2317708E0,1.3331055E1,2.1774055E2,2.3591927E2,7.2714844E0,1.4866145E2,8.483398E0,4.0397133E1,8.657106E2,1.4138997E1,2.4480664E2,1.0693121E3,3.3998228E3,2.650052E2,9.5337234E1,1.4946939E1,1.7370768E1,2.9489908E1,4.0397134E0,2.6258137E1,1.1311197E1,2.0198567E0,1.0543652E2,1.1230403E2,6.8675125E1,1.6724414E2,2.4238281E0,4.8476562E0,5.6555986E0,1.4300586E2,3.6357422E0,4.8476562E0,4.4436846E0,9.6953125E0],"tree_param":{"num_deleted":"0","num_feature":"10","num_nodes":"67","size_leaf_vector":"0"}},{"base_weights":[-9.955217E-2,-1.9865905E-1,1.0445251E0,-1.164996E-1,-1.181539E0,9.052694E0,-5.2581686E-1,-1.1497817E-1,-2.66199E-1,-1.0749797E0,-1.2520927E0,4.162965E1,-1.8004647E-1,-4.6969533E-1,-1.894437E0,-3.4689277E-2,2.740388E-1,-9.448787E-1,-3.455421E-1,-4.1753635E-1,-1.0639752E0,4.6565334E1,-2.2972796E0,1.5695772E-1,-3.948704E-1,-1.4164916E-1,2.7204454E-1,5.392435E-1,-1.9200249E-1,-2.8865352E-1,-5.030878E-1,-7.341667E-1,-1.0941368E0,-2.6007697E-1,-4.7986007E0,8.422924E-2,-7.013906E-1,4.8291972E-1,1.1446688E-1,6.554786E-2,-1.8613717E-1,-5.3391505E-2,-2.6577955E-1,1.24337964E-1,-2.4533089E-1,-3.5782897E-1,-3.0197948E-1,1.3038807E-1,-1.510439E-1,-3.0205926E-1,-5.230153E0,7.36881E0,-3.0929276E-1,-2.5014013E-1,-1.7850935E-1],"categories":[2,1,2,3,4,1,3,4,5,6,7,2,3,5,1,2,0,1,2,3,4,5,6,7,3,4,5,6,7,10,1,2,3,2,2,2,1,1,3,1,2,3,1,0,1,2,3,4,5,6,7,8,10,11,10,11,1,0,1,2,3,4,5,6,7,8,10,11,0,1,6,7,1,2,3,1,2,1],"categories_nodes":[0,1,2,3,4,5,6,7,9,10,11,12,13,16,17,20,22,24,27,28,30,31,32,33,34,35,36],"categories_segments":[0,1,5,6,11,14,15,16,24,30,33,34,35,36,37,39,40,42,43,54,56,57,68,72,75,76,77],"categories_sizes":[1,4,1,5,3,1,1,8,6,3,1,1,1,1,2,1,2,1,11,2,1,11,4,3,1,1,1],"default_left":[0,0,0,0,0,0,0,0,0,0,0,0,0,0,0,0,0,0,0,0,0,0,0,0,0,0,0,0,0,0,0,0,0,0,0,0,0,0,0,0,0,0,0,0,0,0,0,0,0,0,0,0,0,0,0],"id":1,"left_children":[1,3,5,7,9,11,13,15,-1,17,19,21,23,25,-1,-1,27,29,-1,-1,31,-1,33,-1,35,-1,-1,37,39,-1,41,43,45,47,49,51,53,-1,-1,-1,-1,-1,-1,-1,-1,-1,-1,-1,-1,-1,-1,-1,-1,-1,-1],"loss_changes":[2.236803E3,1.4658364E3,1.9782113E4,1.9547043E1,9.181885E0,7.757334E4,4.2451706E2,4.2780457E0,0E0,4.5579224E0,2.0499634E1,2.8452747E5,3.0713284E1,4.859894E0,0E0,0E0,3.6024487E0,1.1614075E0,0E0,0E0,2.7846375E0,0E0,2.1305467E2,0E0,2.2858412E1,0E0,0E0,2.4756784E0,2.0710173E0,0E0,1.1129987E0,3.5329247E0,1.6348267E0,4.316866E0,8.841109E2,1.7032665E3,8.387337E-1,0E0,0E0,0E0,0E0,0E0,0E0,0E0,0E0,0E0,0E0,0E0,0E0,0E0,0E0,0E0,0E0,0E0,0E0],"parents":[2147483647,0,0,1,1,2,2,3,3,4,4,5,5,6,6,7,7,9,9,10,10,11,11,12,12,13,13,16,16,17,17,20,20,22,22,24,24,27,27,28,28,30,30,31,31,32,32,33,33,34,34,35,35,36,36],"right_children":[2,4,6,8,10,12,14,16,-1,18,20,22,24,26,-1,-1,28,30,-1,-1,32,-1,34,-1,36,-1,-1,38,40,-1,42,44,46,48,50,52,54,-1,-1,-1,-1,-1,-1,-1,-1,-1,-1,-1,-1,-1,-1,-1,-1,-1,-1],"split_conditions":[NaN,NaN,NaN,NaN,NaN,NaN,NaN,NaN,-2.66199E-1,NaN,NaN,NaN,NaN,NaN,-1.894437E0,-3.4689277E-2,NaN,NaN,-3.455421E-1,-4.1753635E-1,NaN,4.6565334E1,NaN,1.5695772E-1,NaN,-1.4164916E-1,2.7204454E-1,NaN,NaN,-2.8865352E-1,NaN,NaN,NaN,NaN,NaN,NaN,NaN,4.8291972E-1,1.1446688E-1,6.554786E-2,-1.8613717E-1,-5.3391505E-2,-2.6577955E-1,1.24337964E-1,-2.4533089E-1,-3.5782897E-1,-3.0197948E-1,1.3038807E-1,-1.510439E-1,-3.0205926E-1,-5.230153E0,7.36881E0,-3.0929276E-1,-2.5014013E-1,-1.7850935E-1],"split_indices":[7,6,6,8,2,4,4,1,0,8,0,4,9,7,0,0,0,1,0,0,0,0,6,0,5,0,0,8,8,0,6,8,1,2,9,6,4,0,0,0,0,0,0,0,0,0,0,0,0,0,0,0,0,0,0],"split_type":[1,1,1,1,1,1,1,1,0,1,1,1,1,1,0,0,1,1,0,0,1,0,1,0,1,0,0,1,1,0,1,1,1,1,1,1,1,0,0,0,0,0,0,0,0,0,0,0,0,0,0,0,0,0,0],