{"learner":{"attributes":{"best_ntree_limit":"1"},"feature_names":[],"feature_types":["c","c","c","c","c","c","c","c","c","c"],"gradient_booster":{"model":{"gbtree_model_param":{"num_parallel_tree":"1","num_trees":"1","size_leaf_vector":"0"},"tree_info":[0],"trees":[{"base_weights":[-6.229849E-1,1.1169236E0,-1.3806782E0,-5.7263494E-1,1.1533868E0,-1.6098006E0,9.920859E-1,1.2392191E0,3.173017E-1,-1.5068165E0,-2.4947073E0,1.1981668E1,-2.1416633E0,1.4949397E0,1.1347764E0,-2.4090462E0,4.362209E-1,-4.522147E-1,2.6037067E-1,-1.7977266E0,-2.5323157E0,8.980212E0,-8.770621E-1,3.3029425E0,-2.3354201E0,4.0656865E-1,1.5150491E0,1.1646484E0,2.3644589E-1,5.254098E-1,-2.289777E0,-9.2501116E-1,-6.756381E-1,-7.833297E-1,-2.3391929E0,8.749397E0,-1.5288881E0,2.2443916E1,-2.1015153E0,-7.1631604E-1,4.211662E-1,5.1186776E-1,4.468427E-1,3.4178707E-1,4.439933E-1,1.351457E-1,-3.3278176E-1,1.1238698E-1,4.2925888E-1,-1.0452585E0,-6.046246E-2,3.47523E-1,-4.2341292E-1,-6.3656884E-1,-7.82681E-1,5.263411E0,-5.7296866E-1,-1.9465072E0,-4.152659E-1,1.3915427E1,-4.4321847E-1,-7.3657376E-1,3.831733E-2,1.0461245E0,-5.845867E-1],"categories":[1,2,3,4,0,1,2,3,4,5,6,7,8,9,10,11,2,0,3,4,5,1,2,3,4,5,6,7,8,10,11,1,0,1,2,3,4,5,6,7,8,10,11,0,1,2,3,4,5,6,7,1,1,2,3,1,3,4,5,6,8,10,11,0,1,2,3,4,5,0,1,1,3,4,5,10,1,2,1,2,2,0,2,3,4,5,6,7,2,1,0,1,2,3,4,5,6,7,8,9,10,11,5,1,1,3,2,0,1,3,2,1],"categories_nodes":[0,1,2,4,5,6,7,8,9,10,11,12,13,14,16,19,20,22,23,24,26,27,28,29,30,31,34,35,36,37,38,40],"categories_segments":[0,4,16,17,21,31,32,43,51,52,55,56,63,69,71,72,76,78,79,80,81,88,89,90,102,103,104,105,106,107,110,111],"categories_sizes":[4,12,1,4,10,1,11,8,1,3,1,7,6,2,1,4,2,1,1,1,7,1,1,12,1,1,1,1,1,3,1,1],"default_left":[0,0,0,0,0,0,0,0,0,0,0,0,0,0,0,0,0,0,0,0,0,0,0,0,0,0,0,0,0,0,0,0,0,0,0,0,0,0,0,0,0,0,0,0,0,0,0,0,0,0,0,0,0,0,0,0,0,0,0,0,0,0,0,0,0],"id":0,"left_children":[1,3,5,-1,7,9,11,13,15,17,19,21,23,25,27,-1,29,-1,-1,31,33,-1,35,37,39,-1,41,43,45,47,49,51,-1,-1,53,55,57,59,61,-1,63,-1,-1,-1,-1,-1,-1,-1,-1,-1,-1,-1,-1,-1,-1,-1,-1,-1,-1,-1,-1,-1,-1,-1,-1],"loss_changes":[1.4977807E4,3.824834E2,4.3042217E3,0E0,2.4406348E2,6.54E2,2.4048338E4,8.080371E1,3.1965936E2,9.998047E0,1.5129883E1,3.5790434E4,5.81198E2,4.5458984E-1,5.869043E1,0E0,7.778008E1,0E0,0E0,1.4529022E1,4.694824E0,0E0,5.858964E2,2.0225085E3,7.6770996E1,0E0,1.2320557E0,1.531665E1,2.1230074E1,4.121486E1,2.4651955E1,1.788858E1,0E0,0E0,7.085083E0,5.899324E2,5.2941696E1,2.5254253E3,1.2776817E1,0E0,8.4065445E1,0E0,0E0,0E0,0E0,0E0,0E0,0E0,0E0,0E0,0E0,0E0,0E0,0E0,0E0,0E0,0E0,0E0,0E0,0E0,0E0,0E0,0E0,0E0,0E0],"parents":[2147483647,0,0,1,1,2,2,4,4,5,5,6,6,7,7,8,8,9,9,10,10,11,11,12,12,13,13,14,14,16,16,19,19,20,20,22,22,23,23,24,24,26,26,27,27,28,28,29,29,30,30,31,31,34,34,35,35,36,36,37,37,38,38,40,40],"right_children":[2,4,6,-1,8,10,12,14,16,18,20,22,24,26,28,-1,30,-1,-1,32,34,-1,36,38,40,-1,42,44,46,48,50,52,-1,-1,54,56,58,60,62,-1,64,-1,-1,-1,-1,-1,-1,-1,-1,-1,-1,-1,-1,-1,-1,-1,-1,-1,-1,-1,-1,-1,-1,-1,-1],"split_conditions":[NaN,NaN,NaN,-5.7263494E-1,NaN,NaN,NaN,NaN,NaN,NaN,NaN,NaN,NaN,NaN,NaN,-2.4090462E0,NaN,-4.522147E-1,2.6037067E-1,NaN,NaN,8.980212E0,NaN,NaN,NaN,4.0656865E-1,NaN,NaN,NaN,NaN,NaN,NaN,-6.756381E-1,-7.833297E-1,NaN,NaN,NaN,NaN,NaN,-7.1631604E-1,NaN,5.1186776E-1,4.468427E-1,3.4178707E-1,4.439933E-1,1.351457E-1,-3.3278176E-1,1.1238698E-1,4.2925888E-1,-1.0452585E0,-6.046246E-2,3.47523E-1,-4.2341292E-1,-6.3656884E-1,-7.82681E-1,5.263411E0,-5.7296866E-1,-1.9465072E0,-4.152659E-1,1.3915427E1,-4.4321847E-1,-7.3657376E-1,3.831733E-2,1.0461245E0,-5.845867E-1],"split_indices":[6,0,7,0,8,8,0,8,1,3,6,3,8,2,0,0,7,0,0,8,0,0,4,5,7,0,1,7,7,0,1,0,0,0,6,9,9,1,7,0,4,0,0,0,0,0,0,0,0,0,0,0,0,0,0,0,0,0,0,0,0,0,0,0,0],"split_type":[1,1,1,0,1,1,1,1,1,1,1,1,1,1,1,0,1,0,0,1,1,0,1,1,1,0,1,1,1,1,1,1,0,0,1,1,1,1,1,0,1,0,0,0,0,0,0,0,0,0,0,0,0,0,0,0,0,0,0,0,0,0,0,0,0],"sum_hessian":[1.135914E4,3.4458594E3,7.91328E3,4.042064E1,3.4054387E3,7.216729E3,6.96551E2,3.0879487E3,3.1749002E2,6.466832E3,7.4989685E2,1.5392743E2,5.426236E2,8.9160406E2,2.1963447E3,3.5250556E0,3.1396497E2,6.465657E3,1.1750185E0,4.0890644E1,7.0900616E2,6.3686005E1,9.0241425E1,1.8095285E1,5.2452826E2,1.2079191E2,7.708122E2,2.1253735E3,7.097112E1,3.047998E2,9.165145E0,1.5040237E1,2.5850409E1,4.946828E2,2.1432338E2,4.9350777E0,8.530634E1,3.290052E0,1.4805234E1,5.148931E2,9.635152E0,8.3191315E1,6.8762085E2,1.9714462E3,1.5392743E2,6.1805977E1,9.165145E0,2.6249915E2,4.2300667E1,5.4050856E0,3.7600594E0,2.5850408E0,1.2455196E1,1.2361195E2,9.071143E1,2.350037E0,2.5850408E0,1.1750185E0,8.4131325E1,1.1750185E0,2.1150334E0,1.2690201E1,2.1150334E0,3.995063E0,5.640089E0],"tree_param":{"num_deleted":"0","num_feature":"10","num_nodes":"65","size_leaf_vector":"0"}}]},"name":"gbtree"},"learner_model_param":{"base_score":"5E-1","num_class":"0","num_feature":"10","num_target":"1"},"objective":{"name":"reg:squarederror","reg_loss_param":{"scale_pos_weight":"1"}}},"version":[1,6,2]}