{"learner":{"attributes":{"best_ntree_limit":"8"},"feature_names":[],"feature_types":["c","c","c","c","c","c","c","c","c","c"],"gradient_booster":{"model":{"gbtree_model_param":{"num_parallel_tree":"1","num_trees":"3","size_leaf_vector":"0"},"tree_info":[0,0,0],"trees":[{"base_weights":[-5.1352555E-1,9.3332744E-1,-1.1403912E0,-4.5624045E-1,9.656784E-1,-1.3293033E0,8.3181185E-1,1.0361261E0,2.7808523E-1,-1.243807E0,-2.0545888E0,9.760939E0,-1.7560269E0,1.226633E0,9.531552E-1,-3.8446693E0,3.7029773E-1,-3.734693E-1,-4.3540275E-1,-6.4652306E-1,-1.8606092E0,2.3237926E1,-3.7468377E-1,6.14632E0,-1.923992E0,1.1645027E0,1.2532187E0,9.763683E-1,2.1130256E-1,5.81008E-1,-3.143592E-1,1.176148E-1,-6.986946E-1,-1.5445373E0,-2.109437E0,1.4982258E1,-1.7786242E0,2.7210186E1,-1.8024895E0,-5.883429E-1,3.8388366E-1,3.5001117E-1,1.0980549E-1,5.0650156E-1,3.6241433E-1,2.8656057E-1,3.7103933E-1,1.257391E-1,-2.8780866E-1,4.4689372E-1,1.374718E-1,-4.4059772E-2,-4.7682956E-1,-1.7498089E-2,-2.8871828E-1,-3.7963244E-1,-5.426771E-1,-7.675489E-1,-5.579032E-1,-5.565608E-1,2.9358925E-2,1.5210013E1,-4.1338718E-1,-6.167655E-1,-8.13276E-2,1.1217977E0,-4.8898748E-1],"categories":[1,2,3,4,0,1,2,3,4,5,6,7,8,9,10,11,2,0,3,4,5,1,2,3,4,5,6,7,8,10,11,1,0,1,3,4,5,6,7,8,10,11,0,1,2,3,4,5,6,7,0,1,2,3,4,5,6,7,8,9,10,11,1,2,3,1,3,4,5,6,8,10,11,1,0,1,1,2,1,4,0,1,2,3,4,5,6,7,8,9,1,2,1,0,1,2,3,4,5,7,9,10,11,2,1,0,1,2,3,4,6,7,8,10,11,1,0,1,2,3,4,5,1,2,3,7,0,1,2,3,2,1,2,1],"categories_nodes":[0,1,2,4,5,6,7,8,9,10,11,12,13,14,16,18,20,21,23,24,25,26,27,28,29,30,32,33,34,36,37,38,40],"categories_segments":[0,4,16,17,21,31,32,42,50,62,65,66,73,74,76,78,79,80,90,91,92,93,103,104,105,115,116,122,126,130,131,132,133],"categories_sizes":[4,12,1,4,10,1,10,8,12,3,1,7,1,2,2,1,1,10,1,1,1,10,1,1,10,1,6,4,4,1,1,1,1],"default_left":[0,0,0,0,0,0,0,0,0,0,0,0,0,0,0,0,0,0,0,0,0,0,0,0,0,0,0,0,0,0,0,0,0,0,0,0,0,0,0,0,0,0,0,0,0,0,0,0,0,0,0,0,0,0,0,0,0,0,0,0,0,0,0,0,0,0,0],"id":0,"left_children":[1,3,5,-1,7,9,11,13,15,17,19,21,23,25,27,-1,29,-1,31,-1,33,35,-1,37,39,41,43,45,47,49,51,-1,53,55,57,-1,59,61,63,-1,65,-1,-1,-1,-1,-1,-1,-1,-1,-1,-1,-1,-1,-1,-1,-1,-1,-1,-1,-1,-1,-1,-1,-1,-1,-1,-1],"loss_changes":[1.2498953E4,3.3222192E2,3.5832588E3,0E0,1.989148E2,5.415498E2,1.9451871E4,5.7786865E1,4.6784308E2,6.3808594E0,1.3996582E1,2.8093523E4,8.7847327E2,4.0393066E-1,4.4614746E1,0E0,5.526843E1,0E0,2.9138188E0,0E0,2.2109375E1,5.693195E4,0E0,2.364251E3,5.563501E1,1.9195557E-1,1.3230835E1,1.2729004E1,1.9925808E1,3.1927559E1,1.9096151E1,0E0,1.5568261E0,8.470123E0,1.5176453E1,0E0,6.633484E0,2.6556584E3,3.7023163E0,0E0,8.02707E1,0E0,0E0,0E0,0E0,0E0,0E0,0E0,0E0,0E0,0E0,0E0,0E0,0E0,0E0,0E0,0E0,0E0,0E0,0E0,0E0,0E0,0E0,0E0,0E0,0E0,0E0],"parents":[2147483647,0,0,1,1,2,2,4,4,5,5,6,6,7,7,8,8,9,9,10,10,11,11,12,12,13,13,14,14,16,16,18,18,20,20,21,21,23,23,24,24,25,25,26,26,27,27,28,28,29,29,30,30,32,32,33,33,34,34,36,36,37,37,38,38,40,40],"right_children":[2,4,6,-1,8,10,12,14,16,18,20,22,24,26,28,-1,30,-1,32,-1,34,36,-1,38,40,42,44,46,48,50,52,-1,54,56,58,-1,60,62,64,-1,66,-1,-1,-1,-1,-1,-1,-1,-1,-1,-1,-1,-1,-1,-1,-1,-1,-1,-1,-1,-1,-1,-1,-1,-1,-1,-1],"split_conditions":[NaN,NaN,NaN,-4.5624045E-1,NaN,NaN,NaN,NaN,NaN,NaN,NaN,NaN,NaN,NaN,NaN,-3.8446693E0,NaN,-3.734693E-1,NaN,-6.4652306E-1,NaN,NaN,-3.7468377E-1,NaN,NaN,NaN,NaN,NaN,NaN,NaN,NaN,1.176148E-1,NaN,NaN,NaN,1.4982258E1,NaN,NaN,NaN,-5.883429E-1,NaN,3.5001117E-1,1.0980549E-1,5.0650156E-1,3.6241433E-1,2.8656057E-1,3.7103933E-1,1.257391E-1,-2.8780866E-1,4.4689372E-1,1.374718E-1,-4.4059772E-2,-4.7682956E-1,-1.7498089E-2,-2.8871828E-1,-3.7963244E-1,-5.426771E-1,-7.675489E-1,-5.579032E-1,-5.565608E-1,2.9358925E-2,1.5210013E1,-4.1338718E-1,-6.167655E-1,-8.13276E-2,1.1217977E0,-4.8898748E-1],"split_indices":[6,0,7,0,8,8,0,8,1,0,0,4,8,9,0,0,0,0,0,0,2,0,0,5,7,5,0,7,7,0,7,0,2,1,0,0,7,3,7,0,4,0,0,0,0,0,0,0,0,0,0,0,0,0,0,0,0,0,0,0,0,0,0,0,0,0,0],"split_type":[1,1,1,0,1,1,1,1,1,1,1,1,1,1,1,0,1,0,1,0,1,1,0,1,1,1,1,1,1,1,1,0,1,1,1,0,1,1,1,0,1,0,0,0,0,0,0,0,0,0,0,0,0,0,0,0,0,0,0,0,0,0,0,0,0,0,0],"sum_hessian":[1.3778637E4,4.1650044E3,9.613632E3,5.3591187E1,4.1114136E3,8.773562E3,8.400704E2,3.7288635E3,3.8254987E2,7.850824E3,9.227376E2,1.8813928E2,6.519311E2,1.1271254E3,2.6017383E3,1.7103571E0,3.808395E2,7.8397065E3,1.1117321E1,6.011905E2,3.2154712E2,8.409255E1,1.0404672E2,1.2827678E1,6.3910345E2,3.5119333E2,7.75932E2,2.5224917E3,7.9246544E1,2.913308E2,8.950869E1,2.5655355E0,8.551785E0,1.4481023E2,1.767369E2,4.019339E1,4.3899166E1,2.850595E0,9.977083E0,6.2912634E2,9.977083E0,3.4976804E2,1.4252975E0,6.955452E1,7.0637744E2,2.337203E3,1.8528868E2,6.784416E1,1.140238E1,3.3351963E1,2.5797885E2,8.010172E1,9.406964E0,2.850595E0,5.70119E0,7.326029E1,7.1549934E1,5.98625E1,1.168744E2,4.218881E1,1.7103571E0,1.140238E0,1.7103571E0,8.266726E0,1.7103571E0,3.4207141E0,6.556369E0],"tree_param":{"num_deleted":"0","num_feature":"10","num_nodes":"67","size_leaf_vector":"0"}},{"base_weights":[-3.7854418E-1,5.6592554E-1,-8.0976886E-1,-3.514102E-1,5.9112036E-1,-9.9590373E-1,1.0832773E0,6.2410295E-1,-7.0200646E-1,-9.3922406E-1,-1.4908532E0,9.463319E0,-1.3795867E0,1.7947854E-1,1.0163192E0,-8.966043E0,2.2881962E-1,-9.381031E-1,-4.165403E-1,-4.6461776E-1,-1.3531935E0,2.1849539E1,-9.2783505E-1,9.0882015E0,-1.496151E0,4.057394E-1,9.5683956E-1,-1.2076202E1,-7.5519815E-2,4.9797565E-1,-3.933619E-1,-2.8152555E-1,-8.689323E-2,-1.2118312E0,-1.5408965E0,1.3092606E1,-1.8905671E0,-3.0062304E0,-5.10943E-1,9.599354E0,-1.3604571E0,-4.5632175E-1,3.149726E-1,3.0235067E-1,1.9791362E-1,9.0915877E-1,-2.4966094E-1,2.7893883E-1,9.7443305E-2,-3.662591E-1,7.9496264E-2,2.4990232E-1,-2.31429E-1,2.3056867E-2,-4.1811046E-1,-4.6746758E-1,-2.5376013E-1,-5.9106004E-1,1.2749297E-2,1.211451E0,-2.6914483E-1,-1.623859E0,3.2101256E-1,1.988106E0,-6.69407E-1],"categories":[1,2,3,0,1,2,3,4,5,6,7,8,9,10,11,2,1,1,2,3,4,5,7,8,10,1,0,1,2,3,4,5,6,7,8,9,10,11,1,1,2,1,2,1,1,3,4,5,0,1,2,3,5,5,4,1,1,0,1,2,3,4,5,6,7,8,9,1,1,2,0,2,4,8,11,0,2,3,4,5,1,1,4,0,1,2,3,4,5,6,7,1,2,2,2,2],"categories_nodes":[0,1,2,4,5,6,7,8,9,10,11,12,14,15,16,17,20,21,22,23,24,26,28,29,30,32,33,34,36,38,40,42],"categories_segments":[0,3,15,16,17,25,26,38,39,41,43,44,48,53,54,55,56,57,67,68,69,70,75,80,81,82,83,91,92,93,94,95],"categories_sizes":[3,12,1,1,8,1,12,1,2,2,1,4,5,1,1,1,1,10,1,1,1,5,5,1,1,1,8,1,1,1,1,1],"default_left":[0,0,0,0,0,0,0,0,0,0,0,0,0,0,0,0,0,0,0,0,0,0,0,0,0,0,0,0,0,0,0,0,0,0,0,0,0,0,0,0,0,0,0,0,0,0,0,0,0,0,0,0,0,0,0,0,0,0,0,0,0,0,0,0,0],"id":1,"left_children":[1,3,5,-1,7,9,11,13,15,17,19,21,23,-1,25,27,29,31,-1,-1,33,35,37,39,41,-1,43,-1,45,47,49,-1,51,53,55,-1,57,-1,59,-1,61,-1,63,-1,-1,-1,-1,-1,-1,-1,-1,-1,-1,-1,-1,-1,-1,-1,-1,-1,-1,-1,-1,-1,-1],"loss_changes":[5.6673687E3,1.9162488E2,3.367191E3,0E0,1.8385327E2,2.4261816E2,1.7673629E4,4.1899292E1,8.2843646E2,2.6293945E0,5.0109863E0,2.5052514E4,8.2159814E2,0E0,3.8605042E0,3.02905E3,1.6528427E1,2.010254E0,0E0,0E0,5.34848E0,4.6007164E4,3.9943823E2,1.8230757E3,3.0077637E1,0E0,2.7060242E0,0E0,2.4826761E1,4.821604E0,1.6672142E1,0E0,3.153714E0,3.7560684E1,4.458618E-2,0E0,6.7713013E0,0E0,1.8475386E2,0E0,6.552632E1,0E0,1.711648E2,0E0,0E0,0E0,0E0,0E0,0E0,0E0,0E0,0E0,0E0,0E0,0E0,0E0,0E0,0E0,0E0,0E0,0E0,0E0,0E0,0E0,0E0],"parents":[2147483647,0,0,1,1,2,2,4,4,5,5,6,6,7,7,8,8,9,9,10,10,11,11,12,12,14,14,15,15,16,16,17,17,20,20,21,21,22,22,23,23,24,24,26,26,28,28,29,29,30,30,32,32,33,33,34,34,36,36,38,38,40,40,42,42],"right_children":[2,4,6,-1,8,10,12,14,16,18,20,22,24,-1,26,28,30,32,-1,-1,34,36,38,40,42,-1,44,-1,46,48,50,-1,52,54,56,-1,58,-1,60,-1,62,-1,64,-1,-1,-1,-1,-1,-1,-1,-1,-1,-1,-1,-1,-1,-1,-1,-1,-1,-1,-1,-1,-1,-1],