{"learner":{"attributes":{"best_ntree_limit":"1"},"feature_names":[],"feature_types":["c","c","c","c","c","c","c","c","c","c"],"gradient_booster":{"model":{"gbtree_model_param":{"num_parallel_tree":"1","num_trees":"1","size_leaf_vector":"0"},"tree_info":[0],"trees":[{"base_weights":[-5.250051E-1,4.872695E-1,-9.6580625E-1,-3.8460377E-1,5.0848526E-1,-1.0991051E0,4.1502282E-1,5.5843484E-1,2.253634E-2,-1.0391967E0,-1.6145266E0,6.827031E0,-1.4092516E0,7.075816E-1,4.977175E-1,-1.5860219E0,9.1813706E-2,-3.1185776E-1,1.5490443E-1,-5.047846E-1,-1.4795836E0,5.209756E0,-6.741136E-1,1.8069379E0,-1.5220832E0,1.8878685E-1,7.1936667E-1,5.151041E-1,-2.291437E-2,1.437881E-1,-1.5420867E0,-1.2664455E0,-1.6544583E0,5.3302674E0,-1.0552244E0,1.4328693E1,-1.4121959E0,-4.6576485E-1,1.01705536E-1,2.5081947E-1,2.1136598E-1,1.5010893E-1,2.1039201E-1,3.0824052E-2,-2.4776329E-1,1.681444E-2,2.0403503E-1,-6.9458103E-1,-8.080277E-2,-2.0593368E-1,-5.041439E-1,-5.9161574E-1,-4.4277945E-1,3.459637E0,-4.1715568E-1,-1.4345751E0,-2.9120857E-1,1.3961064E1,-4.1715568E-1,-4.8863226E-1,-1.2507069E-2,6.2160474E-1,-4.071515E-1],"categories":[1,2,3,4,0,1,2,3,4,5,6,7,8,9,10,11,2,0,3,4,5,1,2,3,4,5,6,7,8,10,11,1,0,1,2,3,4,5,6,7,8,10,11,0,1,2,3,4,5,6,7,1,1,2,3,1,3,4,5,6,8,10,11,0,1,2,3,4,5,1,1,4,1,2,2,0,2,3,4,5,6,7,2,1,0,1,2,3,4,5,6,7,8,9,10,11,5,1,1,2,3,3,2,2,3,6,2,1],"categories_nodes":[0,1,2,4,5,6,7,8,9,10,11,12,13,14,16,20,22,23,24,26,27,28,29,30,31,32,33,34,35,36,38],"categories_segments":[0,4,16,17,21,31,32,43,51,52,55,56,63,69,70,71,72,73,74,75,82,83,84,96,97,98,101,102,103,106,107],"categories_sizes":[4,12,1,4,10,1,11,8,1,3,1,7,6,1,1,1,1,1,1,7,1,1,12,1,1,3,1,1,3,1,1],"default_left":[0,0,0,0,0,0,0,0,0,0,0,0,0,0,0,0,0,0,0,0,0,0,0,0,0,0,0,0,0,0,0,0,0,0,0,0,0,0,0,0,0,0,0,0,0,0,0,0,0,0,0,0,0,0,0,0,0,0,0,0,0,0,0],"id":0,"left_children":[1,3,5,-1,7,9,11,13,15,17,19,21,23,25,27,-1,29,-1,-1,-1,31,-1,33,35,37,-1,39,41,43,45,47,49,51,53,55,57,59,-1,61,-1,-1,-1,-1,-1,-1,-1,-1,-1,-1,-1,-1,-1,-1,-1,-1,-1,-1,-1,-1,-1,-1,-1,-1],"loss_changes":[8.713809E3,2.2303528E2,2.5044346E3,0E0,1.4210425E2,3.814121E2,1.4027283E4,4.7726685E1,2.0159259E2,6.2285156E0,9.36377E0,2.100834E4,3.41604E2,9.624634E-1,3.41969E1,0E0,4.613899E1,0E0,0E0,0E0,1.433905E1,0E0,3.6289093E2,1.3143939E3,4.4813477E1,0E0,1.7032471E0,9.679993E0,1.2495655E1,2.466473E1,1.58642845E1,4.759137E1,1.0637024E1,4.113164E2,4.1867477E1,3.4343555E3,7.7830887E0,0E0,5.3295372E1,0E0,0E0,0E0,0E0,0E0,0E0,0E0,0E0,0E0,0E0,0E0,0E0,0E0,0E0,0E0,0E0,0E0,0E0,0E0,0E0,0E0,0E0,0E0,0E0],"parents":[2147483647,0,0,1,1,2,2,4,4,5,5,6,6,7,7,8,8,9,9,10,10,11,11,12,12,13,13,14,14,16,16,20,20,22,22,23,23,24,24,26,26,27,27,28,28,29,29,30,30,31,31,32,32,33,33,34,34,35,35,36,36,38,38],"right_children":[2,4,6,-1,8,10,12,14,16,18,20,22,24,26,28,-1,30,-1,-1,-1,32,-1,34,36,38,-1,40,42,44,46,48,50,52,54,56,58,60,-1,62,-1,-1,-1,-1,-1,-1,-1,-1,-1,-1,-1,-1,-1,-1,-1,-1,-1,-1,-1,-1,-1,-1,-1,-1],"split_conditions":[NaN,NaN,NaN,-3.8460377E-1,NaN,NaN,NaN,NaN,NaN,NaN,NaN,NaN,NaN,NaN,NaN,-1.5860219E0,NaN,-3.1185776E-1,1.5490443E-1,-5.047846E-1,NaN,5.209756E0,NaN,NaN,NaN,1.8878685E-1,NaN,NaN,NaN,NaN,NaN,NaN,NaN,NaN,NaN,NaN,NaN,-4.6576485E-1,NaN,2.5081947E-1,2.1136598E-1,1.5010893E-1,2.1039201E-1,3.0824052E-2,-2.4776329E-1,1.681444E-2,2.0403503E-1,-6.9458103E-1,-8.080277E-2,-2.0593368E-1,-5.041439E-1,-5.9161574E-1,-4.4277945E-1,3.459637E0,-4.1715568E-1,-1.4345751E0,-2.9120857E-1,1.3961064E1,-4.1715568E-1,-4.8863226E-1,-1.2507069E-2,6.2160474E-1,-4.071515E-1],"split_indices":[6,0,7,0,8,8,0,8,1,3,0,3,8,2,0,0,7,0,0,0,2,0,4,5,7,0,1,7,7,0,1,6,0,9,9,1,7,0,4,0,0,0,0,0,0,0,0,0,0,0,0,0,0,0,0,0,0,0,0,0,0,0,0],"split_type":[1,1,1,0,1,1,1,1,1,1,1,1,1,1,1,0,1,0,0,0,1,0,1,1,1,0,1,1,1,1,1,1,1,1,1,1,1,0,1,0,0,0,0,0,0,0,0,0,0,0,0,0,0,0,0,0,0,0,0,0,0,0,0],"sum_hessian":[1.952636E4,5.9234316E3,1.3602927E4,6.948307E1,5.8539487E3,1.2405556E4,1.1973711E3,5.3081836E3,5.4576526E2,1.1116483E4,1.2890725E3,2.6460123E2,9.3276984E2,1.5326672E3,3.775516E3,6.0595703E0,5.397057E2,1.1114464E4,2.0198567E0,8.4914777E2,4.399248E2,1.09476234E2,1.55125E2,3.1105793E1,9.0166406E2,2.0764127E2,1.325026E3,3.6535168E3,1.21999344E2,5.239508E2,1.5754883E1,2.0198567E2,2.3793912E2,8.483398E0,1.466416E2,5.6555986E0,2.5450195E1,8.851012E2,1.6562824E1,1.4300586E2,1.1820201E3,3.3889155E3,2.6460123E2,1.0624446E2,1.5754883E1,4.51236E2,7.271484E1,9.291341E0,6.4635415E0,8.523795E1,1.1674772E2,8.200618E1,1.5593294E2,4.0397134E0,4.4436846E0,2.0198567E0,1.4462173E2,1.2119141E0,4.4436846E0,2.1814453E1,3.6357422E0,6.8675127E0,9.6953125E0],"tree_param":{"num_deleted":"0","num_feature":"10","num_nodes":"63","size_leaf_vector":"0"}}]},"name":"gbtree"},"learner_model_param":{"base_score":"5E-1","num_class":"0","num_feature":"10","num_target":"1"},"objective":{"name":"reg:squarederror","reg_loss_param":{"scale_pos_weight":"1"}}},"version":[1,6,2]}