{"learner":{"attributes":{"best_ntree_limit":"2"},"feature_names":[],"feature_types":["c","c","c","c","c","c","c","c","c","c","c"],"gradient_booster":{"model":{"gbtree_model_param":{"num_parallel_tree":"1","num_trees":"2","size_leaf_vector":"0"},"tree_info":[0,0],"trees":[{"base_weights":[-6.2289685E-1,1.1232475E0,-1.3805553E0,-5.6691754E-1,1.1634481E0,-1.6109494E0,1.0055956E0,1.2479964E0,3.4521228E-1,-1.5065904E0,-2.4988716E0,1.1184321E1,-2.1114604E0,4.46851E-1,1.1498411E0,-2.9753036E0,4.526334E-1,-4.5213434E-1,1.574978E-1,-7.839401E-1,-2.2743418E0,2.5872505E1,-1.4939557E0,4.1505313E0,-2.3179586E0,3.9175636E-1,8.988276E-1,4.3093863E0,3.4794843E-1,-2.09315E0,-7.7921253E-1,1.5345965E1,-2.198215E0,-3.8675916E0,-8.722749E-1,1.0054262E1,-2.084744E0,-7.10631E-1,3.943815E-1,-3.617465E-2,3.3865392E-1,3.1201465E0,1.6073829E-1,2.1544768E-1,-1.2123279E-1,-1.9464193E-1,-6.90456E-1,-3.296765E-1,-6.819012E-1,1.469012E0,-4.1364178E-1,-6.9274676E-1,-4.051554E-2,1.1710205E0,-5.917659E-1],"categories":[1,2,3,4,0,1,2,3,4,5,6,7,8,9,10,11,2,0,3,4,5,1,2,3,4,5,6,7,8,10,11,1,0,1,2,3,4,5,6,7,8,10,11,0,1,2,3,4,5,6,7,1,1,2,3,1,3,4,5,6,8,10,11,1,0,1,2,3,4,5,6,8,10,11,1,0,1,2,3,4,5,6,7,8,9,1,2,2,0,1,0,3,1,1,2,3,6,7,1,3,4,7,9,10,2,2,1],"categories_nodes":[0,1,2,4,5,6,7,8,9,10,11,12,14,16,20,21,22,23,24,26,27,28,29,32,34,36,38],"categories_segments":[0,4,16,17,21,31,32,43,51,52,55,56,63,64,74,75,85,86,87,88,90,92,93,98,104,105,106],"categories_sizes":[4,12,1,4,10,1,11,8,1,3,1,7,1,10,1,10,1,1,1,2,2,1,5,6,1,1,1],"default_left":[0,0,0,0,0,0,0,0,0,0,0,0,0,0,0,0,0,0,0,0,0,0,0,0,0,0,0,0,0,0,0,0,0,0,0,0,0,0,0,0,0,0,0,0,0,0,0,0,0,0,0,0,0,0,0],"id":0,"left_children":[1,3,5,-1,7,9,11,13,15,17,19,21,23,-1,25,-1,27,-1,-1,-1,29,31,33,35,37,-1,39,41,43,45,-1,-1,47,-1,49,-1,51,-1,53,-1,-1,-1,-1,-1,-1,-1,-1,-1,-1,-1,-1,-1,-1,-1,-1],"loss_changes":[1.5030799E4,4.1863965E2,4.3573164E3,0E0,2.3433447E2,6.65791E2,2.217764E4,7.118848E1,3.5638617E2,7.678711E0,1.351416E1,3.0552352E4,7.0193945E2,0E0,8.462915E1,0E0,1.2642487E2,0E0,0E0,0E0,9.986206E0,5.4021684E4,6.186327E2,3.264847E3,7.2454346E1,0E0,1.9780981E2,1.8486359E2,8.647777E1,5.0862183E1,0E0,0E0,5.404358E-1,0E0,2.562064E2,0E0,6.397827E0,0E0,9.407935E1,0E0,0E0,0E0,0E0,0E0,0E0,0E0,0E0,0E0,0E0,0E0,0E0,0E0,0E0,0E0,0E0],"parents":[2147483647,0,0,1,1,2,2,4,4,5,5,6,6,7,7,8,8,9,9,10,10,11,11,12,12,14,14,16,16,20,20,21,21,22,22,23,23,24,24,26,26,27,27,28,28,29,29,32,32,34,34,36,36,38,38],"right_children":[2,4,6,-1,8,10,12,14,16,18,20,22,24,-1,26,-1,28,-1,-1,-1,30,32,34,36,38,-1,40,42,44,46,-1,-1,48,-1,50,-1,52,-1,54,-1,-1,-1,-1,-1,-1,-1,-1,-1,-1,-1,-1,-1,-1,-1,-1],"split_conditions":[NaN,NaN,NaN,-5.6691754E-1,NaN,NaN,NaN,NaN,NaN,NaN,NaN,NaN,NaN,4.46851E-1,NaN,-2.9753036E0,NaN,-4.5213434E-1,1.574978E-1,-7.839401E-1,NaN,NaN,NaN,NaN,NaN,3.9175636E-1,NaN,NaN,NaN,NaN,-7.7921253E-1,1.5345965E1,NaN,-3.8675916E0,NaN,1.0054262E1,NaN,-7.10631E-1,NaN,-3.617465E-2,3.3865392E-1,3.1201465E0,1.6073829E-1,2.1544768E-1,-1.2123279E-1,-1.9464193E-1,-6.90456E-1,-3.296765E-1,-6.819012E-1,1.469012E0,-4.1364178E-1,-6.9274676E-1,-4.051554E-2,1.1710205E0,-5.917659E-1],"split_indices":[7,1,8,0,9,9,1,9,2,10,1,5,9,0,0,0,1,0,0,0,7,1,4,6,8,0,3,3,0,2,0,0,9,0,10,0,8,0,5,0,0,0,0,0,0,0,0,0,0,0,0,0,0,0,0],"split_type":[1,1,1,0,1,1,1,1,1,1,1,1,1,0,1,0,1,0,0,0,1,1,1,1,1,0,1,1,1,1,0,0,1,0,1,0,1,0,1,0,0,0,0,0,0,0,0,0,0,0,0,0,0,0,0],"sum_hessian":[1.135914E4,3.4371643E3,7.921975E3,4.4650703E1,3.3925137E3,7.224719E3,6.97256E2,3.0743186E3,3.1819504E2,6.4673022E3,7.5741693E2,1.6285757E2,5.3439844E2,8.84319E2,2.1899995E3,2.350037E0,3.1584497E2,6.465892E3,1.4100223E0,4.9491782E2,2.6249915E2,7.496619E1,8.789139E1,1.645026E1,5.179482E2,1.3479813E3,8.420183E2,7.2851152E0,3.0855988E2,1.7296274E2,8.9536415E1,3.9010616E1,3.5955566E1,3.5250556E0,8.436633E1,2.1150334E0,1.4335226E1,5.0854803E2,9.400148E0,1.5510245E2,6.8691583E2,2.1150334E0,5.1700816E0,2.0680327E2,1.0175661E2,2.2325352E1,1.5063737E2,3.290052E0,3.2665516E1,6.1100965E0,7.825623E1,1.2690201E1,1.645026E0,3.5250556E0,5.8750925E0],"tree_param":{"num_deleted":"0","num_feature":"11","num_nodes":"55","size_leaf_vector":"0"}},{"base_weights":[-1.3877467E0,1.0030398E0,-2.8248112E0,-1.0576195E0,1.0466981E0,-1.4864064E0,-4.519E0,1.1196102E0,3.6437356E-1,-1.287481E0,-5.179226E0,-5.601844E0,-1.7191967E0,3.752567E-1,9.3616706E-1,-1.6271083E0,4.6658352E-1,-1.2730678E0,-3.161609E0,-1.4539082E1,1.2105907E0,-2.0254803E0,4.1620078E-4,3.28754E1,-4.938792E0,8.6418295E-1,1.4129282E0,2.7725342E-1,-3.6775473E-1,-3.8382187E-1,1.2605703E0,-5.396443E-1,-5.1867394E0,-9.2819275E1,-1.4471436E0,2.9921953E1,-2.2721164E0,5.152864E-1,-4.047547E0,9.245554E1,-4.6384034E0,-3.24866E-1,-5.531148E0,2.6692745E-1,-3.4312102E-1,6.1272817E0,3.0977905E-1,-3.7892144E0,4.0523082E-2,1.5847064E0,-3.489883E-1,-2.9157183E0,-4.9831218E-1,-1.0232983E2,-3.9736867E-1,7.372983E-2,-5.104266E-1,4.08131E1,-7.8252614E-1,-1.5175687E0,-3.7575147E-1,2.6522952E-1,-1.851151E-1,-6.0792427E0,-3.3800882E-1,2.540151E2,-5.596086E-1,-2.4549198E0,-3.758593E-1,-1.7776127E0,-4.9269232E-1],"categories":[1,2,3,4,0,1,2,3,4,5,6,7,8,9,10,11,1,2,5,0,3,4,5,3,1,1,0,1,2,3,4,5,6,7,1,2,0,1,2,3,4,5,8,10,2,1,2,1,1,4,2,5,10,11,1,1,2,5,0,1,2,3,4,5,6,7,11,3,0,3,5,6,7,4,2,3,4,10,3,7,1,1,1,1,2,2,1],"categories_nodes":[0,1,2,4,5,6,7,8,9,10,11,12,14,16,17,18,19,20,22,23,24,25,26,28,30,32,33,34,35,36,37,38,39,40,42],"categories_segments":[0,4,16,19,23,24,25,26,34,35,36,42,44,45,46,47,48,50,51,54,55,58,67,68,73,74,75,78,79,80,81,82,83,85,86],"categories_sizes":[4,12,3,4,1,1,1,8,1,1,6,2,1,1,1,1,2,1,3,1,3,9,1,5,1,1,3,1,1,1,1,1,2,1,1],"default_left":[0,0,0,0,0,0,0,0,0,0,0,0,0,0,0,0,0,0,0,0,0,0,0,0,0,0,0,0,0,0,0,0,0,0,0,0,0,0,0,0,0,0,0,0,0,0,0,0,0,0,0,0,0,0,0,0,0,0,0,0,0,0,0,0,0,0,0,0,0,0,0],"id":1,"left_children":[1,3,5,-1,7,9,11,13,15,17,19,21,23,-1,25,-1,27,29,31,33,35,-1,37,39,41,43,45,-1,47,-1,49,-1,51,53,55,57,59,61,63,65,67,-1,69,-1,-1,-1,-1,-1,-1,-1,-1,-1,-1,-1,-1,-1,-1,-1,-1,-1,-1,-1,-1,-1,-1,-1,-1,-1,-1,-1,-1],"loss_changes":[2.9221734E4,6.3505786E2,1.20381875E4,0E0,1.569895E2,2.1743936E3,7.0964453E3,6.7635254E1,1.8410468E2,7.2112305E1,9.074414E3,1.0884078E4,7.3131875E4,0E0,3.9820923E1,0E0,1.1583716E2,4.6558594E1,4.8177902E1,6.2908203E4,9.159128E3,0E0,6.038627E2,1.2539333E5,1.3649658E3,5.4506226E1,1.1018328E3,0E0,6.6682214E2,0E0,7.91389E1,0E0,1.093107E2,1.9940767E5,2.3541504E1,3.45518E4,2.2666678E2,1.0789139E2,1.525758E3,1.5417972E6,4.1289893E2,0E0,7.8755664E2,0E0,0E0,0E0,0E0,0E0,0E0,0E0,0E0,0E0,0E0,0E0,0E0,0E0,0E0,0E0,0E0,0E0,0E0,0E0,0E0,0E0,0E0,0E0,0E0,0E0,0E0,0E0,0E0],"parents":[2147483647,0,0,1,1,2,2,4,4,5,5,6,6,7,7,8,8,9,9,10,10,11,11,12,12,14,14,16,16,17,17,18,18,19,19,20,20,22,22,23,23,24,24,25,25,26,26,28,28,30,30,32,32,33,33,34,34,35,35,36,36,37,37,38,38,39,39,40,40,42,42],"right_children":[2,4,6,-1,8,10,12,14,16,18,20,22,24,-1,26,-1,28,30,32,34,36,-1,38,40,42,44,46,-1,48,-1,50,-1,52,54,56,58,60,62,64,66,68,-1,70,-1,-1,-1,-1,-1,-1,-1,-1,-1,-1,-1,-1,-1,-1,-1,-1,-1,-1,-1,-1,-1,-1,-1,-1,-1,-1,-1,-1],"split_conditions":[NaN,NaN,NaN,-1.0576195E0,NaN,NaN,NaN,NaN,NaN,NaN,NaN,NaN,NaN,3.752567E-1,NaN,-1.6271083E0,NaN,NaN,NaN,NaN,NaN,-2.0254803E0,NaN,NaN,NaN,NaN,NaN,2.7725342E-1,NaN,-3.8382187E-1,NaN,-5.396443E-1,NaN,NaN,NaN,NaN,NaN,NaN,NaN,NaN,NaN,-3.24866E-1,NaN,2.6692745E-1,-3.4312102E-1,6.1272817E0,3.0977905E-1,-3.7892144E0,4.0523082E-2,1.5847064E0,-3.489883E-1,-2.9157183E0,-4.9831218E-1,-1.0232983E2,-3.9736867E-1,7.372983E-2,-5.104266E-1,4.08131E1,-7.8252614E-1,-1.5175687E0,-3.7575147E-1,2.6522952E-1,-1.851151E-1,-6.0792427E0,-3.3800882E-1,2.540151E2,-5.596086E-1,-2.4549198E0,-3.758593E-1,-1.7776127E0,-4.9269232E-1],"split_indices":[7,1,2,0,9,10,8,0,2,10,8,3,9,0,8,0,0,8,0,3,6,0,9,5,2,9,10,0,2,0,2,0,6,9,9,9,4,0,2,7,10,0,8,0,0,0,0,0,0,0,0,0,0,0,0,0,0,0,0,0,0,0,0,0,0,0,0,0,0,0,0],"split_type":[1,1,1,0,1,1,1,1,1,1,1,1,1,0,1,0,1,1,1,1,1,0,1,1,1,1,1,0,1,0,1,0,1,1,1,1,1,1,1,1,1,0,1,0,0,0,0,0,0,0,0,0,0,0,0,0,0,0,0,0,0,0,0,0,0,0,0,0,0,0,0],