{"learner":{"attributes":{"best_ntree_limit":"1"},"feature_names":[],"feature_types":["c","c","c","c","c","c","c","c","c","c"],"gradient_booster":{"model":{"gbtree_model_param":{"num_parallel_tree":"1","num_trees":"1","size_leaf_vector":"0"},"tree_info":[0],"trees":[{"base_weights":[-5.264921E-1,4.945431E-1,-9.6884865E-1,-3.722864E-1,5.173739E-1,-1.1021589E0,4.2317823E-1,5.670967E-1,3.2554634E-2,-1.0418288E0,-1.6142697E0,6.734959E0,-1.4036365E0,7.017663E-1,5.085807E-1,-3.078359E0,9.767597E-2,-3.1277955E-1,-4.6921954E-1,-5.05618E-1,-1.4778926E0,1.6291836E1,-3.1404233E-1,4.2758718E0,-1.522222E0,6.5861243E-1,7.20682E-1,5.249665E-1,-1.3025472E-2,2.4666685E-1,-3.8539246E-1,3.978971E-1,-6.945541E-1,-1.2554277E0,-1.654453E0,1.0599824E1,-1.4248867E0,2.0658392E1,-1.4602467E0,-4.64537E-1,1.2506309E-1,1.9805132E-1,5.525328E-2,3.1016302E-1,2.0665255E-1,1.530116E-1,2.1318431E-1,4.0376607E-2,-2.5439605E-1,2.6985496E-1,4.801255E-2,-8.001189E-2,-3.9206773E-1,-2.4383138E-1,-1.1616126E-2,-3.1545287E-1,-4.3416873E-1,-5.9291214E-1,-4.4360864E-1,-4.4385636E-1,-1.1616126E-2,1.2413957E1,-3.6210102E-1,-4.948601E-1,-9.9237345E-2,8.072392E-1,-4.0349048E-1],"categories":[1,2,3,4,0,1,2,3,4,5,6,7,8,9,10,11,2,0,3,4,5,1,2,3,4,5,6,7,8,10,11,1,0,1,3,4,5,6,7,8,10,11,0,1,2,3,4,5,6,7,0,1,2,3,4,5,6,7,8,9,10,11,1,2,3,1,3,4,5,6,8,10,11,1,1,1,2,1,3,4,0,1,2,3,4,5,6,7,8,9,1,2,1,0,1,2,3,4,5,7,9,10,11,2,1,0,1,2,3,4,6,7,8,10,11,1,1,1,2,3,5,7,1,2,3,2,1,2,1],"categories_nodes":[0,1,2,4,5,6,7,8,9,10,11,12,13,14,16,18,20,21,23,24,25,26,27,28,29,30,32,33,34,36,37,38,40],"categories_segments":[0,4,16,17,21,31,32,42,50,62,65,66,73,74,75,77,79,80,90,91,92,93,103,104,105,115,116,117,122,125,126,127,128],"categories_sizes":[4,12,1,4,10,1,10,8,12,3,1,7,1,1,2,2,1,10,1,1,1,10,1,1,10,1,1,5,3,1,1,1,1],"default_left":[0,0,0,0,0,0,0,0,0,0,0,0,0,0,0,0,0,0,0,0,0,0,0,0,0,0,0,0,0,0,0,0,0,0,0,0,0,0,0,0,0,0,0,0,0,0,0,0,0,0,0,0,0,0,0,0,0,0,0,0,0,0,0,0,0,0,0],"id":0,"left_children":[1,3,5,-1,7,9,11,13,15,17,19,21,23,25,27,-1,29,-1,31,-1,33,35,-1,37,39,41,43,45,47,49,51,-1,53,55,57,-1,59,61,63,-1,65,-1,-1,-1,-1,-1,-1,-1,-1,-1,-1,-1,-1,-1,-1,-1,-1,-1,-1,-1,-1,-1,-1,-1,-1,-1,-1],"loss_changes":[8.820236E3,2.3455249E2,2.5288643E3,0E0,1.4046204E2,3.8248828E2,1.374803E4,4.1293335E1,3.6508527E2,4.4140625E0,1.0202637E1,1.9919873E4,6.2942456E2,8.300171E-1,3.1528381E1,0E0,3.9011166E1,0E0,7.700194E0,0E0,1.5860657E1,4.0589312E4,0E0,1.8324298E3,3.9377686E1,2.4717712E-1,1.0263245E1,9.547058E0,1.407909E1,2.326104E1,1.363398E1,0E0,1.1735888E0,6.543762E0,1.1305237E1,0E0,4.7298737E0,2.3333535E3,2.6909332E0,0E0,6.071893E1,0E0,0E0,0E0,0E0,0E0,0E0,0E0,0E0,0E0,0E0,0E0,0E0,0E0,0E0,0E0,0E0,0E0,0E0,0E0,0E0,0E0,0E0,0E0,0E0,0E0,0E0],"parents":[2147483647,0,0,1,1,2,2,4,4,5,5,6,6,7,7,8,8,9,9,10,10,11,11,12,12,13,13,14,14,16,16,18,18,20,20,21,21,23,23,24,24,25,25,26,26,27,27,28,28,29,29,30,30,32,32,33,33,34,34,36,36,37,37,38,38,40,40],"right_children":[2,4,6,-1,8,10,12,14,16,18,20,22,24,26,28,-1,30,-1,32,-1,34,36,-1,38,40,42,44,46,48,50,52,-1,54,56,58,-1,60,62,64,-1,66,-1,-1,-1,-1,-1,-1,-1,-1,-1,-1,-1,-1,-1,-1,-1,-1,-1,-1,-1,-1,-1,-1,-1,-1,-1,-1],"split_conditions":[NaN,NaN,NaN,-3.722864E-1,NaN,NaN,NaN,NaN,NaN,NaN,NaN,NaN,NaN,NaN,NaN,-3.078359E0,NaN,-3.1277955E-1,NaN,-5.05618E-1,NaN,NaN,-3.1404233E-1,NaN,NaN,NaN,NaN,NaN,NaN,NaN,NaN,3.978971E-1,NaN,NaN,NaN,1.0599824E1,NaN,NaN,NaN,-4.64537E-1,NaN,1.9805132E-1,5.525328E-2,3.1016302E-1,2.0665255E-1,1.530116E-1,2.1318431E-1,4.0376607E-2,-2.5439605E-1,2.6985496E-1,4.801255E-2,-8.001189E-2,-3.9206773E-1,-2.4383138E-1,-1.1616126E-2,-3.1545287E-1,-4.3416873E-1,-5.9291214E-1,-4.4360864E-1,-4.4385636E-1,-1.1616126E-2,1.2413957E1,-3.6210102E-1,-4.948601E-1,-9.9237345E-2,8.072392E-1,-4.0349048E-1],"split_indices":[6,0,7,0,8,8,0,8,1,0,0,4,8,9,0,0,0,0,6,0,2,0,0,5,7,5,0,7,7,0,7,0,3,1,0,0,7,3,7,0,4,0,0,0,0,0,0,0,0,0,0,0,0,0,0,0,0,0,0,0,0,0,0,0,0,0,0],"split_type":[1,1,1,0,1,1,1,1,1,1,1,1,1,1,1,0,1,0,1,0,1,1,0,1,1,1,1,1,1,1,1,0,1,1,1,0,1,1,1,0,1,0,0,0,0,0,0,0,0,0,0,0,0,0,0,0,0,0,0,0,0,0,0,0,0,0,0],"sum_hessian":[1.952636E4,5.9024253E3,1.3623934E4,7.594661E1,5.8264785E3,1.243343E4,1.1905035E3,5.284349E3,5.421295E2,1.1125774E4,1.3076553E3,2.666211E2,9.2388245E2,1.5973027E3,3.6870464E3,2.4238281E0,5.397057E2,1.111002E4,1.5754883E1,8.519756E2,4.556797E2,1.1917155E2,1.4744954E2,1.817871E1,9.0570374E2,4.976927E2,1.09961E3,3.5747424E3,1.1230403E2,4.128587E2,1.26847E2,1.2119141E0,1.4542969E1,2.0521744E2,2.5046223E2,5.695996E1,6.2211586E1,4.0397134E0,1.4138997E1,8.9156476E2,1.4138997E1,4.9567285E2,2.0198567E0,9.856901E1,1.001041E3,3.3121611E3,2.6258136E2,9.614518E1,1.6158854E1,4.726465E1,3.6559406E2,1.13515945E2,1.3331055E1,1.2119141E1,2.4238281E0,1.0260872E2,1.0260872E2,8.4833984E1,1.6562825E2,5.9787758E1,2.4238281E0,1.6158854E0,2.4238281E0,1.1715169E1,2.4238281E0,4.8476562E0,9.291341E0],"tree_param":{"num_deleted":"0","num_feature":"10","num_nodes":"67","size_leaf_vector":"0"}}]},"name":"gbtree"},"learner_model_param":{"base_score":"5E-1","num_class":"0","num_feature":"10","num_target":"1"},"objective":{"name":"reg:squarederror","reg_loss_param":{"scale_pos_weight":"1"}}},"version":[1,6,2]}