{"learner":{"attributes":{"best_ntree_limit":"8"},"feature_names":[],"feature_types":["c","c","c","c","c","c","c","c","c","c"],"gradient_booster":{"model":{"gbtree_model_param":{"num_parallel_tree":"1","num_trees":"3","size_leaf_vector":"0"},"tree_info":[0,0,0],"trees":[{"base_weights":[-5.135981E-1,9.2693406E-1,-1.1417116E0,-4.6053615E-1,9.571824E-1,-1.3304278E0,8.323552E-1,1.0297025E0,2.5509474E-1,-1.244214E0,-2.0734231E0,9.481239E0,-1.7455014E0,3.7087053E-1,9.443763E-1,-3.51261E0,3.3829167E-1,-3.7360185E-1,-3.9328536E-1,-6.469208E-1,-1.910378E0,2.298907E1,-1.2667934E0,7.180506E-1,-1.912508E0,9.6582735E-1,2.5893542E-1,4.042571E-1,-1.6850293E0,8.304752E-1,-1.0535282E0,-1.7754349E0,-6.4369214E-1,1.5322562E1,-1.7910848E0,-2.553471E0,-2.1469353E-1,4.311787E0,-1.6726228E0,-5.868003E-1,2.7422133E-1,2.8340787E-1,3.6708736E-1,1.239843E-1,-2.239859E-1,8.273982E-2,3.6065823E-1,-3.1524303E0,4.2393267E-2,2.8589246E-1,7.1510166E-2,-6.3476026E-1,-1.3216974E-1,-1.8916777E-1,-5.773139E-1,-5.536322E-1,-1.3890678E-2,1.5132266E0,-2.3608224E-1,-5.3934693E-1,-3.5776205E-2,1.0043671E0,-5.0587404E-1],"categories":[1,2,3,4,0,1,2,3,4,5,6,7,8,9,10,11,2,0,3,4,5,1,2,3,4,5,6,7,8,10,11,1,0,1,2,3,4,5,6,7,8,10,11,0,1,2,3,4,5,6,7,0,1,2,3,4,5,6,7,8,9,10,11,1,2,3,1,3,4,5,8,10,11,0,1,1,0,2,3,4,5,1,0,1,2,3,4,5,6,7,8,9,1,1,2,2,1,0,1,2,3,4,5,6,7,8,9,10,11,3,1,0,1,2,6,0,1,2,3,4,5,6,7,2,0,1,2,3,2,1],"categories_nodes":[0,1,2,4,5,6,7,8,9,10,11,12,14,16,18,20,21,22,23,24,25,26,27,28,29,30,31,34,37,38,40],"categories_segments":[0,4,16,17,21,31,32,43,51,63,66,67,73,75,76,81,82,92,93,94,95,96,97,109,110,111,115,123,124,128,129],"categories_sizes":[4,12,1,4,10,1,11,8,12,3,1,6,2,1,5,1,10,1,1,1,1,1,12,1,1,4,8,1,4,1,1],"default_left":[0,0,0,0,0,0,0,0,0,0,0,0,0,0,0,0,0,0,0,0,0,0,0,0,0,0,0,0,0,0,0,0,0,0,0,0,0,0,0,0,0,0,0,0,0,0,0,0,0,0,0,0,0,0,0,0,0,0,0,0,0,0,0],"id":0,"left_children":[1,3,5,-1,7,9,11,13,15,17,19,21,23,-1,25,-1,27,-1,29,-1,31,33,35,37,39,41,43,45,47,49,51,53,-1,-1,55,-1,-1,57,59,-1,61,-1,-1,-1,-1,-1,-1,-1,-1,-1,-1,-1,-1,-1,-1,-1,-1,-1,-1,-1,-1,-1,-1],"loss_changes":[1.2469117E4,3.1310425E2,3.5760244E3,0E0,2.1024072E2,5.58501E2,1.8698791E4,6.486401E1,3.905513E2,7.029297E0,8.1813965E0,2.7985482E4,2.6731104E2,0E0,3.879883E1,0E0,5.229179E1,0E0,1.0435148E1,0E0,6.2042236E0,5.9512492E4,4.258752E2,3.660211E2,5.8134277E1,1.2872559E1,1.3028518E1,3.8135387E1,2.01336E2,1.1416602E-1,4.359579E0,3.395581E1,0E0,0E0,4.3079224E0,0E0,0E0,6.730719E1,4.8032837E0,0E0,8.209771E1,0E0,0E0,0E0,0E0,0E0,0E0,0E0,0E0,0E0,0E0,0E0,0E0,0E0,0E0,0E0,0E0,0E0,0E0,0E0,0E0,0E0,0E0],"parents":[2147483647,0,0,1,1,2,2,4,4,5,5,6,6,7,7,8,8,9,9,10,10,11,11,12,12,14,14,16,16,18,18,20,20,21,21,22,22,23,23,24,24,25,25,26,26,27,27,28,28,29,29,30,30,31,31,34,34,37,37,38,38,40,40],"right_children":[2,4,6,-1,8,10,12,14,16,18,20,22,24,-1,26,-1,28,-1,30,-1,32,34,36,38,40,42,44,46,48,50,52,54,-1,-1,56,-1,-1,58,60,-1,62,-1,-1,-1,-1,-1,-1,-1,-1,-1,-1,-1,-1,-1,-1,-1,-1,-1,-1,-1,-1,-1,-1],"split_conditions":[NaN,NaN,NaN,-4.6053615E-1,NaN,NaN,NaN,NaN,NaN,NaN,NaN,NaN,NaN,3.7087053E-1,NaN,-3.51261E0,NaN,-3.7360185E-1,NaN,-6.469208E-1,NaN,NaN,NaN,NaN,NaN,NaN,NaN,NaN,NaN,NaN,NaN,NaN,-6.4369214E-1,1.5322562E1,NaN,-2.553471E0,-2.1469353E-1,NaN,NaN,-5.868003E-1,NaN,2.8340787E-1,3.6708736E-1,1.239843E-1,-2.239859E-1,8.273982E-2,3.6065823E-1,-3.1524303E0,4.2393267E-2,2.8589246E-1,7.1510166E-2,-6.3476026E-1,-1.3216974E-1,-1.8916777E-1,-5.773139E-1,-5.536322E-1,-1.3890678E-2,1.5132266E0,-2.3608224E-1,-5.3934693E-1,-3.5776205E-2,1.0043671E0,-5.0587404E-1],"split_indices":[6,0,7,0,8,8,0,8,1,0,0,4,8,0,0,0,7,0,2,0,6,0,3,9,7,7,7,0,9,9,1,1,0,0,7,0,0,6,7,0,4,0,0,0,0,0,0,0,0,0,0,0,0,0,0,0,0,0,0,0,0,0,0],"split_type":[1,1,1,0,1,1,1,1,1,1,1,1,1,0,1,0,1,0,1,0,1,1,1,1,1,1,1,1,1,1,1,1,0,0,1,0,0,1,1,0,1,0,0,0,0,0,0,0,0,0,0,0,0,0,0,0,0,0,0,0,0,0,0],"sum_hessian":[1.3778637E4,4.183533E3,9.595104E3,5.0170475E1,4.133363E3,8.758168E3,8.3693475E2,3.745967E3,3.8739587E2,7.8499688E3,9.081996E2,1.9156E2,6.4537476E2,1.0912078E3,2.6547593E3,1.7103571E0,3.8568552E2,7.8391367E3,1.0832261E1,5.93779E2,3.1442065E2,8.437762E1,1.0718237E2,4.076351E1,6.046112E2,2.5738022E3,8.09569E1,3.7428314E2,1.140238E1,3.7057736E0,7.1264877E0,2.0524284E2,1.09177795E2,3.9053154E1,4.5324463E1,6.556369E0,1.0062601E2,1.5963333E1,2.4800177E1,5.9292377E2,1.168744E1,2.3830974E3,1.9070482E2,7.0694756E1,1.0262142E1,3.2354254E2,5.0740593E1,1.140238E0,1.0262142E1,2.5655355E0,1.140238E0,1.7103571E0,5.4161305E0,2.4230059E1,1.8101279E2,4.3899166E1,1.4252975E0,1.39679165E1,1.9954166E0,2.280476E1,1.9954166E0,4.2758927E0,7.411547E0],"tree_param":{"num_deleted":"0","num_feature":"10","num_nodes":"63","size_leaf_vector":"0"}},{"base_weights":[-4.4310895E-1,6.829976E-1,-9.481703E-1,7.9789263E-1,2.8515898E-3,-1.1337818E0,9.4643885E-1,1.8006837E0,7.129751E-1,2.1541864E-1,-7.979628E-1,-1.0962133E0,-1.4636251E0,9.117911E0,-1.4016486E0,-2.0770398E-1,7.996207E0,9.392577E-1,6.231446E-1,1.4353412E-1,1.1993071E0,5.236771E-1,-8.779715E-1,-3.2923388E-1,-6.3189757E-1,-4.5317647E-1,-1.3510004E0,2.2616291E1,-1.1227788E0,-1.518626E-1,-1.6211393E0,-7.351727E-2,4.32608E-1,4.9418076E1,1.8467665E0,2.8472662E-1,8.496473E-1,-7.046946E-2,6.431667E-1,4.3428004E-2,-3.9951228E-2,3.6378303E0,-3.006191E-1,-4.3887687E-1,-1.1625512E0,1.5057393E0,-4.1185662E-1,-1.0274482E0,-4.1255766E-1,1.5666396E1,-1.8401715E0,-1.5561363E0,-1.946354E-1,7.0670223E0,-1.2047414E0,-4.9692383E-1,3.4484962E-1,2.1292311E-1,-6.448633E-2,4.1171064E0,6.311607E-2,2.6222143E-1,9.860558E-3,2.0737688E-1,1.2409386E-1,-2.6711553E-1,3.4706986E-1,-1.9191086E-2,-2.535448E-1,-3.5755283E-1,1.0694748E-1,-9.458807E-2,-3.661731E-1,-5.688393E-1,-2.1584645E-2,7.0351834E0,-3.8648883E-1,-4.0080836E-1,2.9312155E-1,1.3537109E0,-6.054964E-1],"categories":[1,2,3,0,1,2,3,4,2,0,1,2,4,6,7,8,9,10,11,1,2,1,2,3,4,5,7,8,10,1,1,0,1,2,3,4,5,6,7,8,10,11,2,1,2,3,4,5,6,7,9,10,1,2,1,2,1,1,4,5,6,7,8,10,11,0,1,2,3,4,5,6,7,8,9,10,11,0,1,0,3,9,10,11,0,1,2,3,4,5,6,7,3,4,5,3,4,5,6,10,1,2,1,0,1,2,3,4,5,6,7,8,9,1,1,2,3,4,7,2,5,8,0,1,2,5,6,10,11,1,0,1,2,2,1,2,0,1,2,3,6,7,2,2,2,2],"categories_nodes":[0,1,2,3,4,5,6,7,8,9,10,11,12,13,14,15,16,17,18,19,20,22,24,26,27,28,29,30,32,34,36,38,42,43,44,47,50,53,54,56],"categories_segments":[0,3,8,9,19,21,29,30,31,42,43,52,54,56,57,65,77,79,84,92,93,95,100,102,103,113,114,119,120,122,129,130,133,134,135,136,142,143,144,145],"categories_sizes":[3,5,1,10,2,8,1,1,11,1,9,2,2,1,8,12,2,5,8,1,2,5,2,1,10,1,5,1,2,7,1,3,1,1,1,6,1,1,1,1],"default_left":[0,0,0,0,0,0,0,0,0,0,0,0,0,0,0,0,0,0,0,0,0,0,0,0,0,0,0,0,0,0,0,0,0,0,0,0,0,0,0,0,0,0,0,0,0,0,0,0,0,0,0,0,0,0,0,0,0,0,0,0,0,0,0,0,0,0,0,0,0,0,0,0,0,0,0,0,0,0,0,0,0],"id":1,"left_children":[1,3,5,7,9,11,13,15,17,19,21,23,25,27,29,31,33,35,37,39,41,-1,43,-1,45,-1,47,49,51,53,55,-1,57,-1,59,-1,61,-1,63,-1,-1,-1,65,67,69,-1,-1,71,-1,-1,73,-1,-1,75,77,-1,79,-1,-1,-1,-1,-1,-1,-1,-1,-1,-1,-1,-1,-1,-1,-1,-1,-1,-1,-1,-1,-1,-1,-1,-1],"loss_changes":[7.7538823E3,3.298866E2,3.3107373E3,3.0624414E2,1.0419215E2,1.0462012E2,1.6135981E4,3.5017273E3,6.712659E1,3.4036655E1,2.7660843E1,3.7138672E0,2.5794678E0,2.5971525E4,1.7904846E2,5.210123E0,6.608946E4,2.5817871E-2,4.116754E1,1.7255974E-1,5.4115643E2,0E0,1.5126999E1,0E0,1.0214343E2,0E0,6.732788E-1,5.875582E4,2.0407939E2,7.5902466E2,3.9118652E1,0E0,2.3284533E0,0E0,1.30505E3,0E0,2.0246964E0,0E0,2.5468018E1,0E0,0E0,0E0,2.6657652E1,7.6860895E0,3.7764053E0,0E0,0E0,2.709259E0,0E0,0E0,4.349182E0,0E0,0E0,1.7706724E3,2.6234253E1,0E0,1.1374925E2,0E0,0E0,0E0,0E0,0E0,0E0,0E0,0E0,0E0,0E0,0E0,0E0,0E0,0E0,0E0,0E0,0E0,0E0,0E0,0E0,0E0,0E0,0E0,0E0],"parents":[2147483647,0,0,1,1,2,2,3,3,4,4,5,5,6,6,7,7,8,8,9,9,10,10,11,11,12,12,13,13,14,14,15,15,16,16,17,17,18,18,19,19,20,20,22,22,24,24,26,26,27,27,28,28,29,29,30,30,32,32,34,34,36,36,38,38,42,42,43,43,44,44,47,47,50,50,53,53,54,54,56,56],