{"learner":{"attributes":{"best_ntree_limit":"6"},"feature_names":[],"feature_types":["c","c","c","c","c","c","c","c","c","c"],"gradient_booster":{"model":{"gbtree_model_param":{"num_parallel_tree":"1","num_trees":"1","size_leaf_vector":"0"},"tree_info":[0],"trees":[{"base_weights":[-5.1352555E-1,9.2905104E-1,-1.141362E0,-4.77216E-1,9.6093464E-1,-1.3311992E0,8.309392E-1,1.0275902E0,3.0330056E-1,-1.2449065E0,-2.0668588E0,9.889545E0,-1.7689203E0,1.2336696E0,9.434257E-1,1.4848697E-1,1.2103636E0,-3.7381792E-1,-4.3514165E-1,-6.459601E-1,-1.8996586E0,7.473299E0,-7.859765E-1,1.230761E0,-1.9372804E0,3.4096128E-1,1.2486712E0,9.655937E-1,2.0386124E-1,6.5031804E-2,-5.204117E-1,2.2835863E0,-4.7742215E-1,2.7620918E-1,-8.207157E-1,-1.6457187E0,-2.122805E0,6.4908285E0,-1.1998372E0,1.4446714E1,-5.8204466E-1,-5.927267E-1,3.8388366E-1,4.0540135E-1,3.6702284E-1,2.98975E-1,2.2904305E-1,1.1468309E-1,-2.606085E-1,1.7703315E0,-6.046024E-3,1.38322E-1,-1.9140677E-1,-2.8153557E-1,-1.3890678E-2,-3.280954E-1,-6.4318174E-1,-7.6921433E-1,-5.7647914E-1,5.1209393E0,-4.3903625E-1,-1.064818E0,-3.219001E-1,9.036331E0,-4.3903625E-1,1.389353E0,-5.7154226E-1],"categories":[1,2,3,4,0,1,2,3,4,5,6,7,8,9,10,11,2,0,3,4,5,1,2,3,4,5,6,7,8,10,11,1,0,1,2,3,4,5,6,7,8,10,11,2,0,1,2,3,4,5,6,7,8,9,10,11,1,2,3,1,3,4,5,8,10,11,0,1,2,3,4,5,0,1,5,1,1,4,1,1,2,0,1,2,3,4,5,6,9,10,11,0,1,2,1,2,3,5,1,1,0,1,2,3,3,2,2,1],"categories_nodes":[0,1,2,4,5,6,7,8,9,10,11,12,13,14,15,16,18,20,22,23,24,26,27,28,31,32,34,35,36,37,38,39,42],"categories_segments":[0,4,16,17,21,31,32,43,44,56,59,60,66,72,74,75,76,77,78,79,80,81,91,94,95,96,98,99,100,104,105,106,107],"categories_sizes":[4,12,1,4,10,1,11,1,12,3,1,6,6,2,1,1,1,1,1,1,1,10,3,1,1,2,1,1,4,1,1,1,1],"default_left":[0,0,0,0,0,0,0,0,0,0,0,0,0,0,0,0,0,0,0,0,0,0,0,0,0,0,0,0,0,0,0,0,0,0,0,0,0,0,0,0,0,0,0,0,0,0,0,0,0,0,0,0,0,0,0,0,0,0,0,0,0,0,0,0,0,0,0],"id":0,"left_children":[1,3,5,-1,7,9,11,13,15,17,19,21,23,25,27,29,31,-1,33,-1,35,-1,37,39,41,-1,43,45,47,-1,-1,49,51,-1,53,55,57,59,61,63,-1,-1,65,-1,-1,-1,-1,-1,-1,-1,-1,-1,-1,-1,-1,-1,-1,-1,-1,-1,-1,-1,-1,-1,-1,-1,-1],"loss_changes":[1.2481307E4,3.3727637E2,3.5960713E3,0E0,1.8061768E2,5.53459E2,1.9886053E4,6.3830566E1,5.3360294E1,6.779297E0,9.162598E0,3.0213158E4,3.3385962E2,1.5942383E-1,4.3493164E1,4.2403893E1,1.0152413E2,0E0,7.388323E0,0E0,1.4703125E1,0E0,3.4217303E2,1.5153862E3,5.6295166E1,0E0,7.5439453E-1,1.5443115E1,1.5415384E1,0E0,0E0,2.8402643E2,3.6672683E0,0E0,9.054179E-1,4.0191162E1,9.941589E0,5.408988E2,2.7751373E1,1.7863268E3,0E0,0E0,1.15543976E2,0E0,0E0,0E0,0E0,0E0,0E0,0E0,0E0,0E0,0E0,0E0,0E0,0E0,0E0,0E0,0E0,0E0,0E0,0E0,0E0,0E0,0E0,0E0,0E0],"parents":[2147483647,0,0,1,1,2,2,4,4,5,5,6,6,7,7,8,8,9,9,10,10,11,11,12,12,13,13,14,14,15,15,16,16,18,18,20,20,22,22,23,23,24,24,26,26,27,27,28,28,31,31,32,32,34,34,35,35,36,36,37,37,38,38,39,39,42,42],"right_children":[2,4,6,-1,8,10,12,14,16,18,20,22,24,26,28,30,32,-1,34,-1,36,-1,38,40,42,-1,44,46,48,-1,-1,50,52,-1,54,56,58,60,62,64,-1,-1,66,-1,-1,-1,-1,-1,-1,-1,-1,-1,-1,-1,-1,-1,-1,-1,-1,-1,-1,-1,-1,-1,-1,-1,-1],"split_conditions":[NaN,NaN,NaN,-4.77216E-1,NaN,NaN,NaN,NaN,NaN,NaN,NaN,NaN,NaN,NaN,NaN,NaN,NaN,-3.7381792E-1,NaN,-6.459601E-1,NaN,7.473299E0,NaN,NaN,NaN,3.4096128E-1,NaN,NaN,NaN,6.5031804E-2,-5.204117E-1,NaN,NaN,2.7620918E-1,NaN,NaN,NaN,NaN,NaN,NaN,-5.8204466E-1,-5.927267E-1,NaN,4.0540135E-1,3.6702284E-1,2.98975E-1,2.2904305E-1,1.1468309E-1,-2.606085E-1,1.7703315E0,-6.046024E-3,1.38322E-1,-1.9140677E-1,-2.8153557E-1,-1.3890678E-2,-3.280954E-1,-6.4318174E-1,-7.6921433E-1,-5.7647914E-1,5.1209393E0,-4.3903625E-1,-1.064818E0,-3.219001E-1,9.036331E0,-4.3903625E-1,1.389353E0,-5.7154226E-1],"split_indices":[6,0,7,0,8,8,0,8,7,0,0,3,8,2,0,6,0,0,0,0,2,0,4,6,7,0,0,0,7,0,0,5,8,0,3,6,0,9,9,4,0,0,4,0,0,0,0,0,0,0,0,0,0,0,0,0,0,0,0,0,0,0,0,0,0,0,0],"split_type":[1,1,1,0,1,1,1,1,1,1,1,1,1,1,1,1,1,0,1,0,1,0,1,1,1,0,1,1,1,0,0,1,1,0,1,1,1,1,1,1,0,0,1,0,0,0,0,0,0,0,0,0,0,0,0,0,0,0,0,0,0,0,0,0,0,0,0],"sum_hessian":[1.3778637E4,4.178117E3,9.60052E3,5.159577E1,4.1265215E3,8.757884E3,8.426359E2,3.7462522E3,3.8026938E2,7.840847E3,9.1703644E2,1.872841E2,6.553518E2,1.082371E3,2.663881E3,3.2582303E2,5.4446365E1,7.8291597E3,1.168744E1,5.969146E2,3.2012183E2,7.725113E1,1.10032974E2,3.4492203E1,6.208596E2,1.5507237E2,9.272986E2,2.5860598E3,7.782124E1,3.1527582E2,1.0547202E1,3.3066902E1,2.1379463E1,2.280476E0,9.406964E0,1.5364708E2,1.6647476E2,5.131071E0,1.049019E2,5.98625E0,2.850595E1,6.108825E2,9.977083E0,1.7274606E2,7.5455255E2,2.2388574E3,3.4720248E2,6.727405E1,1.0547202E1,1.2257559E1,2.0809345E1,2.850595E0,1.8528868E1,7.9816666E0,1.4252975E0,7.4400536E1,7.9246544E1,4.8460117E1,1.1801464E2,1.7103571E0,3.4207141E0,3.9908333E0,1.00911064E2,2.5655355E0,3.4207141E0,3.1356547E0,6.8414283E0],"tree_param":{"num_deleted":"0","num_feature":"10","num_nodes":"67","size_leaf_vector":"0"}}]},"name":"gbtree"},"learner_model_param":{"base_score":"5E-1","num_class":"0","num_feature":"10","num_target":"1"},"objective":{"name":"reg:squarederror","reg_loss_param":{"scale_pos_weight":"1"}}},"version":[1,6,2]}