{"learner":{"attributes":{"best_ntree_limit":"6"},"feature_names":[],"feature_types":[],"gradient_booster":{"model":{"gbtree_model_param":{"num_parallel_tree":"1","num_trees":"1","size_leaf_vector":"0"},"tree_info":[0],"trees":[{"base_weights":[-6.6765916E-1,-1.5632317E0,3.197307E-1,-2.0350418E0,-7.467512E-1,-4.5274198E-1,6.285215E-1,-2.1105514E0,-5.0647146E-1,-1.6936754E0,-1.0614076E-1,-1.1739298E0,8.6820465E-1,3.12459E-2,7.955001E-1,-7.1230775E-1,-2.191111E0,-5.962629E-1,6.537368E-1,-1.6713609E0,-1.9096553E-1,-3.7963992E-1,6.142086E-1,9.1631836E-1,2.209294E-1,-2.2377301E-2,-1.2552044E0,1.0891172E-1,-7.1230775E-1,1.3161477E0,4.9745384E-1,-5.0743926E-1,9.301312E-1,9.301312E-1,-8.8132185E-1,3.12459E-2,1.1129218E0],"categories":[],"categories_nodes":[],"categories_segments":[],"categories_sizes":[],"default_left":[1,1,1,1,1,1,1,1,0,0,1,1,0,1,1,0,0,1,0,0,0,1,0,1,1,1,0,0,0,0,1,0,0,0,0,0,0],"id":0,"left_children":[1,3,5,7,9,11,13,15,-1,-1,17,19,-1,21,23,-1,-1,25,-1,-1,-1,27,-1,29,31,33,-1,-1,-1,-1,35,-1,-1,-1,-1,-1,-1],"loss_changes":[5.152131E1,1.020105E1,7.0285015E0,1.0898361E0,7.5377936E0,9.264861E0,2.0313416E0,4.1129303E-1,0E0,0E0,3.6133838E0,2.6262589E0,0E0,1.5614839E0,9.132347E-1,0E0,0E0,2.1594274E0,0E0,0E0,0E0,7.066829E-1,0E0,1.5160275E0,2.5950682E0,4.1823816E0,0E0,0E0,0E0,0E0,2.2428608E0,0E0,0E0,0E0,0E0,0E0,0E0],"parents":[2147483647,0,0,1,1,2,2,3,3,4,4,5,5,6,6,7,7,10,10,11,11,13,13,14,14,17,17,21,21,23,23,24,24,25,25,30,30],"right_children":[2,4,6,8,10,12,14,16,-1,-1,18,20,-1,22,24,-1,-1,26,-1,-1,-1,28,-1,30,32,34,-1,-1,-1,-1,36,-1,-1,-1,-1,-1,-1],"split_conditions":[3.5E0,5.65E1,-9.536743E-7,1.45E2,-9.536743E-7,1.39E2,1.16E2,1.5E0,-1.5194145E-1,-5.0810266E-1,2.455E2,2.67E2,2.6046142E-1,5.3E1,6.35E1,-2.1369234E-1,-6.573334E-1,6.15E1,1.9612105E-1,-5.014083E-1,-5.7289664E-2,4.45E1,1.8426257E-1,1.31E2,6.65E1,1.37E2,-3.7656134E-1,3.267352E-2,-2.1369234E-1,3.9484432E-1,2.725E2,-1.5223178E-1,2.7903938E-1,2.7903938E-1,-2.6439658E-1,9.37377E-3,3.3387655E-1],"split_indices":[2,0,1,3,1,3,3,2,0,0,4,4,0,0,0,0,0,0,0,0,0,0,0,3,0,3,0,0,0,0,4,0,0,0,0,0,0],"split_type":[0,0,0,0,0,0,0,0,0,0,0,0,0,0,0,0,0,0,0,0,0,0,0,0,0,0,0,0,0,0,0,0,0,0,0,0,0],"sum_hessian":[5.6698402E1,2.9425753E1,2.727265E1,1.7703299E1,1.1722454E1,7.6554804E0,1.9617168E1,1.650713E1,1.1961688E0,4.066974E0,7.6554804E0,5.023909E0,2.6315713E0,4.5454416E0,1.5071727E1,1.4354026E0,1.5071727E1,4.784675E0,2.8708053E0,2.8708053E0,2.1531038E0,2.8708053E0,1.6746364E0,1.1961688E1,3.110039E0,3.110039E0,1.6746364E0,1.4354026E0,1.4354026E0,5.023909E0,6.937779E0,1.6746364E0,1.4354026E0,1.4354026E0,1.6746364E0,4.5454416E0,2.3923376E0],"tree_param":{"num_deleted":"0","num_feature":"6","num_nodes":"37","size_leaf_vector":"0"}}]},"name":"gbtree"},"learner_model_param":{"base_score":"5E-1","num_class":"0","num_feature":"6","num_target":"1"},"objective":{"name":"reg:squarederror","reg_loss_param":{"scale_pos_weight":"1"}}},"version":[1,6,2]}