{"learner":{"attributes":{"best_ntree_limit":"12"},"feature_names":[],"feature_types":[],"gradient_booster":{"model":{"gbtree_model_param":{"num_parallel_tree":"1","num_trees":"7","size_leaf_vector":"0"},"tree_info":[0,0,0,0,0,0,0],"trees":[{"base_weights":[-6.5838593E-1,-1.5713347E0,3.5510057E-1,-1.960904E0,-8.02443E-1,-2.3687653E-1,6.0596025E-1,-2.02016E0,-7.1230775E-1,-1.7346227E0,-5.570687E-2,-8.1763417E-1,8.6820465E-1,2.9311648E-1,1.0984389E0,-7.1230775E-1,-2.089548E0,-8.2012486E-1,9.12081E-1,-1.101606E0,1.0891172E-1,6.513649E-1,-2.0247445E-1,2.4032596E-1,1.3053132E0,-1.2552044E0,-1.9096553E-1,-1.6290871E0,-3.609881E-1,-1.3355665E-1,8.74055E-1,3.9539263E-1,-7.8397274E-1,-5.113303E-2,-5.0647146E-1,-5.0647146E-1,9.880912E-1,-9.618098E-1,-3.01698E-1],"categories":[],"categories_nodes":[],"categories_segments":[],"categories_sizes":[],"default_left":[1,1,1,1,1,1,1,1,0,0,1,1,0,1,1,0,0,1,0,1,0,1,1,0,0,0,0,0,1,0,0,1,1,0,0,0,0,0,0],"id":0,"left_children":[1,3,5,7,9,11,13,15,-1,-1,17,19,-1,21,23,-1,-1,25,-1,27,-1,29,31,-1,-1,-1,-1,-1,33,-1,-1,35,37,-1,-1,-1,-1,-1,-1],"loss_changes":[5.4165436E1,7.6117706E0,4.342116E0,1.5617371E-2,8.259785E0,6.5718985E0,2.7807765E0,1.6549683E-1,0E0,0E0,6.4433613E0,1.8308372E0,0E0,2.560588E0,1.0104876E0,0E0,0E0,1.0818176E0,0E0,1.3913927E0,0E0,1.5460305E0,2.5705845E0,0E0,0E0,0E0,0E0,0E0,1.2702489E-1,0E0,0E0,2.5695152E0,2.129054E-2,0E0,0E0,0E0,0E0,0E0,0E0],"parents":[2147483647,0,0,1,1,2,2,3,3,4,4,5,5,6,6,7,7,10,10,11,11,13,13,14,14,17,17,19,19,21,21,22,22,28,28,31,31,32,32],"right_children":[2,4,6,8,10,12,14,16,-1,-1,18,20,-1,22,24,-1,-1,26,-1,28,-1,30,32,-1,-1,-1,-1,-1,34,-1,-1,36,38,-1,-1,-1,-1,-1,-1],"split_conditions":[3.5E0,5.65E1,-9.536743E-7,1.46E2,-9.536743E-7,1.425E2,2.645E2,1.5E0,-2.1369234E-1,-5.203868E-1,2.43E2,3.04E2,2.6046142E-1,2.205E2,1.21E2,-2.1369234E-1,-6.2686443E-1,2.5E0,2.736243E-1,5.4E1,3.267352E-2,1.11E2,1.265E2,7.209779E-2,3.91594E-1,-3.7656134E-1,-5.7289664E-2,-4.8872614E-1,6.25E1,-4.0066995E-2,2.622165E-1,5.3E1,2.41E2,-1.5339909E-2,-1.5194145E-1,-1.5194145E-1,2.9642737E-1,-2.8854296E-1,-9.05094E-2],"split_indices":[2,0,1,3,1,3,4,2,0,0,4,4,0,4,3,0,0,2,0,0,0,3,3,0,0,0,0,0,0,0,0,0,4,0,0,0,0,0,0],"split_type":[0,0,0,0,0,0,0,0,0,0,0,0,0,0,0,0,0,0,0,0,0,0,0,0,0,0,0,0,0,0,0,0,0,0,0,0,0,0,0],"sum_hessian":[5.6937634E1,2.9664986E1,2.727265E1,1.8660233E1,1.1004753E1,8.133948E0,1.91387E1,1.722483E1,1.4354026E0,4.3062077E0,6.6985455E0,5.5023766E0,2.6315713E0,1.2679389E1,6.4593115E0,1.4354026E0,1.5789429E1,3.8277402E0,2.8708053E0,4.066974E0,1.4354026E0,7.177013E0,5.5023766E0,1.6746364E0,4.784675E0,1.6746364E0,2.1531038E0,1.6746364E0,2.3923376E0,1.6746364E0,5.5023766E0,2.8708053E0,2.6315713E0,1.1961688E0,1.1961688E0,1.1961688E0,1.6746364E0,1.1961688E0,1.4354026E0],"tree_param":{"num_deleted":"0","num_feature":"6","num_nodes":"39","size_leaf_vector":"0"}},{"base_weights":[-4.7654665E-1,-1.0987386E0,2.7152768E-1,-1.580893E0,-7.5264174E-1,7.285575E-2,8.3273584E-1,-1.314473E0,-2.4136463E-1,-6.531378E-1,3.7878627E-1,1.0417414E0,-1.3197401E-1,-5.223225E-1,-1.4876419E0,-7.256463E-1,4.3002722E-1,-8.7220746E-1,8.7896466E-2,1.18479416E-1,8.2093793E-1,3.548108E-1,-1.0676131E0,-3.227036E-1,8.4967166E-1,-1.2666416E0,-2.9895738E-1,3.5995418E-1,-4.320603E-1,1.9760817E-1,1.0308124E0,1.2460934E-2,-1.2977186E0,9.7957426E-1,2.7219114E-1,-4.4980708E-1,-1.262778E-2,4.6240285E-2,5.6462663E-1,8.8627264E-2,-8.3038497E-1],"categories":[],"categories_nodes":[],"categories_segments":[],"categories_sizes":[],"default_left":[1,1,1,0,1,1,1,1,1,1,1,0,0,0,0,1,1,1,0,1,1,0,1,0,1,0,1,1,1,0,0,0,0,0,0,0,0,0,0,0,0],"id":1,"left_children":[1,3,5,-1,7,9,11,13,15,17,19,-1,-1,-1,-1,21,23,25,-1,27,29,-1,31,-1,33,-1,35,37,39,-1,-1,-1,-1,-1,-1,-1,-1,-1,-1,-1,-1],"loss_changes":[2.732462E1,4.1330376E0,2.968393E0,0E0,5.564974E0,4.947178E0,1.5503182E0,5.304718E-1,4.196238E0,1.1546507E0,1.689003E0,0E0,0E0,0E0,0E0,3.0805256E0,2.0538187E0,8.0088997E-1,0E0,1.6095608E0,5.266092E-1,0E0,1.4585762E0,0E0,2.5371075E-2,0E0,1.4270127E-1,4.9708104E-1,8.5947675E-1,0E0,0E0,0E0,0E0,0E0,0E0,0E0,0E0,0E0,0E0,0E0,0E0],"parents":[2147483647,0,0,1,1,2,2,4,4,5,5,6,6,7,7,8,8,9,9,10,10,15,15,16,16,17,17,19,19,20,20,22,22,24,24,26,26,27,27,28,28],"right_children":[2,4,6,-1,8,10,12,14,16,18,20,-1,-1,-1,-1,22,24,26,-1,28,30,-1,32,-1,34,-1,36,38,40,-1,-1,-1,-1,-1,-1,-1,-1,-1,-1,-1,-1],"split_conditions":[3.5E0,-9.536743E-7,1.43E2,-4.7426793E-1,2.28E2,-9.536743E-7,6.35E1,1.9E2,5.55E1,3.04E2,2.645E2,3.125224E-1,-3.9592206E-2,-1.5669675E-1,-4.462926E-1,2.34E2,2.43E2,5.4E1,2.636894E-2,1.31E2,1.21E2,1.0644325E-1,1.16E2,-9.6811086E-2,1.5E2,-3.799925E-1,2.32E2,1.165E2,2.215E2,5.9282456E-2,3.0924374E-1,3.7382804E-3,-3.893156E-1,2.938723E-1,8.165734E-2,-1.3494213E-1,-3.7883343E-3,1.3872086E-2,1.69388E-1,2.6588181E-2,-2.491155E-1],"split_indices":[2,1,3,0,4,1,0,4,0,4,4,0,0,0,0,4,4,0,0,3,3,0,3,0,3,0,4,3,4,0,0,0,0,0,0,0,0,0,0,0,0],"split_type":[0,0,0,0,0,0,0,0,0,0,0,0,0,0,0,0,0,0,0,0,0,0,0,0,0,0,0,0,0,0,0,0,0,0,0,0,0,0,0,0,0],"sum_hessian":[5.7065372E1,3.0897993E1,2.616738E1,1.1420326E1,1.9477667E1,2.01603E1,6.0070796E0,8.531561E0,1.0946107E1,5.64038E0,1.4519919E1,4.871758E0,1.1353216E0,2.2509563E0,6.2806044E0,6.312226E0,4.633881E0,4.216774E0,1.4236057E0,9.937438E0,4.582482E0,1.5085012E0,4.803725E0,1.7413565E0,2.8925245E0,1.7814435E0,2.4353309E0,7.1482778E0,2.78916E0,1.6433287E0,2.9391532E0,1.0097911E0,3.7939334E0,1.792922E0,1.0996023E0,1.2210774E0,1.2142533E0,3.306353E0,3.841925E0,1.5458866E0,1.2432733E0],"tree_param":{"num_deleted":"0","num_feature":"6","num_nodes":"41","size_leaf_vector":"0"}},{"base_weights":[-3.6980298E-1,-8.506303E-1,2.1033694E-1,-1.0801218E0,-3.9294472E-1,4.8387375E-2,6.9283247E-1,-4.9267456E-1,-1.1519358E0,-9.001403E-1,2.2239704E-2,-5.3852123E-1,3.0580738E-1,8.8823617E-1,-1.09968044E-1,-1.0105127E0,4.9527955E-1,-1.1964797E0,-4.189191E-1,-1.0652901E-1,-1.1670378E0,-4.1708338E-1,6.592792E-1,-7.186282E-1,7.158788E-2,8.359035E-2,7.086059E-1,-5.008531E-1,-1.2616159E0,-7.9909337E-1,3.4023196E-2,1.9157234E-1,7.798209E-1,-1.0526608E0,-2.4864355E-1,2.8568587E-1,-3.5912886E-1,1.6263437E-1,9.1209525E-1,-3.683933E-1,4.659412E-1,-3.7205338E-1,-1.10907415E-2,3.838173E-3,4.8087004E-1,7.442673E-2,-6.8443227E-1],"categories":[],"categories_nodes":[],"categories_segments":[],"categories_sizes":[],"default_left":[1,1,1,1,1,1,1,1,1,1,1,1,1,0,0,0,0,1,0,0,0,1,1,1,0,1,1,0,0,0,1,0,0,0,1,1,1,0,0,0,0,0,0,0,0,0,0],"id":2,"left_children":[1,3,5,7,9,11,13,15,17,19,21,23,25,-1,-1,-1,-1,27,-1,-1,-1,29,31,33,-1,35,37,-1,-1,-1,39,-1,-1,-1,41,43,45,-1,-1,-1,-1,-1,-1,-1,-1,-1,-1],"loss_changes":[1.5621178E1,2.775856E0,1.9895447E0,2.6446152E-1,2.4937515E0,3.2556942E0,1.1065378E0,2.4934766E0,4.8160553E-2,1.0007892E0,2.3559008E0,7.766638E-1,1.2708085E0,0E0,0E0,0E0,0E0,6.2417984E-2,0E0,0E0,0E0,8.9108616E-1,4.3551087E-2,5.524392E-1,0E0,1.0608405E0,4.237492E-1,0E0,0E0,0E0,7.378974E-1,0E0,0E0,0E0,9.742153E-2,4.33316E-1,5.868454E-1,0E0,0E0,0E0,0E0,0E0,0E0,0E0,0E0,0E0,0E0],"parents":[2147483647,0,0,1,1,2,2,3,3,4,4,5,5,6,6,7,7,8,8,9,9,10,10,11,11,12,12,17,17,21,21,22,22,23,23,25,25,26,26,30,30,34,34,35,35,36,36],"right_children":[2,4,6,8,10,12,14,16,18,20,22,24,26,-1,-1,-1,-1,28,-1,-1,-1,30,32,34,-1,36,38,-1,-1,-1,40,-1,-1,-1,42,44,46,-1,-1,-1,-1,-1,-1,-1,-1,-1,-1],"split_conditions":[3.5E0,5.65E1,1.43E2,1.11E2,-9.536743E-7,-9.536743E-7,6.35E1,2.28E2,1.46E2,6.25E1,2.43E2,3.04E2,2.645E2,2.6647085E-1,-3.2990415E-2,-3.031538E-1,1.4858387E-1,1.9E2,-1.2567574E-1,-3.1958707E-2,-3.5011137E-1,2.5E0,6.05E1,5.4E1,2.1476366E-2,1.31E2,1.21E2,-1.5025595E-1,-3.784848E-1,-2.3972802E-1,5.85E1,5.7471704E-2,2.3394628E-1,-3.1579825E-1,1.26E2,5.3E1,2.215E2,4.8790313E-2,2.736286E-1,-1.1051799E-1,1.3978237E-1,-1.1161602E-1,-3.3272225E-3,1.151452E-3,1.4426102E-1,2.2328021E-2,-2.0532969E-1],"split_indices":[2,0,3,3,1,1,0,4,3,0,4,4,4,0,0,0,0,4,0,0,0,2,0,0,0,3,3,0,0,0,0,0,0,0,3,0,4,0,0,0,0,0,0,0,0,0,0],"split_type":[0,0,0,0,0,0,0,0,0,0,0,0,0,0,0,0,0,0,0,0,0,0,0,0,0,0,0,0,0,0,0,0,0,0,0,0,0,0,0,0,0,0,0,0,0,0,0],