{"learner":{"attributes":{"best_ntree_limit":"5"},"feature_names":[],"feature_types":[],"gradient_booster":{"model":{"gbtree_model_param":{"num_parallel_tree":"1","num_trees":"5","size_leaf_vector":"0"},"tree_info":[0,0,0,0,0],"trees":[{"base_weights":[-6.700287E-1,-1.5986803E0,3.6126235E-1,-1.9943742E0,-8.1566393E-1,-2.4066603E-1,6.163166E-1,-2.0544937E0,-7.198092E-1,-1.7598759E0,-5.6577306E-2,-8.3005375E-1,8.7947315E-1,2.9800043E-1,1.1155188E0,-7.198092E-1,-2.1248817E0,-8.317858E-1,9.242007E-1,-1.1174651E0,1.1005869E-1,6.61633E-1,-2.0554997E-1,2.4301635E-1,1.3246868E0,-1.2692561E0,-1.9329943E-1,-1.6473243E0,-3.6554626E-1,-1.3505179E-1,8.8733166E-1,4.0064657E-1,-7.9414797E-1,-5.1630255E-2,-5.1139647E-1,-5.1139647E-1,9.991526E-1,-9.711626E-1,-3.0487522E-1],"categories":[],"categories_nodes":[],"categories_segments":[],"categories_sizes":[],"default_left":[1,1,1,1,1,1,1,1,0,0,1,1,0,1,1,0,0,1,0,1,0,1,1,0,0,0,0,0,1,0,0,1,1,0,0,0,0,0,0],"id":0,"left_children":[1,3,5,7,9,11,13,15,-1,-1,17,19,-1,21,23,-1,-1,25,-1,27,-1,29,31,-1,-1,-1,-1,-1,33,-1,-1,35,37,-1,-1,-1,-1,-1,-1],"loss_changes":[5.510083E1,7.7118225E0,4.414834E0,2.3651123E-3,8.365236E0,6.665258E0,2.8139238E0,1.5402985E-1,0E0,0E0,6.5319457E0,1.8536348E0,0E0,2.5997438E0,1.0185575E0,0E0,0E0,1.084228E0,0E0,1.3879151E0,0E0,1.5673318E0,2.6035461E0,0E0,0E0,0E0,0E0,0E0,1.2697694E-1,0E0,0E0,2.5961847E0,1.4411449E-2,0E0,0E0,0E0,0E0,0E0,0E0],"parents":[2147483647,0,0,1,1,2,2,3,3,4,4,5,5,6,6,7,7,10,10,11,11,13,13,14,14,17,17,19,19,21,21,22,22,28,28,31,31,32,32],"right_children":[2,4,6,8,10,12,14,16,-1,-1,18,20,-1,22,24,-1,-1,26,-1,28,-1,30,32,-1,-1,-1,-1,-1,34,-1,-1,36,38,-1,-1,-1,-1,-1,-1],"split_conditions":[3.5E0,5.65E1,-9.536743E-7,1.46E2,-9.536743E-7,1.425E2,2.645E2,1.5E0,-2.1594276E-1,-5.279628E-1,2.43E2,3.04E2,2.6384196E-1,2.205E2,1.21E2,-2.1594276E-1,-6.374645E-1,2.5E0,2.772602E-1,5.4E1,3.301761E-2,1.11E2,1.265E2,7.290491E-2,3.9740604E-1,-3.8077685E-1,-5.7989832E-2,-4.941973E-1,6.25E1,-4.051554E-2,2.661995E-1,5.3E1,2.41E2,-1.5489077E-2,-1.5341894E-1,-1.5341894E-1,2.997458E-1,-2.913488E-1,-9.146257E-2],"split_indices":[2,0,1,3,1,3,4,2,0,0,4,4,0,4,3,0,0,2,0,0,0,3,3,0,0,0,0,0,0,0,0,0,4,0,0,0,0,0,0],"split_type":[0,0,0,0,0,0,0,0,0,0,0,0,0,0,0,0,0,0,0,0,0,0,0,0,0,0,0,0,0,0,0,0,0,0,0,0,0,0,0],"sum_hessian":[5.593088E1,2.9140461E1,2.6790422E1,1.833029E1,1.0810171E1,7.990126E0,1.8800297E1,1.6920267E1,1.4100223E0,4.230067E0,6.580104E0,5.4050856E0,2.5850408E0,1.2455196E1,6.3451004E0,1.4100223E0,1.5510244E1,3.7600594E0,2.8200445E0,3.995063E0,1.4100223E0,7.0501113E0,5.4050856E0,1.645026E0,4.700074E0,1.645026E0,2.1150334E0,1.645026E0,2.350037E0,1.645026E0,5.4050856E0,2.8200445E0,2.5850408E0,1.1750185E0,1.1750185E0,1.1750185E0,1.645026E0,1.1750185E0,1.4100223E0],"tree_param":{"num_deleted":"0","num_feature":"6","num_nodes":"39","size_leaf_vector":"0"}},{"base_weights":[-4.81955E-1,-1.1125209E0,2.7666152E-1,-1.6008962E0,-7.6084393E-1,7.457772E-2,8.4601855E-1,-1.329914E0,-2.4171975E-1,-6.5958345E-1,3.845898E-1,1.0578753E0,-1.3326609E-1,-5.2546E-1,-1.5046965E0,-7.323532E-1,4.3832797E-1,-8.8149065E-1,9.126429E-2,1.1962706E-1,8.3328944E-1,3.5917792E-1,-1.0780922E0,-3.250879E-1,8.633342E-1,-1.2764267E0,-3.01538E-1,3.6457095E-1,-4.3774945E-1,2.0045367E-1,1.0448496E0,9.926316E-1,2.76399E-1,-4.5233214E-1,-1.2774683E-2,4.7075137E-2,5.708206E-1,8.787025E-2,-8.3606297E-1],"categories":[],"categories_nodes":[],"categories_segments":[],"categories_sizes":[],"default_left":[1,1,1,0,1,1,1,1,1,1,1,0,0,0,0,1,1,1,0,1,1,0,0,0,1,0,1,1,1,0,0,0,0,0,0,0,0,0,0],"id":1,"left_children":[1,3,5,-1,7,9,11,13,15,17,19,-1,-1,-1,-1,21,23,25,-1,27,29,-1,-1,-1,31,-1,33,35,37,-1,-1,-1,-1,-1,-1,-1,-1,-1,-1],"loss_changes":[2.7584515E1,4.16428E0,3.0070639E0,0E0,5.62366E0,4.9855266E0,1.5711112E0,5.2796936E-1,4.240177E0,1.1702859E0,1.7133007E0,0E0,0E0,0E0,0E0,3.1035578E0,2.0808797E0,7.9299283E-1,0E0,1.6279781E0,5.261164E-1,0E0,0E0,0E0,1.6879559E-2,0E0,1.4194924E-1,4.981364E-1,8.5604763E-1,0E0,0E0,0E0,0E0,0E0,0E0,0E0,0E0,0E0,0E0],"parents":[2147483647,0,0,1,1,2,2,4,4,5,5,6,6,7,7,8,8,9,9,10,10,15,15,16,16,17,17,19,19,20,20,24,24,26,26,27,27,28,28],"right_children":[2,4,6,-1,8,10,12,14,16,18,20,-1,-1,-1,-1,22,24,26,-1,28,30,-1,-1,-1,32,-1,34,36,38,-1,-1,-1,-1,-1,-1,-1,-1,-1,-1],"split_conditions":[3.5E0,-9.536743E-7,1.43E2,-4.802689E-1,2.28E2,-9.536743E-7,6.35E1,1.9E2,5.55E1,3.04E2,2.645E2,3.173626E-1,-3.997983E-2,-1.5763801E-1,-4.5140895E-1,2.34E2,2.43E2,5.4E1,2.737929E-2,1.31E2,1.21E2,1.0775338E-1,-3.2342768E-1,-9.752638E-2,1.5E2,-3.82928E-1,2.32E2,1.165E2,2.215E2,6.0136102E-2,3.134549E-1,2.9778948E-1,8.29197E-2,-1.3569964E-1,-3.832405E-3,1.4122542E-2,1.712462E-1,2.6361076E-2,-2.508189E-1],"split_indices":[2,1,3,0,4,1,0,4,0,4,4,0,0,0,0,4,4,0,0,3,3,0,0,0,3,0,4,3,4,0,0,0,0,0,0,0,0,0,0],"split_type":[0,0,0,0,0,0,0,0,0,0,0,0,0,0,0,0,0,0,0,0,0,0,0,0,0,0,0,0,0,0,0,0,0,0,0,0,0,0,0],"sum_hessian":[5.60216E1,3.033799E1,2.5683609E1,1.1213534E1,1.9124454E1,1.9790342E1,5.8932657E0,8.3782625E0,1.0746193E1,5.5409136E0,1.4249429E1,4.7791085E0,1.114157E0,2.2105136E0,6.1677485E0,6.197775E0,4.548418E0,4.1426053E0,1.3983086E0,9.755369E0,4.494059E0,1.4815401E0,4.7162347E0,1.710692E0,2.8377259E0,1.7499853E0,2.3926198E0,7.01742E0,2.7379496E0,1.6139086E0,2.8801506E0,1.7590162E0,1.0787096E0,1.1996883E0,1.1929315E0,3.2471216E0,3.7702985E0,1.5163494E0,1.2216E0],"tree_param":{"num_deleted":"0","num_feature":"6","num_nodes":"39","size_leaf_vector":"0"}},{"base_weights":[-3.7106475E-1,-8.5657305E-1,2.1475653E-1,-1.0867847E0,-3.9602274E-1,5.0045308E-2,7.04536E-1,-4.3347493E-1,-1.1718867E0,-9.118002E-1,2.6366971E-2,-5.418052E-1,3.1020623E-1,9.0326E-1,-1.1136551E-1,-9.723408E-1,4.0242112E-1,-1.05372675E-1,-1.1816779E0,-4.199104E-1,6.7238784E-1,-7.243579E-1,7.567998E-2,8.401719E-2,7.1940327E-1,-8.032495E-1,3.490335E-2,1.9978279E-1,7.889081E-1,-1.0589464E0,-2.4956134E-1,2.8922826E-1,-3.643766E-1,1.6542532E-1,9.2453855E-1,-3.7283528E-1,-1.06844315E-2,5.6313956E-3,4.8459685E-1,7.248743E-2,-6.886386E-1],"categories":[],"categories_nodes":[],"categories_segments":[],"categories_sizes":[],"default_left":[1,1,1,1,1,1,1,1,0,1,1,1,1,0,0,0,0,0,0,1,1,1,0,1,1,0,0,0,0,0,1,1,1,0,0,0,0,0,0,0,0],"id":2,"left_children":[1,3,5,7,9,11,13,15,-1,17,19,21,23,-1,-1,-1,-1,-1,-1,25,27,29,-1,31,33,-1,-1,-1,-1,-1,35,37,39,-1,-1,-1,-1,-1,-1,-1,-1],"loss_changes":[1.5626907E1,2.7387161E0,2.0142667E0,5.6814575E-1,2.5370402E0,3.2612123E0,1.1248562E0,2.110947E0,0E0,1.0118699E0,2.3908558E0,7.8730464E-1,1.2899803E0,0E0,0E0,0E0,0E0,0E0,0E0,8.894909E-1,2.8105736E-2,5.474992E-1,0E0,1.0741817E0,4.2227626E-1,0E0,0E0,0E0,0E0,0E0,9.6747115E-2,4.2835385E-1,5.808759E-1,0E0,0E0,0E0,0E0,0E0,0E0,0E0,0E0],"parents":[2147483647,0,0,1,1,2,2,3,3,4,4,5,5,6,6,7,7,9,9,10,10,11,11,12,12,19,19,20,20,21,21,23,23,24,24,30,30,31,31,32,32],"right_children":[2,4,6,8,10,12,14,16,-1,18,20,22,24,-1,-1,-1,-1,-1,-1,26,28,30,-1,32,34,-1,-1,-1,-1,-1,36,38,40,-1,-1,-1,-1,-1,-1,-1,-1],"split_conditions":[3.5E0,5.65E1,1.43E2,1.11E2,-9.536743E-7,-9.536743E-7,6.35E1,2.245E2,-3.5156602E-1,6.25E1,2.43E2,3.04E2,2.645E2,2.70978E-1,-3.3409655E-2,-2.9170227E-1,1.2072634E-1,-3.1611804E-2,-3.545034E-1,2.5E0,6.05E1,5.4E1,2.2703994E-2,1.31E2,1.21E2,-2.4097486E-1,1.0471006E-2,5.993484E-2,2.3667245E-1,-3.1768394E-1,2.32E2,5.3E1,2.215E2,4.96276E-2,2.7736157E-1,-1.1185059E-1,-3.2053296E-3,1.6894188E-3,1.4537907E-1,2.174623E-2,-2.0659159E-1],"split_indices":[2,0,3,3,1,1,0,4,0,0,4,4,4,0,0,0,0,0,0,2,0,0,0,3,3,0,0,0,0,0,4,0,4,0,0,0,0,0,0,0,0],"split_type":[0,0,0,0,0,0,0,0,0,0,0,0,0,0,0,0,0,0,0,0,0,0,0,0,0,0,0,0,0,0,0,0,0,0,0,0,0,0,0,0,0],