{"learner":{"attributes":{"best_ntree_limit":"6"},"feature_names":[],"feature_types":[],"gradient_booster":{"model":{"gbtree_model_param":{"num_parallel_tree":"1","num_trees":"1","size_leaf_vector":"0"},"tree_info":[0],"trees":[{"base_weights":[-6.6765916E-1,-1.7537644E0,5.0565493E-1,-2.2247906E0,-1.0227318E0,-3.43904E-1,7.020112E-1,-1.7074664E0,-3.9165202E-1,-6.5577006E-1,4.2115964E-2,4.5983008E-1,1.2088103E0,-6.7939705E-1,-2.0036526E0,-1.0507239E0,6.537368E-1,-5.0647146E-1,5.195215E-1,8.3390164E-1,-2.2368123E-1,1.3053132E0,4.0420538E-1,-5.0860983E-1,-1.3657695E0,-1.3355665E-1,1.0119122E0,-7.068931E-1,6.933477E-1,-5.113303E-2,-7.1230775E-1,1.1529795E0,1.0891172E-1,-1.3657695E0,1.2618227E-1],"categories":[],"categories_nodes":[],"categories_segments":[],"categories_sizes":[],"default_left":[1,1,1,0,1,1,1,1,1,0,1,1,1,0,0,1,0,0,0,1,1,0,0,1,0,0,1,1,0,0,0,0,0,0,0],"id":0,"left_children":[1,3,5,-1,7,9,11,13,15,-1,17,19,21,-1,-1,23,-1,-1,-1,25,27,-1,-1,29,-1,-1,31,33,-1,-1,-1,-1,-1,-1,-1],"loss_changes":[7.441433E1,8.118927E0,4.9976687E0,0E0,5.2424355E0,7.528159E-1,2.3270006E0,5.4585075E-1,6.485576E0,0E0,1.2142264E0,4.662789E0,1.4424324E-2,0E0,0E0,2.5246572E-1,0E0,0E0,0E0,2.1201792E0,3.5834694E0,0E0,0E0,3.0199307E-1,0E0,0E0,1.1293678E0,2.953566E0,0E0,0E0,0E0,0E0,0E0,0E0,0E0],"parents":[2147483647,0,0,1,1,2,2,4,4,5,5,6,6,7,7,8,8,10,10,11,11,12,12,15,15,19,19,20,20,23,23,26,26,27,27],"right_children":[2,4,6,-1,8,10,12,14,16,-1,18,20,22,-1,-1,24,-1,-1,-1,26,28,-1,-1,30,-1,-1,32,34,-1,-1,-1,-1,-1,-1,-1],"split_conditions":[3.5E0,5.55E1,1.16E2,-6.674372E-1,-9.536743E-7,2.335E2,1.43E2,6.25E1,2.455E2,-1.9673103E-1,5.2E1,1.335E2,1.72E2,-2.0381913E-1,-6.010958E-1,2.305E2,1.9612105E-1,-1.5194145E-1,1.5585645E-1,-9.536743E-7,2.82E2,3.91594E-1,1.2126162E-1,1.37E2,-4.0973088E-1,-4.0066995E-2,6.45E1,5.45E1,2.0800431E-1,-1.5339909E-2,-2.1369234E-1,3.4589386E-1,3.267352E-2,-4.0973088E-1,3.7854683E-2],"split_indices":[2,0,3,0,1,4,3,0,4,0,0,3,3,0,0,4,0,0,0,1,4,0,0,3,0,0,0,0,0,0,0,0,0,0,0],"split_type":[0,0,0,0,0,0,0,0,0,0,0,0,0,0,0,0,0,0,0,0,0,0,0,0,0,0,0,0,0,0,0,0,0,0,0],"sum_hessian":[5.6698402E1,2.918652E1,2.7511883E1,1.650713E1,1.2679389E1,5.023909E0,2.2487974E1,5.2631426E0,7.4162464E0,2.3923376E0,2.6315713E0,1.650713E1,5.980844E0,1.9138701E0,3.3492727E0,4.5454416E0,2.8708053E0,1.1961688E0,1.4354026E0,1.0526285E1,5.980844E0,4.784675E0,1.1961688E0,2.6315713E0,1.9138701E0,1.6746364E0,8.851649E0,4.066974E0,1.9138701E0,1.1961688E0,1.4354026E0,7.4162464E0,1.4354026E0,1.9138701E0,2.1531038E0],"tree_param":{"num_deleted":"0","num_feature":"6","num_nodes":"35","size_leaf_vector":"0"}}]},"name":"gbtree"},"learner_model_param":{"base_score":"5E-1","num_class":"0","num_feature":"6","num_target":"1"},"objective":{"name":"reg:squarederror","reg_loss_param":{"scale_pos_weight":"1"}}},"version":[1,6,2]}