{"learner":{"attributes":{"best_ntree_limit":"6"},"feature_names":[],"feature_types":[],"gradient_booster":{"model":{"gbtree_model_param":{"num_parallel_tree":"1","num_trees":"6","size_leaf_vector":"0"},"tree_info":[0,0,0,0,0,0],"trees":[{"base_weights":[-6.6486096E-1,-1.5844345E0,3.5607913E-1,-1.9768239E0,-8.096357E-1,-2.4176428E-1,6.095497E-1,-2.0367873E0,-7.157704E-1,-1.744455E0,-5.989156E-2,-8.2586473E-1,8.7049294E-1,2.9498804E-1,1.1044891E0,-7.159932E-1,-2.1069703E0,-8.2707953E-1,9.1235834E-1,-1.1107882E0,1.0618508E-1,6.5645546E-1,-2.0498608E-1,2.4020527E-1,1.3130181E0,-1.2642137E0,-1.9357803E-1,-1.6413966E0,-3.644785E-1,-1.3518016E-1,8.810973E-1,3.964928E-1,-7.895405E-1,-5.114072E-1,-5.141093E-2,-5.1130915E-1,9.9359256E-1,-9.6837467E-1,-3.0369052E-1],"categories":[],"categories_nodes":[],"categories_segments":[],"categories_sizes":[],"default_left":[1,1,1,1,1,1,1,1,0,0,1,1,0,1,1,0,0,1,0,1,0,1,1,0,0,0,0,0,1,0,0,1,1,0,0,0,0,0,0],"id":0,"left_children":[1,3,5,7,9,11,13,15,-1,-1,17,19,-1,21,23,-1,-1,25,-1,27,-1,29,31,-1,-1,-1,-1,-1,33,-1,-1,35,37,-1,-1,-1,-1,-1,-1],"loss_changes":[5.485273E1,7.7046356E0,4.423564E0,2.6000977E-2,8.294203E0,6.642579E0,2.803709E0,1.7768097E-1,0E0,0E0,6.4871097E0,1.8418684E0,0E0,2.6022615E0,1.0266972E0,0E0,0E0,1.0901165E0,0E0,1.4050951E0,0E0,1.570754E0,2.5954635E0,0E0,0E0,0E0,0E0,0E0,1.2953472E-1,0E0,0E0,2.6031394E0,2.0999432E-2,0E0,0E0,0E0,0E0,0E0,0E0],"parents":[2147483647,0,0,1,1,2,2,3,3,4,4,5,5,6,6,7,7,10,10,11,11,13,13,14,14,17,17,19,19,21,21,22,22,28,28,31,31,32,32],"right_children":[2,4,6,8,10,12,14,16,-1,-1,18,20,-1,22,24,-1,-1,26,-1,28,-1,30,32,-1,-1,-1,-1,-1,34,-1,-1,36,38,-1,-1,-1,-1,-1,-1],"split_conditions":[3.5E0,5.65E1,-9.536743E-7,1.46E2,-9.536743E-7,1.425E2,2.645E2,1.5E0,-2.1473114E-1,-5.233365E-1,2.43E2,3.04E2,2.611479E-1,2.205E2,1.21E2,-2.1479797E-1,-6.320911E-1,2.5E0,2.737075E-1,5.4E1,3.1855524E-2,1.11E2,1.265E2,7.206158E-2,3.9390543E-1,-3.7926412E-1,-5.8073413E-2,-4.92419E-1,1.26E2,-4.055405E-2,2.643292E-1,5.3E1,2.41E2,-1.5342216E-1,-1.5423279E-2,-1.5339275E-1,2.980778E-1,-2.905124E-1,-9.110716E-2],"split_indices":[2,0,1,3,1,3,4,2,0,0,4,4,0,4,3,0,0,2,0,0,0,3,3,0,0,0,0,0,3,0,0,0,4,0,0,0,0,0,0],"split_type":[0,0,0,0,0,0,0,0,0,0,0,0,0,0,0,0,0,0,0,0,0,0,0,0,0,0,0,0,0,0,0,0,0,0,0,0,0,0,0],"sum_hessian":[5.6825775E1,2.9606707E1,2.7219069E1,1.8623573E1,1.0983133E1,8.117968E0,1.91011E1,1.719099E1,1.4325826E0,4.2977476E0,6.685385E0,5.4915667E0,2.6264014E0,1.265448E1,6.4466214E0,1.4325826E0,1.5758409E1,3.8202202E0,2.8651652E0,4.058984E0,1.4325826E0,7.162913E0,5.4915667E0,1.6713463E0,4.775275E0,1.6713463E0,2.1488738E0,1.6713463E0,2.3876376E0,1.6713463E0,5.4915667E0,2.8651652E0,2.6264014E0,1.1938188E0,1.1938188E0,1.1938188E0,1.6713463E0,1.1938188E0,1.4325826E0],"tree_param":{"num_deleted":"0","num_feature":"6","num_nodes":"39","size_leaf_vector":"0"}},{"base_weights":[-4.778694E-1,-1.1016366E0,2.7223778E-1,-1.5852519E0,-7.544074E-1,7.271397E-2,8.35805E-1,-1.317823E0,-2.4157342E-1,-6.552697E-1,3.7969756E-1,1.0451218E0,-1.3122651E-1,-5.231149E-1,-1.4914742E0,-7.2728693E-1,4.3161213E-1,-8.749072E-1,8.791401E-2,1.1862074E-1,8.230773E-1,3.5573983E-1,-1.0701334E0,-3.221779E-1,8.5159564E-1,-1.2697334E0,-3.0020854E-1,3.6085296E-1,-4.3349344E-1,1.9784586E-1,1.0336353E0,1.2345655E-2,-1.3006327E0,9.8193073E-1,2.72245E-1,-4.3416795E-1,-2.8856901E-2,4.5708228E-2,5.6657696E-1,8.860667E-2,-8.3219546E-1],"categories":[],"categories_nodes":[],"categories_segments":[],"categories_sizes":[],"default_left":[1,1,1,0,1,1,1,1,1,1,1,0,0,0,0,1,1,1,0,1,1,0,1,0,1,0,1,1,1,0,0,0,0,0,0,0,0,0,0,0,0],"id":1,"left_children":[1,3,5,-1,7,9,11,13,15,17,19,-1,-1,-1,-1,21,23,25,-1,27,29,-1,31,-1,33,-1,35,37,39,-1,-1,-1,-1,-1,-1,-1,-1,-1,-1,-1,-1],"loss_changes":[2.740987E1,4.149563E0,2.9873948E0,0E0,5.5866833E0,4.96767E0,1.5525622E0,5.327091E-1,4.2124977E0,1.1591332E0,1.6949089E0,0E0,0E0,0E0,0E0,3.0906818E0,2.0550532E0,8.007369E-1,0E0,1.6161773E0,5.288627E-1,0E0,1.4614801E0,0E0,2.6155949E-2,0E0,1.1218426E-1,5.013325E-1,8.611555E-1,0E0,0E0,0E0,0E0,0E0,0E0,0E0,0E0,0E0,0E0,0E0,0E0],"parents":[2147483647,0,0,1,1,2,2,4,4,5,5,6,6,7,7,8,8,9,9,10,10,15,15,16,16,17,17,19,19,20,20,22,22,24,24,26,26,27,27,28,28],"right_children":[2,4,6,-1,8,10,12,14,16,18,20,-1,-1,-1,-1,22,24,26,-1,28,30,-1,32,-1,34,-1,36,38,40,-1,-1,-1,-1,-1,-1,-1,-1,-1,-1,-1,-1],"split_conditions":[3.5E0,-9.536743E-7,1.43E2,-4.755756E-1,2.28E2,-9.536743E-7,6.35E1,1.9E2,5.55E1,3.04E2,2.645E2,3.1353655E-1,-3.9367955E-2,-1.5693448E-1,-4.4744226E-1,2.34E2,2.43E2,5.4E1,2.6374204E-2,1.31E2,1.21E2,1.0672195E-1,1.16E2,-9.665337E-2,1.5E2,-3.8092005E-1,2.32E2,1.165E2,2.215E2,5.935376E-2,3.100906E-1,3.7036967E-3,-3.9018983E-1,2.9457924E-1,8.16735E-2,-1.302504E-1,-8.657071E-3,1.3712469E-2,1.6997309E-1,2.6582003E-2,-2.4965864E-1],"split_indices":[2,1,3,0,4,1,0,4,0,4,4,0,0,0,0,4,4,0,0,3,3,0,3,0,3,0,4,3,4,0,0,0,0,0,0,0,0,0,0,0,0],"split_type":[0,0,0,0,0,0,0,0,0,0,0,0,0,0,0,0,0,0,0,0,0,0,0,0,0,0,0,0,0,0,0,0,0,0,0,0,0,0,0,0,0],"sum_hessian":[5.6940613E1,3.0832539E1,2.6108076E1,1.1395556E1,1.9436983E1,2.0115473E1,5.992603E0,8.5137825E0,1.09232E1,5.6299696E0,1.4485504E1,4.8599086E0,1.1326942E0,2.246267E0,6.267515E0,6.298425E0,4.6247745E0,4.2088585E0,1.4211111E0,9.914847E0,4.5706563E0,1.5053934E0,4.7930317E0,1.738099E0,2.8866756E0,1.7779746E0,2.430884E0,7.1321397E0,2.7827082E0,1.6401166E0,2.9305398E0,1.0075899E0,3.7854419E0,1.7892671E0,1.0974084E0,1.225745E0,1.2051388E0,3.2996502E0,3.8324893E0,1.5416632E0,1.241045E0],"tree_param":{"num_deleted":"0","num_feature":"6","num_nodes":"41","size_leaf_vector":"0"}},{"base_weights":[-3.6877653E-1,-8.493875E-1,2.1090457E-1,-1.0788877E0,-3.9193732E-1,4.857244E-2,6.944734E-1,-4.9042886E-1,-1.150912E0,-8.99676E-1,2.3379337E-2,-5.3750783E-1,3.0570447E-1,8.9011353E-1,-1.0950787E-1,-1.0094078E0,4.9730068E-1,-1.1952467E0,-4.1955513E-1,-1.0486026E-1,-1.1671622E0,-4.164119E-1,6.606931E-1,-7.1798354E-1,7.27856E-2,8.3279334E-2,7.0892847E-1,-4.9894476E-1,-1.2605484E0,-7.9802144E-1,3.427026E-2,1.9244531E-1,7.8083074E-1,-1.0515774E0,-2.481807E-1,2.8588992E-1,-3.603313E-1,1.630272E-1,9.123153E-1,-3.6829382E-1,4.6618375E-1,2.6792316E-3,-3.8573408E-1,4.1966443E-3,4.8088127E-1,7.299578E-2,-6.8439955E-1],"categories":[],"categories_nodes":[],"categories_segments":[],"categories_sizes":[],"default_left":[1,1,1,1,1,1,1,1,1,1,1,1,1,0,0,0,0,1,0,0,0,1,1,1,0,1,1,0,0,0,1,0,0,0,1,1,1,0,0,0,0,0,0,0,0,0,0],"id":2,"left_children":[1,3,5,7,9,11,13,15,17,19,21,23,25,-1,-1,-1,-1,27,-1,-1,-1,29,31,33,-1,35,37,-1,-1,-1,39,-1,-1,-1,41,43,45,-1,-1,-1,-1,-1,-1,-1,-1,-1,-1],"loss_changes":[1.5559998E1,2.766777E0,1.9935464E0,2.688675E-1,2.4926004E0,3.2401288E0,1.1065693E0,2.4942627E0,4.2434692E-2,1.0041671E0,2.355335E0,7.7771544E-1,1.270453E0,0E0,0E0,0E0,0E0,6.5603256E-2,0E0,0E0,0E0,8.880974E-1,4.1952252E-2,5.501106E-1,0E0,1.0635467E0,4.2160964E-1,0E0,0E0,0E0,7.373964E-1,0E0,0E0,0E0,1.2035239E-1,4.315678E-1,5.826068E-1,0E0,0E0,0E0,0E0,0E0,0E0,0E0,0E0,0E0,0E0],"parents":[2147483647,0,0,1,1,2,2,3,3,4,4,5,5,6,6,7,7,8,8,9,9,10,10,11,11,12,12,17,17,21,21,22,22,23,23,25,25,26,26,30,30,34,34,35,35,36,36],"right_children":[2,4,6,8,10,12,14,16,18,20,22,24,26,-1,-1,-1,-1,28,-1,-1,-1,30,32,34,-1,36,38,-1,-1,-1,40,-1,-1,-1,42,44,46,-1,-1,-1,-1,-1,-1,-1,-1,-1,-1],"split_conditions":[3.5E0,5.65E1,1.43E2,1.11E2,-9.536743E-7,-9.536743E-7,6.35E1,2.28E2,1.46E2,6.25E1,2.43E2,3.04E2,2.645E2,2.6703408E-1,-3.2852363E-2,-3.0282235E-1,1.4919022E-1,1.9E2,-1.2586655E-1,-3.145808E-2,-3.5014868E-1,2.5E0,6.05E1,5.4E1,2.1835681E-2,1.31E2,1.21E2,-1.4968343E-1,-3.7816453E-1,-2.3940644E-1,5.85E1,5.7733595E-2,2.3424923E-1,-3.1547326E-1,6.25E1,5.3E1,2.215E2,4.8908163E-2,2.736946E-1,-1.10488154E-1,1.3985513E-1,8.037695E-4,-1.1572023E-1,1.2589933E-3,1.4426439E-1,2.1898735E-2,-2.0531987E-1],"split_indices":[2,0,3,3,1,1,0,4,3,0,4,4,4,0,0,0,0,4,0,0,0,2,0,0,0,3,3,0,0,0,0,0,0,0,0,0,4,0,0,0,0,0,0,0,0,0,0],"split_type":[0,0,0,0,0,0,0,0,0,0,0,0,0,0,0,0,0,0,0,0,0,0,0,0,0,0,0,0,0,0,0,0,0,0,0,0,0,0,0,0,0,0,0,0,0,0,0],