{"learner":{"attributes":{"best_ntree_limit":"7"},"feature_names":[],"feature_types":[],"gradient_booster":{"model":{"gbtree_model_param":{"num_parallel_tree":"1","num_trees":"7","size_leaf_vector":"0"},"tree_info":[0,0,0,0,0,0,0],"trees":[{"base_weights":[-6.79465E-1,-1.5738828E0,3.3983937E-1,-2.0696805E0,-7.5050324E-1,-5.7436544E-1,7.474368E-1,-2.1393814E0,-7.198092E-1,-1.6577306E0,-3.575568E-2,-1.0103862E0,7.014946E-1,2.1468566E-1,8.9301735E-1,-7.198092E-1,-2.2217064E0,-5.131199E-1,-1.9955302E0,-6.12663E-1,7.171378E-1,-1.306858E0,1.1005869E-1,-2.6928696E-1,9.3992656E-1,1.0685472E0,4.266259E-2,2.4301635E-1,-1.0730848E0,-1.729036E0,-6.464616E-1,4.0813595E-1,-6.8738E-1,1.3557094E0,6.4559364E-1,-7.198092E-1,8.6790216E-1,2.186213E-1,1.090796E0],"categories":[],"categories_nodes":[],"categories_segments":[],"categories_sizes":[],"default_left":[1,1,1,1,1,1,1,1,0,1,1,1,0,1,1,0,0,0,0,1,0,1,0,1,0,1,1,0,0,0,0,0,0,0,1,0,0,0,0],"id":0,"left_children":[1,3,5,7,9,11,13,15,-1,17,19,21,-1,23,25,-1,-1,-1,-1,27,-1,29,-1,31,-1,33,35,-1,-1,-1,-1,-1,-1,-1,37,-1,-1,-1,-1],"loss_changes":[5.2223587E1,1.0846863E1,1.0609643E1,1.9034576E-1,8.360823E0,5.71E0,1.3075037E0,3.8521576E-1,0E0,1.1799831E0,4.038001E0,2.5056643E0,0E0,2.171332E0,2.173236E0,0E0,0E0,0E0,0E0,2.3212843E0,0E0,4.714527E-1,0E0,1.4290389E0,0E0,6.162672E-1,2.8805099E0,0E0,0E0,0E0,0E0,0E0,0E0,0E0,1.0684087E0,0E0,0E0,0E0,0E0],"parents":[2147483647,0,0,1,1,2,2,3,3,4,4,5,5,6,6,7,7,9,9,10,10,11,11,13,13,14,14,19,19,21,21,23,23,25,25,26,26,34,34],"right_children":[2,4,6,8,10,12,14,16,-1,18,20,22,-1,24,26,-1,-1,-1,-1,28,-1,30,-1,32,-1,34,36,-1,-1,-1,-1,-1,-1,-1,38,-1,-1,-1,-1],"split_conditions":[3.5E0,5.65E1,-9.536743E-7,1.49E2,-9.536743E-7,1.45E2,1.16E2,1.5E0,-2.1594276E-1,6.25E1,2.455E2,3.04E2,2.1044838E-1,5.75E1,6.35E1,-2.1594276E-1,-6.6651195E-1,-1.5393597E-1,-5.986591E-1,1.37E2,2.1514136E-1,5.4E1,3.301761E-2,2.07E2,2.8197798E-1,1.31E2,6.65E1,7.290491E-2,-3.2192546E-1,-5.187108E-1,-1.939385E-1,1.2244079E-1,-2.0621401E-1,4.0671286E-1,2.655E2,-2.1594276E-1,2.6037067E-1,6.5586396E-2,3.272388E-1],"split_indices":[2,0,1,3,1,3,3,2,0,0,4,4,0,0,0,0,0,0,0,3,0,0,0,4,0,3,0,0,0,0,0,0,0,0,4,0,0,0,0],"split_type":[0,0,0,0,0,0,0,0,0,0,0,0,0,0,0,0,0,0,0,0,0,0,0,0,0,0,0,0,0,0,0,0,0,0,0,0,0,0,0],"sum_hessian":[5.569588E1,2.9375463E1,2.6320415E1,1.7390274E1,1.1985189E1,7.990126E0,1.833029E1,1.5980252E1,1.4100223E0,4.700074E0,7.2851152E0,6.1100965E0,1.8800297E0,4.4650707E0,1.3865219E1,1.4100223E0,1.45702305E1,1.645026E0,3.0550482E0,4.230067E0,3.0550482E0,4.700074E0,1.4100223E0,3.0550482E0,1.4100223E0,1.1280178E1,2.5850408E0,1.645026E0,2.5850408E0,1.8800297E0,2.8200445E0,1.1750185E0,1.8800297E0,5.4050856E0,5.8750925E0,1.4100223E0,1.1750185E0,3.7600594E0,2.1150334E0],"tree_param":{"num_deleted":"0","num_feature":"6","num_nodes":"39","size_leaf_vector":"0"}},{"base_weights":[-4.8204455E-1,-1.1035897E0,2.7881768E-1,-1.4105941E0,-5.683214E-1,-4.4179967E-1,6.22604E-1,-7.272537E-1,-1.5022235E0,-1.225312E0,-2.3681568E-2,-7.291277E-1,8.328624E-1,4.1586718E-1,9.415644E-1,-1.2282308E0,2.6611012E-1,-4.0748033E-1,-1.456734E0,-4.6131513E-1,5.8695316E-1,-9.411822E-1,3.076517E-1,7.409484E-1,-1.24307E-1,2.39472E-1,1.1288862E0,1.4733067E-1,-1.1109165E0,2.2705264E-1,7.8098685E-1,-1.1075059E0,-6.970691E-2,-1.5223089E-1,9.8582953E-1,4.6406448E-1,-1.1151142E0,-5.51034E-1,8.744869E-1,-3.5879913E-1,-1.2330368E0,4.967317E-1,1.1753867E0,7.140431E-1,-1.3326208E-1],"categories":[],"categories_nodes":[],"categories_segments":[],"categories_sizes":[],"default_left":[1,1,1,1,1,1,1,1,0,1,1,1,0,1,1,0,0,0,0,1,1,1,0,1,1,0,0,1,0,0,0,1,0,0,1,1,0,0,0,0,0,0,0,0,0],"id":1,"left_children":[1,3,5,7,9,11,13,15,-1,17,19,21,-1,23,25,-1,-1,-1,-1,27,29,31,-1,33,35,-1,-1,37,-1,-1,-1,39,-1,-1,41,43,-1,-1,-1,-1,-1,-1,-1,-1,-1],"loss_changes":[2.7186167E1,4.3720512E0,6.8035975E0,1.1804199E-1,4.6765156E0,3.9387832E0,8.122587E-1,2.429091E0,0E0,5.307789E-1,2.4646838E0,2.038783E0,0E0,2.3516886E0,5.698433E-1,0E0,0E0,0E0,0E0,2.2758646E0,9.275186E-2,9.1592884E-1,0E0,1.9385557E0,3.8350215E0,0E0,0E0,2.3308268E0,0E0,0E0,0E0,9.202957E-2,0E0,0E0,2.3525715E-2,7.3374176E-1,0E0,0E0,0E0,0E0,0E0,0E0,0E0,0E0,0E0],"parents":[2147483647,0,0,1,1,2,2,3,3,4,4,5,5,6,6,7,7,9,9,10,10,11,11,13,13,14,14,19,19,20,20,21,21,23,23,24,24,27,27,31,31,34,34,35,35],"right_children":[2,4,6,8,10,12,14,16,-1,18,20,22,-1,24,26,-1,-1,-1,-1,28,30,32,-1,34,36,-1,-1,38,-1,-1,-1,40,-1,-1,42,44,-1,-1,-1,-1,-1,-1,-1,-1,-1],"split_conditions":[3.5E0,5.65E1,-9.536743E-7,1.11E2,-9.536743E-7,-9.536743E-7,2.645E2,2.245E2,-4.5066705E-1,6.25E1,2.455E2,1.45E2,2.4985872E-1,2.245E2,1.215E2,-3.6846927E-1,7.983304E-2,-1.22244105E-1,-4.370202E-1,6.15E1,2.79E2,3.04E2,9.229551E-2,1.11E2,1.325E2,7.1841605E-2,3.3866587E-1,2.225E2,-3.3327496E-1,6.811579E-2,2.3429607E-1,2.07E2,-2.0912074E-2,-4.566927E-2,1.36E2,2.54E2,-3.345343E-1,-1.653102E-1,2.623461E-1,-1.07639745E-1,-3.6991104E-1,1.4901951E-1,3.52616E-1,2.1421294E-1,-3.9978627E-2],"split_indices":[2,0,1,3,1,5,4,4,0,0,4,3,0,4,3,0,0,0,0,0,4,4,0,3,3,0,0,4,0,0,0,4,0,0,3,4,0,0,0,0,0,0,0,0,0],"split_type":[0,0,0,0,0,0,0,0,0,0,0,0,0,0,0,0,0,0,0,0,0,0,0,0,0,0,0,0,0,0,0,0,0,0,0,0,0,0,0,0,0,0,0,0,0],"sum_hessian":[5.58363E1,3.0483782E1,2.5352518E1,1.8333344E1,1.2150439E1,8.096398E0,1.7256119E1,3.224325E0,1.5109017E1,4.9407377E0,7.2097015E0,6.9563217E0,1.1400759E0,1.1867754E1,5.388365E0,1.9862006E0,1.2381243E0,1.6986332E0,3.2421043E0,4.342222E0,2.8674793E0,5.8516736E0,1.1046482E0,7.176934E0,4.6908207E0,1.614717E0,3.773648E0,2.640963E0,1.7012594E0,1.7646027E0,1.1028767E0,4.6864166E0,1.1652572E0,1.6257013E0,5.5512323E0,3.2766664E0,1.4141543E0,1.470701E0,1.1702621E0,1.2269205E0,3.459496E0,2.5617795E0,2.9894528E0,2.1722085E0,1.104458E0],"tree_param":{"num_deleted":"0","num_feature":"6","num_nodes":"45","size_leaf_vector":"0"}},{"base_weights":[-3.6697966E-1,-8.5807097E-1,2.355505E-1,-1.2799997E0,-5.571432E-1,-3.296199E-1,5.178291E-1,-1.0411502E0,-1.363145E-1,-5.639097E-1,7.3682255E-1,2.1823667E-1,6.7357945E-1,-1.3844643E0,-5.0709087E-1,1.0192555E0,-3.663493E-1,-7.703901E-1,1.715398E-1,9.067826E-1,-1.4571106E-1,8.398101E-1,1.834459E-1,-9.166935E-1,2.9851454E-1,-7.8217524E-1,2.4667194E-1,-1.0246837E0,-1.22087434E-1,-7.862919E-1,3.256998E-1,4.646552E-1,1.04308E0,-2.9153708E-1,7.269826E-1,-1.0965837E0,-3.7281343E-1,-3.1422737E-1,5.107283E-1,-2.975258E-1,-1.2136593E0,7.932585E-1,-2.7112767E-1,3.5073202E-2,8.228021E-1],"categories":[],"categories_nodes":[],"categories_segments":[],"categories_sizes":[],"default_left":[1,1,1,0,1,1,1,1,1,1,0,1,1,0,1,0,1,1,0,0,1,1,1,0,0,1,1,1,0,0,1,1,0,0,0,0,0,0,0,0,0,0,0,0,0],"id":2,"left_children":[1,3,5,-1,7,9,11,13,15,17,-1,19,21,-1,23,-1,25,27,-1,-1,29,31,33,-1,-1,35,37,39,-1,-1,41,43,-1,-1,-1,-1,-1,-1,-1,-1,-1,-1,-1,-1,-1],"loss_changes":[1.6202278E1,3.096857E0,4.16965E0,0E0,3.7862816E0,2.654323E0,6.511874E-1,9.1490364E-1,3.4215326E0,1.3337777E0,0E0,1.9690754E0,7.2387695E-1,0E0,1.9330386E0,0E0,2.818194E0,9.2347836E-1,0E0,0E0,1.9644089E0,1.0762215E-1,1.246817E0,0E0,0E0,4.1182446E-1,8.8957417E-1,2.4809694E-1,0E0,0E0,1.3217852E0,6.685279E-1,0E0,0E0,0E0,0E0,0E0,0E0,0E0,0E0,0E0,0E0,0E0,0E0,0E0],"parents":[2147483647,0,0,1,1,2,2,4,4,5,5,6,6,7,7,8,8,9,9,11,11,12,12,14,14,16,16,17,17,20,20,21,21,22,22,25,25,26,26,27,27,30,30,31,31],"right_children":[2,4,6,-1,8,10,12,14,16,18,-1,20,22,-1,24,-1,26,28,-1,-1,30,32,34,-1,-1,36,38,40,-1,-1,42,44,-1,-1,-1,-1,-1,-1,-1,-1,-1,-1,-1,-1,-1],"split_conditions":[3.5E0,-9.536743E-7,-9.536743E-7,-3.8399994E-1,2.28E2,-9.536743E-7,5.35E1,2.5E0,2.315E2,1.39E2,2.2104678E-1,2.055E2,6.35E1,-4.153393E-1,5.75E1,3.0577666E-1,5.65E1,2.67E2,5.1461942E-2,2.720348E-1,1.165E2,2.365E2,6.65E1,-2.7500805E-1,8.955437E-2,4.45E1,2.455E2,2.07E2,-3.662623E-2,-2.3588757E-1,1.38E2,1.375E2,3.12924E-1,-8.746113E-2,2.1809478E-1,-3.2897514E-1,-1.1184403E-1,-9.426822E-2,1.532185E-1,-8.925774E-2,-3.640978E-1,2.3797755E-1,-8.13383E-2,1.0521961E-2,2.4684064E-1],"split_indices":[2,1,1,0,4,5,0,2,4,3,0,4,0,0,0,0,0,4,0,0,3,4,0,0,0,0,4,4,0,0,3,3,0,0,0,0,0,0,0,0,0,0,0,0,0],