{"learner":{"attributes":{"best_ntree_limit":"5"},"feature_names":[],"feature_types":[],"gradient_booster":{"model":{"gbtree_model_param":{"num_parallel_tree":"1","num_trees":"5","size_leaf_vector":"0"},"tree_info":[0,0,0,0,0],"trees":[{"base_weights":[-6.79465E-1,-1.6130733E0,5.5094135E-1,-4.2914757E-1,-2.1283486E0,1.1690185E0,-3.3909932E-1,-1.1956202E0,5.8064616E-1,-2.1938145E0,-5.1139647E-1,-5.1630255E-2,1.2757254E0,-1.3774716E0,5.001411E-1,-5.1139647E-1,9.989551E-1,1.0305088E0,-3.6554626E-1,-5.1139647E-1,-5.1630255E-2],"categories":[],"categories_nodes":[],"categories_segments":[],"categories_sizes":[],"default_left":[1,0,0,1,1,0,1,0,1,0,0,0,0,0,1,0,0,0,0,0,0],"id":0,"left_children":[1,3,5,7,9,11,13,-1,15,-1,-1,-1,-1,-1,17,-1,-1,-1,19,-1,-1],"loss_changes":[6.601626E1,1.890738E1,1.4262241E1,9.289395E0,1.2476959E0,2.0326958E0,1.0366453E1,0E0,3.0073671E0,0E0,0E0,0E0,0E0,0E0,3.533278E0,0E0,0E0,0E0,1.2697694E-1,0E0,0E0],"parents":[2147483647,0,0,1,1,2,2,3,3,4,4,5,5,6,6,8,8,14,14,18,18],"right_children":[2,4,6,8,10,12,14,-1,16,-1,-1,-1,-1,-1,18,-1,-1,-1,20,-1,-1],"split_conditions":[4.5E0,6.000001E0,6.000001E0,1.5E0,2.5E0,5E-1,7.0000005E-1,-3.5868606E-1,7E-1,-6.5814435E-1,-1.5341894E-1,-1.5489077E-2,3.8271764E-1,-4.1324148E-1,1.48E2,-1.5341894E-1,2.9968652E-1,3.0915263E-1,4.000001E0,-1.5341894E-1,-1.5489077E-2],"split_indices":[6,5,5,4,3,3,3,0,3,0,0,0,0,0,1,0,0,0,0,0,0],"split_type":[0,0,0,0,0,0,0,0,0,0,0,0,0,0,0,0,0,0,0,0,0],"sum_hessian":[5.569588E1,3.1490498E1,2.4205381E1,1.010516E1,2.1385338E1,1.4100223E1,1.010516E1,5.640089E0,4.4650707E0,2.021032E1,1.1750185E0,1.1750185E0,1.2925204E1,4.230067E0,5.8750925E0,1.1750185E0,3.290052E0,3.5250556E0,2.350037E0,1.1750185E0,1.1750185E0],"tree_param":{"num_deleted":"0","num_feature":"7","num_nodes":"21","size_leaf_vector":"0"}},{"base_weights":[-4.7448212E-1,-1.0951561E0,4.3169436E-1,-3.0720928E-1,-1.4222585E0,-4.0706235E-1,8.655145E-1,-8.3878815E-1,4.631756E-1,-1.4862554E0,-5.522729E-1,4.31147E-1,-9.8153985E-1,1.1950094E0,1.7295828E-1,-3.571422E-1,-1.1099516E0,-4.197273E-1,8.3635014E-1,-4.3159463E-2,6.274277E-1,-4.6422276E-1,-1.3294926E0,2.41287E-1,1.2742448E0,-2.8103694E-1,6.770913E-1,-8.8729656E-1,3.162968E-1,-5.2081138E-2,-7.155827E-1,-6.986451E-1,4.0021428E-1],"categories":[],"categories_nodes":[],"categories_segments":[],"categories_sizes":[],"default_left":[1,0,1,1,1,0,1,0,1,0,0,0,1,1,1,0,0,0,0,0,0,1,0,0,0,1,0,0,0,0,0,0,0],"id":1,"left_children":[1,3,5,7,9,11,13,15,17,-1,-1,19,21,23,25,27,-1,-1,-1,-1,-1,29,-1,-1,-1,31,-1,-1,-1,-1,-1,-1,-1],"loss_changes":[3.2196266E1,8.263771E0,8.956218E0,4.9663043E0,4.9199295E-1,4.6322026E0,3.4226618E0,5.139241E-1,2.0670514E0,0E0,0E0,4.2268038E-1,3.7130785E-1,4.9417496E-1,1.6314319E0,1.7034259E0,0E0,0E0,0E0,0E0,0E0,3.506809E-1,0E0,0E0,0E0,1.4232154E0,0E0,0E0,0E0,0E0,0E0,0E0,0E0],"parents":[2147483647,0,0,1,1,2,2,3,3,4,4,5,5,6,6,7,7,8,8,11,11,12,12,13,13,14,14,15,15,21,21,25,25],"right_children":[2,4,6,8,10,12,14,16,18,-1,-1,20,22,24,26,28,-1,-1,-1,-1,-1,30,-1,-1,-1,32,-1,-1,-1,-1,-1,-1,-1],"split_conditions":[4.5E0,6.000001E0,7.0000005E-1,1.5E0,1.7E0,6.000001E0,1.455E2,4.000001E0,7E-1,-4.4587663E-1,-1.6568188E-1,5E-1,3.5000002E-1,1.5E0,1.5E0,3.000001E0,-3.329855E-1,-1.259182E-1,2.5090507E-1,-1.294784E-2,1.8822832E-1,1.6E2,-3.988478E-1,7.23861E-2,3.8227347E-1,-9.536743E-7,2.031274E-1,-2.6618898E-1,9.488904E-2,-1.5624342E-2,-2.1467483E-1,-2.0959355E-1,1.2006429E-1],"split_indices":[6,5,3,4,3,5,1,0,3,0,0,3,3,4,5,3,0,0,0,0,0,1,0,0,0,2,0,0,0,0,0,0,0],"split_type":[0,0,0,0,0,0,0,0,0,0,0,0,0,0,0,0,0,0,0,0,0,0,0,0,0,0,0,0,0,0,0,0,0],"sum_hessian":[5.540333E1,3.275777E1,2.264556E1,1.0178439E1,2.2579332E1,7.7408752E0,1.4904684E1,5.9701447E0,4.2082944E0,2.0372356E1,2.2069755E0,3.2493324E0,4.491543E0,9.608012E0,5.296672E0,2.9850724E0,2.9850724E0,1.2132019E0,2.9950924E0,1.179418E0,2.0699143E0,2.7448316E0,1.746711E0,1.0473009E0,8.560711E0,3.019766E0,2.2769058E0,1.4925362E0,1.4925362E0,1.4971809E0,1.2476507E0,1.8563116E0,1.1634545E0],"tree_param":{"num_deleted":"0","num_feature":"7","num_nodes":"33","size_leaf_vector":"0"}},{"base_weights":[-3.7148237E-1,-8.524193E-1,3.473001E-1,4.98228E-1,-9.6576196E-1,8.3222437E-1,-2.4182443E-1,-1.0700567E0,-1.3064504E-1,9.873312E-2,9.907918E-1,4.8982444E-1,-6.7104113E-1,-1.2992997E0,-7.66514E-1,3.4491673E-1,-5.271994E-1,-9.429627E-2,2.6140153E-1,-4.0436304E-1,9.198288E-1,-8.2693386E-1,-1.645201E-1,-1.0544382E-1,-1.0437044E0,-3.894258E-1,-1.1473979E0,-5.7343936E-1,3.220066E-1,-1.1752091E-2,-1.2315902E0,-5.4283255E-1,-9.51466E-2],"categories":[],"categories_nodes":[],"categories_segments":[],"categories_sizes":[],"default_left":[1,1,0,0,1,1,1,0,0,1,0,1,1,0,1,0,0,0,0,0,0,1,0,0,0,0,0,0,0,0,0,0,0],"id":2,"left_children":[1,3,5,-1,7,9,11,13,15,17,-1,19,21,-1,23,-1,-1,-1,-1,-1,-1,25,-1,27,29,31,-1,-1,-1,-1,-1,-1,-1],"loss_changes":[1.848935E1,5.352503E0,6.43143E0,0E0,2.4468174E0,1.3196335E0,3.6640875E0,8.314781E-1,1.0184351E0,1.2754613E-1,0E0,2.1041636E0,4.2585278E-1,0E0,2.407384E0,0E0,0E0,0E0,0E0,0E0,0E0,2.8125405E-1,0E0,1.219101E0,1.8405046E0,1.15805805E-1,0E0,0E0,0E0,0E0,0E0,0E0,0E0],"parents":[2147483647,0,0,1,1,2,2,4,4,5,5,6,6,7,7,8,8,9,9,11,11,12,12,14,14,21,21,23,23,24,24,25,25],"right_children":[2,4,6,-1,8,10,12,14,16,18,-1,20,22,-1,24,-1,-1,-1,-1,-1,-1,26,-1,28,30,32,-1,-1,-1,-1,-1,-1,-1],"split_conditions":[4.5E0,1.195E2,6.000001E0,1.494684E-1,1.5E0,3E-1,1.465E2,3.55E0,4.000001E0,1.585E2,2.9723755E-1,1.5E0,1.655E2,-3.8978994E-1,1.615E2,1.0347503E-1,-1.5815982E-1,-2.8288882E-2,7.842046E-2,-1.21308915E-1,2.7594864E-1,1.595E2,-4.9356032E-2,4.000001E0,2.000001E0,7.0000005E-1,-3.442194E-1,-1.7203182E-1,9.6601985E-2,-3.5256275E-3,-3.6947706E-1,-1.6284977E-1,-2.854398E-2],"split_indices":[6,1,5,0,5,3,1,3,0,1,0,4,1,0,1,0,0,0,0,0,0,1,0,0,5,3,0,0,0,0,0,0,0],"split_type":[0,0,0,0,0,0,0,0,0,0,0,0,0,0,0,0,0,0,0,0,0,0,0,0,0,0,0,0,0,0,0,0,0],"sum_hessian":[5.16291E1,3.0820919E1,2.080818E1,2.123265E0,2.8697655E1,1.1187118E1,9.621063E0,2.5261509E1,3.4361444E0,2.2769947E0,8.910123E0,3.505068E0,6.115995E0,1.2523214E1,1.2738296E1,1.6216369E0,1.8145075E0,1.2335395E0,1.0434551E0,1.1575633E0,2.3475049E0,4.192949E0,1.923046E0,4.1710877E0,8.567207E0,2.709307E0,1.4836419E0,1.8280771E0,2.3430104E0,1.4832252E0,7.0839825E0,1.225724E0,1.4835829E0],"tree_param":{"num_deleted":"0","num_feature":"7","num_nodes":"33","size_leaf_vector":"0"}},{"base_weights":[-3.0232108E-1,-6.4050424E-1,4.6347433E-1,-8.656682E-1,3.5712045E-2,-2.8720012E-1,8.076789E-1,-9.8726934E-1,-9.190028E-2,-1.6593964E-1,7.110181E-1,2.2562112E-1,-7.486873E-1,2.9931632E-1,9.872224E-1,-1.1942135E0,-7.2499305E-1,-6.3635933E-1,2.9351538E-1,1.4964429E-1,-6.6844976E-1,4.9969423E-1,-1.5855682E-1,6.20432E-1,-1.7570372E-1,1.0645585E0,2.4557297E-1,-3.058447E-1,-8.739857E-1,4.375164E-1,-6.826145E-3,-3.8936737E-1,4.3689618E-1,-8.2501155E-1,-2.0071787E-1,-5.929295E-1,2.1753617E-1,-9.646116E-3,-1.0552591E0,7.5675863E-1,5.00032E-2],"categories":[],"categories_nodes":[],"categories_segments":[],"categories_sizes":[],"default_left":[1,1,1,1,1,0,1,0,1,0,0,1,0,0,1,0,1,0,0,1,1,0,0,0,0,0,0,1,0,0,0,0,0,0,0,0,0,0,0,0,0],"id":3,"left_children":[1,3,5,7,9,11,13,15,17,19,-1,21,-1,23,25,-1,27,-1,29,31,33,-1,-1,-1,-1,-1,-1,35,37,-1,-1,-1,39,-1,-1,-1,-1,-1,-1,-1,-1],"loss_changes":[1.2857334E1,5.217291E0,4.220724E0,2.3173923E0,1.4074723E0,1.4920399E0,6.944976E-1,3.2910156E-1,1.1475532E0,1.3849735E0,0E0,4.3896762E-1,0E0,7.5973743E-1,1.7335701E-1,0E0,4.97993E-1,0E0,1.485281E-1,1.0672203E0,7.668626E-2,0E0,0E0,0E0,0E0,0E0,0E0,8.429985E-1,1.322011E0,0E0,0E0,0E0,4.8823005E-1,0E0,0E0,0E0,0E0,0E0,0E0,0E0,0E0],"parents":[2147483647,0,0,1,1,2,2,3,3,4,4,5,5,6,6,7,7,8,8,9,9,11,11,13,13,14,14,16,16,18,18,19,19,20,20,27,27,28,28,32,32],"right_children":[2,4,6,8,10,12,14,16,18,20,-1,22,-1,24,26,-1,28,-1,30,32,34,-1,-1,-1,-1,-1,-1,36,38,-1,-1,-1,40,-1,-1,-1,-1,-1,-1,-1,-1],