{"learner":{"attributes":{"best_ntree_limit":"7"},"feature_names":[],"feature_types":[],"gradient_booster":{"model":{"gbtree_model_param":{"num_parallel_tree":"1","num_trees":"2","size_leaf_vector":"0"},"tree_info":[0,0],"trees":[{"base_weights":[-6.4918905E-1,-1.6212549E0,3.8537845E-1,-2.2686443E0,-1.1983161E0,-2.0615797E-1,6.5561587E-1,-1.664258E0,-2.584251E-1,-7.179899E-1,8.6820465E-1,8.121116E-1,1.5411149E-1,-6.5577006E-1,-1.8232825E0,-9.8078865E-1,8.6820465E-1,9.301312E-1,-1.2877451E0,5.301234E-1,1.2666714E0,-3.7963992E-1,7.604779E-1,-5.113303E-2,-9.618098E-1,-1.9885834E0,-6.7939705E-1,-2.3324692E-1,-1.6290871E0,8.3031756E-1,-7.3420465E-2,2.4032596E-1,-9.618098E-1,4.0420538E-1,-7.1230775E-1,-1.3355665E-1,1.1324426E0,-5.081133E-1,5.195215E-1],"categories":[],"categories_nodes":[],"categories_segments":[],"categories_sizes":[],"default_left":[1,1,1,0,1,1,1,1,1,1,0,1,1,1,1,1,0,0,0,1,0,1,0,0,0,0,0,1,0,1,1,0,0,0,0,0,0,0,0],"id":0,"left_children":[1,3,5,-1,7,9,11,13,15,17,-1,19,21,23,25,27,-1,-1,-1,29,-1,31,-1,-1,-1,-1,-1,33,-1,35,37,-1,-1,-1,-1,-1,-1,-1,-1],"loss_changes":[5.9131393E1,5.546707E0,4.769421E0,0E0,8.494116E0,6.040716E0,1.4553967E0,9.598007E-1,7.311578E0,7.9776087E0,0E0,1.2659283E0,2.2383397E0,5.785481E-1,7.3794174E-1,2.1915689E0,0E0,0E0,0E0,2.0626097E0,0E0,1.6282202E0,0E0,0E0,0E0,0E0,0E0,1.3969221E0,0E0,2.3234754E0,1.4466525E0,0E0,0E0,0E0,0E0,0E0,0E0,0E0,0E0],"parents":[2147483647,0,0,1,1,2,2,4,4,5,5,6,6,7,7,8,8,9,9,11,11,12,12,13,13,14,14,15,15,19,19,21,21,27,27,29,29,30,30],"right_children":[2,4,6,-1,8,10,12,14,16,18,-1,20,22,24,26,28,-1,-1,-1,30,-1,32,-1,-1,-1,-1,-1,34,-1,36,38,-1,-1,-1,-1,-1,-1,-1,-1],"split_conditions":[3.5E0,-9.536743E-7,5.35E1,-6.805933E-1,5.65E1,2.715E2,6.35E1,1.19E2,2.485E2,2.035E2,2.6046142E-1,1.425E2,6.65E1,4.85E1,1.39E2,6.05E1,2.6046142E-1,2.7903938E-1,-3.8632354E-1,1.31E2,3.8000146E-1,2.51E2,2.2814338E-1,-1.5339909E-2,-2.8854296E-1,-5.965751E-1,-2.0381913E-1,1.37E2,-4.8872614E-1,-9.536743E-7,5.95E1,7.209779E-2,-2.8854296E-1,1.2126162E-1,-2.1369234E-1,-4.0066995E-2,3.397328E-1,-1.52434E-1,1.5585645E-1],"split_indices":[2,1,0,0,0,4,0,3,4,4,0,3,0,0,3,0,0,0,0,3,0,4,0,0,0,0,0,3,0,1,0,0,0,0,0,0,0,0,0],"split_type":[0,0,0,0,0,0,0,0,0,0,0,0,0,0,0,0,0,0,0,0,0,0,0,0,0,0,0,0,0,0,0,0,0,0,0,0,0,0,0],"sum_hessian":[5.717687E1,2.918652E1,2.799035E1,9.808584E0,1.9377935E1,8.851649E0,1.91387E1,1.2440156E1,6.937779E0,6.220078E0,2.6315713E0,1.4114792E1,5.023909E0,2.3923376E0,1.0047818E1,4.3062077E0,2.6315713E0,1.4354026E0,4.784675E0,1.0047818E1,4.066974E0,2.8708053E0,2.1531038E0,1.1961688E0,1.1961688E0,8.133948E0,1.9138701E0,2.6315713E0,1.6746364E0,6.4593115E0,3.5885065E0,1.6746364E0,1.1961688E0,1.1961688E0,1.4354026E0,1.6746364E0,4.784675E0,2.1531038E0,1.4354026E0],"tree_param":{"num_deleted":"0","num_feature":"6","num_nodes":"39","size_leaf_vector":"0"}},{"base_weights":[-4.6328413E-1,-1.1482618E0,3.2184967E-1,-1.371633E0,-6.6912925E-1,-1.2082102E-1,5.3289354E-1,-1.4155575E0,-3.8598534E-1,-1.2412791E0,-2.175183E-1,-4.978444E-1,7.265624E-1,1.1836328E-2,6.7313576E-1,-2.7099714E-1,-1.4804032E0,-7.733747E-1,7.264227E-1,8.1482226E-1,-9.166166E-1,-6.3579756E-1,4.8961517E-1,8.9350253E-1,7.551629E-2,-6.263399E-1,-1.5497448E0,-1.8758474E-1,-1.2647419E0,8.188775E-1,-9.016209E-2,3.8447857E-1,1.0370303E0,5.0304866E-1,-5.17215E-1,-9.251894E-1,-1.5386597E-2,3.4536618E-1,-5.7302064E-1,8.237359E-1,-1.4478698E-1,-1.12322114E-1,8.546958E-1],"categories":[],"categories_nodes":[],"categories_segments":[],"categories_sizes":[],"default_left":[1,1,1,1,1,1,1,1,0,0,1,1,0,1,1,0,1,1,0,0,0,0,1,1,1,1,0,1,0,0,0,1,0,1,0,0,0,0,0,0,0,0,0],"id":1,"left_children":[1,3,5,7,9,11,13,15,-1,-1,17,19,-1,21,23,-1,25,27,-1,-1,-1,-1,29,31,33,35,-1,37,-1,-1,-1,39,-1,41,-1,-1,-1,-1,-1,-1,-1,-1,-1],"loss_changes":[3.1667294E1,2.4319878E0,2.6705718E0,3.36586E-1,2.8060064E0,3.4994488E0,1.3859506E0,1.0201073E0,0E0,0E0,4.6888304E0,4.8094845E0,0E0,1.8779886E0,1.9095588E0,0E0,8.9344025E-2,1.3270884E0,0E0,0E0,0E0,0E0,7.379015E-1,3.958397E-1,1.5618634E0,5.376004E-1,0E0,9.483636E-1,0E0,0E0,0E0,1.0448422E0,0E0,8.5145336E-1,0E0,0E0,0E0,0E0,0E0,0E0,0E0,0E0,0E0],"parents":[2147483647,0,0,1,1,2,2,3,3,4,4,5,5,6,6,7,7,10,10,11,11,13,13,14,14,16,16,17,17,22,22,23,23,24,24,25,25,27,27,31,31,33,33],"right_children":[2,4,6,8,10,12,14,16,-1,-1,18,20,-1,22,24,-1,26,28,-1,-1,-1,-1,30,32,34,36,-1,38,-1,-1,-1,40,-1,42,-1,-1,-1,-1,-1,-1,-1,-1,-1],"split_conditions":[3.5E0,5.65E1,5.35E1,1.46E2,-9.536743E-7,2.715E2,2.105E2,1.5E0,-1.15795605E-1,-3.7238374E-1,2.485E2,2.035E2,2.1796872E-1,1.26E2,3.01E2,-8.129914E-2,1.9E2,6.05E1,2.1792683E-1,2.4444668E-1,-2.74985E-1,-1.9073927E-1,1.895E2,2.4E2,6.15E1,4.55E1,-4.6492347E-1,1.37E2,-3.7942258E-1,2.4566327E-1,-2.7048629E-2,1.315E2,3.1110913E-1,1.31E2,-1.5516451E-1,-2.7755684E-1,-4.6159793E-3,1.0360986E-1,-1.719062E-1,2.4712078E-1,-4.3436095E-2,-3.3696637E-2,2.5640875E-1],"split_indices":[2,0,0,3,1,4,4,2,0,0,4,4,0,3,4,0,4,0,0,0,0,0,4,4,0,0,0,3,0,0,0,3,0,3,0,0,0,0,0,0,0,0,0],"split_type":[0,0,0,0,0,0,0,0,0,0,0,0,0,0,0,0,0,0,0,0,0,0,0,0,0,0,0,0,0,0,0,0,0,0,0,0,0,0,0,0,0,0,0],"sum_hessian":[5.7195942E1,3.0299294E1,2.6896648E1,1.939474E1,1.0904554E1,8.821275E0,1.8075373E1,1.8149744E1,1.2449961E0,4.038979E0,6.8655753E0,6.390475E0,2.4308E0,4.0632253E0,1.4012148E1,1.2508427E0,1.6898901E1,4.4347754E0,2.4308E0,1.3168833E0,5.073591E0,1.5845783E0,2.4786472E0,9.875532E0,4.1366158E0,2.0223835E0,1.4876517E1,2.6533318E0,1.7814435E0,1.3178337E0,1.1608136E0,2.9812496E0,6.894283E0,2.4911053E0,1.6455104E0,1.0126874E0,1.009696E0,1.1572019E0,1.4961299E0,1.325113E0,1.6561365E0,1.1533552E0,1.3377502E0],"tree_param":{"num_deleted":"0","num_feature":"6","num_nodes":"43","size_leaf_vector":"0"}}]},"name":"gbtree"},"learner_model_param":{"base_score":"5E-1","num_class":"0","num_feature":"6","num_target":"1"},"objective":{"name":"reg:squarederror","reg_loss_param":{"scale_pos_weight":"1"}}},"version":[1,6,2]}