{"learner":{"attributes":{"best_ntree_limit":"3"},"feature_names":[],"feature_types":[],"gradient_booster":{"model":{"gbtree_model_param":{"num_parallel_tree":"1","num_trees":"3","size_leaf_vector":"0"},"tree_info":[0,0,0],"trees":[{"base_weights":[-6.700287E-1,-1.6726466E0,4.5951372E-1,-2.2044225E0,-9.08018E-1,1.793415E-1,1.2399349E0,-7.198092E-1,-2.2913258E0,-1.7980218E0,-1.0782705E-1,-1.1174651E0,5.402696E-1,1.3358465E0,4.0813595E-1,-6.8738E-1,-2.0922742E0,-7.0021564E-1,7.171378E-1,-1.4317929E0,-5.1630255E-2,2.9800043E-1,1.0847093E0,-1.2290753E-1,-1.2692561E0,2.4301635E-1,9.3992656E-1,-1.3452421E-1,7.621849E-1,6.2108445E-1,-9.711626E-1,8.2847035E-1,-7.0021564E-1,9.466067E-1,-5.1630255E-2],"categories":[],"categories_nodes":[],"categories_segments":[],"categories_sizes":[],"default_left":[1,1,1,1,1,1,1,0,0,1,1,1,1,0,0,0,0,1,1,0,0,1,0,1,0,0,0,1,1,0,0,0,0,0,0],"id":0,"left_children":[1,3,5,7,9,11,13,-1,-1,15,17,19,21,-1,-1,-1,-1,23,25,-1,-1,27,-1,29,-1,-1,-1,31,33,-1,-1,-1,-1,-1,-1],"loss_changes":[6.5242805E1,1.0349335E1,5.8026843E0,5.717621E-1,9.89064E0,1.0641302E1,2.2031784E-2,0E0,0E0,7.318535E-1,4.665931E0,1.5995288E0,1.9784622E0,0E0,0E0,0E0,0E0,1.6393385E0,1.9991279E-1,0E0,0E0,2.8039489E0,0E0,3.013985E0,0E0,0E0,0E0,4.8374486E0,1.0454528E0,0E0,0E0,0E0,0E0,0E0,0E0],"parents":[2147483647,0,0,1,1,2,2,3,3,4,4,5,5,6,6,9,9,10,10,11,11,12,12,17,17,18,18,21,21,23,23,27,27,28,28],"right_children":[2,4,6,8,10,12,14,-1,-1,16,18,20,22,-1,-1,-1,-1,24,26,-1,-1,28,-1,30,-1,-1,-1,32,34,-1,-1,-1,-1,-1,-1],"split_conditions":[3.5E0,5.65E1,1.41E2,1.9E2,-9.536743E-7,-9.536743E-7,1.72E2,-2.1594276E-1,-6.873978E-1,6.25E1,2.455E2,5.95E1,2.725E2,4.0075397E-1,1.2244079E-1,-2.0621401E-1,-6.2768227E-1,6.15E1,2.79E2,-4.2953786E-1,-1.5489077E-2,5.75E1,3.254128E-1,1.37E2,-3.8077685E-1,7.290491E-2,2.8197798E-1,1.995E2,2.56E2,1.8632534E-1,-2.913488E-1,2.4854112E-1,-2.100647E-1,2.83982E-1,-1.5489077E-2],"split_indices":[2,0,3,4,1,1,3,0,0,0,4,0,4,0,0,0,0,0,4,0,0,0,0,3,0,0,0,4,4,0,0,0,0,0,0],"split_type":[0,0,0,0,0,0,0,0,0,0,0,0,0,0,0,0,0,0,0,0,0,0,0,0,0,0,0,0,0,0,0,0,0,0,0],"sum_hessian":[5.593088E1,2.9375463E1,2.655542E1,1.6215256E1,1.3160208E1,2.0445322E1,6.1100965E0,1.4100223E0,1.4805234E1,5.640089E0,7.5201187E0,3.995063E0,1.645026E1,4.9350777E0,1.1750185E0,1.8800297E0,3.7600594E0,4.4650707E0,3.0550482E0,2.8200445E0,1.1750185E0,1.2455196E1,3.995063E0,2.8200445E0,1.645026E0,1.645026E0,1.4100223E0,6.8151073E0,5.640089E0,1.645026E0,1.1750185E0,2.350037E0,4.4650707E0,4.4650707E0,1.1750185E0],"tree_param":{"num_deleted":"0","num_feature":"6","num_nodes":"35","size_leaf_vector":"0"}},{"base_weights":[-4.7325352E-1,-1.16846E0,3.7571648E-1,-1.5310148E0,-6.895251E-1,-3.882175E-1,5.8546644E-1,-1.6173241E0,-7.282178E-1,-1.3071725E0,-1.6214587E-1,-7.5202364E-1,1.787599E-1,3.533547E-1,1.0561928E0,-5.7617855E-1,-1.6899445E0,-5.3538615E-1,-1.5028796E0,-7.13719E-1,7.1114695E-1,-8.422157E-2,-9.888469E-1,-2.0075537E-2,2.9913735E-1,-5.0915176E-1,6.1607283E-1,1.1613809E0,2.7290377E-1,-1.0568243E0,-1.6472523E-1,-8.428871E-1,-1.0426657E-2,9.9053615E-1,-1.22951165E-1,1.9865209E-1,-4.976426E-1,1.1745828E0,1.0029399E-1,3.8933495E-1,-5.9443474E-1],"categories":[],"categories_nodes":[],"categories_segments":[],"categories_sizes":[],"default_left":[1,1,1,1,1,1,1,1,0,1,1,1,1,1,1,0,0,0,0,1,0,0,0,0,0,1,1,0,0,0,1,0,0,1,1,0,0,0,0,0,0],"id":1,"left_children":[1,3,5,7,9,11,13,15,-1,17,19,21,23,25,27,-1,-1,-1,-1,29,-1,-1,-1,-1,-1,31,33,-1,-1,-1,35,-1,-1,37,39,-1,-1,-1,-1,-1,-1],"loss_changes":[3.3960815E1,4.4086685E0,4.445819E0,6.4811707E-3,4.797171E0,1.4282906E0,1.9272251E0,1.3116837E-1,0E0,2.4380684E-1,5.0530925E0,5.513742E-1,8.402669E-2,3.8494806E0,2.1452618E-1,0E0,0E0,0E0,0E0,1.0093641E0,0E0,0E0,0E0,0E0,0E0,6.887282E-1,3.557001E0,0E0,0E0,0E0,5.344935E-1,0E0,0E0,1.2501688E0,1.4545969E0,0E0,0E0,0E0,0E0,0E0,0E0],"parents":[2147483647,0,0,1,1,2,2,3,3,4,4,5,5,6,6,7,7,9,9,10,10,11,11,12,12,13,13,14,14,19,19,25,25,26,26,30,30,33,33,34,34],"right_children":[2,4,6,8,10,12,14,16,-1,18,20,22,24,26,28,-1,-1,-1,-1,30,-1,-1,-1,-1,-1,32,34,-1,-1,-1,36,-1,-1,38,40,-1,-1,-1,-1,-1,-1],"split_conditions":[3.5E0,5.55E1,1.16E2,1.39E2,-9.536743E-7,5.3E1,1.41E2,1.9E2,-2.1846534E-1,6.25E1,2.455E2,2.095E2,5.85E1,-9.536743E-7,3.06E2,-1.7285357E-1,-5.069834E-1,-1.6061585E-1,-4.508639E-1,2.5E0,2.133441E-1,-2.5266472E-2,-2.9665408E-1,-6.0226615E-3,8.974121E-2,5.5E1,1.31E2,3.4841427E-1,8.187114E-2,-3.170473E-1,2.265E2,-2.5286615E-1,-3.1279973E-3,6.35E1,2.215E2,5.959563E-2,-1.4929278E-1,3.5237485E-1,3.0088197E-2,1.1680049E-1,-1.7833042E-1],"split_indices":[2,0,3,3,1,0,3,4,0,0,4,4,0,1,4,0,0,0,0,2,0,0,0,0,0,0,3,0,0,0,4,0,0,0,4,0,0,0,0,0,0],"split_type":[0,0,0,0,0,0,0,0,0,0,0,0,0,0,0,0,0,0,0,0,0,0,0,0,0,0,0,0,0,0,0,0,0,0,0,0,0,0,0,0,0],"sum_hessian":[5.5796467E1,3.0469337E1,2.5327127E1,1.6091402E1,1.4377936E1,5.2726517E0,2.0054476E1,1.3613222E1,2.4781792E0,5.9412E0,8.436737E0,3.0129757E0,2.259676E0,1.4604006E1,5.4504704E0,1.470144E0,1.2143078E1,1.9574581E0,3.9837418E0,5.2828236E0,3.1539133E0,1.1436642E0,1.8693116E0,1.1663563E0,1.0933197E0,3.190744E0,1.1413261E1,4.379631E0,1.0708395E0,2.6817725E0,2.601051E0,1.4981397E0,1.6926042E0,7.3491287E0,4.0641327E0,1.4364612E0,1.1645898E0,5.825402E0,1.5237269E0,2.0312889E0,2.032844E0],"tree_param":{"num_deleted":"0","num_feature":"6","num_nodes":"41","size_leaf_vector":"0"}},{"base_weights":[-3.783627E-1,-9.343614E-1,2.9841885E-1,-1.2348597E0,-5.5355656E-1,-7.806533E-1,4.0797666E-1,-1.0509353E0,-1.3398328E-1,-4.581769E-2,6.000288E-1,-4.2322972E-1,-1.2274487E0,-5.6250036E-1,5.850438E-1,-4.1489178E-1,7.0623416E-1,1.5926285E-1,7.2496223E-1,-1.5067764E-1,-9.8138577E-1,2.4838825E-1,7.419844E-1,5.6645143E-1,-9.264571E-1,-4.324999E-1,6.2876654E-1,8.249896E-1,2.4136658E-1,-7.2631216E-1,3.937356E-1,1.1082591E0,5.172037E-1,-2.4224284E-1,5.3634095E-1],"categories":[],"categories_nodes":[],"categories_segments":[],"categories_sizes":[],"default_left":[1,1,1,0,1,0,1,1,1,1,1,0,0,1,1,1,0,1,1,1,0,0,0,0,0,0,0,1,1,0,0,0,0,0,0],"id":2,"left_children":[1,3,5,-1,7,-1,9,11,13,15,17,-1,-1,19,21,23,-1,25,27,29,-1,-1,-1,-1,-1,-1,-1,31,33,-1,-1,-1,-1,-1,-1],"loss_changes":[2.0459816E1,2.7133408E0,3.2676694E0,0E0,2.9697814E0,0E0,2.05847E0,2.2000599E-1,3.1733842E0,2.474321E0,7.901077E-1,0E0,0E0,9.3787336E-1,2.3728132E-2,3.48753E0,0E0,1.6370481E0,4.0706587E-1,1.6507931E0,0E0,0E0,0E0,0E0,0E0,0E0,0E0,2.9607534E-1,6.379624E-1,0E0,0E0,0E0,0E0,0E0,0E0],"parents":[2147483647,0,0,1,1,2,2,4,4,6,6,7,7,8,8,9,9,10,10,13,13,14,14,15,15,17,17,18,18,19,19,27,27,28,28],"right_children":[2,4,6,-1,8,-1,10,12,14,16,18,-1,-1,20,22,24,-1,26,28,30,-1,-1,-1,-1,-1,-1,-1,32,34,-1,-1,-1,-1,-1,-1],"split_conditions":[3.5E0,5.55E1,1.09E2,-3.7045792E-1,-9.536743E-7,-2.3419599E-1,5.15E1,6.25E1,2.455E2,2.715E2,2.095E2,-1.2696892E-1,-3.6823463E-1,2.305E2,2.79E2,2.02E2,2.1187025E-1,5.85E1,3.015E2,2.5E0,-2.9441574E-1,7.4516475E-2,2.2259533E-1,1.6993544E-1,-2.7793714E-1,-1.2974997E-1,1.8862997E-1,1.265E2,3.26E2,-2.1789366E-1,1.1812068E-1,3.3247775E-1,1.5516111E-1,-7.267286E-2,1.6090229E-1],"split_indices":[2,0,3,0,1,0,0,0,4,4,4,0,0,4,4,4,0,0,4,2,0,0,0,0,0,0,0,3,4,0,0,0,0,0,0],"split_type":[0,0,0,0,0,0,0,0,0,0,0,0,0,0,0,0,0,0,0,0,0,0,0,0,0,0,0,0,0,0,0,0,0,0,0],"sum_hessian":[5.263151E1,2.8685125E1,2.3946388E1,1.4779588E1,1.3905539E1,1.6425786E0,2.2303808E1,5.6742673E0,8.231271E0,6.858796E0,1.5445012E1,1.991159E0,3.6831083E0,5.293943E0,2.9373279E0,4.9016175E0,1.9571788E0,3.9133754E0,1.1531637E1,3.3551116E0,1.9388313E0,1.7551087E0,1.1822193E0,1.6428411E0,3.2587764E0,1.7661428E0,2.1472328E0,8.970268E0,2.5613687E0,1.4683911E0,1.8867204E0,3.316863E0,5.653405E0,1.0381279E0,1.5232408E0],"tree_param":{"num_deleted":"0","num_feature":"6","num_nodes":"35","size_leaf_vector":"0"}}]},"name":"gbtree"},"learner_model_param":{"base_score":"5E-1","num_class":"0","num_feature":"6","num_target":"1"},"objective":{"name":"reg:squarederror","reg_loss_param":{"scale_pos_weight":"1"}}},"version":[1,6,2]}