{"learner":{"attributes":{"best_ntree_limit":"3"},"feature_names":[],"feature_types":[],"gradient_booster":{"model":{"gbtree_model_param":{"num_parallel_tree":"1","num_trees":"3","size_leaf_vector":"0"},"tree_info":[0,0,0],"trees":[{"base_weights":[-6.6285384E-1,-1.6533352E0,4.527423E-1,-2.1792421E0,-8.987898E-1,1.7636552E-1,1.2247688E0,-7.161493E-1,-2.2652564E0,-1.7803952E0,-1.08056426E-1,-1.1080912E0,5.3325117E-1,1.3207048E0,4.0349233E-1,-6.8524367E-1,-2.0722108E0,-6.9327396E-1,7.077764E-1,-1.4199989E0,-5.346171E-2,2.9423165E-1,1.0729713E0,-1.2213709E-1,-1.2601284E0,2.4106215E-1,9.29343E-1,-1.3335645E-1,7.539476E-1,-5.079256E-1,4.0329915E-1,8.203292E-1,-6.928035E-1,9.3656075E-1,-5.0579805E-2],"categories":[],"categories_nodes":[],"categories_segments":[],"categories_sizes":[],"default_left":[1,1,1,1,1,1,1,0,0,1,1,1,1,0,0,0,0,1,1,0,0,1,0,1,0,0,0,1,1,0,0,0,0,0,0],"id":0,"left_children":[1,3,5,7,9,11,13,-1,-1,15,17,19,21,-1,-1,-1,-1,23,25,-1,-1,27,-1,29,-1,-1,-1,31,33,-1,-1,-1,-1,-1,-1],"loss_changes":[6.464471E1,1.0281433E1,5.754156E0,5.768738E-1,9.825693E0,1.0571471E1,3.50132E-2,0E0,0E0,7.309265E-1,4.615972E0,1.5882225E0,1.9693995E0,0E0,0E0,0E0,0E0,1.6385453E0,2.00351E-1,0E0,0E0,2.7845922E0,0E0,9.883432E-1,0E0,0E0,0E0,4.79615E0,1.0361731E0,0E0,0E0,0E0,0E0,0E0,0E0],"parents":[2147483647,0,0,1,1,2,2,3,3,4,4,5,5,6,6,9,9,10,10,11,11,12,12,17,17,18,18,21,21,23,23,27,27,28,28],"right_children":[2,4,6,8,10,12,14,-1,-1,16,18,20,22,-1,-1,-1,-1,24,26,-1,-1,28,-1,30,-1,-1,-1,32,34,-1,-1,-1,-1,-1,-1],"split_conditions":[3.5E0,5.65E1,1.41E2,1.9E2,-9.536743E-7,-9.536743E-7,1.72E2,-2.148448E-1,-6.7957693E-1,6.25E1,2.455E2,5.95E1,2.725E2,3.9621148E-1,1.21047705E-1,-2.0557311E-1,-6.216633E-1,1.45E2,2.79E2,-4.2599967E-1,-1.6038515E-2,5.75E1,3.2189143E-1,1.31E2,-3.7803853E-1,7.231865E-2,2.788029E-1,1.995E2,2.56E2,-1.523777E-1,1.2098975E-1,2.4609877E-1,-2.0784105E-1,2.8096825E-1,-1.5173942E-2],"split_indices":[2,0,3,4,1,1,3,0,0,0,4,0,4,0,0,0,0,3,4,0,0,0,0,3,0,0,0,4,4,0,0,0,0,0,0],"split_type":[0,0,0,0,0,0,0,0,0,0,0,0,0,0,0,0,0,0,0,0,0,0,0,0,0,0,0,0,0,0,0,0,0,0,0],"sum_hessian":[5.6825775E1,2.984547E1,2.6980305E1,1.6474699E1,1.337077E1,2.0772448E1,6.207858E0,1.4325826E0,1.5042117E1,5.7303305E0,7.6404405E0,4.058984E0,1.6713463E1,5.014039E0,1.1938188E0,1.9101101E0,3.8202202E0,4.5365114E0,3.103929E0,2.8651652E0,1.1938188E0,1.265448E1,4.058984E0,2.8651652E0,1.6713463E0,1.6713463E0,1.4325826E0,6.924149E0,5.7303305E0,1.6713463E0,1.1938188E0,2.3876376E0,4.5365114E0,4.5365114E0,1.1938188E0],"tree_param":{"num_deleted":"0","num_feature":"6","num_nodes":"35","size_leaf_vector":"0"}},{"base_weights":[-4.66413E-1,-1.1503978E0,3.6949435E-1,-1.5120381E0,-6.7580146E-1,-3.8540462E-1,5.7664263E-1,-1.5554565E0,-4.0538824E-1,-1.2925957E0,-1.5400769E-1,-1.0880742E0,-5.1149923E-2,3.4843564E-1,1.0409027E0,-5.7239735E-1,-1.6157432E0,-5.32952E-1,-1.4862319E0,-6.9145525E-1,7.013116E-1,-5.621248E-1,6.1492354E-1,-5.050429E-1,6.080244E-1,1.1452516E0,2.701645E-1,-1.104119E0,-9.2869565E-2,-4.2127874E-3,-8.996779E-1,-8.3741367E-1,-1.11475475E-2,9.7842294E-1,-1.2198682E-1,2.8836212E-1,-5.5719084E-1,1.1613438E0,9.8028995E-2,3.8621816E-1,-5.901431E-1],"categories":[],"categories_nodes":[],"categories_segments":[],"categories_sizes":[],"default_left":[1,1,1,1,1,1,1,1,0,1,1,0,1,1,1,0,0,0,0,1,0,1,0,1,1,0,0,0,1,0,0,0,0,1,1,0,0,0,0,0,0],"id":1,"left_children":[1,3,5,7,9,11,13,15,-1,17,19,-1,21,23,25,-1,-1,-1,-1,27,-1,29,-1,31,33,-1,-1,-1,35,-1,-1,-1,-1,37,39,-1,-1,-1,-1,-1,-1],"loss_changes":[3.345033E1,4.472294E0,4.40546E0,2.0353317E-1,4.838242E0,1.4379884E0,1.9036961E0,4.4223785E-2,0E0,2.4310112E-1,4.904397E0,0E0,2.1695085E0,3.8176017E0,2.1710539E-1,0E0,0E0,0E0,0E0,1.4802475E0,0E0,6.6568255E-1,0E0,6.8695545E-1,3.5272546E0,0E0,0E0,0E0,8.1679845E-1,0E0,0E0,0E0,0E0,1.2504978E0,1.4487972E0,0E0,0E0,0E0,0E0,0E0,0E0],"parents":[2147483647,0,0,1,1,2,2,3,3,4,4,5,5,6,6,7,7,9,9,10,10,12,12,13,13,14,14,19,19,21,21,23,23,24,24,28,28,33,33,34,34],"right_children":[2,4,6,8,10,12,14,16,-1,18,20,-1,22,24,26,-1,-1,-1,-1,28,-1,30,-1,32,34,-1,-1,-1,36,-1,-1,-1,-1,38,40,-1,-1,-1,-1,-1,-1],"split_conditions":[3.5E0,5.55E1,1.16E2,1.49E2,-9.536743E-7,-9.536743E-7,1.41E2,1.9E2,-1.21616475E-1,6.25E1,2.455E2,-3.2642227E-1,5.3E1,-9.536743E-7,3.06E2,-1.7171921E-1,-4.8472297E-1,-1.5988562E-1,-4.458696E-1,2.5E0,2.1039349E-1,4.45E1,1.8447706E-1,5.5E1,1.31E2,3.435755E-1,8.104935E-2,-3.312357E-1,1.45E2,-1.2638363E-3,-2.6990336E-1,-2.512241E-1,-3.3442643E-3,6.35E1,2.215E2,8.650864E-2,-1.6715726E-1,3.4840316E-1,2.9408699E-2,1.15865454E-1,-1.7704293E-1],"split_indices":[2,0,3,3,1,1,3,4,0,0,4,0,0,1,4,0,0,0,0,2,0,0,0,0,3,0,0,0,3,0,0,0,0,0,4,0,0,0,0,0,0],"split_type":[0,0,0,0,0,0,0,0,0,0,0,0,0,0,0,0,0,0,0,0,0,0,0,0,0,0,0,0,0,0,0,0,0,0,0,0,0,0,0,0,0],"sum_hessian":[5.6761925E1,3.1010897E1,2.5751028E1,1.6359264E1,1.465163E1,5.35943E0,2.03916E1,1.5351412E1,1.0078529E0,6.03759E0,8.61404E0,1.0006468E0,4.3587832E0,1.484504E1,5.5465584E0,1.4934348E0,1.3857978E1,1.9885914E0,4.0489984E0,5.4076667E0,3.206374E0,2.554881E0,1.8039021E0,3.2416296E0,1.1603411E1,4.457192E0,1.0893662E0,2.7010338E0,2.7066329E0,1.344747E0,1.2101341E0,1.5219157E0,1.7197139E0,7.471952E0,4.131459E0,1.6944017E0,1.0122312E0,5.9223394E0,1.5496123E0,2.0649185E0,2.0665405E0],"tree_param":{"num_deleted":"0","num_feature":"6","num_nodes":"41","size_leaf_vector":"0"}},{"base_weights":[-3.7433714E-1,-9.150174E-1,2.8740466E-1,-1.209864E0,-5.426744E-1,-3.3553827E-1,4.6927774E-1,-1.2934302E0,-5.0954413E-1,-1.036408E0,-1.285234E-1,-9.231377E-1,-4.9524583E-2,2.6862472E-1,9.0757066E-1,-4.6376383E-1,-1.3588965E0,-6.874458E-2,-1.194252E0,-5.4758984E-1,5.7583565E-1,-3.8054264E-1,6.790191E-1,-4.1447762E-1,4.8937413E-1,1.0078558E0,2.3229043E-1,-1.3348381E-1,-9.8187256E-1,2.4621417E-1,7.310732E-1,-5.976305E-1,4.8931785E-2,-6.8857926E-1,-9.029675E-3,8.148969E-1,-9.455017E-2,-7.909663E-1,4.7021568E-1,9.834524E-1,8.076534E-2,3.1709683E-1,-4.5468003E-1],"categories":[],"categories_nodes":[],"categories_segments":[],"categories_sizes":[],"default_left":[1,1,1,1,1,1,1,1,0,1,1,0,1,1,1,0,0,0,0,1,1,1,0,1,1,0,0,1,0,0,0,0,0,0,0,1,1,0,0,0,0,0,0],"id":2,"left_children":[1,3,5,7,9,11,13,15,-1,17,19,-1,21,23,25,-1,-1,-1,-1,27,29,31,-1,33,35,-1,-1,37,-1,-1,-1,-1,-1,-1,-1,39,41,-1,-1,-1,-1,-1,-1],"loss_changes":[1.9749893E1,2.6603508E0,3.018365E0,2.801094E-1,2.9677882E0,1.0112944E0,1.5117607E0,1.1320686E-1,0E0,9.529252E-1,3.08666E0,0E0,1.5334189E0,2.481885E0,1.6194248E-1,0E0,0E0,0E0,0E0,1.0197515E0,2.4151325E-2,4.279241E-1,0E0,4.6417475E-1,2.3353899E0,0E0,0E0,2.13148E0,0E0,0E0,0E0,0E0,0E0,0E0,0E0,8.7738276E-1,9.0744555E-1,0E0,0E0,0E0,0E0,0E0,0E0],"parents":[2147483647,0,0,1,1,2,2,3,3,4,4,5,5,6,6,7,7,9,9,10,10,12,12,13,13,14,14,19,19,20,20,21,21,23,23,24,24,27,27,35,35,36,36],"right_children":[2,4,6,8,10,12,14,16,-1,18,20,-1,22,24,26,-1,-1,-1,-1,28,30,32,-1,34,36,-1,-1,38,-1,-1,-1,-1,-1,-1,-1,40,42,-1,-1,-1,-1,-1,-1],"split_conditions":[3.5E0,5.55E1,1.16E2,1.39E2,-9.536743E-7,-9.536743E-7,1.41E2,1.9E2,-1.5286325E-1,5.9E1,2.455E2,-2.7694133E-1,5.75E1,-9.536743E-7,3.06E2,-1.3912916E-1,-4.0766898E-1,-2.0623375E-2,-3.5827562E-1,2.305E2,2.79E2,2.36E2,2.0370574E-1,5.5E1,1.31E2,3.0235675E-1,6.9687136E-2,2.5E0,-2.9456177E-1,7.386425E-2,2.1932197E-1,-1.7928916E-1,1.4679536E-2,-2.0657378E-1,-2.7089026E-3,6.35E1,2.215E2,-2.3728989E-1,1.410647E-1,2.9503572E-1,2.4229603E-2,9.512905E-2,-1.3640401E-1],"split_indices":[2,0,3,3,1,1,3,4,0,0,4,0,0,1,4,0,0,0,0,4,4,4,0,0,3,0,0,2,0,0,0,0,0,0,0,0,4,0,0,0,0,0,0],"split_type":[0,0,0,0,0,0,0,0,0,0,0,0,0,0,0,0,0,0,0,0,0,0,0,0,0,0,0,0,0,0,0,0,0,0,0,0,0,0,0,0,0,0,0],