{"learner":{"attributes":{"best_ntree_limit":"6"},"feature_names":[],"feature_types":[],"gradient_booster":{"model":{"gbtree_model_param":{"num_parallel_tree":"1","num_trees":"6","size_leaf_vector":"0"},"tree_info":[0,0,0,0,0,0],"trees":[{"base_weights":[-6.79465E-1,-1.6130733E0,5.5094135E-1,-4.7315723E-1,-2.0895467E0,1.1822253E0,-4.2508405E-1,-1.0302253E0,7.171378E-1,-5.1630255E-2,1.2865262E0,-1.1956202E0,6.843139E-1,-1.4004005E0,-3.996294E-1,-3.0487522E-1,-1.3774716E0,-1.3505179E-1,1.1269746E0,1.1005869E-1,-6.8738E-1],"categories":[],"categories_nodes":[],"categories_segments":[],"categories_sizes":[],"default_left":[1,0,0,1,0,0,1,0,0,0,0,1,1,0,1,0,0,0,0,0,0],"id":0,"left_children":[1,3,5,7,-1,9,11,13,-1,-1,-1,15,17,-1,19,-1,-1,-1,-1,-1,-1],"loss_changes":[6.601626E1,1.6658195E1,1.6032822E1,7.9465456E0,0E0,2.0701904E0,9.909439E0,1.2646465E0,0E0,0E0,0E0,6.5562534E-1,1.9639139E0,0E0,7.0484436E-1,0E0,0E0,0E0,0E0,0E0,0E0],"parents":[2147483647,0,0,1,1,2,2,3,3,5,5,6,6,7,7,11,11,12,12,14,14],"right_children":[2,4,6,8,-1,10,12,14,-1,-1,-1,16,18,-1,20,-1,-1,-1,-1,-1,-1],"split_conditions":[4.5E0,6.000001E0,6.000001E0,-9.536743E-7,-6.26864E-1,5E-1,-9.536743E-7,2.3E0,2.1514136E-1,-1.5489077E-2,3.8595787E-1,1.435E2,1.5E0,-4.2012018E-1,1.615E2,-9.146257E-2,-4.1324148E-1,-4.051554E-2,3.380924E-1,3.301761E-2,-2.0621401E-1],"split_indices":[6,5,5,2,0,3,2,3,0,0,0,1,3,0,1,0,0,0,0,0,0],"split_type":[0,0,0,0,0,0,0,0,0,0,0,0,0,0,0,0,0,0,0,0,0],"sum_hessian":[5.569588E1,3.1490498E1,2.4205381E1,9.870155E0,2.1620342E1,1.45702305E1,9.635152E0,6.8151073E0,3.0550482E0,1.1750185E0,1.3395211E1,5.640089E0,3.995063E0,3.5250556E0,3.290052E0,1.4100223E0,4.230067E0,1.645026E0,2.350037E0,1.4100223E0,1.8800297E0],"tree_param":{"num_deleted":"0","num_feature":"7","num_nodes":"21","size_leaf_vector":"0"}},{"base_weights":[-4.7223884E-1,-1.0916584E0,4.3452206E-1,-1.2649622E0,8.4383726E-2,9.70257E-1,-3.0520797E-1,-1.4222214E0,-4.0998238E-1,-4.5553795E-1,7.07107E-1,-4.3159463E-2,1.0671384E0,-1.2684565E0,3.2809255E-1,-1.4725611E0,-4.847379E-1,5.75587E-1,-1.173629E0,3.8878366E-2,-7.368233E-1,1.2490145E0,5.529314E-1,-1.5727199E0,-2.7067372E-1,8.869119E-1,-6.777849E-1,-7.247759E-2,9.486131E-1,9.809241E-1,-1.3022502E-1,1.145311E0,1.883891E-1],"categories":[],"categories_nodes":[],"categories_segments":[],"categories_sizes":[],"default_left":[1,1,0,1,1,0,1,1,1,0,0,0,1,1,1,0,0,0,0,0,0,0,0,0,0,0,0,0,0,0,0,0,0],"id":1,"left_children":[1,3,5,7,9,11,13,15,17,19,-1,-1,21,23,25,-1,-1,27,-1,-1,-1,-1,29,-1,-1,31,-1,-1,-1,-1,-1,-1,-1],"loss_changes":[3.222877E1,7.010887E0,9.67305E0,3.3949585E0,2.100125E0,1.4168701E0,6.94293E0,4.4643784E-1,5.192461E0,5.07138E-1,0E0,0E0,5.04838E-1,9.251294E-1,4.6761837E0,0E0,0E0,8.643403E-1,0E0,0E0,0E0,0E0,1.6289265E0,0E0,0E0,7.036295E-1,0E0,0E0,0E0,0E0,0E0,0E0,0E0],"parents":[2147483647,0,0,1,1,2,2,3,3,4,4,5,5,6,6,7,7,8,8,9,9,12,12,13,13,14,14,17,17,22,22,25,25],"right_children":[2,4,6,8,10,12,14,16,18,20,-1,-1,22,24,26,-1,-1,28,-1,-1,-1,-1,30,-1,-1,32,-1,-1,-1,-1,-1,-1,-1],"split_conditions":[4.5E0,1.5E0,6.000001E0,-9.536743E-7,1.5E0,5E-1,7.0000005E-1,1.7E0,1.46E2,4.000001E0,2.1213211E-1,-1.294784E-2,1.455E2,1.57E2,1.55E2,-4.4176835E-1,-1.4542137E-1,1.8E0,-3.5208872E-1,1.166351E-2,-2.21047E-1,3.7470436E-1,4.000001E0,-4.71816E-1,-8.120212E-2,2.05E0,-2.0333548E-1,-2.1743277E-2,2.8458396E-1,2.9427725E-1,-3.9067507E-2,3.435933E-1,5.651673E-2],"split_indices":[6,5,5,2,4,3,3,3,1,0,0,0,1,1,1,0,0,3,0,0,0,0,0,0,0,3,0,0,0,0,0,0,0],"split_type":[0,0,0,0,0,0,0,0,0,0,0,0,0,0,0,0,0,0,0,0,0,0,0,0,0,0,0,0,0,0,0,0,0],"sum_hessian":[5.5536186E1,3.2874977E1,2.2661211E1,2.8586767E1,4.2882085E0,1.2962058E1,9.699152E0,2.3585207E1,5.001561E0,2.440601E0,1.8476075E0,1.179418E0,1.178264E1,3.4495163E0,6.2496357E0,2.1841623E1,1.7435824E0,2.2910178E0,2.7105432E0,1.1975123E0,1.2430888E0,7.6483808E0,4.1342597E0,2.2018657E0,1.2476507E0,4.0936575E0,2.1559782E0,1.1312981E0,1.1597196E0,2.2738428E0,1.8604169E0,2.5213397E0,1.572318E0],"tree_param":{"num_deleted":"0","num_feature":"7","num_nodes":"33","size_leaf_vector":"0"}},{"base_weights":[-3.5710323E-1,3.5773146E-1,-8.4511906E-1,-3.558198E-1,8.7753475E-1,-1.0744028E0,1.3739479E-2,-6.8059283E-1,3.092508E-1,-4.428853E-1,1.0769044E0,-1.1935886E0,-4.4738567E-1,7.2724E-1,-6.587435E-1,-3.5013714E-1,-8.902359E-1,-1.8928872E-1,7.583534E-1,2.2126341E-1,-7.220889E-1,-1.0933639E0,8.3659366E-2,-1.8355899E-2,-6.62176E-1,-9.148518E-1,-1.40679E-1],"categories":[],"categories_nodes":[],"categories_segments":[],"categories_sizes":[],"default_left":[0,1,1,1,0,1,1,1,0,0,0,0,1,0,1,1,0,0,0,0,0,0,0,0,0,0,0],"id":2,"left_children":[1,3,5,7,9,11,13,15,17,-1,-1,-1,19,-1,21,23,-1,-1,-1,-1,25,-1,-1,-1,-1,-1,-1],"loss_changes":[1.883731E1,8.568222E0,6.291197E0,2.3904533E0,3.942994E0,1.3469486E0,4.1752367E0,1.7972493E-1,1.0389111E0,0E0,0E0,0E0,1.1919936E0,0E0,1.5403407E0,4.435491E-1,0E0,0E0,0E0,0E0,3.4400415E-1,0E0,0E0,0E0,0E0,0E0,0E0],"parents":[2147483647,0,0,1,1,2,2,3,3,4,4,5,5,6,6,7,7,8,8,12,12,14,14,15,15,20,20],"right_children":[2,4,6,8,10,12,14,16,18,-1,-1,-1,20,-1,22,24,-1,-1,-1,-1,26,-1,-1,-1,-1,-1,-1],"split_conditions":[6.000001E0,1.5E0,-9.536743E-7,5E0,5.5E-1,6.5E0,1.47E2,2E-1,1.5E0,-1.328656E-1,3.2307133E-1,-3.580766E-1,1.525E2,2.1817201E-1,1E0,1.66E2,-2.6707077E-1,-5.678662E-2,2.2750603E-1,6.6379026E-2,3.800001E0,-3.280092E-1,2.5097812E-2,-5.5067698E-3,-1.9865282E-1,-2.7445555E-1,-4.2203702E-2],"split_indices":[5,4,2,6,3,6,1,3,5,0,0,0,1,0,3,1,0,0,0,0,3,0,0,0,0,0,0],"split_type":[0,0,0,0,0,0,0,0,0,0,0,0,0,0,0,0,0,0,0,0,0,0,0,0,0,0,0],"sum_hessian":[5.213158E1,2.1258934E1,3.0872644E1,9.092638E0,1.2166296E1,2.4169348E1,6.7032967E0,6.093613E0,2.999025E0,1.4357738E0,1.0730522E1,1.9549675E1,4.619673E0,3.2129498E0,3.4903467E0,3.401719E0,2.6918943E0,1.6954542E0,1.3035709E0,1.4018928E0,3.2177799E0,1.9033458E0,1.5870007E0,2.1618822E0,1.2398368E0,1.9858707E0,1.231909E0],"tree_param":{"num_deleted":"0","num_feature":"7","num_nodes":"27","size_leaf_vector":"0"}},{"base_weights":[-2.9183838E-1,-6.8075573E-1,2.9496017E-1,6.6704255E-1,-7.583991E-1,7.312739E-1,-2.0874368E-1,-8.240764E-1,1.9478016E-1,1.0372088E0,2.9249966E-1,-9.2566764E-1,2.9093343E-1,-9.3131584E-1,-2.2288454E-1,-2.2297229E-1,5.2754277E-1,-1.1887572E0,-1.4232032E-1,7.1387905E-1,-4.171159E-1,-1.1199527E0,-6.7032325E-1,-6.936854E-1,2.6096162E-1,8.188172E-1,-1.1661815E-1,9.292938E-1,1.561563E-1,-1.1939945E0,-4.318766E-1,-7.48099E-2,-8.8284427E-1,-1.1288242E-1,5.277697E-1],"categories":[],"categories_nodes":[],"categories_segments":[],"categories_sizes":[],"default_left":[1,1,0,0,1,0,1,1,0,0,0,1,1,0,1,0,1,0,0,0,0,1,1,0,0,0,0,0,0,0,0,0,0,0,0],"id":3,"left_children":[1,3,5,-1,7,9,11,13,-1,-1,15,17,19,21,23,-1,25,-1,-1,27,-1,29,31,-1,33,-1,-1,-1,-1,-1,-1,-1,-1,-1,-1],"loss_changes":[1.1283905E1,3.5939226E0,4.560238E0,0E0,1.9365082E0,1.168994E0,3.8826542E0,1.515871E0,0E0,0E0,8.323115E-1,7.3388004E-1,2.3056233E0,3.5064697E-1,1.4022782E0,0E0,9.1138995E-1,0E0,0E0,4.0348387E-1,0E0,6.994629E-2,1.4369988E0,0E0,3.9577556E-1,0E0,0E0,0E0,0E0,0E0,0E0,0E0,0E0,0E0,0E0],"parents":[2147483647,0,0,1,1,2,2,4,4,5,5,6,6,7,7,10,10,11,11,12,12,13,13,14,14,16,16,19,19,21,21,22,22,24,24],"right_children":[2,4,6,-1,8,10,12,14,-1,-1,16,18,20,22,24,-1,26,-1,-1,28,-1,30,32,-1,34,-1,-1,-1,-1,-1,-1,-1,-1,-1,-1],"split_conditions":[4.5E0,1.11E2,6.000001E0,2.0011277E-1,2.5E0,4.000001E0,7.0000005E-1,-9.536743E-7,5.843405E-2,3.1116265E-1,1.1E0,1.57E2,1.55E2,4.800001E0,1.5E0,-6.689169E-2,1.435E2,-3.5662717E-1,-4.2696096E-2,2.05E0,-1.2513478E-1,1.5E0,1.615E2,-2.0810564E-1,4.000001E0,2.4564517E-1,-3.4985445E-2,2.7878815E-1,4.6846893E-2,-3.5819837E-1,-1.2956299E-1,-2.244297E-2,-2.648533E-1,-3.386473E-2,1.5833092E-1],"split_indices":[6,1,5,0,3,0,3,2,0,0,3,1,1,3,4,0,1,0,0,3,0,5,1,0,0,0,0,0,0,0,0,0,0,0,0],"split_type":[0,0,0,0,0,0,0,0,0,0,0,0,0,0,0,0,0,0,0,0,0,0,0,0,0,0,0,0,0,0,0,0,0,0,0],