{"learner":{"attributes":{"best_ntree_limit":"5"},"feature_names":[],"feature_types":[],"gradient_booster":{"model":{"gbtree_model_param":{"num_parallel_tree":"1","num_trees":"5","size_leaf_vector":"0"},"tree_info":[0,0,0,0,0],"trees":[{"base_weights":[-6.7895323E-1,-1.5701956E0,3.3648214E-1,-2.064821E0,-7.502702E-1,-5.762093E-1,7.4341154E-1,-2.134864E0,-7.197147E-1,-1.6527827E0,-4.0586993E-2,-1.0115321E0,7.000152E-1,2.0962586E-1,8.9002055E-1,-7.212227E-1,-2.2173743E0,-5.152038E-1,-1.9905285E0,-6.146295E-1,7.103323E-1,-1.3063983E0,1.0434597E-1,-2.7382645E-1,9.390679E-1,1.06547E0,4.1731518E-2,2.4190822E-1,-1.0761006E0,-1.7327465E0,-6.474049E-1,4.053687E-1,-6.9175035E-1,1.353407E0,6.443776E-1,-7.184114E-1,8.6558205E-1,2.1821858E-1,1.0920941E0],"categories":[],"categories_nodes":[],"categories_segments":[],"categories_sizes":[],"default_left":[1,1,1,1,1,1,1,1,0,1,1,1,0,1,1,0,0,0,0,1,0,1,0,1,0,1,1,0,0,0,0,0,0,0,1,0,0,0,0],"id":0,"left_children":[1,3,5,7,9,11,13,15,-1,17,19,21,-1,23,25,-1,-1,-1,-1,27,-1,29,-1,31,-1,33,35,-1,-1,-1,-1,-1,-1,-1,37,-1,-1,-1,-1],"loss_changes":[5.264454E1,1.0960381E1,1.0731598E1,2.2238159E-1,8.372729E0,5.7737527E0,1.3491259E0,4.1116333E-1,0E0,1.1934052E0,4.0582147E0,2.5079532E0,0E0,2.209595E0,2.2009716E0,0E0,0E0,0E0,0E0,2.3543448E0,0E0,5.008364E-1,0E0,1.445322E0,0E0,6.3872623E-1,2.8928566E0,0E0,0E0,0E0,0E0,0E0,0E0,0E0,1.0913768E0,0E0,0E0,0E0,0E0],"parents":[2147483647,0,0,1,1,2,2,3,3,4,4,5,5,6,6,7,7,9,9,10,10,11,11,13,13,14,14,19,19,21,21,23,23,25,25,26,26,34,34],"right_children":[2,4,6,8,10,12,14,16,-1,18,20,22,-1,24,26,-1,-1,-1,-1,28,-1,30,-1,32,-1,34,36,-1,-1,-1,-1,-1,-1,-1,38,-1,-1,-1,-1],"split_conditions":[3.5E0,5.65E1,-9.536743E-7,1.49E2,-9.536743E-7,1.45E2,1.16E2,1.5E0,-2.1591441E-1,6.25E1,2.455E2,3.04E2,2.1000457E-1,5.75E1,6.35E1,-2.1636681E-1,-6.6521233E-1,-1.5456113E-1,-5.9715855E-1,1.37E2,2.1309969E-1,5.4E1,3.1303793E-2,2.07E2,2.8172037E-1,1.31E2,6.65E1,7.257247E-2,-3.228302E-1,-5.1982397E-1,-1.9422148E-1,1.2161061E-1,-2.0752512E-1,4.0602213E-1,2.655E2,-2.1552342E-1,2.5967464E-1,6.546558E-2,3.2762823E-1],"split_indices":[2,0,1,3,1,3,3,2,0,0,4,4,0,0,0,0,0,0,0,3,0,0,0,4,0,3,0,0,0,0,0,0,0,0,4,0,0,0,0],"split_type":[0,0,0,0,0,0,0,0,0,0,0,0,0,0,0,0,0,0,0,0,0,0,0,0,0,0,0,0,0,0,0,0,0,0,0,0,0,0,0],"sum_hessian":[5.6587013E1,2.984547E1,2.674154E1,1.7668518E1,1.2176952E1,8.117968E0,1.8623573E1,1.6235935E1,1.4325826E0,4.775275E0,7.4016767E0,6.207858E0,1.9101101E0,4.5365114E0,1.4087062E1,1.4325826E0,1.4803353E1,1.6713463E0,3.103929E0,4.2977476E0,3.103929E0,4.775275E0,1.4325826E0,3.103929E0,1.4325826E0,1.1460661E1,2.6264014E0,1.6713463E0,2.6264014E0,1.9101101E0,2.8651652E0,1.1938188E0,1.9101101E0,5.4915667E0,5.9690943E0,1.4325826E0,1.1938188E0,3.8202202E0,2.1488738E0],"tree_param":{"num_deleted":"0","num_feature":"6","num_nodes":"39","size_leaf_vector":"0"}},{"base_weights":[-4.814348E-1,-1.1000949E0,2.757677E-1,-1.4063133E0,-5.6736684E-1,-4.426566E-1,6.185404E-1,-7.288784E-1,-1.4974675E0,-1.2199714E0,-2.7444584E-2,-7.2996765E-1,8.3635974E-1,1.897225E-1,7.4082774E-1,-1.2747595E0,5.245808E-1,-4.220928E-1,-1.5406835E0,-4.0847886E-1,-1.4510155E0,-4.6219635E-1,5.80502E-1,-9.409432E-1,3.0437624E-1,-2.0786862E-1,8.2002455E-1,8.93715E-1,4.681614E-2,-1.6505059E0,-7.6144105E-1,1.4248869E-1,-1.1090901E0,2.2543941E-1,7.745216E-1,-1.1055337E0,-7.6080725E-2,3.4640148E-1,-5.378869E-1,1.1552876E0,5.3379613E-1,-5.741649E-1,7.608488E-1,-2.3339167E-1,-9.333142E-1,-5.5509543E-1,8.722583E-1,-3.627047E-1,-1.2302982E0,8.8605964E-1,4.896881E-2],"categories":[],"categories_nodes":[],"categories_segments":[],"categories_sizes":[],"default_left":[1,1,1,1,1,1,1,1,1,1,1,1,0,1,1,0,0,0,1,0,0,1,1,1,0,1,0,1,1,0,1,1,0,0,0,1,0,0,0,0,1,0,0,0,0,0,0,0,0,0,0],"id":1,"left_children":[1,3,5,7,9,11,13,15,17,19,21,23,-1,25,27,-1,-1,-1,29,-1,-1,31,33,35,-1,37,-1,39,41,-1,43,45,-1,-1,-1,47,-1,-1,-1,-1,49,-1,-1,-1,-1,-1,-1,-1,-1,-1,-1],"loss_changes":[2.7350567E1,4.4184074E0,6.86396E0,1.2060547E-1,4.669652E0,4.001195E0,8.313761E-1,3.594698E0,1.0962677E-1,5.360241E-1,2.469305E0,2.0471005E0,0E0,1.5379832E0,1.451859E0,0E0,0E0,0E0,5.62706E-2,0E0,0E0,2.2750568E0,9.512055E-2,9.046297E-1,0E0,9.443357E-1,0E0,4.6417618E-1,2.031602E0,0E0,1.2266898E-1,2.3593407E0,0E0,0E0,0E0,8.7732315E-2,0E0,0E0,0E0,0E0,1.0993366E0,0E0,0E0,0E0,0E0,0E0,0E0,0E0,0E0,0E0,0E0],"parents":[2147483647,0,0,1,1,2,2,3,3,4,4,5,5,6,6,7,7,8,8,9,9,10,10,11,11,13,13,14,14,18,18,21,21,22,22,23,23,25,25,27,27,28,28,30,30,31,31,35,35,40,40],"right_children":[2,4,6,8,10,12,14,16,18,20,22,24,-1,26,28,-1,-1,-1,30,-1,-1,32,34,36,-1,38,-1,40,42,-1,44,46,-1,-1,-1,48,-1,-1,-1,-1,50,-1,-1,-1,-1,-1,-1,-1,-1,-1,-1],"split_conditions":[3.5E0,5.65E1,-9.536743E-7,1.11E2,-9.536743E-7,-9.536743E-7,1.16E2,2.28E2,1.785E2,6.25E1,2.455E2,1.45E2,2.5090793E-1,5.75E1,6.35E1,-3.8242787E-1,1.5737423E-1,-1.2662785E-1,1.39E2,-1.2254366E-1,-4.3530467E-1,6.15E1,2.79E2,3.04E2,9.131288E-2,2.07E2,2.4600737E-1,1.31E2,6.65E1,-4.951518E-1,5.1E1,2.225E2,-3.3272704E-1,6.7631826E-2,2.3235649E-1,2.07E2,-2.2824218E-2,1.0392045E-1,-1.6136608E-1,3.465863E-1,2.245E2,-1.7224948E-1,2.2825466E-1,-7.00175E-2,-2.7999428E-1,-1.6652864E-1,2.616775E-1,-1.08811416E-1,-3.6908945E-1,2.658179E-1,1.4690644E-2],"split_indices":[2,0,1,3,1,5,3,4,4,0,4,3,0,0,0,0,0,0,3,0,0,0,4,4,0,4,0,3,0,0,0,4,0,0,0,4,0,0,0,0,4,0,0,0,0,0,0,0,0,0,0],"split_type":[0,0,0,0,0,0,0,0,0,0,0,0,0,0,0,0,0,0,0,0,0,0,0,0,0,0,0,0,0,0,0,0,0,0,0,0,0,0,0,0,0,0,0,0,0,0,0,0,0,0,0],"sum_hessian":[5.673752E1,3.097613E1,2.5761387E1,1.8628443E1,1.2347686E1,8.226952E0,1.7534435E1,3.276255E0,1.5352189E1,5.0202155E0,7.3274703E0,7.0684166E0,1.1585354E0,4.4569516E0,1.3077484E1,2.2704716E0,1.0057832E0,1.0090985E0,1.434309E1,1.725996E0,3.2942197E0,4.4120727E0,2.915398E0,5.945924E0,1.1224926E0,3.143964E0,1.3129876E0,1.0480853E1,2.596631E0,1.1591372E1,2.7517185E0,2.6834483E0,1.7286241E0,1.794091E0,1.1213069E0,4.7614946E0,1.184429E0,1.1548071E0,1.9891571E0,4.7899103E0,5.690943E0,1.493578E0,1.1030531E0,1.2547266E0,1.4969918E0,1.4943551E0,1.1890934E0,1.2465912E0,3.5149035E0,2.8167696E0,2.8741732E0],"tree_param":{"num_deleted":"0","num_feature":"6","num_nodes":"51","size_leaf_vector":"0"}},{"base_weights":[-3.7263972E-1,-8.7109894E-1,2.3958664E-1,-1.2795631E0,-5.785841E-1,-3.3020735E-1,5.247505E-1,-9.064974E-1,-7.830063E-3,-5.641415E-1,7.39309E-1,2.9677403E-1,8.9186674E-1,-2.4495225E-1,-1.0648627E0,-3.658824E-1,5.0423896E-1,-7.69048E-1,1.6708629E-1,6.1901987E-1,-2.1116254E-1,2.4124606E-1,1.0648556E0,-6.6797245E-1,4.4604677E-1,-1.158399E0,-2.4616902E-1,-8.6976355E-1,2.6441792E-1,1.8536505E-1,6.885947E-1,-1.0240781E0,-1.22302644E-1,-1.6930725E-1,8.569457E-1,3.6945367E-1,-1.083937E0,-4.8282117E-2,4.6814448E-1,-3.003138E-1,-1.2133058E0,3.4471628E-1,1.0740917E0,6.2847966E-1,-1.9460678E-1],"categories":[],"categories_nodes":[],"categories_segments":[],"categories_sizes":[],"default_left":[1,1,1,0,1,1,1,1,1,1,0,1,1,1,1,1,1,1,0,1,1,0,0,0,0,0,0,0,1,0,0,1,0,0,1,1,0,0,0,0,0,0,0,0,0],"id":2,"left_children":[1,3,5,-1,7,9,11,13,15,17,-1,19,21,23,25,27,29,31,-1,33,35,-1,-1,-1,-1,-1,-1,-1,37,-1,-1,39,-1,-1,41,43,-1,-1,-1,-1,-1,-1,-1,-1,-1],"loss_changes":[1.6954544E1,2.899437E0,4.30215E0,0E0,3.6567664E0,2.6911962E0,1.1850209E0,1.0408163E0,1.6791208E0,1.3309469E0,0E0,2.1250687E0,4.3383503E-1,1.3790517E0,4.5962524E-1,1.9376702E0,9.427506E-2,9.3813753E-1,0E0,1.5910609E0,3.1750007E0,0E0,0E0,0E0,0E0,0E0,0E0,0E0,2.2363523E-1,0E0,0E0,2.5031376E-1,0E0,0E0,3.0678272E-1,7.116556E-1,0E0,0E0,0E0,0E0,0E0,0E0,0E0,0E0,0E0],"parents":[2147483647,0,0,1,1,2,2,4,4,5,5,6,6,7,7,8,8,9,9,11,11,12,12,13,13,14,14,15,15,16,16,17,17,19,19,20,20,28,28,31,31,34,34,35,35],"right_children":[2,4,6,-1,8,10,12,14,16,18,-1,20,22,24,26,28,30,32,-1,34,36,-1,-1,-1,-1,-1,-1,-1,38,-1,-1,40,-1,-1,42,44,-1,-1,-1,-1,-1,-1,-1,-1,-1],