{"learner":{"attributes":{"best_ntree_limit":"1"},"feature_names":[],"feature_types":[],"gradient_booster":{"model":{"gbtree_model_param":{"num_parallel_tree":"1","num_trees":"1","size_leaf_vector":"0"},"tree_info":[0],"trees":[{"base_weights":[-6.79465E-1,-1.5904288E0,3.2527876E-1,-2.0696805E0,-7.591187E-1,-4.5993483E-1,6.392767E-1,-2.1463344E0,-5.1139647E-1,-1.7180582E0,-1.0782705E-1,-1.1915002E0,8.7947315E-1,3.1705413E-2,8.089131E-1,-7.198092E-1,-2.2280555E0,-6.051127E-1,6.624236E-1,-1.6935699E0,-1.9329943E-1,-3.846846E-1,6.2108445E-1,9.315184E-1,2.2392543E-1,-2.268076E-2,-1.2692561E0,1.1005869E-1,-7.198092E-1,1.3358465E0,5.0526226E-1,-5.131199E-1,9.3992656E-1,9.3992656E-1,-8.91188E-1,3.1705413E-2,1.1269746E0],"categories":[],"categories_nodes":[],"categories_segments":[],"categories_sizes":[],"default_left":[1,1,1,1,1,1,1,1,0,0,1,1,0,1,1,0,0,1,0,0,0,1,0,1,1,1,0,0,0,0,1,0,0,0,0,0,0],"id":0,"left_children":[1,3,5,7,9,11,13,15,-1,-1,17,19,-1,21,23,-1,-1,25,-1,-1,-1,27,-1,29,31,33,-1,-1,-1,-1,35,-1,-1,-1,-1,-1,-1],"loss_changes":[5.2410233E1,1.0343399E1,7.1459055E0,1.0990677E0,7.631095E0,9.396454E0,2.0635376E0,4.0312958E-1,0E0,0E0,3.664341E0,2.6470947E0,0E0,1.5801129E0,9.2500114E-1,0E0,0E0,2.176106E0,0E0,0E0,0E0,7.125871E-1,0E0,1.5225086E0,2.6222463E0,4.227799E0,0E0,0E0,0E0,0E0,2.2651625E0,0E0,0E0,0E0,0E0,0E0,0E0],"parents":[2147483647,0,0,1,1,2,2,3,3,4,4,5,5,6,6,7,7,10,10,11,11,13,13,14,14,17,17,21,21,23,23,24,24,25,25,30,30],"right_children":[2,4,6,8,10,12,14,16,-1,-1,18,20,-1,22,24,-1,-1,26,-1,-1,-1,28,-1,30,32,34,-1,-1,-1,-1,36,-1,-1,-1,-1,-1,-1],"split_conditions":[3.5E0,5.65E1,-9.536743E-7,1.45E2,-9.536743E-7,1.39E2,1.16E2,1.5E0,-1.5341894E-1,-5.154175E-1,2.455E2,2.67E2,2.6384196E-1,5.3E1,6.35E1,-2.1594276E-1,-6.684167E-1,6.15E1,1.9872709E-1,-5.08071E-1,-5.7989832E-2,4.45E1,1.8632534E-1,1.31E2,6.65E1,1.37E2,-3.8077685E-1,3.301761E-2,-2.1594276E-1,4.0075397E-1,2.725E2,-1.5393597E-1,2.8197798E-1,2.8197798E-1,-2.6735643E-1,9.511624E-3,3.380924E-1],"split_indices":[2,0,1,3,1,3,3,2,0,0,4,4,0,0,0,0,0,0,0,0,0,0,0,3,0,3,0,0,0,0,4,0,0,0,0,0,0],"split_type":[0,0,0,0,0,0,0,0,0,0,0,0,0,0,0,0,0,0,0,0,0,0,0,0,0,0,0,0,0,0,0,0,0,0,0,0,0],"sum_hessian":[5.569588E1,2.8905457E1,2.6790422E1,1.7390274E1,1.1515182E1,7.5201187E0,1.9270304E1,1.6215256E1,1.1750185E0,3.995063E0,7.5201187E0,4.9350777E0,2.5850408E0,4.4650707E0,1.4805234E1,1.4100223E0,1.4805234E1,4.700074E0,2.8200445E0,2.8200445E0,2.1150334E0,2.8200445E0,1.645026E0,1.1750185E1,3.0550482E0,3.0550482E0,1.645026E0,1.4100223E0,1.4100223E0,4.9350777E0,6.8151073E0,1.645026E0,1.4100223E0,1.4100223E0,1.645026E0,4.4650707E0,2.350037E0],"tree_param":{"num_deleted":"0","num_feature":"6","num_nodes":"37","size_leaf_vector":"0"}}]},"name":"gbtree"},"learner_model_param":{"base_score":"5E-1","num_class":"0","num_feature":"6","num_target":"1"},"objective":{"name":"reg:squarederror","reg_loss_param":{"scale_pos_weight":"1"}}},"version":[1,6,2]}