{"learner":{"attributes":{"best_ntree_limit":"8"},"feature_names":[],"feature_types":[],"gradient_booster":{"model":{"gbtree_model_param":{"num_parallel_tree":"1","num_trees":"3","size_leaf_vector":"0"},"tree_info":[0,0,0],"trees":[{"base_weights":[-6.5838593E-1,-1.6440285E0,4.5167857E-1,-2.167671E0,-8.930779E-1,1.7631581E-1,1.2210474E0,-7.1230775E-1,-2.2533321E0,-1.7709455E0,-1.0614076E-1,-1.101606E0,5.3125507E-1,1.3161477E0,4.0420538E-1,-6.7939705E-1,-2.0629423E0,-6.900673E-1,7.075428E-1,-1.4130167E0,-5.113303E-2,2.9311648E-1,1.069315E0,-1.2129575E-1,-1.2552044E0,2.4032596E-1,9.301312E-1,-1.3244526E-1,7.507072E-1,6.142086E-1,-9.618098E-1,8.181398E-1,-6.900673E-1,9.328874E-1,-5.113303E-2],"categories":[],"categories_nodes":[],"categories_segments":[],"categories_sizes":[],"default_left":[1,1,1,1,1,1,1,0,0,1,1,1,1,0,0,0,0,1,1,0,0,1,0,1,0,0,0,1,1,0,0,0,0,0,0],"id":0,"left_children":[1,3,5,7,9,11,13,-1,-1,15,17,19,21,-1,-1,-1,-1,23,25,-1,-1,27,-1,29,-1,-1,-1,31,33,-1,-1,-1,-1,-1,-1],"loss_changes":[6.41337E1,1.0216553E1,5.7237434E0,5.7751465E-1,9.757924E0,1.0479428E1,2.8875351E-2,0E0,0E0,7.4718857E-1,4.600743E0,1.5852995E0,1.9604578E0,0E0,0E0,0E0,0E0,1.6302416E0,2.0389724E-1,0E0,0E0,2.7632575E0,0E0,2.9836905E0,0E0,0E0,0E0,4.7721276E0,1.0325115E0,0E0,0E0,0E0,0E0,0E0,0E0],"parents":[2147483647,0,0,1,1,2,2,3,3,4,4,5,5,6,6,9,9,10,10,11,11,12,12,17,17,18,18,21,21,23,23,27,27,28,28],"right_children":[2,4,6,8,10,12,14,-1,-1,16,18,20,22,-1,-1,-1,-1,24,26,-1,-1,28,-1,30,-1,-1,-1,32,34,-1,-1,-1,-1,-1,-1],"split_conditions":[3.5E0,5.65E1,1.41E2,1.9E2,-9.536743E-7,-9.536743E-7,1.72E2,-2.1369234E-1,-6.7599964E-1,6.25E1,2.455E2,5.95E1,2.725E2,3.9484432E-1,1.2126162E-1,-2.0381913E-1,-6.188827E-1,6.15E1,2.79E2,-4.2390501E-1,-1.5339909E-2,5.75E1,3.207945E-1,1.37E2,-3.7656134E-1,7.209779E-2,2.7903938E-1,1.995E2,2.56E2,1.8426257E-1,-2.8854296E-1,2.4544194E-1,-2.070202E-1,2.7986622E-1,-1.5339909E-2],"split_indices":[2,0,3,4,1,1,3,0,0,0,4,0,4,0,0,0,0,0,4,0,0,0,0,3,0,0,0,4,4,0,0,0,0,0,0],"split_type":[0,0,0,0,0,0,0,0,0,0,0,0,0,0,0,0,0,0,0,0,0,0,0,0,0,0,0,0,0,0,0,0,0,0,0],"sum_hessian":[5.6937634E1,2.990422E1,2.7033415E1,1.650713E1,1.3397091E1,2.0813337E1,6.220078E0,1.4354026E0,1.5071727E1,5.7416105E0,7.6554804E0,4.066974E0,1.6746363E1,5.023909E0,1.1961688E0,1.9138701E0,3.8277402E0,4.5454416E0,3.110039E0,2.8708053E0,1.1961688E0,1.2679389E1,4.066974E0,2.8708053E0,1.6746364E0,1.6746364E0,1.4354026E0,6.937779E0,5.7416105E0,1.6746364E0,1.1961688E0,2.3923376E0,4.5454416E0,4.5454416E0,1.1961688E0],"tree_param":{"num_deleted":"0","num_feature":"6","num_nodes":"35","size_leaf_vector":"0"}},{"base_weights":[-4.680294E-1,-1.1535686E0,3.6872375E-1,-1.5116525E0,-6.8156475E-1,-3.8513044E-1,5.7556E-1,-1.5550039E0,-4.062667E-1,-1.2923626E0,-1.6158736E-1,-1.0880545E0,-5.1169187E-2,3.4771562E-1,1.0392532E0,-5.725516E-1,-1.6152688E0,-5.337835E-1,-1.485595E0,-7.0515335E-1,6.9983774E-1,-5.617823E-1,6.1446214E-1,-5.0558364E-1,6.0718834E-1,1.1434946E0,2.6995313E-1,-1.047442E0,-1.6183524E-1,-4.55011E-3,-8.991553E-1,-8.377057E-1,-1.1943554E-2,9.770564E-1,-1.2170858E-1,2.2686915E-1,-5.9209853E-1,1.1597519E0,9.812994E-2,3.8590506E-1,-5.894211E-1],"categories":[],"categories_nodes":[],"categories_segments":[],"categories_sizes":[],"default_left":[1,1,1,1,1,1,1,1,0,1,1,0,1,1,1,0,0,0,0,1,0,1,0,1,1,0,0,0,1,0,0,0,0,1,1,0,0,0,0,0,0],"id":1,"left_children":[1,3,5,7,9,11,13,15,-1,17,19,-1,21,23,25,-1,-1,-1,-1,27,-1,29,-1,31,33,-1,-1,-1,35,-1,-1,-1,-1,37,39,-1,-1,-1,-1,-1,-1],"loss_changes":[3.360641E1,4.384556E0,4.4015317E0,2.0186996E-1,4.758878E0,1.4398311E0,1.9033847E0,4.5333862E-2,0E0,2.4036503E-1,4.984726E0,0E0,2.169715E0,3.822152E0,2.1737003E-1,0E0,0E0,0E0,0E0,1.0167913E0,0E0,6.6520786E-1,0E0,6.863953E-1,3.5235763E0,0E0,0E0,0E0,7.444757E-1,0E0,0E0,0E0,0E0,1.2492285E0,1.4478672E0,0E0,0E0,0E0,0E0,0E0,0E0],"parents":[2147483647,0,0,1,1,2,2,3,3,4,4,5,5,6,6,7,7,9,9,10,10,12,12,13,13,14,14,19,19,21,21,23,23,24,24,28,28,33,33,34,34],"right_children":[2,4,6,8,10,12,14,16,-1,18,20,-1,22,24,26,-1,-1,-1,-1,28,-1,30,-1,32,34,-1,-1,-1,36,-1,-1,-1,-1,38,40,-1,-1,-1,-1,-1,-1],"split_conditions":[3.5E0,5.55E1,1.16E2,1.49E2,-9.536743E-7,-9.536743E-7,1.41E2,1.9E2,-1.2188001E-1,6.25E1,2.455E2,-3.2641637E-1,5.3E1,-9.536743E-7,3.06E2,-1.7176549E-1,-4.8458067E-1,-1.6013506E-1,-4.456785E-1,2.5E0,2.0995133E-1,4.45E1,1.8433864E-1,5.5E1,1.31E2,3.430484E-1,8.098594E-2,-3.142326E-1,1.45E2,-1.3650331E-3,-2.697466E-1,-2.5131172E-1,-3.5830662E-3,6.35E1,2.215E2,6.806075E-2,-1.7762956E-1,3.4792557E-1,2.9438984E-2,1.15771525E-1,-1.7682633E-1],"split_indices":[2,0,3,3,1,1,3,4,0,0,4,0,0,1,4,0,0,0,0,2,0,0,0,0,3,0,0,0,3,0,0,0,0,0,4,0,0,0,0,0,0],"split_type":[0,0,0,0,0,0,0,0,0,0,0,0,0,0,0,0,0,0,0,0,0,0,0,0,0,0,0,0,0,0,0,0,0,0,0,0,0,0,0,0,0],"sum_hessian":[5.6844303E1,3.1037292E1,2.580701E1,1.6395947E1,1.4641345E1,5.3706484E0,2.0436363E1,1.538579E1,1.0101571E0,6.0496397E0,8.591705E0,1.0025169E0,4.3681316E0,1.4876432E1,5.55993E0,1.4961299E0,1.388966E1,1.9919937E0,4.0576463E0,5.378954E0,3.2127514E0,2.5601943E0,1.8079374E0,3.2476714E0,1.162876E1,4.468088E0,1.0918419E0,2.7307372E0,2.6482165E0,1.3477048E0,1.2124896E0,1.5247917E0,1.7228798E0,7.4884157E0,4.140345E0,1.6396551E0,1.0085614E0,5.935202E0,1.5532135E0,2.0693576E0,2.0709872E0],"tree_param":{"num_deleted":"0","num_feature":"6","num_nodes":"41","size_leaf_vector":"0"}},{"base_weights":[-3.780369E-1,-9.223608E-1,2.871578E-1,-1.2145526E0,-5.508688E-1,-3.3686474E-1,4.693367E-1,-1.2983032E0,-5.125487E-1,-1.0398078E0,-1.3684124E-1,-9.252231E-1,-5.0584268E-2,2.685216E-1,9.08121E-1,-4.6543846E-1,-1.3640386E0,-7.100304E-2,-1.1974397E0,-5.6368643E-1,5.760822E-1,-3.8179922E-1,6.791122E-1,-4.1793692E-1,4.9038163E-1,1.0087628E0,2.3320375E-1,-1.3461474E-1,-1.0106769E0,2.4674498E-1,7.3125356E-1,-5.9811324E-1,4.7059845E-2,-6.9075006E-1,-1.2563536E-2,8.164823E-1,-9.4622806E-2,-7.235533E-1,4.1887522E-1,9.855004E-1,8.07864E-2,3.1801918E-1,-4.5572698E-1],"categories":[],"categories_nodes":[],"categories_segments":[],"categories_sizes":[],"default_left":[1,1,1,1,1,1,1,1,0,1,1,0,1,1,1,0,0,0,0,1,1,1,0,1,1,0,0,1,0,0,0,0,0,0,0,1,1,0,0,0,0,0,0],"id":2,"left_children":[1,3,5,7,9,11,13,15,-1,17,19,-1,21,23,25,-1,-1,-1,-1,27,29,31,-1,33,35,-1,-1,37,-1,-1,-1,-1,-1,-1,-1,39,41,-1,-1,-1,-1,-1,-1],"loss_changes":[2.00132E1,2.6126652E0,3.035204E0,2.807045E-1,2.9226513E0,1.0145173E0,1.5190477E0,1.1656189E-1,0E0,9.5200586E-1,3.1699467E0,0E0,1.5393677E0,2.5115213E0,1.6291046E-1,0E0,0E0,0E0,0E0,1.0825338E0,2.3781061E-2,4.254769E-1,0E0,4.601329E-1,2.3485732E0,0E0,0E0,1.7358857E0,0E0,0E0,0E0,0E0,0E0,0E0,0E0,8.838792E-1,9.1343534E-1,0E0,0E0,0E0,0E0,0E0,0E0],"parents":[2147483647,0,0,1,1,2,2,3,3,4,4,5,5,6,6,7,7,9,9,10,10,12,12,13,13,14,14,19,19,20,20,21,21,23,23,24,24,27,27,35,35,36,36],"right_children":[2,4,6,8,10,12,14,16,-1,18,20,-1,22,24,26,-1,-1,-1,-1,28,30,32,-1,34,36,-1,-1,38,-1,-1,-1,-1,-1,-1,-1,40,42,-1,-1,-1,-1,-1,-1],"split_conditions":[3.5E0,5.55E1,1.16E2,1.39E2,-9.536743E-7,-9.536743E-7,1.41E2,1.9E2,-1.537646E-1,5.9E1,2.455E2,-2.7756694E-1,5.75E1,-9.536743E-7,1.72E2,-1.3963154E-1,-4.092116E-1,-2.1300914E-2,-3.5923192E-1,2.305E2,2.79E2,2.36E2,2.0373367E-1,5.5E1,1.31E2,3.0262887E-1,6.996113E-2,2.5E0,-3.0320308E-1,7.402349E-2,2.1937607E-1,-1.7943397E-1,1.4117954E-2,-2.0722502E-1,-3.7690608E-3,6.35E1,2.215E2,-2.17066E-1,1.2566257E-1,2.9565012E-1,2.4235921E-2,9.540576E-2,-1.367181E-1],"split_indices":[2,0,3,3,1,1,3,4,0,0,4,0,0,1,3,0,0,0,0,4,4,4,0,0,3,0,0,2,0,0,0,0,0,0,0,0,4,0,0,0,0,0,0],"split_type":[0,0,0,0,0,0,0,0,0,0,0,0,0,0,0,0,0,0,0,0,0,0,0,0,0,0,0,0,0,0,0,0,0,0,0,0,0,0,0,0,0,0,0],