{"learner":{"attributes":{"best_ntree_limit":"6"},"feature_names":[],"feature_types":[],"gradient_booster":{"model":{"gbtree_model_param":{"num_parallel_tree":"1","num_trees":"6","size_leaf_vector":"0"},"tree_info":[0,0,0,0,0,0],"trees":[{"base_weights":[-6.79465E-1,-1.784268E0,5.1443195E-1,-2.2625103E0,-1.0397726E0,-3.4905127E-1,7.141001E-1,-1.7332195E0,-3.9785084E-1,-6.640504E-1,4.266259E-2,4.6762618E-1,1.227404E0,-6.8738E-1,-2.0313113E0,-1.0661762E0,6.624236E-1,-5.1139647E-1,5.2499264E-1,8.475882E-1,-2.2712186E-1,1.3246868E0,4.0813595E-1,-5.152111E-1,-1.3818173E0,-1.3505179E-1,1.0282478E0,-7.170698E-1,7.014946E-1,-5.1630255E-2,-7.198092E-1,1.1712282E0,1.1005869E-1,-1.3818173E0,1.2772442E-1],"categories":[],"categories_nodes":[],"categories_segments":[],"categories_sizes":[],"default_left":[1,1,1,0,1,1,1,1,1,0,1,1,1,0,0,1,0,0,0,1,1,0,0,1,0,0,1,1,0,0,0,0,0,0,0],"id":0,"left_children":[1,3,5,-1,7,9,11,13,15,-1,17,19,21,-1,-1,23,-1,-1,-1,25,27,-1,-1,29,-1,-1,31,33,-1,-1,-1,-1,-1,-1,-1],"loss_changes":[7.5700935E1,8.211647E0,5.081125E0,0E0,5.299865E0,7.606566E-1,2.347333E0,5.27277E-1,6.577161E0,0E0,1.2265431E0,4.736952E0,7.297516E-3,0E0,0E0,2.3848772E-1,0E0,0E0,0E0,2.152011E0,3.6310072E0,0E0,0E0,3.0286902E-1,0E0,0E0,1.1439028E0,2.9815936E0,0E0,0E0,0E0,0E0,0E0,0E0,0E0],"parents":[2147483647,0,0,1,1,2,2,4,4,5,5,6,6,7,7,8,8,10,10,11,11,12,12,15,15,19,19,20,20,23,23,26,26,27,27],"right_children":[2,4,6,-1,8,10,12,14,16,-1,18,20,22,-1,-1,24,-1,-1,-1,26,28,-1,-1,30,-1,-1,32,34,-1,-1,-1,-1,-1,-1,-1],"split_conditions":[3.5E0,5.55E1,1.16E2,-6.7875314E-1,-9.536743E-7,2.335E2,1.43E2,6.25E1,2.455E2,-1.9921513E-1,5.2E1,1.335E2,1.72E2,-2.0621401E-1,-6.093934E-1,2.305E2,1.9872709E-1,-1.5341894E-1,1.574978E-1,-9.536743E-7,2.82E2,3.9740604E-1,1.2244079E-1,1.37E2,-4.145452E-1,-4.051554E-2,6.45E1,5.45E1,2.1044838E-1,-1.5489077E-2,-2.1594276E-1,3.5136846E-1,3.301761E-2,-4.145452E-1,3.831733E-2],"split_indices":[2,0,3,0,1,4,3,0,4,0,0,3,3,0,0,4,0,0,0,1,4,0,0,3,0,0,0,0,0,0,0,0,0,0,0],"split_type":[0,0,0,0,0,0,0,0,0,0,0,0,0,0,0,0,0,0,0,0,0,0,0,0,0,0,0,0,0,0,0,0,0,0,0],"sum_hessian":[5.569588E1,2.8670452E1,2.7025427E1,1.6215256E1,1.2455196E1,4.9350777E0,2.209035E1,5.1700816E0,7.2851152E0,2.350037E0,2.5850408E0,1.6215256E1,5.8750925E0,1.8800297E0,3.290052E0,4.4650707E0,2.8200445E0,1.1750185E0,1.4100223E0,1.0340163E1,5.8750925E0,4.700074E0,1.1750185E0,2.5850408E0,1.8800297E0,1.645026E0,8.695137E0,3.995063E0,1.8800297E0,1.1750185E0,1.4100223E0,7.2851152E0,1.4100223E0,1.8800297E0,2.1150334E0],"tree_param":{"num_deleted":"0","num_feature":"6","num_nodes":"35","size_leaf_vector":"0"}},{"base_weights":[-4.8519418E-1,-1.2417105E0,4.0844563E-1,-1.3459604E0,2.6363585E-2,2.0338176E-1,1.0459094E0,-1.5617858E0,-9.142497E-1,-4.533085E-1,4.9390993E-1,-7.304864E-1,4.786533E-1,1.1528206E0,2.7378577E-1,-4.2038795E-1,-1.3795279E0,-8.9143884E-1,-8.34296E-2,6.78739E-1,-2.611105E-2,-1.3075932E0,7.0806134E-1,-1.2397115E0,-3.1460264E-1,3.059825E-1,1.158008E0,-5.6525385E-1,8.9780384E-1,1.0395874E0,-2.2494547E-2,-7.153807E-2,5.288483E-1,3.247436E-1,-1.3590674E0],"categories":[],"categories_nodes":[],"categories_segments":[],"categories_sizes":[],"default_left":[1,1,1,1,1,1,1,0,1,0,0,1,1,0,0,1,0,1,0,1,1,0,1,0,0,1,0,1,0,0,0,0,0,0,0],"id":1,"left_children":[1,3,5,7,9,11,13,-1,15,-1,-1,17,19,-1,-1,21,-1,23,-1,25,27,-1,29,-1,-1,31,-1,33,-1,-1,-1,-1,-1,-1,-1],"loss_changes":[3.87323E1,4.116066E0,3.274135E0,1.2315025E0,9.6973825E-1,5.856859E0,2.0037222E-1,0E0,2.1602201E0,0E0,0E0,4.7479153E-1,1.7498233E0,0E0,0E0,8.157373E0,0E0,4.375608E-1,0E0,1.8464308E0,3.412222E0,0E0,9.505241E-1,0E0,0E0,7.351986E-1,0E0,3.4765344E0,0E0,0E0,0E0,0E0,0E0,0E0,0E0],"parents":[2147483647,0,0,1,1,2,2,3,3,4,4,5,5,6,6,8,8,11,11,12,12,15,15,17,17,19,19,20,20,22,22,25,25,27,27],"right_children":[2,4,6,8,10,12,14,-1,16,-1,-1,18,20,-1,-1,22,-1,24,-1,26,28,-1,30,-1,-1,32,-1,34,-1,-1,-1,-1,-1,-1,-1],"split_conditions":[3.5E0,1.58E2,1.43E2,5.55E1,2.715E2,-9.536743E-7,3.06E2,-4.6853575E-1,1.39E2,-1.3599256E-1,1.4817299E-1,2.815E2,1.31E2,3.4584618E-1,8.213574E-2,1.22E2,-4.1385838E-1,5.4E1,-2.502888E-2,1.225E2,2.82E2,-3.92278E-1,6.15E1,-3.7191346E-1,-9.4380796E-2,2.255E2,3.474024E-1,2.215E2,2.6934117E-1,3.1187624E-1,-6.7483643E-3,-2.1461422E-2,1.586545E-1,9.7423084E-2,-4.0772024E-1],"split_indices":[2,3,3,0,4,1,4,0,3,0,0,4,3,0,0,3,0,0,0,3,4,0,0,0,0,4,0,4,0,0,0,0,0,0,0],"split_type":[0,0,0,0,0,0,0,0,0,0,0,0,0,0,0,0,0,0,0,0,0,0,0,0,0,0,0,0,0,0,0,0,0,0,0],"sum_hessian":[5.5541607E1,2.986755E1,2.5674057E1,2.7541878E1,2.3256712E0,2.042322E1,5.250838E0,1.6616907E1,1.0924972E1,1.1629809E0,1.1626903E0,4.2730517E0,1.6150167E1,4.1791277E0,1.0717099E0,6.223093E0,4.701879E0,3.119426E0,1.1536256E0,1.1318796E1,4.8313713E0,3.395076E0,2.8280168E0,1.2285283E0,1.8908978E0,7.2885137E0,4.030283E0,3.296136E0,1.5352355E0,1.6542914E0,1.1737255E0,2.9575756E0,4.330938E0,1.8325022E0,1.4636337E0],"tree_param":{"num_deleted":"0","num_feature":"6","num_nodes":"35","size_leaf_vector":"0"}},{"base_weights":[-3.721024E-1,-9.638441E-1,3.2954496E-1,-1.0501049E0,2.339876E-2,-3.1023097E-1,5.0119495E-1,-1.2426966E0,-6.9458866E-1,-3.7514415E-1,4.2170107E-1,-5.07182E-1,-2.6613135E-2,3.2059783E-1,9.144347E-1,-3.0734256E-1,-1.0627581E0,-4.515894E-1,3.9044535E-1,6.1396766E-1,-7.445802E-2,1.0303975E0,2.370208E-1,-9.992644E-1,6.0190094E-1,-3.9902243E-1,-1.2533082E0,-2.0658134E-1,7.98203E-1,-4.5870075E-1,6.3611484E-1,-5.2599482E-2,9.2043626E-1,9.7166586E-1,-1.641227E-2,1.0401011E-1,-8.2068604E-1],"categories":[],"categories_nodes":[],"categories_segments":[],"categories_sizes":[],"default_left":[1,1,1,1,1,1,1,0,1,0,0,0,1,1,1,1,1,0,0,1,1,0,0,0,1,0,0,0,1,1,0,0,0,0,0,0,0],"id":2,"left_children":[1,3,5,7,9,11,13,-1,15,-1,-1,-1,17,19,21,23,25,-1,-1,27,29,-1,-1,-1,31,-1,-1,-1,33,35,-1,-1,-1,-1,-1,-1,-1],"loss_changes":[2.2402023E1,2.5035877E0,2.9097695E0,9.713173E-1,6.847921E-1,3.1736743E-1,1.2111721E0,0E0,1.3388319E0,0E0,0E0,0E0,7.936288E-1,1.849886E0,1.9492388E-1,5.0683265E0,2.0581102E-1,0E0,0E0,1.5317078E0,2.3465304E0,0E0,0E0,0E0,8.181925E-1,0E0,0E0,0E0,1.0883312E0,1.1986283E0,0E0,0E0,0E0,0E0,0E0,0E0,0E0],"parents":[2147483647,0,0,1,1,2,2,3,3,4,4,5,5,6,6,8,8,12,12,13,13,14,14,15,15,16,16,19,19,20,20,24,24,28,28,29,29],"right_children":[2,4,6,8,10,12,14,-1,16,-1,-1,-1,18,20,22,24,26,-1,-1,28,30,-1,-1,-1,32,-1,-1,-1,34,36,-1,-1,-1,-1,-1,-1,-1],"split_conditions":[3.5E0,1.58E2,1.16E2,5.55E1,2.715E2,2.335E2,1.43E2,-3.72809E-1,1.39E2,-1.1254325E-1,1.2651032E-1,-1.5215461E-1,5.2E1,1.31E2,6.35E1,1.22E2,2.165E2,-1.3547683E-1,1.1713361E-1,-9.536743E-7,2.82E2,3.0911928E-1,7.110625E-2,-2.9977933E-1,2.35E2,-1.19706735E-1,-3.7599248E-1,-6.1974403E-2,6.45E1,2.215E2,1.9083446E-1,-1.5779845E-2,2.7613088E-1,2.9149976E-1,-4.923681E-3,3.1203035E-2,-2.4620582E-1],"split_indices":[2,3,3,0,4,4,3,0,3,0,0,0,0,3,0,3,4,0,0,1,4,0,0,0,4,0,0,0,0,4,0,0,0,0,0,0,0],"split_type":[0,0,0,0,0,0,0,0,0,0,0,0,0,0,0,0,0,0,0,0,0,0,0,0,0,0,0,0,0,0,0,0,0,0,0,0,0],"sum_hessian":[5.2190536E1,2.8109991E1,2.4080545E1,2.5792671E1,2.3173206E0,4.923239E0,1.9157307E1,1.5111132E1,1.068154E1,1.1873728E0,1.1299478E0,2.4403462E0,2.4828932E0,1.4566959E1,4.590347E0,6.100124E0,4.5814157E0,1.1887642E0,1.294129E0,8.041319E0,6.5256405E0,3.4744914E0,1.1158553E0,3.4078162E0,2.692308E0,1.7120287E0,2.8693867E0,1.4522014E0,6.5891175E0,4.465423E0,2.0602171E0,1.1546657E0,1.5376422E0,5.273414E0,1.3157035E0,2.0270362E0,2.438387E0],"tree_param":{"num_deleted":"0","num_feature":"6","num_nodes":"37","size_leaf_vector":"0"}},{"base_weights":[-2.971179E-1,-7.931013E-1,2.728934E-1,-1.1451674E0,-5.111693E-1,-2.440646E-1,4.2335674E-1,-8.213133E-1,5.6577705E-2,9.951735E-2,-3.5510838E-1,2.87653E-1,9.5876575E-1,-4.6933394E-2,-9.479208E-1,3.0983675E-1,-5.4948986E-1,-7.221403E-1,-1.378178E-2,1.2761062E-1,7.194779E-1,-1.845782E-1,5.8085465E-1,-3.5815662E-1,3.3428428E-1,4.2383718E-1,-2.2635327E-1,8.35352E-1,1.9601148E-1,8.252193E-2,8.1375045E-1,-1.6874722E-1,5.968684E-1,-5.164545E-1,3.0661148E-1],"categories":[],"categories_nodes":[],"categories_segments":[],