{"learner":{"attributes":{"best_ntree_limit":"1"},"feature_names":[],"feature_types":["q","q","q","q","q","q","q","c","c","c","c","c","c","c","c","c","c","c","c","c","c","c","c"],"gradient_booster":{"model":{"gbtree_model_param":{"num_parallel_tree":"1","num_trees":"1","size_leaf_vector":"0"},"tree_info":[0],"trees":[{"base_weights":[-2.3884387E0,-2.4264727E0,4.3046537E-1,-1.8919427E0,-2.5407414E0,-6.16916E-1,9.420299E-1,-7.0104706E-1,-1.2145188E0,-1.2080522E0,-2.5624669E0,-2.4166206E-1,-2.4103673E0,2.4197644E-2,1.1869506E0,3.6751617E1,-2.0273716E0,1.8158078E2,-2.3948815E0,-2.6360648E0,-2.3912065E0,-4.8015678E-1,1.3694786E-1,-1.8689669E0,-3.3258057E0,2.2022266E1,9.9555975E-1,3.7621213E2,-2.3505793E0,-2.1462493E0,3.3685226E1,1.13087E2,5.2996624E-1,-6.7140656E0,-2.3617172E0,-2.045134E0,-2.629686E0,-2.1638012E0,-2.5517993E0,-1.9019663E-1,1.4858166E1,4.0937597E-1,-7.353684E-1,-1.5489077E-2,1.0191321E1,1.9510372E1,8.0070055E-1,1.8632534E-1,-7.2741324E-1,-7.0406663E-1,-5.4877025E-1,-5.283262E-1,5.8604702E1,-1.5489077E-2,2.6037067E-1,-4.8928759E-1,-3.6016655E0,-7.153481E-1,-1.3980363E-1,-7.892851E-1,6.657267E-2,-6.775771E-1,-4.0461814E-1,-1.2805676E0,-7.636457E-1,-6.33667E-1,5.9145052E-2,-1.5341894E-1,7.0189342E0,2.997458E-1,9.915462E0,-1.7399508E-1,3.052442E-1],"categories":[1,2,3,4,5,6,7,8,10,12,13,16,1,1,2,3,4,7,8,5,1,3,8,9,10,12,13,14,15,19,20,21,22,23,24,25,26,27,29,30,31,32,33,34,35,36,37,38,39,40,41,42,43,44,1,3,4,5,1,0,1,2,3,4,5,6,8,9,10,12,13,14,15,16,17,18,19,20,21,22,23,24,25,26,27,28,29,30,31,32,33,34,35,36,37,38,39,40,41,42,43,44,45,46,2,1,2,3,4,5,10,12,13,19,22,23,24,26,27,29,30,31,32,36,37,38,40,41,42,44,0,1,2,3,4,6,7,8,2,4,5,6,7,16,17,18,28,1,1],"categories_nodes":[1,3,4,5,6,8,9,11,14,15,19,20,26,28,29,39],"categories_segments":[0,12,13,19,20,21,54,58,59,104,105,110,130,138,147,148],"categories_sizes":[12,1,6,1,1,33,4,1,45,1,5,20,8,9,1,1],"default_left":[1,0,0,0,0,0,0,0,0,0,1,0,0,0,0,0,0,1,1,0,0,0,0,0,0,0,0,0,0,0,0,0,0,0,1,0,1,1,1,0,0,0,0,0,0,0,1,0,0,0,0,0,0,0,0,0,0,0,0,0,0,0,0,0,0,0,0,0,0,0,0,0,0],"id":0,"left_children":[1,3,5,7,9,11,13,-1,15,17,19,21,23,-1,25,27,29,31,33,35,37,-1,39,41,-1,43,45,-1,47,49,51,-1,53,55,57,-1,59,61,63,65,67,-1,-1,-1,-1,69,71,-1,-1,-1,-1,-1,-1,-1,-1,-1,-1,-1,-1,-1,-1,-1,-1,-1,-1,-1,-1,-1,-1,-1,-1,-1,-1],"loss_changes":[5.7367812E3,3.219375E3,3.826416E2,2.8001719E3,1.2559688E3,1.5729898E2,1.01056366E2,0E0,1.1391763E5,1.5216881E5,5.3303125E2,1.0060057E2,1.6941817E2,0E0,1.466463E3,3.685952E6,1.5409075E4,1.5986484E5,8.3826416E1,7.7996875E2,4.6453906E2,0E0,7.421605E2,7.7348404E1,0E0,8.853485E2,1.3224895E3,0E0,1.8240875E1,2.247832E2,6.936751E4,0E0,7.032341E-1,1.08451645E2,2.8773926E1,0E0,1.0828125E2,4.0907422E2,7.084375E1,1.1295915E2,4.5158905E2,0E0,0E0,0E0,0E0,9.245221E2,1.1075696E2,0E0,0E0,0E0,0E0,0E0,0E0,0E0,0E0,0E0,0E0,0E0,0E0,0E0,0E0,0E0,0E0,0E0,0E0,0E0,0E0,0E0,0E0,0E0,0E0,0E0,0E0],"parents":[2147483647,0,0,1,1,2,2,3,3,4,4,5,5,6,6,8,8,9,9,10,10,11,11,12,12,14,14,15,15,16,16,17,17,18,18,19,19,20,20,22,22,23,23,25,25,26,26,28,28,29,29,30,30,32,32,33,33,34,34,36,36,37,37,38,38,39,39,40,40,45,45,46,46],"right_children":[2,4,6,8,10,12,14,-1,16,18,20,22,24,-1,26,28,30,32,34,36,38,-1,40,42,-1,44,46,-1,48,50,52,-1,54,56,58,-1,60,62,64,66,68,-1,-1,-1,-1,70,72,-1,-1,-1,-1,-1,-1,-1,-1,-1,-1,-1,-1,-1,-1,-1,-1,-1,-1,-1,-1,-1,-1,-1,-1,-1,-1],"split_conditions":[7.43E3,NaN,1.052E4,NaN,NaN,NaN,NaN,-7.0104706E-1,NaN,NaN,4.9E1,NaN,5.5E1,2.4197644E-2,NaN,NaN,5.2E1,1.3E4,9E0,NaN,NaN,-4.8015678E-1,5.8E1,7.443E3,-3.3258057E0,3.7E1,NaN,3.7621213E2,NaN,NaN,2E0,1.13087E2,2E0,1.9E2,2.174E3,-2.045134E0,2.1E4,3.8E1,2E1,NaN,2.1E1,4.0937597E-1,-7.353684E-1,-1.5489077E-2,1.0191321E1,3.2E1,4E1,1.8632534E-1,-7.2741324E-1,-7.0406663E-1,-5.4877025E-1,-5.283262E-1,5.8604702E1,-1.5489077E-2,2.6037067E-1,-4.8928759E-1,-3.6016655E0,-7.153481E-1,-1.3980363E-1,-7.892851E-1,6.657267E-2,-6.775771E-1,-4.0461814E-1,-1.2805676E0,-7.636457E-1,-6.33667E-1,5.9145052E-2,-1.5341894E-1,7.0189342E0,2.997458E-1,9.915462E0,-1.7399508E-1,3.052442E-1],"split_indices":[2,10,2,13,7,15,13,0,9,15,6,13,0,0,9,16,0,4,6,15,9,0,0,2,0,6,7,0,9,13,4,0,5,4,3,0,4,4,0,13,6,0,0,0,0,0,6,0,0,0,0,0,0,0,0,0,0,0,0,0,0,0,0,0,0,0,0,0,0,0,0,0,0],"split_type":[0,1,0,1,1,1,1,0,1,1,0,1,0,0,1,1,0,0,0,1,1,0,0,0,0,0,1,0,1,1,0,0,0,0,0,0,0,0,0,1,0,0,0,0,0,0,0,0,0,0,0,0,0,0,0,0,0,0,0,0,0,0,0,0,0,0,0,0,0,0,0,0,0],"sum_hessian":[5.3497184E4,5.2785125E4,7.120612E2,9.299802E3,4.348532E4,2.3359369E2,4.7846756E2,5.6118887E3,3.6879133E3,6.98431E2,4.278689E4,1.9411307E2,3.948062E1,1.0622168E2,3.7224588E2,7.6376205E1,3.611537E3,3.5250556E0,6.9490594E2,2.9916207E4,1.2870684E4,4.1595657E1,1.5251741E2,3.8305603E1,1.1750185E0,2.350037E0,3.6989584E2,1.4100223E0,7.496619E1,3.600492E3,1.1045175E1,1.1750185E0,2.350037E0,3.7600594E0,6.9114594E2,4.3945694E1,2.9872262E4,5.3331743E3,7.537509E3,1.5016737E2,2.350037E0,5.640089E0,3.2665516E1,1.1750185E0,1.1750185E0,2.8200445E0,3.670758E2,1.645026E0,7.332116E1,2.2010447E3,1.3994471E3,9.870155E0,1.1750185E0,1.1750185E0,1.1750185E0,2.5850408E0,1.1750185E0,6.826858E2,8.460134E0,2.9859102E4,1.3160208E1,4.7759805E3,5.571938E2,2.5145397E1,7.512364E3,2.4440386E1,1.2572698E2,1.1750185E0,1.1750185E0,1.645026E0,1.1750185E0,4.958578E1,3.1749002E2],"tree_param":{"num_deleted":"0","num_feature":"23","num_nodes":"73","size_leaf_vector":"0"}}]},"name":"gbtree"},"learner_model_param":{"base_score":"5E-1","num_class":"0","num_feature":"23","num_target":"1"},"objective":{"name":"reg:squarederror","reg_loss_param":{"scale_pos_weight":"1"}}},"version":[1,6,2]}