{"learner":{"attributes":{"best_ntree_limit":"1"},"feature_names":[],"feature_types":["q","q","q","q","q","q","q","c","c","c","c","c","c","c","c","c","c","c","c","c","c","c","c"],"gradient_booster":{"model":{"gbtree_model_param":{"num_parallel_tree":"1","num_trees":"1","size_leaf_vector":"0"},"tree_info":[0],"trees":[{"base_weights":[-2.3884575E0,-2.4268737E0,4.436096E-1,-1.8978245E0,-2.540053E0,-6.1054105E-1,9.3639725E-1,-2.4734695E0,-1.3893858E0,-1.1526816E0,-2.561802E0,-2.4229817E-1,-2.3558605E0,2.262872E-2,1.1779114E0,-2.4895444E0,-1.876268E-1,-6.863842E-1,-1.9023799E0,3.290652E1,-2.1693637E0,-2.638337E0,-2.3949153E0,-4.601987E-1,1.11419864E-1,-3.3279474E0,-1.7456017E0,1.3974797E1,8.870738E-1,-7.701095E-1,-2.1797843E0,-6.392807E-1,4.1634277E-1,-1.7030435E0,-3.228533E-1,-4.6925893E0,-1.8509593E0,9.143201E1,-1.0365257E0,-1.7930263E0,-2.4080663E0,-2.6304224E0,-3.626963E0,-2.4506834E0,-1.7692822E0,-2.2725695E-1,4.8536754E0,4.0075397E-1,-2.24045E0,-1.4747013E-1,1.1858608E0,1.0535494E1,-7.1745837E-1,3.2010578E-2,-2.5449237E-1,-6.718048E-1,-4.0109372E-1,-3.223832E-1,-1.5387432E-2,-6.111464E0,-7.4460924E-1,-4.1520074E-1,-6.383906E-1,-4.1603395E-1,1.9872709E-1,-5.58736E-1,1.1851947E-1,-7.2941196E-1,-3.3915937E-1,-7.8949547E-1,2.4200415E-2,-5.2717285E0,-7.9094213E-1,-6.812677E-1,-7.7067584E-1,-6.81414E-1,-3.8791925E-1,-6.351477E-1,4.002412E-2,-6.854795E-1,-2.1594276E-1,4.4661126E0,2.3337948E-1],"categories":[1,2,3,4,5,6,7,8,10,12,13,16,1,2,3,4,7,8,5,1,3,8,10,12,13,14,15,16,19,21,22,23,24,25,26,27,29,30,31,32,33,34,35,36,37,38,39,41,42,43,44,1,0,1,2,3,4,5,6,7,8,9,10,11,12,13,14,15,16,17,18,19,20,21,23,24,25,26,27,28,29,30,31,32,33,34,35,36,37,1,10,19,23,24,26,30,31,32,33,34,35,36,37,38,43,44,45,1,3,8,9,10,11,12,13,15,16,18,19,23,24,26,27,29,30,31,32,34,35,36,37,38,41,42,44,9,11,15,1,33,43,10,12,13,14,19,22,23,24,25,26,27,29,30,31,32,34,36,37,38,39,41,42,43,44,1,2,3,4,10,12,13,19,22,23,24,26,27,29,30,31,32,36,37,38,40,41,42,44,1,1,1,0,1,2,3,4,5,6,7,8,9,10,12,13,14,16],"categories_nodes":[1,4,5,6,8,11,14,15,20,28,30,31,34,35,36,42,43,44,45,48,50],"categories_segments":[0,12,18,19,20,51,52,89,90,107,108,135,138,139,141,165,169,189,190,191,192],"categories_sizes":[12,6,1,1,31,1,37,1,17,1,27,3,1,2,24,4,20,1,1,1,15],"default_left":[1,0,0,1,0,0,0,1,0,1,1,0,1,0,0,0,0,1,1,1,0,0,1,0,0,0,0,0,0,0,0,0,0,0,0,0,0,0,0,1,1,1,0,0,0,0,0,0,0,0,0,0,0,0,0,0,0,0,0,0,0,0,0,0,0,0,0,0,0,0,0,0,0,0,0,0,0,0,0,0,0,0,0],"id":0,"left_children":[1,3,5,7,9,11,13,15,17,19,21,23,25,-1,27,29,31,33,35,37,39,41,43,-1,45,-1,47,-1,49,-1,51,53,-1,55,57,59,61,-1,63,65,67,69,71,73,75,77,-1,-1,79,-1,81,-1,-1,-1,-1,-1,-1,-1,-1,-1,-1,-1,-1,-1,-1,-1,-1,-1,-1,-1,-1,-1,-1,-1,-1,-1,-1,-1,-1,-1,-1,-1,-1],"loss_changes":[5.8215312E3,3.155625E3,3.7294064E2,2.720168E3,1.3089375E3,1.4657799E2,1.0156433E2,1.5985547E2,1.7815322E3,2.3371307E4,5.404375E2,8.7062614E1,1.9271982E2,0E0,4.9992607E3,9.8396484E1,2.3337E1,7.708258E2,4.012871E2,1.8086422E5,5.4460693E1,2.2001562E2,4.656172E2,0E0,8.2116724E2,0E0,6.1494644E1,0E0,1.572344E2,0E0,6.983109E3,4.020809E0,0E0,1.0488501E2,3.1405392E2,1.7189924E3,3.6019727E2,0E0,1.1862022E1,3.9907837E1,9.085449E0,9.721875E1,3.135645E3,2.5701562E2,2.6151367E2,1.01240585E2,0E0,0E0,6.1654663E-1,0E0,1.736972E3,0E0,0E0,0E0,0E0,0E0,0E0,0E0,0E0,0E0,0E0,0E0,0E0,0E0,0E0,0E0,0E0,0E0,0E0,0E0,0E0,0E0,0E0,0E0,0E0,0E0,0E0,0E0,0E0,0E0,0E0,0E0,0E0],"parents":[2147483647,0,0,1,1,2,2,3,3,4,4,5,5,6,6,7,7,8,8,9,9,10,10,11,11,12,12,14,14,15,15,16,16,17,17,18,18,19,19,20,20,21,21,22,22,24,24,26,26,28,28,30,30,31,31,33,33,34,34,35,35,36,36,38,38,39,39,40,40,41,41,42,42,43,43,44,44,45,45,48,48,50,50],"right_children":[2,4,6,8,10,12,14,16,18,20,22,24,26,-1,28,30,32,34,36,38,40,42,44,-1,46,-1,48,-1,50,-1,52,54,-1,56,58,60,62,-1,64,66,68,70,72,74,76,78,-1,-1,80,-1,82,-1,-1,-1,-1,-1,-1,-1,-1,-1,-1,-1,-1,-1,-1,-1,-1,-1,-1,-1,-1,-1,-1,-1,-1,-1,-1,-1,-1,-1,-1,-1,-1],"split_conditions":[7.43E3,NaN,1.052E4,4.8E1,NaN,NaN,NaN,1.5E4,NaN,5.2E1,4.6E1,NaN,3.8E1,2.262872E-2,NaN,NaN,4E4,3.3E1,2.5E1,1.825E3,NaN,1.8000002E2,3E1,-4.601987E-1,5.8E1,-3.3279474E0,7.443E3,1.3974797E1,NaN,-7.701095E-1,NaN,NaN,4.1634277E-1,2.9E1,NaN,NaN,NaN,9.143201E1,1.0896E4,1.887E3,1.848E3,2.2E4,NaN,NaN,NaN,NaN,4.8536754E0,4.0075397E-1,NaN,-1.4747013E-1,NaN,1.0535494E1,-7.1745837E-1,3.2010578E-2,-2.5449237E-1,-6.718048E-1,-4.0109372E-1,-3.223832E-1,-1.5387432E-2,-6.111464E0,-7.4460924E-1,-4.1520074E-1,-6.383906E-1,-4.1603395E-1,1.9872709E-1,-5.58736E-1,1.1851947E-1,-7.2941196E-1,-3.3915937E-1,-7.8949547E-1,2.4200415E-2,-5.2717285E0,-7.9094213E-1,-6.812677E-1,-7.7067584E-1,-6.81414E-1,-3.8791925E-1,-6.351477E-1,4.002412E-2,-6.854795E-1,-2.1594276E-1,4.4661126E0,2.3337948E-1],"split_indices":[2,10,2,6,7,15,13,4,9,0,6,13,0,0,16,13,4,0,0,4,9,0,4,0,0,0,2,0,13,0,9,10,0,0,13,8,9,0,4,3,3,4,18,9,13,13,0,0,21,0,10,0,0,0,0,0,0,0,0,0,0,0,0,0,0,0,0,0,0,0,0,0,0,0,0,0,0,0,0,0,0,0,0],"split_type":[0,1,0,0,1,1,1,0,1,0,0,1,0,0,1,1,0,0,0,0,1,0,0,0,0,0,0,0,1,0,1,1,0,0,1,1,1,0,0,0,0,0,1,1,1,1,0,0,1,0,1,0,0,0,0,0,0,0,0,0,0,0,0,0,0,0,0,0,0,0,0,0,0,0,0,0,0,0,0,0,0,0,0],"sum_hessian":[5.3497184E4,5.2781363E4,7.158213E2,9.304737E3,4.3476625E4,2.279536E2,4.878677E2,4.3621387E3,4.942598E3,6.718756E2,4.280475E4,1.89178E2,3.877561E1,1.0716169E2,3.8070602E2,4.3315884E3,3.0550482E1,2.086128E3,2.85647E3,1.8565292E1,6.533103E2,2.9336219E4,1.3468532E4,3.995063E1,1.4922736E2,1.4100223E0,3.736559E1,1.4100223E0,3.79296E2,3.4590195E3,8.725688E2,2.4205381E1,6.3451004E0,5.4849866E2,1.5376293E3,5.005579E1,2.8064143E3,1.1750185E0,1.7390274E1,2.5685907E2,3.9645126E2,2.9106854E4,2.2936362E2,1.2363545E4,1.1049874E3,1.4711232E2,2.1150334E0,4.9350777E0,3.243051E1,6.744607E1,3.118499E2,3.995063E0,8.685737E2,5.4050856E0,1.8800297E1,2.2043349E2,3.280652E2,4.0726144E2,1.1303678E3,5.1700816E0,4.4885708E1,1.0471765E3,1.7592378E3,1.45702305E1,2.8200445E0,2.4910393E2,7.755122E0,3.8846112E2,7.990126E0,2.9093693E4,1.3160208E1,1.4100223E1,2.152634E2,4.912988E3,7.4505576E3,5.3604346E2,5.68944E2,2.279536E1,1.2431696E2,3.1020489E1,1.4100223E0,7.990126E0,3.038598E2],"tree_param":{"num_deleted":"0","num_feature":"23","num_nodes":"83","size_leaf_vector":"0"}}]},"name":"gbtree"},"learner_model_param":{"base_score":"5E-1","num_class":"0","num_feature":"23","num_target":"1"},"objective":{"name":"reg:squarederror","reg_loss_param":{"scale_pos_weight":"1"}}},"version":[1,6,2]}