{"learner":{"attributes":{"best_ntree_limit":"1"},"feature_names":[],"feature_types":["q","q","q","q","q","q","q","c","c","c","c","c","c","c","c","c","c","c","c","c","c","c","c"],"gradient_booster":{"model":{"gbtree_model_param":{"num_parallel_tree":"1","num_trees":"1","size_leaf_vector":"0"},"tree_info":[0],"trees":[{"base_weights":[-2.3884761E0,-2.426685E0,4.2927316E-1,-1.8947246E0,-2.540372E0,-6.2486935E-1,9.290495E-1,-2.4753172E0,-1.3823109E0,-1.1699774E0,-2.5621939E0,-2.923634E-1,-2.337471E0,2.3357106E-2,1.1850674E0,-2.522118E0,-1.7343427E0,-8.444727E-1,-2.0652952E0,2.407295E1,-2.1707537E0,-2.6387239E0,-2.394656E0,-4.5198488E-1,4.749378E-2,-3.018685E0,-1.6458187E0,9.6336216E-1,1.0489353E1,-2.58093E0,-2.244963E0,-1.8397857E0,7.5940603E-1,-1.7893869E0,-4.7822276E-1,-6.511609E0,-2.0068464E0,-6.8972147E-1,8.542642E1,-2.293305E0,-1.3909378E0,-1.2827575E1,-2.6318102E0,-2.4516537E0,-1.7655125E0,4.723143E0,-2.270373E-1,4.1634277E-1,-2.352537E0,-1.87776E0,1.059183E0,-7.829427E-1,-7.234835E-1,-6.8501544E-1,-8.637412E-2,-6.58182E-1,-4.0535533E-1,-2.3641117E-2,4.0937597E-1,-6.8243873E-1,-4.220868E-1,-3.861946E-1,-4.9339093E-2,-8.736664E0,-7.6249176E-1,-6.2209934E-1,-2.2910248E-1,-6.979919E-1,-2.3256356E-1,-2.932191E-1,-6.3282776E-1,-7.8989846E-1,-1.0007142E-2,-6.826739E-1,-7.7228814E-1,-6.8068546E-1,-3.8745606E-1,2.253382E0,-1.1609528E-1,-7.309459E-1,-3.2192546E-1,-6.4518154E-1,1.2244079E-1,3.9309782E-1,1.0758499E-1],"categories":[1,2,3,4,5,6,7,8,10,12,13,16,1,2,3,4,7,8,5,1,8,10,12,13,14,19,21,22,23,24,25,26,27,29,30,31,32,33,34,36,37,38,39,41,42,43,44,1,1,2,3,4,5,0,1,2,3,5,6,7,8,9,10,12,13,14,15,16,17,18,19,20,21,22,23,24,25,26,27,28,29,30,31,32,33,34,35,36,37,38,39,40,41,42,43,44,45,46,1,1,1,26,19,23,24,26,29,32,34,35,38,43,10,13,19,22,23,24,26,27,29,30,31,32,36,37,38,40,41,42,44,1,1,3,4,6,7,0,5,8,9,10,12,13,14,20,21,22,23,24,25,26,27,29,30,31,33,34,36,37,38,39,40,41,44,45,46],"categories_nodes":[1,4,5,6,8,11,21,24,29,31,34,35,40,43,44,46,50],"categories_segments":[0,12,18,19,20,47,48,53,98,99,100,101,102,112,131,132,137],"categories_sizes":[12,6,1,1,27,1,5,45,1,1,1,1,10,19,1,5,30],"default_left":[1,0,0,1,0,0,0,1,0,1,1,0,1,0,0,1,0,1,1,0,1,0,1,0,0,0,0,1,0,0,1,0,0,0,0,0,1,0,0,1,0,0,1,0,0,0,0,0,0,1,0,0,0,0,0,0,0,0,0,0,0,0,0,0,0,0,0,0,0,0,0,0,0,0,0,0,0,0,0,0,0,0,0,0,0],"id":0,"left_children":[1,3,5,7,9,11,13,15,17,19,21,23,25,-1,27,29,31,33,35,37,39,41,43,-1,45,-1,47,49,-1,51,53,55,57,59,61,63,65,-1,-1,67,69,-1,71,73,75,-1,77,-1,79,81,83,-1,-1,-1,-1,-1,-1,-1,-1,-1,-1,-1,-1,-1,-1,-1,-1,-1,-1,-1,-1,-1,-1,-1,-1,-1,-1,-1,-1,-1,-1,-1,-1,-1,-1],"loss_changes":[5.760875E3,3.1872812E3,3.7810358E2,2.7627617E3,1.2974375E3,1.308987E2,1.059299E2,1.4674414E2,1.8133496E3,1.731795E4,5.425E2,8.03954E1,1.8339984E2,0E0,2.7668645E3,6.098242E1,7.031311E1,9.564055E2,5.524863E2,1.803966E5,5.9722656E1,8.0345E3,4.7734375E2,0E0,6.630751E2,0E0,7.947167E1,1.03409E2,0E0,1.0199219E1,5.384375E1,4.0598267E1,5.8600383E0,1.401626E2,5.061812E2,2.420545E3,1.7695898E2,0E0,0E0,2.690747E1,2.5257751E1,0E0,9.03125E1,2.6003906E2,2.6418335E2,0E0,1.9030037E2,0E0,5.218506E-1,8.683399E0,6.3049805E1,0E0,0E0,0E0,0E0,0E0,0E0,0E0,0E0,0E0,0E0,0E0,0E0,0E0,0E0,0E0,0E0,0E0,0E0,0E0,0E0,0E0,0E0,0E0,0E0,0E0,0E0,0E0,0E0,0E0,0E0,0E0,0E0,0E0,0E0],"parents":[2147483647,0,0,1,1,2,2,3,3,4,4,5,5,6,6,7,7,8,8,9,9,10,10,11,11,12,12,14,14,15,15,16,16,17,17,18,18,19,19,20,20,21,21,22,22,24,24,26,26,27,27,29,29,30,30,31,31,32,32,33,33,34,34,35,35,36,36,39,39,40,40,42,42,43,43,44,44,46,46,48,48,49,49,50,50],"right_children":[2,4,6,8,10,12,14,16,18,20,22,24,26,-1,28,30,32,34,36,38,40,42,44,-1,46,-1,48,50,-1,52,54,56,58,60,62,64,66,-1,-1,68,70,-1,72,74,76,-1,78,-1,80,82,84,-1,-1,-1,-1,-1,-1,-1,-1,-1,-1,-1,-1,-1,-1,-1,-1,-1,-1,-1,-1,-1,-1,-1,-1,-1,-1,-1,-1,-1,-1,-1,-1,-1,-1],"split_conditions":[7.43E3,NaN,1.052E4,4.8E1,NaN,NaN,NaN,1.25E3,NaN,5.2E1,4.6E1,NaN,3E0,2.3357106E-2,5.7E1,2.6E1,2.72E4,3.3E1,2.5E1,2E1,2E0,NaN,2.7E1,-4.5198488E-1,NaN,-3.018685E0,7.443E3,1.6E1,1.0489353E1,NaN,1.902E3,NaN,4E4,2.9E1,NaN,NaN,1.2E3,-6.8972147E-1,8.542642E1,1.887E3,NaN,-1.2827575E1,2.1E4,NaN,NaN,4.723143E0,NaN,4.1634277E-1,9.562E3,8E3,NaN,-7.829427E-1,-7.234835E-1,-6.8501544E-1,-8.637412E-2,-6.58182E-1,-4.0535533E-1,-2.3641117E-2,4.0937597E-1,-6.8243873E-1,-4.220868E-1,-3.861946E-1,-4.9339093E-2,-8.736664E0,-7.6249176E-1,-6.2209934E-1,-2.2910248E-1,-6.979919E-1,-2.3256356E-1,-2.932191E-1,-6.3282776E-1,-7.8989846E-1,-1.0007142E-2,-6.826739E-1,-7.7228814E-1,-6.8068546E-1,-3.8745606E-1,2.253382E0,-1.1609528E-1,-7.309459E-1,-3.2192546E-1,-6.4518154E-1,1.2244079E-1,3.9309782E-1,1.0758499E-1],"split_indices":[2,10,2,6,7,15,13,4,9,0,6,13,5,0,0,6,4,0,0,4,5,15,4,0,9,0,2,6,0,13,3,13,4,0,13,9,4,0,0,3,9,0,4,9,13,0,7,0,2,4,9,0,0,0,0,0,0,0,0,0,0,0,0,0,0,0,0,0,0,0,0,0,0,0,0,0,0,0,0,0,0,0,0,0,0],"split_type":[0,1,0,0,1,1,1,0,1,0,0,1,0,0,0,0,0,0,0,0,0,1,0,0,1,0,0,0,0,1,0,1,0,0,1,1,0,0,0,0,1,0,0,1,1,0,1,0,0,0,1,0,0,0,0,0,0,0,0,0,0,0,0,0,0,0,0,0,0,0,0,0,0,0,0,0,0,0,0,0,0,0,0,0,0],"sum_hessian":[5.3497184E4,5.2781598E4,7.155863E2,9.296981E3,4.3484617E4,2.3006863E2,4.8551767E2,4.356734E3,4.940248E3,6.8245074E2,4.2802164E4,1.9364305E2,3.6425575E1,1.1256678E2,3.729509E2,4.0956448E3,2.610891E2,2.7650537E3,2.1751943E3,2.5145397E1,6.5730536E2,2.9370998E4,1.3431167E4,4.1595657E1,1.520474E2,1.8800297E0,3.4545544E1,3.7154086E2,1.4100223E0,3.3718333E3,7.238114E2,2.5074896E2,1.0340163E1,7.7128217E2,1.9937715E3,2.6790422E1,2.1484038E3,2.3735374E1,1.4100223E0,5.6635895E2,9.0946434E1,3.995063E0,2.9367004E4,1.2312784E4,1.1183827E3,1.645026E0,1.5040237E2,6.3451004E0,2.8200445E1,1.1515182E1,3.600257E2,2.8682202E3,5.0361295E2,7.097112E2,1.4100223E1,1.4335226E2,1.073967E2,4.700074E0,5.640089E0,3.3770032E2,4.3358185E2,5.562538E2,1.4375177E3,3.0550482E0,2.3735374E1,2.0381871E3,1.1021674E2,5.5366876E2,1.2690201E1,5.9220936E1,3.17255E1,2.9353607E4,1.3395211E1,5.063155E3,7.2496294E3,5.4050854E2,5.7787415E2,2.1150334E0,1.4828734E2,2.5615404E1,2.5850408E0,1.0340163E1,1.1750185E0,2.6437918E2,9.564651E1],"tree_param":{"num_deleted":"0","num_feature":"23","num_nodes":"85","size_leaf_vector":"0"}}]},"name":"gbtree"},"learner_model_param":{"base_score":"5E-1","num_class":"0","num_feature":"23","num_target":"1"},"objective":{"name":"reg:squarederror","reg_loss_param":{"scale_pos_weight":"1"}}},"version":[1,6,2]}