{"learner":{"attributes":{"best_ntree_limit":"1"},"feature_names":[],"feature_types":["q","q","q","q","q","q","q","c","c","c","c","c","c","c","c","c","c","c","c","c","c","c","c"],"gradient_booster":{"model":{"gbtree_model_param":{"num_parallel_tree":"1","num_trees":"1","size_leaf_vector":"0"},"tree_info":[0],"trees":[{"base_weights":[-2.3884585E0,-2.4264586E0,4.3172145E-1,-1.8988996E0,-2.5392473E0,-6.439692E-1,9.4878024E-1,-2.4776502E0,-1.386995E0,-1.169343E0,-2.5610077E0,-2.9013255E-1,-2.3325872E0,3.8400907E-2,1.2003342E0,-2.4983985E0,-8.705854E-1,-8.511951E-1,-2.0647995E0,3.5722984E1,-2.1753166E0,-2.635971E0,-2.386525E0,-4.6965647E-1,7.626804E-2,-2.9894469E0,-1.7456017E0,1.6851538E1,8.8978285E-1,-2.5651314E0,-2.1837196E0,-1.1417341E0,4.0937597E-1,-1.807515E0,-4.7934324E-1,-5.8372374E0,-2.0097077E0,-7.478199E-1,9.529405E1,-1.6052147E0,-2.3453596E0,-2.0992658E0,-2.6294956E0,-2.1580977E0,-2.5478415E0,-2.3671585E-1,6.4672146E0,3.9740604E-1,-2.2135959E0,1.6122305E1,4.9339768E-1,-1.5403679E-1,1.2112403E0,-7.813188E-1,-7.078738E-1,-6.668289E-1,-6.102294E-2,-1.0463228E-1,-4.253223E-1,-6.846514E-1,-4.2597014E-1,-3.8128307E-1,-5.248677E-2,-7.240366E-1,-9.35948E0,-6.2248945E-1,-2.4722062E-1,-5.071061E-1,2.4911317E-1,-7.1234214E-1,-2.9964826E-1,-7.892276E-1,1.2962171E-2,-6.7615145E-1,-3.9935836E-1,-1.4727522E0,-7.623194E-1,-6.351401E-1,4.5569208E-2,-6.7782485E-1,-1.5341894E-1,3.8070855E-1,-4.2927867E-1,4.064598E0,2.3046933E-1],"categories":[1,2,3,4,5,6,7,8,10,12,13,16,1,2,3,4,7,8,5,1,8,10,12,13,14,19,21,22,23,24,25,26,27,29,30,31,32,33,34,36,37,38,39,40,41,42,43,44,1,0,1,2,3,4,5,6,7,8,9,10,11,12,13,14,15,16,17,18,19,20,21,23,24,25,26,27,28,29,30,31,32,33,34,36,37,6,1,2,3,4,5,10,12,13,19,22,23,24,26,27,29,30,31,32,36,37,38,40,41,42,44,0,1,2,3,5,6,7,13,31,1,1,9,15,1,1,0,1,2,3,4,5,6,7,8,9,10,12,13,14,16],"categories_nodes":[1,4,5,6,8,11,14,20,21,22,27,28,29,31,34,45,52],"categories_segments":[0,12,18,19,20,48,49,85,86,91,111,120,121,122,124,125,126],"categories_sizes":[12,6,1,1,28,1,36,1,5,20,9,1,1,2,1,1,15],"default_left":[1,0,0,1,0,0,0,1,0,1,1,0,1,0,0,1,0,1,1,0,0,0,0,0,0,0,0,0,0,0,1,0,0,0,0,0,1,0,0,1,1,0,1,1,1,0,0,0,0,0,0,0,0,0,0,0,0,0,0,0,0,0,0,0,0,0,0,0,0,0,0,0,0,0,0,0,0,0,0,0,0,0,0,0,0],"id":0,"left_children":[1,3,5,7,9,11,13,15,17,19,21,23,25,-1,27,29,31,33,35,37,39,41,43,-1,45,-1,47,49,51,53,55,57,-1,59,61,63,65,-1,-1,67,69,-1,71,73,75,77,-1,-1,79,-1,81,-1,83,-1,-1,-1,-1,-1,-1,-1,-1,-1,-1,-1,-1,-1,-1,-1,-1,-1,-1,-1,-1,-1,-1,-1,-1,-1,-1,-1,-1,-1,-1,-1,-1],"loss_changes":[5.7343125E3,3.1361562E3,3.9668948E2,2.7523477E3,1.2933438E3,1.3780681E2,9.923004E1,1.4335547E2,1.7916338E3,2.5381367E4,5.535625E2,9.01982E1,1.6185345E2,0E0,1.775181E3,8.487305E1,3.620418E1,9.805116E2,4.4123145E2,1.9639528E5,6.0667725E1,8.269844E2,4.6891406E2,0E0,1.0182779E3,0E0,5.8058975E1,4.2640234E3,1.6400403E2,2.2498047E1,5.835034E1,1.0782585E1,0E0,1.3884692E2,4.7889514E2,2.6030361E3,1.6461035E2,0E0,0E0,3.3724884E1,1.7613281E1,0E0,1.01E2,4.1938867E2,1.0819141E2,1.09585815E2,0E0,0E0,1.4702759E0,0E0,1.0674389E1,0E0,1.6018842E3,0E0,0E0,0E0,0E0,0E0,0E0,0E0,0E0,0E0,0E0,0E0,0E0,0E0,0E0,0E0,0E0,0E0,0E0,0E0,0E0,0E0,0E0,0E0,0E0,0E0,0E0,0E0,0E0,0E0,0E0,0E0,0E0],"parents":[2147483647,0,0,1,1,2,2,3,3,4,4,5,5,6,6,7,7,8,8,9,9,10,10,11,11,12,12,14,14,15,15,16,16,17,17,18,18,19,19,20,20,21,21,22,22,24,24,26,26,27,27,28,28,29,29,30,30,31,31,33,33,34,34,35,35,36,36,39,39,40,40,42,42,43,43,44,44,45,45,48,48,50,50,52,52],"right_children":[2,4,6,8,10,12,14,16,18,20,22,24,26,-1,28,30,32,34,36,38,40,42,44,-1,46,-1,48,50,52,54,56,58,-1,60,62,64,66,-1,-1,68,70,-1,72,74,76,78,-1,-1,80,-1,82,-1,84,-1,-1,-1,-1,-1,-1,-1,-1,-1,-1,-1,-1,-1,-1,-1,-1,-1,-1,-1,-1,-1,-1,-1,-1,-1,-1,-1,-1,-1,-1,-1,-1],"split_conditions":[7.43E3,NaN,1.052E4,4.8E1,NaN,NaN,NaN,1E4,NaN,5.2E1,4.9E1,NaN,3.9E1,3.8400907E-2,NaN,2.6E1,4E4,3.3E1,2.5E1,6E0,NaN,NaN,NaN,-4.6965647E-1,5.8E1,-2.9894469E0,7.443E3,NaN,NaN,NaN,1.902E3,NaN,4.0937597E-1,2.9E1,NaN,3E0,1.2E3,-7.478199E-1,9.529405E1,1.902E3,1.887E3,-2.0992658E0,2.0897E4,4.5E1,2E1,NaN,6.4672146E0,3.9740604E-1,8.5E1,1.6122305E1,4.9E1,-1.5403679E-1,NaN,-7.813188E-1,-7.078738E-1,-6.668289E-1,-6.102294E-2,-1.0463228E-1,-4.253223E-1,-6.846514E-1,-4.2597014E-1,-3.8128307E-1,-5.248677E-2,-7.240366E-1,-9.35948E0,-6.2248945E-1,-2.4722062E-1,-5.071061E-1,2.4911317E-1,-7.1234214E-1,-2.9964826E-1,-7.892276E-1,1.2962171E-2,-6.7615145E-1,-3.9935836E-1,-1.4727522E0,-7.623194E-1,-6.351401E-1,4.5569208E-2,-6.7782485E-1,-1.5341894E-1,3.8070855E-1,-4.2927867E-1,4.064598E0,2.3046933E-1],"split_indices":[2,10,2,6,7,15,13,4,9,0,6,13,0,0,16,6,4,0,0,6,7,15,9,0,0,0,2,8,13,13,3,10,0,0,13,5,4,0,0,3,3,0,4,4,0,13,0,0,0,0,6,0,10,0,0,0,0,0,0,0,0,0,0,0,0,0,0,0,0,0,0,0,0,0,0,0,0,0,0,0,0,0,0,0,0],"split_type":[0,1,0,0,1,1,1,0,1,0,0,1,0,0,1,0,0,0,0,0,1,1,1,0,0,0,0,1,1,1,0,1,0,0,1,0,0,0,0,0,0,0,0,0,0,1,0,0,0,0,0,0,1,0,0,0,0,0,0,0,0,0,0,0,0,0,0,0,0,0,0,0,0,0,0,0,0,0,0,0,0,0,0,0,0],"sum_hessian":[5.3497418E4,5.2786297E4,7.111212E2,9.300742E3,4.3485555E4,2.3077364E2,4.803476E2,4.363549E3,4.937193E3,6.808057E2,4.280475E4,1.9176303E2,3.9010616E1,1.1303678E2,3.673108E2,4.307383E3,5.6165886E1,2.7587085E3,2.1784844E3,1.7155272E1,6.6365045E2,2.9931248E4,1.2873503E4,4.2065662E1,1.4969736E2,1.645026E0,3.736559E1,6.1100965E0,3.612007E2,3.547851E3,7.59532E2,5.05258E1,5.640089E0,7.7128217E2,1.9874264E3,2.984547E1,2.148639E3,1.5980252E1,1.1750185E0,1.5486745E2,5.0878302E2,4.2770676E1,2.9888477E4,5.334349E3,7.539154E3,1.4852234E2,1.1750185E0,4.700074E0,3.2665516E1,1.1750185E0,4.9350777E0,6.721106E1,2.9398965E2,2.9690369E3,5.7881415E2,7.4472675E2,1.4805234E1,1.3630215E1,3.6895584E1,3.4451544E2,4.2676672E2,5.510837E2,1.4363427E3,2.726043E1,2.5850408E0,2.0358372E3,1.1280178E2,1.4993237E2,4.9350777E0,4.9726785E2,1.1515182E1,2.9874377E4,1.4100223E1,4.7792705E3,5.5507874E2,1.9505308E1,7.519649E3,2.467539E1,1.23846954E2,3.1490498E1,1.1750185E0,3.7600594E0,1.1750185E0,9.165145E0,2.848245E2],"tree_param":{"num_deleted":"0","num_feature":"23","num_nodes":"85","size_leaf_vector":"0"}}]},"name":"gbtree"},"learner_model_param":{"base_score":"5E-1","num_class":"0","num_feature":"23","num_target":"1"},"objective":{"name":"reg:squarederror","reg_loss_param":{"scale_pos_weight":"1"}}},"version":[1,6,2]}