{"learner":{"attributes":{"best_ntree_limit":"6"},"feature_names":[],"feature_types":["q","q","c","c","c","c","c","c","c"],"gradient_booster":{"model":{"gbtree_model_param":{"num_parallel_tree":"1","num_trees":"6","size_leaf_vector":"0"},"tree_info":[0,0,0,0,0,0],"trees":[{"base_weights":[2.4355647E-1,4.7899443E-1,-1.2418024E-1,-3.436321E-1,5.0097054E-1,-1.3323157E0,4.0308085E-1,3.2861686E-1,-6.813985E-1,1.2851539E-1,7.5295734E-1,-1.59068775E1,-1.9434404E-2,4.3124404E0,1.5000676E-1,6.8237275E-1,-4.5235026E-1,-5.451379E-1,-1.955347E0,6.7081416E-1,7.04585E-1,-5.6526955E1,-3.95772E-2,-5.4532564E-1,6.568047E-2,-3.659277E-1,1.5682142E1,-2.0364563E-1,3.5491276E-1,8.798747E-1,-2.3627426E-1,-6.1664995E-2,-2.913488E-1,3.4334776E-1,-6.575577E-1,-8.383437E-1,-9.146257E-2,-8.723769E-1,7.426268E-1,2.3265404E-1,-5.279628E-1,3.5980853E-1,-3.3038464E-1,-1.1525771E-1,-9.943467E-1,3.5917126E1,-6.463184E-1,6.058696E0,9.50241E-2,3.0718577E-1,2.117185E-3,1.2244079E-1,-2.1594276E-1,-5.7989832E-2,2.3093164E-1,-4.0560654E-1,-1.6941607E-1,-1.0395387E0,-3.1553168E-2,2.4273725E-1,1.2554716E-1,1.8244484E-1,-1.8005693E-2,1.09119736E-1,-4.051554E-2,-1.5382239E0,1.6350161E-2,6.2077213E-2,-2.4836181E-1,-4.4904628E-1,-1.3690919E-1,1.4189313E1,3.831733E-2,-1.970077E-3,-4.5535818E-1,-6.990719E-2,1.1470533E1,-3.3920183E0,5.3080987E-2],"categories":[2,3,3,0,1,2,3,5,6,10,11,0,1,2,3,4,5,6,7,8,9,0,2,3,0,1,2,3,4,5,6,10,11,12,0,1,2,3,4,5,6,7,8,9,10,11,12,0,1,2,3,4,5,6,7,8,9,10,11,12,3,4,0,1,2,3,4,5,6,7,1,3,4,5,2,3,0,3,5,6,7,8,9,10,11,12,1,12,0,1,2,3,4,5,6,7,8,9,1,3,0,1,2,0,1,3,5,7,8,9,0,1,2,3,4,5,9,3,2,3,4,7,0,1,2,3,4,5,6,7,8],"categories_nodes":[0,2,3,4,5,6,10,12,14,15,16,17,24,25,28,29,30,34,37,38,39,41,43,44,45,46,48],"categories_segments":[0,2,3,11,21,24,34,47,60,61,62,70,74,75,76,86,87,88,98,100,103,110,116,117,118,119,122],"categories_sizes":[2,1,8,10,3,10,13,13,1,1,8,4,1,1,10,1,1,10,2,3,7,6,1,1,1,3,9],"default_left":[0,0,0,0,0,0,0,0,0,0,0,1,0,0,0,0,0,0,1,0,1,0,1,0,0,0,1,0,0,0,0,0,0,1,0,0,0,0,0,0,0,0,1,0,0,0,0,0,0,0,0,0,0,0,0,0,0,0,0,0,0,0,0,0,0,0,0,0,0,0,0,0,0,0,0,0,0,0,0],"id":0,"left_children":[1,3,5,7,9,11,13,15,17,-1,19,21,23,25,27,29,31,33,35,-1,37,-1,39,-1,41,43,45,-1,47,49,51,-1,-1,53,55,-1,-1,57,59,61,-1,63,65,67,69,71,73,75,77,-1,-1,-1,-1,-1,-1,-1,-1,-1,-1,-1,-1,-1,-1,-1,-1,-1,-1,-1,-1,-1,-1,-1,-1,-1,-1,-1,-1,-1,-1],"loss_changes":[3.5112195E2,4.486664E1,1.0092405E3,1.4965088E1,4.3728333E1,9.210118E3,1.09078E3,6.493108E0,6.4913807E0,0E0,3.6969116E1,1.0887302E5,6.786103E1,3.571496E3,1.7637831E2,3.0755086E0,7.709571E-1,4.2925863E0,4.438654E0,0E0,3.1948944E1,0E0,1.793655E1,0E0,4.9458294E1,7.5207863E0,6.487707E3,0E0,1.2330466E3,1.6552601E0,1.4108602E0,0E0,0E0,1.3456421E0,1.5887947E0,0E0,0E0,2.499769E1,1.0654419E1,3.6845999E0,0E0,5.2199364E-1,3.3448438E2,8.386218E0,3.0176725E0,3.559956E3,6.5750327E0,7.3476533E3,7.463161E2,0E0,0E0,0E0,0E0,0E0,0E0,0E0,0E0,0E0,0E0,0E0,0E0,0E0,0E0,0E0,0E0,0E0,0E0,0E0,0E0,0E0,0E0,0E0,0E0,0E0,0E0,0E0,0E0,0E0,0E0],"parents":[2147483647,0,0,1,1,2,2,3,3,4,4,5,5,6,6,7,7,8,8,10,10,11,11,12,12,13,13,14,14,15,15,16,16,17,17,18,18,20,20,22,22,24,24,25,25,26,26,28,28,29,29,30,30,33,33,34,34,37,37,38,38,39,39,41,41,42,42,43,43,44,44,45,45,46,46,47,47,48,48],"right_children":[2,4,6,8,10,12,14,16,18,-1,20,22,24,26,28,30,32,34,36,-1,38,-1,40,-1,42,44,46,-1,48,50,52,-1,-1,54,56,-1,-1,58,60,62,-1,64,66,68,70,72,74,76,78,-1,-1,-1,-1,-1,-1,-1,-1,-1,-1,-1,-1,-1,-1,-1,-1,-1,-1,-1,-1,-1,-1,-1,-1,-1,-1,-1,-1,-1,-1],"split_conditions":[NaN,4E0,NaN,NaN,NaN,NaN,NaN,2E0,1.3E2,1.2851539E-1,NaN,1.6E2,NaN,6E0,NaN,NaN,NaN,NaN,2.1E2,6.7081416E-1,4E1,-5.6526955E1,2E0,-5.4532564E-1,NaN,NaN,1.3E2,-2.0364563E-1,NaN,NaN,NaN,-6.1664995E-2,-2.913488E-1,6E1,NaN,-8.383437E-1,-9.146257E-2,NaN,NaN,NaN,-5.279628E-1,NaN,7E1,NaN,NaN,NaN,NaN,2E0,NaN,3.0718577E-1,2.117185E-3,1.2244079E-1,-2.1594276E-1,-5.7989832E-2,2.3093164E-1,-4.0560654E-1,-1.6941607E-1,-1.0395387E0,-3.1553168E-2,2.4273725E-1,1.2554716E-1,1.8244484E-1,-1.8005693E-2,1.09119736E-1,-4.051554E-2,-1.5382239E0,1.6350161E-2,6.2077213E-2,-2.4836181E-1,-4.4904628E-1,-1.3690919E-1,1.4189313E1,3.831733E-2,-1.970077E-3,-4.5535818E-1,-6.990719E-2,1.1470533E1,-3.3920183E0,5.3080987E-2],"split_indices":[5,0,3,4,6,2,4,0,1,0,4,1,4,0,3,6,6,2,1,0,1,0,0,0,5,2,1,0,4,3,4,0,0,1,6,0,0,6,6,6,0,4,1,4,3,7,6,0,6,0,0,0,0,0,0,0,0,0,0,0,0,0,0,0,0,0,0,0,0,0,0,0,0,0,0,0,0,0,0],"split_type":[1,0,1,1,1,1,1,0,0,0,1,0,1,0,1,1,1,1,0,0,0,0,0,0,1,1,0,0,1,1,1,0,0,0,1,0,0,1,1,1,0,1,0,1,1,1,1,0,1,0,0,0,0,0,0,0,0,0,0,0,0,0,0,0,0,0,0,0,0,0,0,0,0,0,0,0,0,0,0],"sum_hessian":[4.053814E3,2.471299E3,1.582515E3,6.392101E1,2.407378E3,4.803476E2,1.1021674E3,2.1385338E1,4.253567E1,1.8710995E3,5.3627844E2,3.877561E1,4.4157196E2,6.603604E1,1.0361313E3,1.4805234E1,6.580104E0,3.9715626E1,2.8200445E0,1.5510244E1,5.2076825E2,2.350037E0,3.6425575E1,1.9035301E1,4.2253668E2,4.747075E1,1.8565292E1,2.0492323E2,8.312081E2,1.2220193E1,2.5850408E0,5.4050856E0,1.1750185E0,4.230067E0,3.548556E1,1.4100223E0,1.4100223E0,1.1750185E1,5.0901804E2,3.2195507E1,4.230067E0,2.4252383E2,1.8001285E2,3.478055E1,1.2690201E1,7.755122E0,1.0810171E1,3.5250557E1,7.959576E2,1.0340163E1,1.8800297E0,1.1750185E0,1.4100223E0,2.1150334E0,2.1150334E0,2.5850408E0,3.290052E1,1.8800297E0,9.870155E0,4.2112665E2,8.789139E1,1.3630215E1,1.8565292E1,2.408788E2,1.645026E0,1.2455196E1,1.6755765E2,2.4440386E1,1.0340163E1,5.640089E0,7.0501113E0,5.640089E0,2.1150334E0,6.8151073E0,3.995063E0,3.031548E1,4.9350777E0,4.700074E0,7.912575E2],"tree_param":{"num_deleted":"0","num_feature":"9","num_nodes":"79","size_leaf_vector":"0"}},{"base_weights":[1.9266928E0,1.0013229E0,6.5555425E0,1.2114309E-1,4.663423E0,9.375588E1,2.5866778E0,2.195099E-1,-4.049263E0,7.128946E1,3.7155373E0,1.8365227E2,3.1406245E-1,3.8332962E1,1.8824861E0,-2.9311352E-3,4.1745734E-1,-1.5078515E1,4.3032218E-2,5.945456E0,2.6812693E1,1.2523389E1,9.664492E-1,-1.5227726E-1,1.5383741E0,2.0849205E1,2.4743633E0,-4.334629E-1,5.565536E0,2.2707598E0,2.9995915E-1,2.993275E-1,-3.5316906E0,5.3111904E1,6.428381E-1,1.5392296E0,-1.527583E-1,1.810023E0,-5.1085895E-1,7.0824684E1,1.233393E0,2.1388578E0,4.330171E-1,1.7018786E-1,-2.6497897E-2,1.2754968E-1,-2.9590156E0,3.392786E1,-2.1205722E-1,3.0332546E0,-7.2711494E1,5.8699113E-1,3.4487993E-1,4.2272773E-2,-2.2768411E-1,-2.292609E-3,-3.3072925E-1,9.709101E1,-8.614998E-2,-4.4311082E-1,1.3321191E0],"categories":[1,2,0,1,2,3,4,1,2,4,0,1,2,3,4,5,0,1,2,3,4,5,6,7,8,9,0,1,2,3,4,5,6,7,8,9,10,11,12,0,2,3,6,1,0,1,2,3,4,5,1,0,1,2,3,4,5,6,7,8,1,2,4,0,1,3,4,5,0,3,6,10,0,1,2,4,5,6,7,8,9,12,2,3,0,1,2,3,4,0,2,3,1,1],"categories_nodes":[0,1,2,3,4,7,9,10,12,13,14,16,18,21,24,28,29,30,35,36,38,40],"categories_segments":[0,1,2,7,10,16,26,39,43,44,50,51,60,63,67,68,72,82,84,89,92,93],"categories_sizes":[1,1,5,3,6,10,13,4,1,6,1,9,3,4,1,4,10,2,5,3,1,1],"default_left":[0,0,0,0,0,1,0,0,1,0,0,0,0,0,0,0,0,0,0,0,0,0,0,0,0,0,0,0,0,0,0,0,0,1,0,0,0,0,0,1,0,0,0,0,0,0,0,0,0,0,0,0,0,0,0,0,0,0,0,0,0],"id":1,"left_children":[1,3,5,7,9,11,13,15,17,19,21,-1,23,25,27,-1,29,-1,31,-1,-1,33,35,-1,37,-1,-1,-1,39,41,43,-1,45,47,49,51,53,-1,55,57,59,-1,-1,-1,-1,-1,-1,-1,-1,-1,-1,-1,-1,-1,-1,-1,-1,-1,-1,-1,-1],"loss_changes":[9.893227E3,6.211775E3,1.3295953E5,6.3874646E2,2.3319264E4,8.100785E5,9.220277E3,6.898991E1,6.7878086E3,3.0540586E3,8.928897E3,0E0,1.6043983E1,6.0649746E3,4.4574585E3,0E0,1.769586E2,0E0,1.1942955E2,0E0,0E0,4.2281344E4,1.8133682E2,0E0,6.1495255E1,0E0,0E0,0E0,4.8689668E4,1.846109E2,7.979868E1,0E0,1.8905675E2,6.418201E4,1.6096858E5,2.8156677E1,1.7293547E1,0E0,1.5626678E0,1.928638E5,1.4217606E3,0E0,0E0,0E0,0E0,0E0,0E0,0E0,0E0,0E0,0E0,0E0,0E0,0E0,0E0,0E0,0E0,0E0,0E0,0E0,0E0],"parents":[2147483647,0,0,1,1,2,2,3,3,4,4,5,5,6,6,7,7,8,8,9,9,10,10,12,12,13,13,14,14,16,16,18,18,21,21,22,22,24,24,28,28,29,29,30,30,32,32,33,33,34,34,35,35,36,36,38,38,39,39,40,40],"right_children":[2,4,6,8,10,12,14,16,18,20,22,-1,24,26,28,-1,30,-1,32,-1,-1,34,36,-1,38,-1,-1,-1,40,42,44,-1,46,48,50,52,54,-1,56,58,60,-1,-1,-1,-1,-1,-1,-1,-1,-1,-1,-1,-1,-1,-1,-1,-1,-1,-1,-1,-1],