{"learner":{"attributes":{"best_ntree_limit":"6"},"feature_names":[],"feature_types":["q","q","c","c","c","c","c","c","c"],"gradient_booster":{"model":{"gbtree_model_param":{"num_parallel_tree":"1","num_trees":"6","size_leaf_vector":"0"},"tree_info":[0,0,0,0,0,0],"trees":[{"base_weights":[2.4323083E-1,4.9317014E-1,-1.4758459E-1,-3.0590275E-1,5.1457715E-1,-4.0451975E0,5.725351E-2,8.4237374E-2,-7.0645624E-1,1.3281468E-1,7.656627E-1,-3.2201305E1,2.1892606E-1,3.8015342E0,-6.736165E-2,3.2115975E-1,-6.3290477E-1,-5.2039E-1,-6.4697134E-1,7.582867E-1,7.188006E-1,-3.8603462E1,6.2350255E-1,9.5483327E-1,-5.488422E-3,2.0828846E1,1.3249691E-2,6.6715627E0,-1.0253749E-1,7.188144E-1,8.182373E-2,-8.760536E-2,-3.469113E-1,1.564181E-1,-6.6041666E-1,7.6552504E-1,1.5096007E-1,2.661995E-1,-6.70421E-2,1.0781236E0,2.117185E-3,2.1399939E-1,-8.7938875E-1,2.8567734E-1,-1.203999E0,5.210397E0,9.663259E-2,5.8884013E-2,-3.8991785E-1,2.996452E-1,-5.7989832E-2,1.9163524E-1,-3.534218E-2,-1.9921513E-1,2.6384196E-1,-2.6517943E-1,-8.675017E-2,2.4409187E-1,-1.3482856E0,7.858487E-1,-2.0156397E-2,-1.5341894E-1,1.2244079E-1,3.8482276E-1,2.1212499E-1,1.1218082E-1,-3.3523956E-1,-4.6085855E-1,4.5643684E-2,2.3179089E-1,-1.8766089E-1,-6.4268404E-1,4.396254E-2,2.1044838E-1,-1.1540538E-1,-4.1778186E-1,6.6079915E-2],"categories":[2,3,0,1,2,3,4,5,6,10,11,0,1,2,3,4,5,6,7,8,9,0,1,2,3,4,5,6,8,10,11,12,0,1,2,3,4,5,6,7,8,9,10,11,12,2,0,1,3,5,0,3,0,1,2,3,5,6,0,1,2,3,4,9,1,1,3,5,0,1,2,4,6,10,2,3,0,2,3,4,5,6,8,10,11,12,3,0,3,5,6,0,2,3,4,5,6,7,9,10,12,3,2,1,0,1,2,3,4,5,6,7,9,10,11,3],"categories_nodes":[0,2,3,4,6,10,11,12,13,14,15,16,17,20,24,28,30,34,36,39,42,43,44,46,48],"categories_segments":[0,2,7,11,21,32,45,46,50,52,58,64,65,68,70,74,76,86,87,91,101,102,103,104,115],"categories_sizes":[2,5,4,10,11,13,1,4,2,6,6,1,3,2,4,2,10,1,4,10,1,1,1,11,1],"default_left":[0,0,0,0,0,1,0,0,0,0,0,0,0,0,0,0,0,0,0,0,0,0,1,0,0,0,0,1,0,0,0,0,0,1,0,0,0,0,0,0,0,1,0,0,0,0,0,0,0,0,0,0,0,0,0,0,0,0,0,0,0,0,0,0,0,0,0,0,0,0,0,0,0,0,0,0,0],"id":0,"left_children":[1,3,5,7,9,11,13,15,17,-1,19,21,23,25,27,29,31,33,-1,-1,35,-1,37,39,41,-1,43,45,47,49,51,-1,-1,53,55,57,59,-1,61,63,-1,65,67,69,71,-1,73,-1,75,-1,-1,-1,-1,-1,-1,-1,-1,-1,-1,-1,-1,-1,-1,-1,-1,-1,-1,-1,-1,-1,-1,-1,-1,-1,-1,-1,-1],"loss_changes":[3.9612457E2,4.246405E1,1.2635396E3,1.02415695E1,4.312909E1,9.494428E3,7.021624E2,5.9632E0,7.5808372E0,0E0,4.2332306E1,3.3015797E4,1.150304E1,1.2049748E4,3.4602594E2,2.429522E0,1.2246075E0,2.9374762E0,0E0,0E0,1.37404785E1,0E0,1.6545472E0,1.8941784E0,1.061229E1,0E0,1.5871936E1,5.3141724E2,1.24617256E2,2.6691546E0,2.0154877E0,0E0,0E0,4.1049633E0,1.816431E0,1.2571069E2,2.2228167E1,0E0,9.1607094E-1,1.8590546E-1,0E0,9.838913E0,7.7576733E0,1.781986E1,1.1408311E1,0E0,1.9293194E0,0E0,4.528224E2,0E0,0E0,0E0,0E0,0E0,0E0,0E0,0E0,0E0,0E0,0E0,0E0,0E0,0E0,0E0,0E0,0E0,0E0,0E0,0E0,0E0,0E0,0E0,0E0,0E0,0E0,0E0,0E0],"parents":[2147483647,0,0,1,1,2,2,3,3,4,4,5,5,6,6,7,7,8,8,10,10,11,11,12,12,13,13,14,14,15,15,16,16,17,17,20,20,22,22,23,23,24,24,26,26,27,27,28,28,29,29,30,30,33,33,34,34,35,35,36,36,38,38,39,39,41,41,42,42,43,43,44,44,46,46,48,48],"right_children":[2,4,6,8,10,12,14,16,18,-1,20,22,24,26,28,30,32,34,-1,-1,36,-1,38,40,42,-1,44,46,48,50,52,-1,-1,54,56,58,60,-1,62,64,-1,66,68,70,72,-1,74,-1,76,-1,-1,-1,-1,-1,-1,-1,-1,-1,-1,-1,-1,-1,-1,-1,-1,-1,-1,-1,-1,-1,-1,-1,-1,-1,-1,-1,-1],"split_conditions":[NaN,4E0,NaN,NaN,NaN,1.3E2,NaN,2E0,1.3E2,1.3281468E-1,NaN,NaN,NaN,NaN,NaN,NaN,NaN,NaN,-6.4697134E-1,7.582867E-1,NaN,-3.8603462E1,3E0,1.26E3,NaN,2.0828846E1,1.15E2,1.3E2,NaN,1.55E2,NaN,-8.760536E-2,-3.469113E-1,6E1,NaN,1.5E2,NaN,2.661995E-1,7E1,NaN,2.117185E-3,2E0,NaN,NaN,NaN,5.210397E0,NaN,5.8884013E-2,NaN,2.996452E-1,-5.7989832E-2,1.9163524E-1,-3.534218E-2,-1.9921513E-1,2.6384196E-1,-2.6517943E-1,-8.675017E-2,2.4409187E-1,-1.3482856E0,7.858487E-1,-2.0156397E-2,-1.5341894E-1,1.2244079E-1,3.8482276E-1,2.1212499E-1,1.1218082E-1,-3.3523956E-1,-4.6085855E-1,4.5643684E-2,2.3179089E-1,-1.8766089E-1,-6.4268404E-1,4.396254E-2,2.1044838E-1,-1.1540538E-1,-4.1778186E-1,6.6079915E-2],"split_indices":[5,0,6,4,6,1,4,0,1,0,4,7,2,2,2,6,7,2,0,0,6,0,0,1,4,0,1,1,5,1,4,0,0,1,3,1,2,0,1,4,0,0,3,5,3,0,4,0,3,0,0,0,0,0,0,0,0,0,0,0,0,0,0,0,0,0,0,0,0,0,0,0,0,0,0,0,0],"split_type":[1,0,1,1,1,0,1,0,0,0,1,1,1,1,1,1,1,1,0,0,1,0,0,0,1,0,0,0,1,0,1,0,0,0,1,0,1,0,0,1,0,0,1,1,1,0,1,0,1,0,0,0,0,0,0,0,0,0,0,0,0,0,0,0,0,0,0,0,0,0,0,0,0,0,0,0,0],"sum_hessian":[4.053579E3,2.472239E3,1.58134E3,6.415601E1,2.408083E3,7.802123E1,1.5033187E3,3.290052E1,3.1255493E1,1.8743896E3,5.336934E2,9.400148E0,6.8621086E1,4.747075E1,1.455848E3,2.5145397E1,7.755122E0,2.8905457E1,2.350037E0,1.2455196E1,5.212382E2,1.645026E0,7.755122E0,1.5275241E1,5.334584E1,1.645026E0,4.582572E1,6.580104E0,1.4492678E3,8.695137E0,1.645026E1,5.640089E0,2.1150334E0,4.9350777E0,2.3970379E1,4.812876E2,3.995063E1,5.4050856E0,2.350037E0,1.3395211E1,1.8800297E0,4.3240685E1,1.010516E1,3.8070602E1,7.755122E0,1.8800297E0,4.700074E0,7.1065125E2,7.3861664E2,6.580104E0,2.1150334E0,3.7600594E0,1.2690201E1,2.350037E0,2.5850408E0,1.4100223E1,9.870155E0,4.7776254E2,3.5250556E0,2.350037E0,3.7600594E1,1.1750185E0,1.1750185E0,7.0501113E0,6.3451004E0,3.924562E1,3.995063E0,5.8750925E0,4.230067E0,2.4910393E1,1.3160208E1,4.230067E0,3.5250556E0,1.8800297E0,2.8200445E0,2.789494E2,4.5966727E2],"tree_param":{"num_deleted":"0","num_feature":"9","num_nodes":"77","size_leaf_vector":"0"}},{"base_weights":[4.783312E-1,-7.993389E-3,2.2610455E0,-1.658677E-2,8.6647165E-1,5.1072807E1,1.6735221E-1,-1.5507511E-2,-3.2252085E-1,-2.5257307E-1,1.0071788E0,1.4752261E2,1.6575068E-1,-2.3068112E-1,2.1206272E0,-4.8838994E-3,1.9212793E-1,-1.7410938E-1,4.2059306E-2,1.1039826E0,-4.018852E-2,-6.703461E-1,7.330246E-1,-5.251643E-1,6.742314E0,1.2120918E0,3.6694354E-1,1.6813421E-1,-1.1605719E0,3.7672818E-2,1.4025711E0,-2.2709608E-1,3.8947254E-1,1.7666977E1,-4.5086503E-1,4.229154E-1,2.3652992E-1,-9.683837E-2,2.709195E-1,-1.5423402E-1,1.5286836E-1,-1.764818E-1,-4.365133E-1,1.4097751E0,-1.7877074E-2,6.521394E-1,-2.891037E-1,1.2028448E1,3.3811912E-2,-7.160818E-1,1.1324875E0],"categories":[1,0,4,5,10,0,1,2,3,4,5,6,1,0,1,2,3,4,5,6,7,8,9,10,11,12,0,1,2,3,4,5,6,0,1,2,2,0,1,2,3,0,1,2,3,4,1,4,0,1,2,4,5,8,9,10,12,0,1,2,3,4,6,7,9,0,1,2,3,4,5,6,7,8,3,12,3,1],"categories_nodes":[0,2,3,6,7,9,10,19,21,22,23,24,25,26,27,30,32,34],"categories_segments":[0,1,5,12,13,26,33,36,37,41,46,47,48,57,65,74,76,77],"categories_sizes":[1,4,7,1,13,7,3,1,4,5,1,1,9,8,9,2,1,1],"default_left":[0,1,0,0,0,1,0,0,0,0,0,0,0,0,0,0,0,0,0,0,0,0,0,0,0,0,0,0,0,0,0,0,0,1,0,0,0,0,0,0,0,0,0,0,0,0,0,0,0,0,0],"id":1,"left_children":[1,3,5,7,9,11,13,15,-1,17,19,-1,21,-1,23,-1,-1,-1,-1,25,-1,27,29,31,33,35,37,39,41,-1,43,-1,45,47,49,-1,-1,-1,-1,-1,-1,-1,-1,-1,-1,-1,-1,-1,-1,-1,-1],"loss_changes":[2.7862305E3,1.8995584E1,7.0384586E4,2.8419087E0,4.127739E0,6.353691E5,1.2113524E3,1.2770228E0,0E0,5.3804564E-1,2.583931E0,0E0,1.30096E1,0E0,2.6276675E3,0E0,0E0,0E0,0E0,1.1835899E0,0E0,4.795167E0,6.4135447E0,2.9428303E1,6.153094E3,3.4433556E-1,1.7884994E0,1.4272218E0,3.5551834E-1,0E0,3.695662E1,0E0,7.077098E1,1.2228533E4,4.027661E2,0E0,0E0,0E0,0E0,0E0,0E0,0E0,0E0,0E0,0E0,0E0,0E0,0E0,0E0,0E0,0E0],"parents":[2147483647,0,0,1,1,2,2,3,3,4,4,5,5,6,6,7,7,9,9,10,10,12,12,14,14,19,19,21,21,22,22,23,23,24,24,25,25,26,26,27,27,28,28,30,30,32,32,33,33,34,34],"right_children":[2,4,6,8,10,12,14,16,-1,18,20,-1,22,-1,24,-1,-1,-1,-1,26,-1,28,30,32,34,36,38,40,42,-1,44,-1,46,48,50,-1,-1,-1,-1,-1,-1,-1,-1,-1,-1,-1,-1,-1,-1,-1,-1],"split_conditions":[NaN,6E1,NaN,NaN,2E0,1.9E2,NaN,NaN,-3.2252085E-1,NaN,NaN,1.4752261E2,5E0,-2.3068112E-1,6E0,-4.8838994E-3,1.9212793E-1,-1.7410938E-1,4.2059306E-2,NaN,-4.018852E-2,NaN,NaN,NaN,NaN,NaN,NaN,NaN,2.15E2,3.7672818E-2,NaN,-2.2709608E-1,NaN,1.65E2,NaN,4.229154E-1,2.3652992E-1,-9.683837E-2,2.709195E-1,-1.5423402E-1,1.5286836E-1,-1.764818E-1,-4.365133E-1,1.4097751E0,-1.7877074E-2,6.521394E-1,-2.891037E-1,1.2028448E1,3.3811912E-2,-7.160818E-1,1.1324875E0],