{"learner":{"attributes":{"best_ntree_limit":"6"},"feature_names":[],"feature_types":["q","q","c","c","c","c","c","c","c","c"],"gradient_booster":{"model":{"gbtree_model_param":{"num_parallel_tree":"1","num_trees":"6","size_leaf_vector":"0"},"tree_info":[0,0,0,0,0,0],"trees":[{"base_weights":[2.4355647E-1,4.918605E-1,-1.4276078E-1,-4.2868498E-1,5.166017E-1,-3.8169093E0,6.299515E-2,3.943815E-1,-5.7452303E-1,1.335129E-1,7.6955783E-1,-2.8251055E1,7.6886125E-2,1.3699242E1,-6.438936E-2,2.5296855E-1,-5.1589316E-1,-2.6257098E-1,-9.8248386E-1,6.0897994E-1,7.3108727E-1,-1.9554216E1,-1.8850163E-1,2.0490262E-1,-1.2984316E0,1.2507898E1,2.0207654E-1,8.279453E-2,-3.4403482E-1,-4.145452E-1,2.6037067E-1,1.1842505E-1,-1.6073848E0,-8.3698295E-2,-4.0676814E-1,-1.9175208E-1,7.6645887E-1,4.705316E-1,-2.2122759E-1,4.0912566E-1,-7.1551645E-1,-1.54297E-1,-4.6953496E-1,1.5278512E-1,-2.6735643E-1,-2.2474867E1,-1.951358E-1,-1.0743699E-2,1.9856624E-1,-5.199659E-1,-1.5341894E-1,6.4000714E-1,-2.958539E-1,-4.452409E-1,2.0374036E-1,1.9525456E-1,2.7598977E-1,-4.051554E-2,2.8197798E-1,1.6556555E-1,-1.7528236E-1,-4.1722277E-1,1.9134995E-2,-1.5278045E1,-6.8042283E-3,-6.431053E-1,-2.285821E-2],"categories":[2,3,0,1,2,3,5,1,3,5,0,1,2,3,4,5,6,7,8,9,0,1,2,3,4,5,6,9,10,11,12,1,5,6,11,0,1,2,3,4,5,6,7,8,9,10,11,12,2,3,2,4,6,2,4,6,10,0,1,2,3,8,1,3,4,5,6,10,3,0,1,2,3,0,1,2,3,4,5,1,1,0,1,2,3,4,3,0,1,2,3,4,5,6,7,8,9],"categories_nodes":[0,2,3,4,6,7,8,10,14,16,22,23,24,26,28,31,32,33,35,36,37,40,46],"categories_segments":[0,2,7,10,20,31,32,35,48,50,51,53,57,62,63,68,69,73,79,80,81,86,87],"categories_sizes":[2,5,3,10,11,1,3,13,2,1,2,4,5,1,5,1,4,6,1,1,5,1,10],"default_left":[0,0,0,0,0,1,0,0,0,0,0,1,1,1,0,0,0,0,1,0,1,0,0,0,0,0,0,0,0,0,0,0,0,0,0,0,0,0,0,1,0,0,0,0,0,1,0,0,0,0,0,0,0,0,0,0,0,0,0,0,0,0,0,0,0,0,0],"id":0,"left_children":[1,3,5,7,9,11,13,15,17,-1,19,21,23,25,27,-1,29,31,33,-1,35,-1,37,39,41,-1,43,-1,45,-1,-1,47,49,51,-1,53,55,57,-1,59,61,-1,-1,-1,-1,63,65,-1,-1,-1,-1,-1,-1,-1,-1,-1,-1,-1,-1,-1,-1,-1,-1,-1,-1,-1,-1],"loss_changes":[3.8902472E2,5.64433E1,1.2001852E3,8.047545E0,4.317975E1,8.0122656E3,2.613546E3,4.684246E0,6.837755E0,0E0,2.4156921E1,1.1983529E4,1.3227159E1,5.2530225E3,1.4202824E2,0E0,6.058292E0,1.7078287E1,7.8726025E0,0E0,1.6948547E1,0E0,3.0891519E0,1.3114422E1,5.3439045E-1,0E0,3.946848E0,0E0,2.6945894E3,0E0,0E0,2.2546659E0,1.2662506E-1,1.8210947E1,0E0,2.329356E1,8.202301E0,1.2796177E0,0E0,8.32958E0,6.7978983E0,0E0,0E0,0E0,0E0,3.489978E3,1.886275E2,0E0,0E0,0E0,0E0,0E0,0E0,0E0,0E0,0E0,0E0,0E0,0E0,0E0,0E0,0E0,0E0,0E0,0E0,0E0,0E0],"parents":[2147483647,0,0,1,1,2,2,3,3,4,4,5,5,6,6,7,7,8,8,10,10,11,11,12,12,13,13,14,14,16,16,17,17,18,18,20,20,22,22,23,23,24,24,26,26,28,28,31,31,32,32,33,33,35,35,36,36,37,37,39,39,40,40,45,45,46,46],"right_children":[2,4,6,8,10,12,14,16,18,-1,20,22,24,26,28,-1,30,32,34,-1,36,-1,38,40,42,-1,44,-1,46,-1,-1,48,50,52,-1,54,56,58,-1,60,62,-1,-1,-1,-1,64,66,-1,-1,-1,-1,-1,-1,-1,-1,-1,-1,-1,-1,-1,-1,-1,-1,-1,-1,-1,-1],"split_conditions":[NaN,5E0,NaN,NaN,NaN,1.3E2,NaN,NaN,NaN,1.335129E-1,NaN,3E0,2E0,1.3E2,NaN,2.5296855E-1,NaN,2E0,9E1,6.0897994E-1,4E1,-1.9554216E1,NaN,NaN,NaN,1.2507898E1,NaN,8.279453E-2,NaN,-4.145452E-1,2.6037067E-1,NaN,NaN,NaN,-4.0676814E-1,NaN,NaN,NaN,-2.2122759E-1,2.25E2,NaN,-1.54297E-1,-4.6953496E-1,1.5278512E-1,-2.6735643E-1,2.25E2,NaN,-1.0743699E-2,1.9856624E-1,-5.199659E-1,-1.5341894E-1,6.4000714E-1,-2.958539E-1,-4.452409E-1,2.0374036E-1,1.9525456E-1,2.7598977E-1,-4.051554E-2,2.8197798E-1,1.6556555E-1,-1.7528236E-1,-4.1722277E-1,1.9134995E-2,-1.5278045E1,-6.8042283E-3,-6.431053E-1,-2.285821E-2],"split_indices":[6,0,7,2,7,1,5,8,5,0,5,0,0,1,6,0,3,0,1,0,1,0,7,5,5,0,8,0,5,0,0,3,5,7,0,3,8,6,0,1,3,0,0,0,0,1,7,0,0,0,0,0,0,0,0,0,0,0,0,0,0,0,0,0,0,0,0],"split_type":[1,0,1,1,1,0,1,1,1,0,1,0,0,0,1,0,1,0,0,0,0,0,1,1,1,0,1,0,1,0,0,1,1,1,0,1,1,1,0,0,1,0,0,0,0,0,1,0,0,0,0,0,0,0,0,0,0,0,0,0,0,0,0,0,0,0,0],"sum_hessian":[4.053814E3,2.467539E3,1.586275E3,6.415601E1,2.403383E3,8.3191315E1,1.5030837E3,9.400148E0,5.4755863E1,1.8755646E3,5.2781836E2,1.0575167E1,7.261615E1,1.2925204E1,1.4901586E3,6.3451004E0,3.0550482E0,3.1960505E1,2.279536E1,1.4100223E1,5.1371814E2,3.995063E0,6.580104E0,6.721106E1,5.4050856E0,3.5250556E0,9.400148E0,6.721106E2,8.180479E2,1.8800297E0,1.1750185E0,2.5615404E1,6.3451004E0,7.0501113E0,1.5745249E1,1.8800297E1,4.9491782E2,3.0550482E0,3.5250556E0,5.5460876E1,1.1750185E1,2.1150334E0,3.290052E0,7.755122E0,1.645026E0,4.4650707E0,8.135828E2,2.0680326E1,4.9350777E0,5.1700816E0,1.1750185E0,1.645026E0,5.4050856E0,7.2851152E0,1.1515182E1,2.852945E2,2.096233E2,1.645026E0,1.4100223E0,4.888077E1,6.580104E0,5.8750925E0,5.8750925E0,1.4100223E0,3.0550482E0,4.582572E1,7.6775714E2],"tree_param":{"num_deleted":"0","num_feature":"10","num_nodes":"67","size_leaf_vector":"0"}},{"base_weights":[3.8120286E0,1.0449423E1,1.0756165E0,2.1696047E1,2.7845604E0,-1.7209288E1,1.7755059E0,1.0154843E3,7.702791E-1,3.3006172E0,1.22904524E-1,9.099E0,-1.1195977E-3,4.6276767E2,1.5542762E-1,-1.1354335E2,1.3112865E1,3.3729274E0,3.230717E-1,3.8347954E-1,-1.8157613E0,5.5950356E1,6.2728804E-1,6.3347745E0,-1.20569944E-1,3.6496608E0,2.0363293E1,3.3959937E0,-6.577069E-2,3.2604518E0,-1.5920525E0,8.826722E-1,2.0969452E-1,-1.2830347E0,5.0938654E-1,7.772246E1,3.6497917E1,6.985329E0,-2.0544356E2,2.0385117E1,-5.0361055E-1,1.404334E-1,-4.366278E-1,1.0003469E0,1.841399E0,1.5923228E0,1.6472739E-1,-1.0854169E0,1.20193124E-1,3.094552E-1,-6.7090824E-2,-9.434085E-2,1.7438625E1,1.095095E2,1.889792E-1,-1.5902042E2,9.189024E-3,1.0636974E1,-1.9364555E-1,1.1251977E-2,-4.0520236E-1,-2.3014818E-1,5.610235E-2,-3.4147906E-1,4.5113795E-2],"categories":[0,3,4,5,6,10,0,1,2,3,4,5,6,7,8,9,0,1,3,4,0,4,6,7,8,9,0,1,2,3,5,0,1,2,3,4,5,6,7,8,9,0,1,3,4,0,1,3,4,1,3,5,6,1,0,1,2,3,4,5,6,7,8,9,2,3,0,1,2,3,4,5,6,7,9,10,11,12,0,1,2,3,4,5,6,7,8,2,0,1,2,3,4,0,1,6,3,2,3],"categories_nodes":[0,2,3,4,6,8,9,11,12,16,19,24,27,29,34,37,38,39,40,42],"categories_segments":[0,6,16,20,26,31,41,45,49,53,54,64,66,78,87,88,93,96,97,98],"categories_sizes":[6,10,4,6,5,10,4,4,4,1,10,2,12,9,1,5,3,1,1,1],"default_left":[0,0,0,0,0,0,0,1,0,0,0,0,0,0,0,0,0,1,0,0,1,0,0,1,0,0,0,0,0,0,0,0,1,0,0,0,0,0,0,0,0,0,0,0,0,0,0,0,0,0,0,0,0,0,0,0,0,0,0,0,0,0,0,0,0],"id":1,"left_children":[1,3,5,7,9,-1,11,13,15,17,19,21,23,-1,-1,-1,25,27,29,31,33,35,37,39,41,-1,-1,43,-1,45,-1,-1,47,-1,49,-1,51,53,55,57,59,61,63,-1,-1,-1,-1,-1,-1,-1,-1,-1,-1,-1,-1,-1,-1,-1,-1,-1,-1,-1,-1,-1,-1],"loss_changes":[3.0107977E4,4.1660484E4,4.8174414E4,4.075413E6,3.9651245E2,0E0,1.5123945E4,2.1612198E6,9.08233E5,5.1014893E1,2.492765E1,9.0037555E4,7.0949414E2,0E0,0E0,0E0,8.920123E3,2.0312256E1,1.3047737E2,1.8552593E1,3.569759E1,1.278091E5,2.5455992E5,1.6769839E3,7.596281E1,0E0,0E0,1.9115723E1,0E0,2.5487885E1,0E0,0E0,3.1741436E1,0E0,1.7254733E0,0E0,2.6189953E4,4.2843228E5,3.8790388E5,1.8305193E3,5.8461246E0,2.14775E1,1.7167378E2,0E0,0E0,0E0,0E0,0E0,0E0,0E0,0E0,0E0,0E0,0E0,0E0,0E0,0E0,0E0,0E0,0E0,0E0,0E0,0E0,0E0,0E0],"parents":[2147483647,0,0,1,1,2,2,3,3,4,4,6,6,7,7,8,8,9,9,10,10,11,11,12,12,16,16,17,17,18,18,19,19,20,20,21,21,22,22,23,23,24,24,27,27,29,29,32,32,34,34,36,36,37,37,38,38,39,39,40,40,41,41,42,42],"right_children":[2,4,6,8,10,-1,12,14,16,18,20,22,24,-1,-1,-1,26,28,30,32,34,36,38,40,42,-1,-1,44,-1,46,-1,-1,48,-1,50,-1,52,54,56,58,60,62,64,-1,-1,-1,-1,-1,-1,-1,-1,-1,-1,-1,-1,-1,-1,-1,-1,-1,-1,-1,-1,-1,-1],"split_conditions":[NaN,1.3E2,NaN,NaN,NaN,-1.7209288E1,NaN,3E0,NaN,NaN,2.25E2,NaN,NaN,4.6276767E2,1.5542762E-1,-1.1354335E2,NaN,2.4E2,1.65E2,NaN,2.7E2,1.3E2,1.5E2,1.3E2,NaN,3.6496608E0,2.0363293E1,NaN,-6.577069E-2,NaN,-1.5920525E0,8.826722E-1,1.4E2,-1.2830347E0,NaN,7.772246E1,3.25E2,NaN,NaN,NaN,NaN,4E0,NaN,1.0003469E0,1.841399E0,1.5923228E0,1.6472739E-1,-1.0854169E0,1.20193124E-1,3.094552E-1,-6.7090824E-2,-9.434085E-2,1.7438625E1,1.095095E2,1.889792E-1,-1.5902042E2,9.189024E-3,1.0636974E1,-1.9364555E-1,1.1251977E-2,-4.0520236E-1,-2.3014818E-1,5.610235E-2,-3.4147906E-1,4.5113795E-2],