{"learner":{"attributes":{"best_ntree_limit":"1"},"feature_names":[],"feature_types":["q","q","c","c","c","c","c","c","c"],"gradient_booster":{"model":{"gbtree_model_param":{"num_parallel_tree":"1","num_trees":"1","size_leaf_vector":"0"},"tree_info":[0],"trees":[{"base_weights":[2.4355647E-1,4.8495182E-1,-1.3165122E-1,-3.4546667E-1,5.0843114E-1,-3.4084103E0,6.203481E-2,-1.9161027E-2,-7.264458E-1,1.3259412E-1,7.4234486E-1,-1.8334665E1,1.2589963E-1,1.0231083E1,-5.1062852E-2,1.5257348E-1,-1.0661762E0,-4.6982905E-1,-9.3537325E-1,5.310385E-1,7.11759E-1,-2.8439638E1,-3.0716082E-1,2.4951842E-1,-1.2470022E0,7.219038E0,3.271384E-1,8.690149E-2,-3.3151126E-1,3.1114298E-1,-1.7370556E-1,-1.3320191E0,-1.5489077E-2,5.001411E-1,-7.3033386E-1,-2.9961178E-1,7.471482E-1,-1.7172335E1,1.7252393E-1,-7.0021564E-1,1.8632534E-1,4.4092634E-1,-3.6839655E-1,-5.7989832E-2,-5.246773E-1,1.6955608E-1,-2.1594276E-1,-5.99528E0,-1.505801E-1,2.5785362E-2,2.9214424E-1,2.997458E-1,-1.4058578E-1,-4.941973E-1,-1.5393597E-1,-7.088228E-2,2.9968652E-1,-8.173024E-2,-3.8140032E-1,-6.237184E-1,1.8533926E-1,1.9022416E-1,2.6981902E-1,-3.7831762E-1,3.831733E-2,1.6585165E-1,-7.8744456E-2,-3.2185212E-1,1.8091328E-1,-7.3834743E0,-7.461655E-2,-2.8013801E-2,-7.837563E-1],"categories":[2,3,0,1,2,3,5,5,6,9,11,0,1,2,3,4,5,6,7,8,9,0,1,2,3,4,5,6,9,10,11,12,0,1,2,3,4,5,6,7,8,9,10,11,12,2,3,2,3,4,3,1,3,5,2,2,4,5,6,10,0,1,2,3,8,1,2,3,5,3,0,1,2,3,4,0,1,2,3,1,3,5,9,1,1,0,1,2,3,4,1,3],"categories_nodes":[0,2,3,4,6,10,14,15,16,17,21,23,24,26,28,29,30,31,34,35,36,39,41,42],"categories_segments":[0,2,7,11,21,32,45,47,50,51,54,55,60,65,66,69,70,75,79,83,84,85,90,91],"categories_sizes":[2,5,4,10,11,13,2,3,1,3,1,5,5,1,3,1,5,4,4,1,1,5,1,1],"default_left":[0,0,0,0,0,1,0,1,0,0,0,1,1,1,0,0,0,0,0,0,1,0,0,0,0,0,0,0,0,0,0,0,0,1,0,0,0,0,0,0,0,0,0,0,0,0,0,1,0,0,0,0,0,0,0,0,0,0,0,0,0,0,0,0,0,0,0,0,0,0,0,0,0],"id":0,"left_children":[1,3,5,7,9,11,13,15,17,-1,19,21,23,25,27,29,31,33,-1,-1,35,37,39,41,43,-1,45,-1,47,49,51,53,-1,55,57,59,61,-1,-1,63,-1,65,67,-1,-1,-1,-1,69,71,-1,-1,-1,-1,-1,-1,-1,-1,-1,-1,-1,-1,-1,-1,-1,-1,-1,-1,-1,-1,-1,-1,-1,-1],"loss_changes":[3.6732214E2,4.8288025E1,1.00819196E3,8.494998E0,3.6979248E1,4.679288E3,1.7263083E3,6.9766226E0,1.7897326E1,0E0,1.5386017E1,3.0845132E3,1.2645488E1,2.2539502E3,1.4200494E2,1.7836719E0,1.405211E0,7.8624554E0,0E0,0E0,1.8688507E1,9.116747E3,3.0290208E0,8.146634E0,2.9251451E0,0E0,3.0573654E0,0E0,8.343244E2,3.3269591E0,4.471979E0,2.624302E-1,0E0,2.7614841E0,5.5483255E0,3.0922617E1,8.015167E0,0E0,0E0,2.6987433E0,0E0,4.238224E0,1.194535E1,0E0,0E0,0E0,0E0,2.6903413E3,1.11127045E2,0E0,0E0,0E0,0E0,0E0,0E0,0E0,0E0,0E0,0E0,0E0,0E0,0E0,0E0,0E0,0E0,0E0,0E0,0E0,0E0,0E0,0E0,0E0,0E0],"parents":[2147483647,0,0,1,1,2,2,3,3,4,4,5,5,6,6,7,7,8,8,10,10,11,11,12,12,13,13,14,14,15,15,16,16,17,17,20,20,21,21,22,22,23,23,24,24,26,26,28,28,29,29,30,30,31,31,33,33,34,34,35,35,36,36,39,39,41,41,42,42,47,47,48,48],"right_children":[2,4,6,8,10,12,14,16,18,-1,20,22,24,26,28,30,32,34,-1,-1,36,38,40,42,44,-1,46,-1,48,50,52,54,-1,56,58,60,62,-1,-1,64,-1,66,68,-1,-1,-1,-1,70,72,-1,-1,-1,-1,-1,-1,-1,-1,-1,-1,-1,-1,-1,-1,-1,-1,-1,-1,-1,-1,-1,-1,-1,-1],"split_conditions":[NaN,5E0,NaN,NaN,NaN,1.3E2,NaN,2E0,1.4E2,1.3259412E-1,NaN,3E0,2E0,1.3E2,NaN,NaN,NaN,NaN,-9.3537325E-1,5.310385E-1,4E1,NaN,4E0,NaN,NaN,7.219038E0,NaN,8.690149E-2,NaN,NaN,NaN,NaN,-1.5489077E-2,6E1,NaN,NaN,NaN,-1.7172335E1,1.7252393E-1,NaN,1.8632534E-1,NaN,NaN,-5.7989832E-2,-5.246773E-1,1.6955608E-1,-2.1594276E-1,1.65E2,1.4E2,2.5785362E-2,2.9214424E-1,2.997458E-1,-1.4058578E-1,-4.941973E-1,-1.5393597E-1,-7.088228E-2,2.9968652E-1,-8.173024E-2,-3.8140032E-1,-6.237184E-1,1.8533926E-1,1.9022416E-1,2.6981902E-1,-3.7831762E-1,3.831733E-2,1.6585165E-1,-7.8744456E-2,-3.2185212E-1,1.8091328E-1,-7.3834743E0,-7.461655E-2,-2.8013801E-2,-7.837563E-1],"split_indices":[5,0,6,4,6,1,4,0,1,0,4,0,0,1,5,6,3,2,0,0,1,7,0,4,4,0,7,0,2,3,2,2,0,1,6,3,7,0,0,5,0,8,3,0,0,0,0,1,1,0,0,0,0,0,0,0,0,0,0,0,0,0,0,0,0,0,0,0,0,0,0,0,0],"split_type":[1,0,1,1,1,0,1,0,0,0,1,0,0,0,1,1,1,1,0,0,0,1,0,1,1,0,1,0,1,1,1,1,0,0,1,1,1,0,0,1,0,1,1,0,0,0,0,0,0,0,0,0,0,0,0,0,0,0,0,0,0,0,0,0,0,0,0,0,0,0,0,0,0],"sum_hessian":[4.053814E3,2.4665989E3,1.5872151E3,6.744607E1,2.3991528E3,8.765639E1,1.4995587E3,3.6895584E1,3.0550482E1,1.8706295E3,5.285233E2,1.5980252E1,7.167613E1,1.5510244E1,1.4840485E3,3.243051E1,4.4650707E0,2.8670452E1,1.8800297E0,1.3630215E1,5.148931E2,9.870155E0,6.1100965E0,6.650605E1,5.1700816E0,5.8750925E0,9.635152E0,6.699956E2,8.1405286E2,2.1855345E1,1.0575167E1,3.290052E0,1.1750185E0,5.8750925E0,2.279536E1,1.7155272E1,4.9773785E2,4.4650707E0,5.4050856E0,4.4650707E0,1.645026E0,5.0995804E1,1.5510244E1,2.1150334E0,3.0550482E0,8.22513E0,1.4100223E0,2.4205381E1,7.898475E2,1.7155272E1,4.700074E0,1.645026E0,8.930141E0,1.645026E0,1.645026E0,2.5850408E0,3.290052E0,1.3160208E1,9.635152E0,5.4050856E0,1.1750185E1,2.8858456E2,2.091533E2,2.350037E0,2.1150334E0,4.41807E1,6.8151073E0,8.930141E0,6.580104E0,4.9350777E0,1.9270304E1,7.729272E2,1.6920267E1],"tree_param":{"num_deleted":"0","num_feature":"9","num_nodes":"73","size_leaf_vector":"0"}}]},"name":"gbtree"},"learner_model_param":{"base_score":"5E-1","num_class":"0","num_feature":"9","num_target":"1"},"objective":{"name":"reg:squarederror","reg_loss_param":{"scale_pos_weight":"1"}}},"version":[1,6,2]}