{"learner":{"attributes":{"best_ntree_limit":"1"},"feature_names":[],"feature_types":["q","q","c","c","c","c","c","c","c"],"gradient_booster":{"model":{"gbtree_model_param":{"num_parallel_tree":"1","num_trees":"1","size_leaf_vector":"0"},"tree_info":[0],"trees":[{"base_weights":[1.8864127E-1,3.5446858E-1,-7.036176E-2,-2.2617543E-1,3.6994755E-1,-9.217394E-1,3.0103803E-1,2.2008307E-1,-5.014463E-1,9.565009E-2,5.4763436E-1,-1.1269142E1,3.390467E-3,3.0673213E0,1.2277015E-1,4.5120257E-1,-3.6391738E-1,-9.594305E-1,-3.794664E-1,4.8593262E-1,5.135581E-1,-1.4552913E2,-1.13047995E-2,-8.372867E0,9.2466824E-2,-2.424148E-1,1.1229765E1,-1.3850237E-1,2.6712602E-1,6.6007656E-1,7.067442E-2,-1.3094921E-2,-8.869422E-1,1.0964017E0,-5.45656E-1,-6.127945E-1,5.403695E-1,-8.10084E1,-2.3332371E-1,1.820606E-1,-1.2989686E0,3.053449E-1,-2.1599968E-1,-6.507051E-2,-6.994936E-1,2.6193817E1,-4.5077908E-1,4.3185644E0,8.404117E-2,2.3934153E-1,-6.999712E-2,1.0418261E-1,-1.5810718E-1,-6.0003895E-2,-3.4667936E-1,-3.4687436E-1,-1.3378814E-1,-8.12122E-1,-1.8050054E-2,1.7618693E-1,9.380178E-2,2.2450592E-2,-1.2746578E-1,1.3601509E-1,-7.9284E-3,-4.4366303E-1,-1.699228E-1,9.244111E-2,-2.8529357E-2,-1.1027447E0,1.6646873E-2,4.922072E-2,-1.7478012E-1,-1.5740381E-1,-5.772149E-1,1.0462892E1,3.3666503E-2,2.9903952E-2,-3.25835E-1,-4.468246E-2,8.506006E0,-2.5150156E0,4.2524297E-2],"categories":[2,3,3,2,3,5,6,10,11,0,1,2,3,4,5,6,7,8,9,0,2,3,0,1,2,3,4,5,6,10,11,12,0,1,2,3,4,5,6,7,8,9,0,1,2,3,4,5,6,7,8,9,10,11,12,0,1,2,3,4,5,6,7,8,9,3,0,1,2,3,5,6,10,11,12,0,1,7,9,1,3,5,2,3,0,3,5,6,7,8,9,10,11,12,1,1,1,0,1,2,3,4,5,6,7,8,9,1,3,0,1,2,0,1,2,3,4,5,6,0,1,3,5,7,8,9,0,1,2,3,4,0,1,2,3,4,5,9,2,3,4,7,8,0,1,2,3,4,5,6,7,8],"categories_nodes":[0,2,3,4,5,6,8,10,12,14,15,16,18,24,25,28,29,30,32,34,35,36,38,39,40,41,43,45,46,48],"categories_segments":[0,2,3,9,19,22,32,42,55,65,66,75,79,82,83,84,94,95,96,97,107,109,112,119,126,131,137,138,139,143],"categories_sizes":[2,1,6,10,3,10,10,13,10,1,9,4,3,1,1,10,1,1,1,10,2,3,7,7,5,6,1,1,4,9],"default_left":[0,0,0,0,0,0,0,0,0,0,0,1,0,0,0,0,0,0,0,0,1,1,1,0,0,0,1,0,0,0,0,0,0,0,0,0,0,0,0,0,0,0,1,0,0,0,0,0,0,0,0,0,0,0,0,0,0,0,0,0,0,0,0,0,0,0,0,0,0,0,0,0,0,0,0,0,0,0,0,0,0,0,0],"id":0,"left_children":[1,3,5,7,9,11,13,15,17,-1,19,21,23,25,27,29,31,-1,33,-1,35,37,39,-1,41,43,45,-1,47,49,51,-1,53,-1,55,57,59,-1,61,63,65,67,69,71,73,75,77,79,81,-1,-1,-1,-1,-1,-1,-1,-1,-1,-1,-1,-1,-1,-1,-1,-1,-1,-1,-1,-1,-1,-1,-1,-1,-1,-1,-1,-1,-1,-1,-1,-1,-1,-1],"loss_changes":[2.4730467E2,3.1632965E1,7.111525E2,1.13833E1,3.0881989E1,6.539082E3,7.71918E2,4.9834905E0,1.7556427E1,0E0,2.7026352E1,8.4733836E4,1.5641094E3,2.563016E3,1.24338905E2,2.02211E0,1.7498431E0,0E0,3.93558E1,0E0,2.2693329E1,7.839063E4,1.3364297E1,0E0,4.1240425E1,5.4996943E0,4.794489E3,0E0,8.7588605E2,2.2390752E0,1.8930911E0,0E0,5.076728E-1,0E0,2.7954311E0,2.0305273E1,7.5492096E0,0E0,2.0902304E-1,2.6546924E0,8.5785866E-2,4.4457626E-1,2.4124617E2,6.0709715E0,3.0621166E0,2.7163027E3,5.826457E0,5.4863667E3,5.5395044E2,0E0,0E0,0E0,0E0,0E0,0E0,0E0,0E0,0E0,0E0,0E0,0E0,0E0,0E0,0E0,0E0,0E0,0E0,0E0,0E0,0E0,0E0,0E0,0E0,0E0,0E0,0E0,0E0,0E0,0E0,0E0,0E0,0E0,0E0],"parents":[2147483647,0,0,1,1,2,2,3,3,4,4,5,5,6,6,7,7,8,8,10,10,11,11,12,12,13,13,14,14,15,15,16,16,18,18,20,20,21,21,22,22,24,24,25,25,26,26,28,28,29,29,30,30,32,32,34,34,35,35,36,36,38,38,39,39,40,40,41,41,42,42,43,43,44,44,45,45,46,46,47,47,48,48],"right_children":[2,4,6,8,10,12,14,16,18,-1,20,22,24,26,28,30,32,-1,34,-1,36,38,40,-1,42,44,46,-1,48,50,52,-1,54,-1,56,58,60,-1,62,64,66,68,70,72,74,76,78,80,82,-1,-1,-1,-1,-1,-1,-1,-1,-1,-1,-1,-1,-1,-1,-1,-1,-1,-1,-1,-1,-1,-1,-1,-1,-1,-1,-1,-1,-1,-1,-1,-1,-1,-1],"split_conditions":[NaN,4E0,NaN,NaN,NaN,NaN,NaN,2E0,NaN,9.565009E-2,NaN,1.6E2,NaN,6E0,NaN,NaN,NaN,-9.594305E-1,NaN,4.8593262E-1,4E1,4E0,2E0,-8.372867E0,NaN,NaN,1.3E2,-1.3850237E-1,NaN,NaN,NaN,-1.3094921E-2,NaN,1.0964017E0,NaN,NaN,NaN,-8.10084E1,NaN,NaN,NaN,NaN,7E1,NaN,1.35E2,NaN,NaN,2E0,NaN,2.3934153E-1,-6.999712E-2,1.0418261E-1,-1.5810718E-1,-6.0003895E-2,-3.4667936E-1,-3.4687436E-1,-1.3378814E-1,-8.12122E-1,-1.8050054E-2,1.7618693E-1,9.380178E-2,2.2450592E-2,-1.2746578E-1,1.3601509E-1,-7.9284E-3,-4.4366303E-1,-1.699228E-1,9.244111E-2,-2.8529357E-2,-1.1027447E0,1.6646873E-2,4.922072E-2,-1.7478012E-1,-1.5740381E-1,-5.772149E-1,1.0462892E1,3.3666503E-2,2.9903952E-2,-3.25835E-1,-4.468246E-2,8.506006E0,-2.5150156E0,4.2524297E-2],"split_indices":[5,0,3,4,6,2,4,0,6,0,4,1,6,0,3,4,4,0,2,0,1,0,0,0,5,2,1,0,4,3,7,0,7,0,6,6,6,0,4,6,4,4,1,4,1,7,6,0,6,0,0,0,0,0,0,0,0,0,0,0,0,0,0,0,0,0,0,0,0,0,0,0,0,0,0,0,0,0,0,0,0,0,0],"split_type":[1,0,1,1,1,1,1,0,1,0,1,0,1,0,1,1,1,0,1,0,0,0,0,0,1,1,0,0,1,1,1,0,1,0,1,1,1,0,1,1,1,1,0,1,0,1,1,0,1,0,0,0,0,0,0,0,0,0,0,0,0,0,0,0,0,0,0,0,0,0,0,0,0,0,0,0,0,0,0,0,0,0,0],"sum_hessian":[5.7564155E3,3.5092444E3,2.2471711E3,9.076783E1,3.4184766E3,6.820935E2,1.5650776E3,3.4705345E1,5.606248E1,2.6569612E3,7.615154E2,5.5061367E1,6.2703217E2,9.377117E1,1.4713064E3,2.5027893E1,9.677452E0,1.334821E0,5.472766E1,2.2024546E1,7.3949084E2,3.3370523E0,5.172431E1,1.0011158E0,6.2603107E2,6.740846E1,2.6362715E1,2.9099097E2,1.1803154E3,1.5684147E1,9.343747E0,6.6741047E0,3.0033472E0,1.334821E0,5.3392838E1,1.6685263E1,7.2280554E2,1.334821E0,2.0022316E0,4.5717617E1,6.0066943E0,3.704128E2,2.5561823E2,4.938838E1,1.8020082E1,1.1012273E1,1.5350441E1,5.0055786E1,1.1302596E3,1.3681915E1,2.0022316E0,6.6741047E0,2.669642E0,1.334821E0,1.6685262E0,6.0066943E0,4.7386147E1,2.669642E0,1.401562E1,5.979998E2,1.2480576E2,1.0011158E0,1.0011158E0,1.9354904E1,2.6362715E1,4.004463E0,2.0022316E0,3.6807687E2,2.3359368E0,1.7686378E1,2.3793184E2,3.4705345E1,1.4683031E1,1.7018967E1,1.0011158E0,8.008926E0,3.0033472E0,8.676336E0,6.6741047E0,4.3047977E1,7.00781E0,6.6741047E0,1.1235856E3],"tree_param":{"num_deleted":"0","num_feature":"9","num_nodes":"83","size_leaf_vector":"0"}}]},"name":"gbtree"},"learner_model_param":{"base_score":"5E-1","num_class":"0","num_feature":"9","num_target":"1"},"objective":{"name":"reg:squarederror","reg_loss_param":{"scale_pos_weight":"1"}}},"version":[1,6,2]}