{"learner":{"attributes":{"best_ntree_limit":"1"},"feature_names":[],"feature_types":["q","q","c","c","c","c","c","c","c"],"gradient_booster":{"model":{"gbtree_model_param":{"num_parallel_tree":"1","num_trees":"1","size_leaf_vector":"0"},"tree_info":[0],"trees":[{"base_weights":[2.4306323E-1,4.9341246E-1,-1.4709826E-1,-3.4233797E-1,5.155884E-1,-3.9434202E0,5.8221012E-2,-1.7109446E-1,-1.1495334E0,1.316324E-1,7.827968E-1,-3.3700775E1,1.9011793E-1,2.7439814E1,-5.4442253E-2,3.4520492E-1,-5.686785E-1,2.117185E-3,-1.3860052E0,6.825073E-1,7.234622E-1,-2.3895824E1,1.0633857E0,1.7249165E-1,-4.3188602E-1,1.621792E1,2.2392543E-1,8.568508E-2,-3.3737242E-1,-1.8153381E-1,6.044229E-1,1.4373468E0,-8.011018E-1,-1.5420544E0,-9.146257E-2,-1.2125682E0,7.718033E-1,6.822473E-1,-2.6928696E-1,-4.4647117E0,5.621266E-1,2.8197798E-1,-1.5393597E-1,-5.2303514E0,-1.6386168E-1,2.3906238E-1,-3.4943044E-2,7.798987E-1,-1.5341894E-1,-1.0276967E-1,-2.8474966E-1,-1.5489077E-2,-5.3940654E-1,-1.9465072E0,-4.1484505E-2,3.281311E-2,2.4260367E-1,2.8197798E-1,-3.8077685E-1,1.0628278E-1,-2.0787334E0,7.545825E-1,-2.7131699E-2,-8.064565E0,-2.302476E-1,-3.0809958E-2,-7.147206E-1],"categories":[2,3,0,1,2,3,5,0,1,2,3,4,5,6,7,8,9,0,1,2,3,4,5,6,9,10,11,12,0,2,3,4,5,6,11,3,5,0,1,2,3,4,5,6,7,8,9,10,11,12,2,2,2,3,0,1,2,3,4,5,6,7,8,9,1,3,5,1,2,2,3,5,1,2,1,2,3,5,6,7,9,0,1,2,3,4,5,6,7,0,1,3,0,1,2,3,4,5,6,7,8,9,0,1,2,3,4,5,6,0,2,3,4,5,6,9,10,12],"categories_nodes":[0,2,4,6,7,8,10,11,12,14,15,16,24,26,28,30,31,32,33,35,36,38,40],"categories_segments":[0,2,7,17,28,35,37,50,51,52,54,64,67,68,69,72,73,74,81,89,92,102,109],"categories_sizes":[2,5,10,11,7,2,13,1,1,2,10,3,1,1,3,1,1,7,8,3,10,7,9],"default_left":[0,0,0,0,0,1,0,0,0,0,0,0,0,1,0,0,0,0,0,0,1,0,1,0,0,0,0,0,0,0,0,0,0,0,0,0,0,0,0,0,0,0,0,1,0,0,0,0,0,0,0,0,0,0,0,0,0,0,0,0,0,0,0,0,0,0,0],"id":0,"left_children":[1,3,5,7,9,11,13,15,17,-1,19,21,23,25,27,29,31,-1,33,-1,35,-1,37,-1,39,-1,41,-1,43,-1,45,47,49,51,-1,53,55,-1,57,59,61,-1,-1,63,65,-1,-1,-1,-1,-1,-1,-1,-1,-1,-1,-1,-1,-1,-1,-1,-1,-1,-1,-1,-1,-1,-1],"loss_changes":[3.9613318E2,4.5957764E1,1.2361616E3,8.712188E0,4.905536E1,1.001533E4,4.645066E3,1.1352011E1,3.0470533E0,0E0,4.5821045E1,1.5947921E4,1.758934E1,4.458024E3,1.444244E2,6.3432603E0,1.5642644E1,0E0,1.0862331E0,0E0,4.9328186E1,0E0,1.1326598E1,0E0,1.1579673E2,0E0,2.6222463E0,0E0,6.947014E2,0E0,2.8072739E0,9.44977E0,1.6094761E0,2.88863E0,0E0,7.269905E1,1.2249359E1,0E0,6.096276E0,7.014839E1,3.0256506E1,0E0,0E0,2.6874019E3,1.072567E2,0E0,0E0,0E0,0E0,0E0,0E0,0E0,0E0,0E0,0E0,0E0,0E0,0E0,0E0,0E0,0E0,0E0,0E0,0E0,0E0,0E0,0E0],"parents":[2147483647,0,0,1,1,2,2,3,3,4,4,5,5,6,6,7,7,8,8,10,10,11,11,12,12,13,13,14,14,15,15,16,16,18,18,20,20,22,22,24,24,26,26,28,28,30,30,31,31,32,32,33,33,35,35,36,36,38,38,39,39,40,40,43,43,44,44],"right_children":[2,4,6,8,10,12,14,16,18,-1,20,22,24,26,28,30,32,-1,34,-1,36,-1,38,-1,40,-1,42,-1,44,-1,46,48,50,52,-1,54,56,-1,58,60,62,-1,-1,64,66,-1,-1,-1,-1,-1,-1,-1,-1,-1,-1,-1,-1,-1,-1,-1,-1,-1,-1,-1,-1,-1,-1],"split_conditions":[NaN,4E0,NaN,2E0,NaN,1.3E2,NaN,NaN,NaN,1.316324E-1,NaN,NaN,NaN,2.1E2,NaN,NaN,NaN,2.117185E-3,3E0,6.825073E-1,4E1,-2.3895824E1,3E0,1.7249165E-1,NaN,1.621792E1,NaN,8.568508E-2,NaN,-1.8153381E-1,NaN,NaN,NaN,NaN,-9.146257E-2,NaN,NaN,6.822473E-1,NaN,1.5E2,NaN,2.8197798E-1,-1.5393597E-1,2E0,1.4E2,2.3906238E-1,-3.4943044E-2,7.798987E-1,-1.5341894E-1,-1.0276967E-1,-2.8474966E-1,-1.5489077E-2,-5.3940654E-1,-1.9465072E0,-4.1484505E-2,3.281311E-2,2.4260367E-1,2.8197798E-1,-3.8077685E-1,1.0628278E-1,-2.0787334E0,7.545825E-1,-2.7131699E-2,-8.064565E0,-2.302476E-1,-3.0809958E-2,-7.147206E-1],"split_indices":[5,0,6,0,6,1,4,4,2,0,4,7,5,1,5,6,2,0,0,0,1,0,0,0,3,0,5,0,2,0,3,6,6,6,0,6,6,0,6,1,4,0,0,0,1,0,0,0,0,0,0,0,0,0,0,0,0,0,0,0,0,0,0,0,0,0,0],"split_type":[1,0,1,0,1,0,1,1,1,0,1,1,1,0,1,1,1,0,0,0,0,0,0,0,1,0,1,0,1,0,1,1,1,1,0,1,1,0,1,0,1,0,0,0,0,0,0,0,0,0,0,0,0,0,0,0,0,0,0,0,0,0,0,0,0,0,0],"sum_hessian":[4.053814E3,2.469184E3,1.58463E3,6.3451E1,2.405733E3,8.037127E1,1.5042588E3,5.334584E1,1.010516E1,1.8706295E3,5.3510345E2,8.930141E0,7.144113E1,5.1700816E0,1.4990886E3,2.3265368E1,3.0080475E1,1.8800297E0,8.22513E0,1.9035301E1,5.160682E2,3.290052E0,5.640089E0,4.41807E1,2.726043E1,2.1150334E0,3.0550482E0,6.808057E2,8.182829E2,4.700074E0,1.8565292E1,2.5850408E0,2.7495434E1,6.8151073E0,1.4100223E0,1.1985189E1,5.0408295E2,2.5850408E0,3.0550482E0,4.700074E0,2.2560356E1,1.4100223E0,1.645026E0,2.7025427E1,7.912575E2,1.45702305E1,3.995063E0,1.4100223E0,1.1750185E0,7.5201187E0,1.9975315E1,1.1750185E0,5.640089E0,1.1750185E0,1.0810171E1,2.6790422E1,4.7729254E2,1.4100223E0,1.645026E0,1.8800297E0,2.8200445E0,4.9350777E0,1.7625278E1,3.7600594E0,2.3265368E1,7.710472E2,2.021032E1],"tree_param":{"num_deleted":"0","num_feature":"9","num_nodes":"67","size_leaf_vector":"0"}}]},"name":"gbtree"},"learner_model_param":{"base_score":"5E-1","num_class":"0","num_feature":"9","num_target":"1"},"objective":{"name":"reg:squarederror","reg_loss_param":{"scale_pos_weight":"1"}}},"version":[1,6,2]}