{"learner":{"attributes":{"best_ntree_limit":"2"},"feature_names":[],"feature_types":["q","q","c","c","c","c","c","c","c"],"gradient_booster":{"model":{"gbtree_model_param":{"num_parallel_tree":"1","num_trees":"2","size_leaf_vector":"0"},"tree_info":[0,0],"trees":[{"base_weights":[1.8917978E-1,3.5771787E-1,-7.441586E-2,-2.1941242E-1,3.736726E-1,-9.361768E-1,2.9360056E-1,2.9721431E-2,-4.9689442E-1,9.585954E-2,5.624248E-1,-9.491475E0,6.5292907E-3,2.07421E-1,7.8694043E0,1.8837065E-1,-4.8296788E-1,6.652266E-1,-6.5240943E-1,5.176718E-1,5.237695E-1,-3.1473808E1,-6.951244E-2,-5.423703E-1,7.2606765E-2,-3.569931E-1,2.668402E-1,1.6179409E1,-2.9623792E-1,3.9399195E-1,-1.6363351E-1,-5.9847575E-2,-9.6044564E-1,-4.6684164E-1,-4.8465997E-1,-2.501027E-1,5.486868E-1,-5.062075E1,-5.9717876E-1,1.3090684E-1,-4.1951767E-1,8.127138E-2,-1.9722143E-1,-2.633514E-1,-7.2899085E-1,1.2922409E-1,8.5320644E-2,4.096273E-2,-1.0404085E0,1.5486035E-1,-1.16074346E-1,1.4836983E-1,-1.6923583E-1,-4.589895E-1,-9.303072E-3,-1.991414E-1,9.22038E-1,-1.187362E0,1.6566153E-1,2.839229E-2,1.7343695E-1,-2.1619532E1,1.3998569E-2,-2.1827294E-1,-9.303072E-3,9.983728E-2,-1.3520817E-1,-2.2021203E0,8.957957E-3,-4.2139262E-2,-1.5677115E-1,-4.1919574E-3,-2.7367896E-1,-4.5053524E-1,6.280789E-2,-5.695066E-1,-4.113705E-2],"categories":[2,3,3,2,5,6,10,11,0,1,2,3,4,5,6,7,8,9,0,2,3,1,3,5,0,1,2,3,4,5,6,7,8,9,10,11,12,0,1,2,3,4,5,6,7,8,9,10,11,12,2,4,1,0,1,2,3,4,5,6,7,8,9,2,3,6,7,0,1,2,3,4,2,2,0,2,3,4,12,3,1,0,1,2,3,4,5,6,7,8,9,2,1,3,10,11,1,5,9,10,12,2,3,5,6,8,9,11,0,1,2,3,5],"categories_nodes":[0,2,3,4,5,8,10,12,15,16,18,24,25,26,28,29,30,32,35,36,37,38,39,43,44,46],"categories_segments":[0,2,3,8,18,21,24,37,50,52,53,63,65,67,72,73,74,79,80,81,91,92,93,96,101,108],"categories_sizes":[2,1,5,10,3,3,13,13,2,1,10,2,2,5,1,1,5,1,1,10,1,1,3,5,7,5],"default_left":[0,0,0,0,0,0,0,0,0,0,0,1,0,0,1,0,0,0,0,0,1,1,1,0,0,0,0,0,0,0,0,0,0,0,0,0,0,0,0,0,0,0,1,0,0,0,0,0,1,0,0,0,0,0,0,0,0,0,0,0,0,0,0,0,0,0,0,0,0,0,0,0,0,0,0,0,0],"id":0,"left_children":[1,3,5,7,9,11,13,15,17,-1,19,21,23,25,27,29,31,-1,33,-1,35,37,39,-1,41,43,45,-1,47,49,51,-1,53,-1,55,57,59,61,63,65,-1,-1,67,69,71,-1,73,-1,75,-1,-1,-1,-1,-1,-1,-1,-1,-1,-1,-1,-1,-1,-1,-1,-1,-1,-1,-1,-1,-1,-1,-1,-1,-1,-1,-1,-1],"loss_changes":[2.557902E2,3.2419525E1,7.1262976E2,6.5893846E0,3.474756E1,5.423177E3,1.0264923E3,4.24374E0,2.0462652E1,0E0,3.32903E1,1.3820769E4,7.286733E1,5.2348244E1,6.667854E3,2.9386487E0,1.4794703E0,0E0,5.822302E0,0E0,1.43580475E1,1.1806164E4,1.28921385E1,0E0,3.1425217E1,4.992489E0,4.192102E1,0E0,5.3004484E0,2.6199768E0,4.3250713E0,0E0,2.2482939E0,0E0,2.6288387E1,7.266375E1,9.498856E0,1.3417637E4,6.179037E-1,5.1260095E0,0E0,0E0,4.040252E2,3.7640219E0,3.8353205E0,0E0,1.3229378E2,0E0,4.393837E0,0E0,0E0,0E0,0E0,0E0,0E0,0E0,0E0,0E0,0E0,0E0,0E0,0E0,0E0,0E0,0E0,0E0,0E0,0E0,0E0,0E0,0E0,0E0,0E0,0E0,0E0,0E0,0E0],"parents":[2147483647,0,0,1,1,2,2,3,3,4,4,5,5,6,6,7,7,8,8,10,10,11,11,12,12,13,13,14,14,15,15,16,16,18,18,20,20,21,21,22,22,24,24,25,25,26,26,28,28,29,29,30,30,32,32,34,34,35,35,36,36,37,37,38,38,39,39,42,42,43,43,44,44,46,46,48,48],"right_children":[2,4,6,8,10,12,14,16,18,-1,20,22,24,26,28,30,32,-1,34,-1,36,38,40,-1,42,44,46,-1,48,50,52,-1,54,-1,56,58,60,62,64,66,-1,-1,68,70,72,-1,74,-1,76,-1,-1,-1,-1,-1,-1,-1,-1,-1,-1,-1,-1,-1,-1,-1,-1,-1,-1,-1,-1,-1,-1,-1,-1,-1,-1,-1,-1],"split_conditions":[NaN,5E0,NaN,NaN,NaN,NaN,8.5E1,2E0,NaN,9.585954E-2,NaN,1.6E2,NaN,6E0,2.2E2,NaN,NaN,6.652266E-1,NaN,5.176718E-1,4E1,3E0,2E0,-5.423703E-1,NaN,NaN,NaN,1.6179409E1,NaN,NaN,NaN,-5.9847575E-2,NaN,-4.6684164E-1,2E0,NaN,NaN,NaN,NaN,NaN,-4.1951767E-1,8.127138E-2,7E1,NaN,NaN,1.2922409E-1,NaN,4.096273E-2,3E2,1.5486035E-1,-1.16074346E-1,1.4836983E-1,-1.6923583E-1,-4.589895E-1,-9.303072E-3,-1.991414E-1,9.22038E-1,-1.187362E0,1.6566153E-1,2.839229E-2,1.7343695E-1,-2.1619532E1,1.3998569E-2,-2.1827294E-1,-9.303072E-3,9.983728E-2,-1.3520817E-1,-2.2021203E0,8.957957E-3,-4.2139262E-2,-1.5677115E-1,-4.1919574E-3,-2.7367896E-1,-4.5053524E-1,6.280789E-2,-5.695066E-1,-4.113705E-2],"split_indices":[5,0,3,4,6,2,1,0,2,0,4,1,4,0,1,6,7,0,6,0,1,0,0,0,5,6,5,0,5,3,4,0,3,0,0,3,6,7,8,4,0,0,1,4,4,0,6,0,1,0,0,0,0,0,0,0,0,0,0,0,0,0,0,0,0,0,0,0,0,0,0,0,0,0,0,0,0],"split_type":[1,0,1,1,1,1,0,0,1,0,1,0,1,0,0,1,1,0,1,0,0,0,0,0,1,1,1,0,1,1,1,0,1,0,0,1,1,1,1,1,0,0,0,1,1,0,1,0,0,0,0,0,0,0,0,0,0,0,0,0,0,0,0,0,0,0,0,0,0,0,0,0,0,0,0,0,0],"sum_hessian":[5.756082E3,3.5109128E3,2.245169E3,9.410488E1,3.416808E3,6.71415E2,1.5737539E3,5.0055786E1,4.404909E1,2.657295E3,7.595131E2,6.573994E1,6.0567505E2,1.5570687E3,1.6685263E1,3.870981E1,1.1345979E1,1.6685262E0,4.2380566E1,2.3025661E1,7.364875E2,1.9021198E1,4.6718735E1,2.035602E1,5.8531903E2,1.4783142E2,1.4092373E3,1.6685262E0,1.5016736E1,2.4360483E1,1.4349325E1,8.008926E0,3.3370523E0,5.339284E0,3.7041283E1,2.2691957E1,7.1379553E2,1.1345979E1,7.6752205E0,4.137945E1,5.339284E0,3.37376E2,2.47943E2,1.1946648E2,2.8364946E1,7.398245E2,6.694127E2,1.0011157E1,5.0055785E0,2.1357136E1,3.0033472E0,5.339284E0,9.010041E0,1.6685262E0,1.6685262E0,3.6040165E1,1.0011158E0,3.3370523E0,1.9354904E1,4.3715385E1,6.7008014E2,7.6752205E0,3.6707578E0,6.0066943E0,1.6685262E0,3.1034588E1,1.0344863E1,6.6741047E0,2.4126889E2,8.209149E1,3.737499E1,6.0066943E0,2.2358252E1,4.771985E1,6.216929E2,2.0022316E0,3.0033472E0],"tree_param":{"num_deleted":"0","num_feature":"9","num_nodes":"77","size_leaf_vector":"0"}},{"base_weights":[5.5520487E-1,1.190882E-1,2.0618138E0,9.563374E-1,1.1140128E-1,3.999856E2,-7.327781E-1,1.3015603E0,3.5924733E-1,1.10408336E-1,5.359328E-1,2.9435504E2,-1.6264297E-2,-1.5649123E-1,-5.613591E0,4.2916885E-1,5.296284E-1,-5.6336284E-1,8.022038E-1,1.1137644E-1,-3.9333892E-1,7.178434E-1,-2.1359341E-2,1.22686826E-1,-3.6097416E-1,3.8690272E-1,-1.854712E0,-8.818614E-1,-4.7203594E1,2.3441218E-1,1.6415714E-1,3.2032794E-1,-8.716687E-2,2.0681064E-1,3.3249564E-2,5.4071777E-2,2.4966569E-1,-2.0235823E-1,4.9970433E-2,7.676731E-6,2.9376574E0,-1.864064E1,4.978925E-2,-1.0905231E2,3.3666417E-2,1.8433923E-1,-1.0961029E-1,7.1211023E0,-3.504675E-3,-7.2608247E0,1.7952052E-1,6.60787E-2,-9.4777054E-1,-4.4278423E1,-1.2753276E1,2.8880295E-1,-1.1540076E-1],"categories":[1,0,1,2,5,6,3,3,3,0,1,2,3,4,5,6,0,1,2,4,5,6,7,0,1,2,2,0,2,3,4,0,1,5,0,1,2,3,4,5,6,0,1,2,3,4,5,7,8,1,0,2,3,5,6,7,11,12,0,1,2,3,4,5,6,0,4,10,0,2,3,4,3,0,1,2,3,4,5,6,7,8,9,10],"categories_nodes":[0,3,6,7,8,9,10,12,14,16,18,21,24,25,27,30,40,42,43,44],"categories_segments":[0,1,6,7,8,9,16,23,26,27,31,34,41,49,50,58,65,68,72,73],"categories_sizes":[1,5,1,1,1,7,7,3,1,4,3,7,8,1,8,7,3,4,1,11],"default_left":[0,0,1,0,1,1,0,0,0,0,0,0,0,0,0,0,0,0,0,0,0,0,0,0,0,0,0,0,1,0,0,0,0,0,0,0,0,0,0,0,0,1,0,0,0,0,0,0,0,0,0,0,0,0,0,0,0],"id":1,"left_children":[1,3,5,7,9,11,13,15,17,19,21,-1,23,25,27,-1,29,-1,31,33,-1,35,-1,-1,37,39,-1,41,43,-1,45,-1,-1,-1,-1,-1,-1,-1,-1,-1,47,49,51,53,55,-1,-1,-1,-1,-1,-1,-1,-1,-1,-1,-1,-1],"loss_changes":[2.8316082E3,2.1411457E1,1.0761376E6,5.7751713E0,1.3378716E0,1.568984E6,2.704162E3,1.1153584E0,1.3870094E1,4.6980667E0,8.7656736E-1,0E0,8.801503E-1,2.8222527E3,1.9938854E4,0E0,2.6561642E-1,0E0,3.5357437E0,9.6427155E-1,0E0,2.0916677E-1,0E0,0E0,6.5676457E-1,7.804663E2,0E0,1.5260173E3,3.0248393E4,0E0,9.427363E-1,0E0,0E0,0E0,0E0,0E0,0E0,0E0,0E0,0E0,6.3897153E3,5.0645166E2,4.9154263E1,5.2233086E3,3.0399137E0,0E0,0E0,0E0,0E0,0E0,0E0,0E0,0E0,0E0,0E0,0E0,0E0],"parents":[2147483647,0,0,1,1,2,2,3,3,4,4,5,5,6,6,7,7,8,8,9,9,10,10,12,12,13,13,14,14,16,16,18,18,19,19,21,21,24,24,25,25,27,27,28,28,30,30,40,40,41,41,42,42,43,43,44,44],"right_children":[2,4,6,8,10,12,14,16,18,20,22,-1,24,26,28,-1,30,-1,32,34,-1,36,-1,-1,38,40,-1,42,44,-1,46,-1,-1,-1,-1,-1,-1,-1,-1,-1,48,50,52,54,56,-1,-1,-1,-1,-1,-1,-1,-1,-1,-1,-1,-1],