{"learner":{"attributes":{"best_ntree_limit":"2"},"feature_names":[],"feature_types":["q","q","c","c","c","c","c","c","c","c"],"gradient_booster":{"model":{"gbtree_model_param":{"num_parallel_tree":"1","num_trees":"2","size_leaf_vector":"0"},"tree_info":[0,0],"trees":[{"base_weights":[2.4339846E-1,4.840393E-1,-1.3238983E-1,-2.772094E-1,5.052792E-1,-1.4106514E0,4.0383118E-1,7.478492E-2,-6.777362E-1,1.309031E-1,7.454686E-1,-1.6178913E1,-3.0572344E-2,2.68227E-1,1.7527893E1,2.6465875E-1,-4.6861926E-1,-4.706285E-1,-8.3445865E-1,7.480507E-1,6.9335705E-1,-1.08351006E2,-1.213554E-1,-7.646583E-1,7.0011415E-2,1.5353626E-1,-2.2739947E-3,1.9700886E1,-6.543685E-1,4.6092042E-1,-1.255186E-1,-7.7612097E-3,-1.1700157E0,3.546885E-1,-6.8507004E-1,-4.662723E-1,7.349011E-1,-1.6870734E2,1.3462448E-1,1.6040158E-1,-5.279628E-1,1.11483194E-1,-3.324809E-1,-2.8985314E0,1.9380762E-1,-3.0690312E-1,1.574978E-1,1.8573079E-1,-8.0786094E-2,3.380924E-1,-1.9390602E-1,-5.893833E-1,3.301761E-2,-7.088228E-2,2.297573E-1,-2.7699092E-1,-8.360575E-2,-9.709973E-1,2.1036826E-1,3.918315E-2,2.3239334E-1,-8.013222E1,-9.146257E-2,1.4432617E-1,-1.4194718E-1,-2.9339528E0,1.0197873E-2,-1.1352354E0,-7.637958E-2,1.0823485E0,2.0056289E-2],"categories":[2,3,3,5,6,10,11,0,1,2,3,4,5,6,7,8,9,0,2,3,0,1,2,3,4,5,6,7,8,9,10,11,12,0,1,2,3,4,5,6,7,8,9,10,11,12,0,1,2,3,4,2,4,1,1,3,5,2,2,3,0,1,2,3,5,1,0,1,2,3,4,12,3,3,1,0,1,2,3,4,5,6,7,8,9,3,5,10,11,0,2,3,4,5,6,7,9,10,11,12],"categories_nodes":[0,2,3,4,5,10,12,13,15,16,17,21,24,26,28,30,32,34,35,36,39,44],"categories_segments":[0,2,3,7,17,20,33,46,51,53,54,57,58,60,65,66,72,73,74,75,85,89],"categories_sizes":[2,1,4,10,3,13,13,5,2,1,3,1,2,5,1,6,1,1,1,10,4,11],"default_left":[0,0,0,0,0,0,0,0,0,0,0,1,0,0,1,0,0,0,0,0,1,0,1,0,0,0,0,0,0,0,0,0,0,1,0,0,0,1,0,0,0,0,1,1,0,0,0,0,0,0,0,0,0,0,0,0,0,0,0,0,0,0,0,0,0,0,0,0,0,0,0],"id":0,"left_children":[1,3,5,7,9,11,13,15,17,-1,19,21,23,25,27,29,31,33,-1,-1,35,37,39,-1,41,-1,43,-1,45,47,49,-1,51,53,55,57,59,61,-1,63,-1,-1,65,67,69,-1,-1,-1,-1,-1,-1,-1,-1,-1,-1,-1,-1,-1,-1,-1,-1,-1,-1,-1,-1,-1,-1,-1,-1,-1,-1],"loss_changes":[3.666985E2,4.010663E1,1.0859595E3,9.601032E0,3.9497192E1,9.541805E3,2.5875168E3,3.9370346E0,1.2540239E1,0E0,4.6999207E1,5.920491E4,1.0888846E2,7.303764E1,7.706554E3,2.2039533E0,3.0534596E0,5.577312E0,0E0,0E0,2.5433899E1,3.90499E4,1.6475422E1,0E0,5.03391E1,0E0,2.9941113E2,0E0,3.7304428E0,2.3451872E0,7.359575E0,0E0,4.1017456E0,1.8515016E0,2.091919E0,6.2511677E1,1.1984039E1,6.3219797E4,0E0,6.494602E0,0E0,0E0,6.156462E2,7.73118E1,2.1378342E2,0E0,0E0,0E0,0E0,0E0,0E0,0E0,0E0,0E0,0E0,0E0,0E0,0E0,0E0,0E0,0E0,0E0,0E0,0E0,0E0,0E0,0E0,0E0,0E0,0E0,0E0],"parents":[2147483647,0,0,1,1,2,2,3,3,4,4,5,5,6,6,7,7,8,8,10,10,11,11,12,12,13,13,14,14,15,15,16,16,17,17,20,20,21,21,22,22,24,24,26,26,28,28,29,29,30,30,32,32,33,33,34,34,35,35,36,36,37,37,39,39,42,42,43,43,44,44],"right_children":[2,4,6,8,10,12,14,16,18,-1,20,22,24,26,28,30,32,34,-1,-1,36,38,40,-1,42,-1,44,-1,46,48,50,-1,52,54,56,58,60,62,-1,64,-1,-1,66,68,70,-1,-1,-1,-1,-1,-1,-1,-1,-1,-1,-1,-1,-1,-1,-1,-1,-1,-1,-1,-1,-1,-1,-1,-1,-1,-1],"split_conditions":[NaN,5E0,NaN,NaN,NaN,NaN,8.5E1,2E0,1.3E2,1.309031E-1,NaN,1.65E2,NaN,NaN,3E0,NaN,NaN,NaN,-8.3445865E-1,7.480507E-1,4E1,NaN,2E0,-7.646583E-1,NaN,1.5353626E-1,NaN,1.9700886E1,NaN,1.55E2,NaN,-7.7612097E-3,NaN,6E1,NaN,NaN,NaN,3E0,1.3462448E-1,NaN,-5.279628E-1,1.11483194E-1,7E1,2E0,NaN,-3.0690312E-1,1.574978E-1,1.8573079E-1,-8.0786094E-2,3.380924E-1,-1.9390602E-1,-5.893833E-1,3.301761E-2,-7.088228E-2,2.297573E-1,-2.7699092E-1,-8.360575E-2,-9.709973E-1,2.1036826E-1,3.918315E-2,2.3239334E-1,-8.013222E1,-9.146257E-2,1.4432617E-1,-1.4194718E-1,-2.9339528E0,1.0197873E-2,-1.1352354E0,-7.637958E-2,1.0823485E0,2.0056289E-2],"split_indices":[6,0,3,5,7,2,1,0,1,0,5,1,5,6,0,7,8,2,0,0,1,8,0,0,6,0,7,0,8,1,5,0,3,1,3,3,7,0,0,5,0,0,1,0,5,0,0,0,0,0,0,0,0,0,0,0,0,0,0,0,0,0,0,0,0,0,0,0,0,0,0],"split_type":[1,0,1,1,1,1,0,0,0,0,1,0,1,1,0,1,1,1,0,0,0,1,0,0,1,0,1,0,1,0,1,0,1,0,1,1,1,0,0,1,0,0,0,0,1,0,0,0,0,0,0,0,0,0,0,0,0,0,0,0,0,0,0,0,0,0,0,0,0,0,0],"sum_hessian":[4.053344E3,2.470829E3,1.582515E3,6.674105E1,2.404088E3,4.6718738E2,1.1153276E3,3.5955566E1,3.0785486E1,1.8701595E3,5.339284E2,3.9010616E1,4.2817676E2,1.1075725E3,7.755122E0,2.7025427E1,8.930141E0,2.9140461E1,1.645026E0,1.4100223E1,5.198282E2,4.9350777E0,3.407554E1,1.5510244E1,4.126665E2,5.823392E2,5.252333E2,1.4100223E0,6.3451004E0,1.7860283E1,9.165145E0,6.1100965E0,2.8200445E0,5.8750925E0,2.3265368E1,1.7625278E1,5.0220294E2,2.8200445E0,2.1150334E0,2.984547E1,4.230067E0,2.3594373E2,1.767228E2,3.243051E1,4.9280276E2,4.9350777E0,1.4100223E0,1.4805234E1,3.0550482E0,2.350037E0,6.8151073E0,1.4100223E0,1.4100223E0,2.5850408E0,3.290052E0,1.3865219E1,9.400148E0,4.700074E0,1.2925204E1,3.1255493E1,4.7094745E2,1.4100223E0,1.4100223E0,1.9975315E1,9.870155E0,5.640089E0,1.710827E2,2.3970379E1,8.460134E0,1.6685263E1,4.7611752E2],"tree_param":{"num_deleted":"0","num_feature":"10","num_nodes":"71","size_leaf_vector":"0"}},{"base_weights":[7.623895E-1,2.372694E-1,2.5610309E0,6.7474924E-2,1.367178E0,1.6183693E2,-7.8115416E-1,1.1253544E0,1.0197434E0,-2.3435846E-1,-5.502644E0,1.4244422E0,-1.2939723E0,3.720287E-1,-2.3768206E0,2.2400038E-1,-8.678237E1,5.629151E-1,6.615078E-1,-7.587017E-1,1.5257454E-1,-2.0686068E-2,3.1751025E0,-1.049171E-1,5.5211633E-1,-4.060128E1,-7.1207084E-2,-1.8198442E-1,5.5424553E-1,5.037791E0,-7.4580915E-2,1.631554E0,-4.0167908E-4],"categories":[1,1,0,1,2,3,4,3,0,2,3,0,1,2,5,6,2,1,1,0,1,2,4,5,7,9,10,11,12,2,0,2,6,11,12],"categories_nodes":[0,1,4,6,10,11,12,13,15,18,22,24],"categories_segments":[0,1,2,7,8,11,16,17,18,19,29,30],"categories_sizes":[1,1,5,1,3,5,1,1,1,10,1,5],"default_left":[0,0,1,0,0,0,0,0,0,0,0,0,0,0,0,0,1,0,0,0,0,0,0,0,0,0,0,0,0,0,0,0,0],"id":1,"left_children":[1,3,5,-1,7,-1,9,-1,11,13,15,17,19,21,-1,23,25,-1,27,-1,-1,-1,29,-1,31,-1,-1,-1,-1,-1,-1,-1,-1],"loss_changes":[2.6885154E3,3.0467117E1,1.1547402E6,0E0,1.5761505E1,0E0,1.6517852E3,0E0,2.2455032E1,2.6831802E3,3.0932059E4,5.3829727E0,9.748287E0,6.600791E2,0E0,1.20601E1,1.834748E4,0E0,1.41922245E1,0E0,0E0,0E0,3.3883354E3,0E0,1.0951257E2,0E0,0E0,0E0,0E0,0E0,0E0,0E0,0E0],"parents":[2147483647,0,0,1,1,2,2,4,4,6,6,8,8,9,9,10,10,11,11,12,12,13,13,15,15,16,16,18,18,22,22,24,24],"right_children":[2,4,6,-1,8,-1,10,-1,12,14,16,18,20,22,-1,24,26,-1,28,-1,-1,-1,30,-1,32,-1,-1,-1,-1,-1,-1,-1,-1],"split_conditions":[NaN,NaN,8E1,6.7474924E-2,NaN,1.6183693E2,NaN,1.1253544E0,6.5E1,1.26E3,NaN,NaN,NaN,NaN,-2.3768206E0,NaN,4E0,5.629151E-1,NaN,-7.587017E-1,1.5257454E-1,-2.0686068E-2,NaN,-1.049171E-1,NaN,-4.060128E1,-7.1207084E-2,-1.8198442E-1,5.5424553E-1,5.037791E0,-7.4580915E-2,1.631554E0,-4.0167908E-4],"split_indices":[8,4,1,0,6,0,3,0,1,1,6,2,3,8,0,8,0,0,5,0,0,0,2,0,5,0,0,0,0,0,0,0,0],"split_type":[1,1,0,0,1,0,1,0,0,0,1,1,1,1,0,1,0,0,1,0,0,0,1,0,1,0,0,0,0,0,0,0,0],"sum_hessian":[2.8461313E3,2.203843E3,6.4228827E2,2.1811956E3,2.2647358E1,2.9811552E0,6.393071E2,1.63457E0,2.1012787E1,5.738941E2,6.541303E1,1.821168E1,2.8011081E0,5.328217E2,4.1072376E1,6.203924E1,3.3737926E0,1.0520308E1,7.6913724E0,1.4230695E0,1.3780386E0,4.6123514E2,7.1586555E1,2.2547745E1,3.9491497E1,1.8000883E0,1.5737045E0,3.9530401E0,3.7383323E0,1.3597742E1,5.7988815E1,3.119886E0,3.6371613E1],"tree_param":{"num_deleted":"0","num_feature":"10","num_nodes":"33","size_leaf_vector":"0"}}]},"name":"gbtree"},"learner_model_param":{"base_score":"5E-1","num_class":"0","num_feature":"10","num_target":"1"},"objective":{"name":"reg:squarederror","reg_loss_param":{"scale_pos_weight":"1"}}},"version":[1,6,2]}