{"learner":{"attributes":{"best_ntree_limit":"10"},"feature_names":[],"feature_types":["q","q","c","c","c","c","c","c","c"],"gradient_booster":{"model":{"gbtree_model_param":{"num_parallel_tree":"1","num_trees":"5","size_leaf_vector":"0"},"tree_info":[0,0,0,0,0],"trees":[{"base_weights":[2.4043162E-1,4.7284988E-1,-1.2258761E-1,-3.3928928E-1,4.9454412E-1,-1.3152529E0,3.9791265E-1,3.2458574E-1,-6.7285234E-1,1.26867E-1,7.4331224E-1,-1.5707809E1,-1.9185554E-2,4.257913E0,1.4808354E-1,6.741631E-1,-4.4730243E-1,-5.383117E-1,-1.93676E0,6.6272056E-1,6.955601E-1,-5.6016117E1,-3.9082702E-2,-5.386724E-1,6.483954E-2,-3.6132732E-1,1.5491052E1,-2.0104475E-1,3.503635E-1,8.6942714E-1,-2.3408003E-1,-6.0995843E-2,-2.8931692E-1,3.3977523E-1,-6.4934754E-1,-8.3201545E-1,-9.077217E-2,-8.620492E-1,7.3311496E-1,2.2975716E-1,-5.2246934E-1,3.5520974E-1,-3.2616788E-1,-1.13819405E-1,-9.8250705E-1,3.5508244E1,-6.3871807E-1,5.983062E0,9.380615E-2,3.0358717E-1,2.0993692E-3,1.21586874E-1,-2.1431273E-1,-5.748245E-2,2.2891112E-1,-4.0183973E-1,-1.6730526E-1,-1.0307914E0,-3.1185057E-2,2.3962943E-1,1.2395389E-1,1.8026161E-1,-1.7786289E-2,1.0772509E-1,-4.019059E-2,-1.5199332E0,1.6141566E-2,6.1311495E-2,-2.4545231E-1,-4.44142E-1,-1.35368E-1,1.4034343E1,3.798207E-2,-1.9479933E-3,-4.5067233E-1,-6.903835E-2,1.1347867E1,-3.3560438E0,5.2400637E-2],"categories":[2,3,3,0,1,2,3,5,6,10,11,0,1,2,3,4,5,6,7,8,9,0,2,3,0,1,2,3,4,5,6,10,11,12,0,1,2,3,4,5,6,7,8,9,10,11,12,0,1,2,3,4,5,6,7,8,9,10,11,12,3,4,0,1,2,3,4,5,6,7,1,3,4,5,2,3,0,3,5,6,7,8,9,10,11,12,1,12,0,1,2,3,4,5,6,7,8,9,1,3,0,1,2,0,1,3,5,7,8,9,0,1,2,3,4,5,9,3,2,3,4,7,0,1,2,3,4,5,6,7,8],"categories_nodes":[0,2,3,4,5,6,10,12,14,15,16,17,24,25,28,29,30,34,37,38,39,41,43,44,45,46,48],"categories_segments":[0,2,3,11,21,24,34,47,60,61,62,70,74,75,76,86,87,88,98,100,103,110,116,117,118,119,122],"categories_sizes":[2,1,8,10,3,10,13,13,1,1,8,4,1,1,10,1,1,10,2,3,7,6,1,1,1,3,9],"default_left":[0,0,0,0,0,0,0,0,0,0,0,1,0,0,0,0,0,0,1,0,1,0,1,0,0,0,1,0,0,0,0,0,0,1,0,0,0,0,0,0,0,0,1,0,0,0,0,0,0,0,0,0,0,0,0,0,0,0,0,0,0,0,0,0,0,0,0,0,0,0,0,0,0,0,0,0,0,0,0],"id":0,"left_children":[1,3,5,7,9,11,13,15,17,-1,19,21,23,25,27,29,31,33,35,-1,37,-1,39,-1,41,43,45,-1,47,49,51,-1,-1,53,55,-1,-1,57,59,61,-1,63,65,67,69,71,73,75,77,-1,-1,-1,-1,-1,-1,-1,-1,-1,-1,-1,-1,-1,-1,-1,-1,-1,-1,-1,-1,-1,-1,-1,-1,-1,-1,-1,-1,-1,-1],"loss_changes":[3.4661826E2,4.4292725E1,9.9631305E2,1.4778795E1,4.3173462E1,9.095106E3,1.0770157E3,6.416911E0,6.4545593E0,0E0,3.655719E1,1.07924125E5,6.70321E1,3.528546E3,1.7412196E2,3.0406637E0,7.710222E-1,4.2407093E0,4.433736E0,0E0,3.1549255E1,0E0,1.7746367E1,0E0,4.882656E1,7.43528E0,6.417703E3,0E0,1.2176866E3,1.6374989E0,1.4007663E0,0E0,0E0,1.3348892E0,1.5902071E0,0E0,0E0,2.4820171E1,1.052121E1,3.6413636E0,0E0,5.1556396E-1,3.305239E2,8.2876625E0,2.997491E0,3.5262998E3,6.5146194E0,7.271455E3,7.38362E2,0E0,0E0,0E0,0E0,0E0,0E0,0E0,0E0,0E0,0E0,0E0,0E0,0E0,0E0,0E0,0E0,0E0,0E0,0E0,0E0,0E0,0E0,0E0,0E0,0E0,0E0,0E0,0E0,0E0,0E0],"parents":[2147483647,0,0,1,1,2,2,3,3,4,4,5,5,6,6,7,7,8,8,10,10,11,11,12,12,13,13,14,14,15,15,16,16,17,17,18,18,20,20,22,22,24,24,25,25,26,26,28,28,29,29,30,30,33,33,34,34,37,37,38,38,39,39,41,41,42,42,43,43,44,44,45,45,46,46,47,47,48,48],"right_children":[2,4,6,8,10,12,14,16,18,-1,20,22,24,26,28,30,32,34,36,-1,38,-1,40,-1,42,44,46,-1,48,50,52,-1,-1,54,56,-1,-1,58,60,62,-1,64,66,68,70,72,74,76,78,-1,-1,-1,-1,-1,-1,-1,-1,-1,-1,-1,-1,-1,-1,-1,-1,-1,-1,-1,-1,-1,-1,-1,-1,-1,-1,-1,-1,-1,-1],"split_conditions":[NaN,4E0,NaN,NaN,NaN,NaN,NaN,2E0,1.3E2,1.26867E-1,NaN,1.6E2,NaN,6E0,NaN,NaN,NaN,NaN,2.1E2,6.6272056E-1,4E1,-5.6016117E1,2E0,-5.386724E-1,NaN,NaN,1.3E2,-2.0104475E-1,NaN,NaN,NaN,-6.0995843E-2,-2.8931692E-1,6E1,NaN,-8.3201545E-1,-9.077217E-2,NaN,NaN,NaN,-5.2246934E-1,NaN,7E1,NaN,NaN,NaN,NaN,2E0,NaN,3.0358717E-1,2.0993692E-3,1.21586874E-1,-2.1431273E-1,-5.748245E-2,2.2891112E-1,-4.0183973E-1,-1.6730526E-1,-1.0307914E0,-3.1185057E-2,2.3962943E-1,1.2395389E-1,1.8026161E-1,-1.7786289E-2,1.0772509E-1,-4.019059E-2,-1.5199332E0,1.6141566E-2,6.1311495E-2,-2.4545231E-1,-4.44142E-1,-1.35368E-1,1.4034343E1,3.798207E-2,-1.9479933E-3,-4.5067233E-1,-6.903835E-2,1.1347867E1,-3.3560438E0,5.2400637E-2],"split_indices":[5,0,3,4,6,2,4,0,1,0,4,1,4,0,3,6,6,2,1,0,1,0,0,0,5,2,1,0,4,3,4,0,0,1,6,0,0,6,6,6,0,4,1,4,3,7,6,0,6,0,0,0,0,0,0,0,0,0,0,0,0,0,0,0,0,0,0,0,0,0,0,0,0,0,0,0,0,0,0],"split_type":[1,0,1,1,1,1,1,0,0,0,1,0,1,0,1,1,1,1,0,0,0,0,0,0,1,1,0,0,1,1,1,0,0,0,1,0,0,1,1,1,0,1,0,1,1,1,1,0,1,0,0,0,0,0,0,0,0,0,0,0,0,0,0,0,0,0,0,0,0,0,0,0,0,0,0,0,0,0,0],"sum_hessian":[4.1065137E3,2.503426E3,1.6030876E3,6.475198E1,2.4386738E3,4.865921E2,1.1164956E3,2.1663347E1,4.3088634E1,1.8954238E3,5.432501E2,3.9279697E1,4.473124E2,6.689451E1,1.0496011E3,1.4997702E1,6.665645E0,4.023193E1,2.8567052E0,1.5711878E1,5.275382E2,2.3805876E0,3.689911E1,1.9282759E1,4.2802966E2,4.808787E1,1.8806643E1,2.0758723E2,8.4201385E2,1.2379056E1,2.6186464E0,5.4753513E0,1.1902938E0,4.2850575E0,3.5946873E1,1.4283526E0,1.4283526E0,1.1902938E1,5.1563525E2,3.261405E1,4.2850575E0,2.4567664E2,1.8235301E2,3.5232697E1,1.2855173E1,7.855939E0,1.0950703E1,3.5708813E1,8.06305E2,1.0474586E1,1.9044701E0,1.1902938E0,1.4283526E0,2.1425288E0,2.1425288E0,2.6186464E0,3.3328228E1,1.9044701E0,9.998468E0,4.266013E2,8.903397E1,1.3807408E1,1.8806643E1,2.4401022E2,1.6664113E0,1.2617114E1,1.697359E2,2.4758112E1,1.0474586E1,5.7134104E0,7.1417627E0,5.7134104E0,2.1425288E0,6.903704E0,4.046999E0,3.070958E1,4.999234E0,4.761175E0,8.015438E2],"tree_param":{"num_deleted":"0","num_feature":"9","num_nodes":"79","size_leaf_vector":"0"}},{"base_weights":[1.9180255E0,9.9567723E-1,6.5229416E0,1.1724359E-1,4.6395154E0,8.991438E1,2.5816946E0,2.162204E-1,-4.080583E0,7.136134E1,3.6951056E0,4.8713815E2,3.230297E-1,3.837047E1,1.8782581E0,-3.1037019E-3,4.118282E-1,-1.5320347E1,3.005946E-2,5.959797E0,2.6884092E1,1.2514041E1,9.5350647E-1,2.3057393E2,-1.6944302E-2,-1.5025628E-1,1.5487769E0,2.0912441E1,2.4808736E0,-4.3341354E-1,5.5447426E0,2.2419462E0,2.9536957E-1,2.9644185E-1,-3.5627837E0,5.3144062E1,6.380493E-1,1.514665E0,-1.50098E-1,1.816265E0,-4.9837163E-1,1.3678862E2,2.3879914E-1,2.0985641E0,4.2722785E-1,1.6779645E-1,-2.6426997E-2,1.263886E-1,-2.986198E0,3.3966877E1,-2.0929003E-1,3.0270414E0,-7.2956314E1,5.765349E-1,3.4005722E-1,4.1934088E-2,-2.2463922E-1,-1.2920472E-3,-3.2562745E-1,-4.5123562E-1,2.854965E-1],"categories":[1,2,0,1,2,3,4,1,2,4,0,1,2,3,4,5,0,1,2,3,4,5,6,7,8,9,0,1,2,3,4,5,6,7,8,9,10,11,12,0,2,3,6,1,0,1,2,3,4,5,1,0,1,2,3,4,5,6,7,8,1,2,4,0,1,3,4,5,0,2,3,6,0,1,2,4,5,6,7,8,9,12,2,3,0,1,2,3,4,0,2,3,1,1],"categories_nodes":[0,1,2,3,4,7,9,10,12,13,14,16,18,21,26,30,31,32,37,38,40,42],"categories_segments":[0,1,2,7,10,16,26,39,43,44,50,51,60,63,67,68,72,82,84,89,92,93],"categories_sizes":[1,1,5,3,6,10,13,4,1,6,1,9,3,4,1,4,10,2,5,3,1,1],"default_left":[0,0,0,0,0,1,0,0,1,0,0,1,0,0,0,0,0,0,0,0,0,0,0,0,0,0,0,0,0,0,0,0,0,0,0,1,0,0,0,0,0,0,0,0,0,0,0,0,0,0,0,0,0,0,0,0,0,0,0,0,0],"id":1,"left_children":[1,3,5,7,9,11,13,15,17,19,21,23,25,27,29,-1,31,-1,33,-1,-1,35,37,-1,-1,-1,39,-1,-1,-1,41,43,45,-1,47,49,51,53,55,-1,57,-1,59,-1,-1,-1,-1,-1,-1,-1,-1,-1,-1,-1,-1,-1,-1,-1,-1,-1,-1],"loss_changes":[9.952022E3,6.25579E3,1.2830183E5,6.556618E2,2.3658621E4,6.268792E5,9.354958E3,6.827977E1,7.0228154E3,3.1486309E3,9.06444E3,4.4456756E5,1.6305017E1,6.1838438E3,4.49513E3,0E0,1.7555612E2,0E0,1.2202586E2,0E0,0E0,4.288341E4,1.7824701E2,0E0,0E0,0E0,6.2282516E1,0E0,0E0,0E0,4.1884347E5,1.8174335E2,7.884366E1,0E0,1.942711E2,6.5115082E4,1.6340756E5,2.7404572E1,1.707872E1,0E0,1.544751E0,0E0,2.1794247E2,0E0,0E0,0E0,0E0,0E0,0E0,0E0,0E0,0E0,0E0,0E0,0E0,0E0,0E0,0E0,0E0,0E0,0E0],"parents":[2147483647,0,0,1,1,2,2,3,3,4,4,5,5,6,6,7,7,8,8,9,9,10,10,11,11,12,12,13,13,14,14,16,16,18,18,21,21,22,22,26,26,30,30,31,31,32,32,34,34,35,35,36,36,37,37,38,38,40,40,42,42],"right_children":[2,4,6,8,10,12,14,16,18,20,22,24,26,28,30,-1,32,-1,34,-1,-1,36,38,-1,-1,-1,40,-1,-1,-1,42,44,46,-1,48,50,52,54,56,-1,58,-1,60,-1,-1,-1,-1,-1,-1,-1,-1,-1,-1,-1,-1,-1,-1,-1,-1,-1,-1],