{"learner":{"attributes":{"best_ntree_limit":"10"},"feature_names":[],"feature_types":["q","q","c","c","c","c","c","c","c"],"gradient_booster":{"model":{"gbtree_model_param":{"num_parallel_tree":"1","num_trees":"5","size_leaf_vector":"0"},"tree_info":[0,0,0,0,0],"trees":[{"base_weights":[2.4043162E-1,4.8555088E-1,-1.4092985E-1,-4.2326695E-1,5.099747E-1,-3.7685008E0,6.2187254E-2,3.898013E-1,-5.6728065E-1,1.318004E-1,7.597004E-1,-2.7919456E1,7.591266E-2,1.3535912E1,-6.356359E-2,2.5015923E-1,-5.108894E-1,-2.5930232E-1,-9.7039884E-1,6.016761E-1,7.217231E-1,-1.9352995E1,-1.8639812E-1,2.0231113E-1,-1.2843419E0,1.2382499E1,1.997297E-1,8.173357E-2,-3.396251E-1,-4.110569E-1,2.5855482E-1,1.1696168E-1,-1.5895342E0,-8.27561E-2,-4.0185598E-1,-1.8941405E-1,7.5664234E-1,4.6596786E-1,-2.1900965E-1,4.0396708E-1,-7.0704573E-1,-1.5294696E-1,-4.6490002E-1,1.510458E-1,-2.6521215E-1,-2.2238663E1,-1.9263463E-1,-1.0612104E-2,1.9644277E-1,-5.143629E-1,-1.52349E-1,6.348741E-1,-2.9264352E-1,-4.402089E-1,2.0133218E-1,1.9275746E-1,2.7246454E-1,-4.019059E-2,2.7984947E-1,1.6348286E-1,-1.7332639E-1,-8.573811E-2,-6.17635E-1,-1.516272E1,-6.7382334E-3,-6.3502634E-1,-2.2565242E-2],"categories":[2,3,0,1,2,3,5,1,3,5,0,1,2,3,4,5,6,7,8,9,0,1,2,3,4,5,6,9,10,11,12,1,5,6,11,0,1,2,3,4,5,6,7,8,9,10,11,12,2,3,2,4,6,2,4,6,10,0,1,2,3,8,1,3,4,5,6,10,3,0,1,2,3,0,1,2,3,4,5,1,1,0,1,2,3,4,0,1,2,3,4,5,6,7,8,9],"categories_nodes":[0,2,3,4,6,7,8,10,14,16,22,23,24,26,28,31,32,33,35,36,37,46],"categories_segments":[0,2,7,10,20,31,32,35,48,50,51,53,57,62,63,68,69,73,79,80,81,86],"categories_sizes":[2,5,3,10,11,1,3,13,2,1,2,4,5,1,5,1,4,6,1,1,5,10],"default_left":[0,0,0,0,0,1,0,0,0,0,0,1,1,1,0,0,0,0,1,0,1,0,0,0,0,0,0,0,0,0,0,0,0,0,0,0,0,0,0,1,0,0,0,0,0,1,0,0,0,0,0,0,0,0,0,0,0,0,0,0,0,0,0,0,0,0,0],"id":0,"left_children":[1,3,5,7,9,11,13,15,17,-1,19,21,23,25,27,-1,29,31,33,-1,35,-1,37,39,41,-1,43,-1,45,-1,-1,47,49,51,-1,53,55,57,-1,59,61,-1,-1,-1,-1,63,65,-1,-1,-1,-1,-1,-1,-1,-1,-1,-1,-1,-1,-1,-1,-1,-1,-1,-1,-1,-1],"loss_changes":[3.8403488E2,5.572162E1,1.1849674E3,7.948099E0,4.2632263E1,7.919381E3,2.5823853E3,4.6345654E0,6.75893E0,0E0,2.3898468E1,1.1873582E4,1.3079269E1,5.2053145E3,1.40208E2,0E0,6.011059E0,1.6891209E1,7.782734E0,0E0,1.6732178E1,0E0,3.05878E0,1.2954204E1,5.406227E-1,0E0,3.9090807E0,0E0,2.6664224E3,0E0,0E0,2.231132E0,1.3368034E-1,1.8047438E1,0E0,2.3027958E1,8.105682E0,1.2718667E0,0E0,8.228755E0,6.758833E0,0E0,0E0,0E0,0E0,3.4718083E3,1.8626462E2,0E0,0E0,0E0,0E0,0E0,0E0,0E0,0E0,0E0,0E0,0E0,0E0,0E0,0E0,0E0,0E0,0E0,0E0,0E0,0E0],"parents":[2147483647,0,0,1,1,2,2,3,3,4,4,5,5,6,6,7,7,8,8,10,10,11,11,12,12,13,13,14,14,16,16,17,17,18,18,20,20,22,22,23,23,24,24,26,26,28,28,31,31,32,32,33,33,35,35,36,36,37,37,39,39,40,40,45,45,46,46],"right_children":[2,4,6,8,10,12,14,16,18,-1,20,22,24,26,28,-1,30,32,34,-1,36,-1,38,40,42,-1,44,-1,46,-1,-1,48,50,52,-1,54,56,58,-1,60,62,-1,-1,-1,-1,64,66,-1,-1,-1,-1,-1,-1,-1,-1,-1,-1,-1,-1,-1,-1,-1,-1,-1,-1,-1,-1],"split_conditions":[NaN,5E0,NaN,NaN,NaN,1.3E2,NaN,NaN,NaN,1.318004E-1,NaN,3E0,2E0,1.3E2,NaN,2.5015923E-1,NaN,2E0,9E1,6.016761E-1,4E1,-1.9352995E1,NaN,NaN,NaN,1.2382499E1,NaN,8.173357E-2,NaN,-4.110569E-1,2.5855482E-1,NaN,NaN,NaN,-4.0185598E-1,NaN,NaN,NaN,-2.1900965E-1,2.25E2,1.55E2,-1.5294696E-1,-4.6490002E-1,1.510458E-1,-2.6521215E-1,2.25E2,NaN,-1.0612104E-2,1.9644277E-1,-5.143629E-1,-1.52349E-1,6.348741E-1,-2.9264352E-1,-4.402089E-1,2.0133218E-1,1.9275746E-1,2.7246454E-1,-4.019059E-2,2.7984947E-1,1.6348286E-1,-1.7332639E-1,-8.573811E-2,-6.17635E-1,-1.516272E1,-6.7382334E-3,-6.3502634E-1,-2.2565242E-2],"split_indices":[5,0,6,2,6,1,4,7,4,0,4,0,0,1,5,0,3,0,1,0,1,0,6,4,4,0,7,0,4,0,0,3,4,6,0,3,7,5,0,1,1,0,0,0,0,1,6,0,0,0,0,0,0,0,0,0,0,0,0,0,0,0,0,0,0,0,0],"split_type":[1,0,1,1,1,0,1,1,1,0,1,0,0,0,1,0,1,0,0,0,0,0,1,1,1,0,1,0,1,0,0,1,1,1,0,1,1,1,0,0,0,0,0,0,0,0,1,0,0,0,0,0,0,0,0,0,0,0,0,0,0,0,0,0,0,0,0],"sum_hessian":[4.1065137E3,2.499617E3,1.6068966E3,6.499004E1,2.434627E3,8.4272804E1,1.5226238E3,9.52235E0,5.546769E1,1.899947E3,5.3468E2,1.0712645E1,7.356016E1,1.3093232E1,1.5095306E3,6.4275866E0,3.094764E0,3.237599E1,2.30917E1,1.4283525E1,5.203964E2,4.046999E0,6.665645E0,6.808481E1,5.4753513E0,3.5708814E0,9.52235E0,6.808481E2,8.2868256E2,1.9044701E0,1.1902938E0,2.5948404E1,6.4275866E0,7.1417627E0,1.5949937E1,1.90447E1,5.0135175E2,3.094764E0,3.5708814E0,5.6181866E1,1.1902938E1,2.1425288E0,3.3328226E0,7.855939E0,1.6664113E0,4.5231166E0,8.241594E2,2.0949171E1,4.999234E0,5.237293E0,1.1902938E0,1.6664113E0,5.4753513E0,7.379822E0,1.1664879E1,2.8900333E2,2.1234842E2,1.6664113E0,1.4283526E0,4.9516224E1,6.665645E0,9.998468E0,1.9044701E0,1.4283526E0,3.094764E0,4.642146E1,7.77738E2],"tree_param":{"num_deleted":"0","num_feature":"9","num_nodes":"67","size_leaf_vector":"0"}},{"base_weights":[3.8072286E0,1.0426374E1,1.0767201E0,2.1637789E1,2.7855163E0,-1.7472609E1,1.7756648E0,1.01711914E3,7.6163775E-1,3.3005712E0,1.2942073E-1,9.082107E0,-4.583777E-4,4.6429446E2,1.5780973E-1,-1.13348114E2,1.3060596E1,3.3729517E0,3.2104167E-1,3.852191E-1,-1.7757391E0,5.5541367E1,6.195912E-1,6.251012E0,-1.18371665E-1,3.634922E0,2.0387157E1,3.3959582E0,-6.504754E-2,3.2640982E0,-1.598453E0,8.8865286E-1,2.112192E-1,-1.2840124E0,5.564803E-1,7.809695E1,3.6228786E1,6.9589686E0,-2.0491852E2,2.0098478E1,-4.9696407E-1,1.3923545E-1,-4.304166E-1,1.0001979E0,1.8566197E0,1.5968122E0,1.6562627E-1,-1.0941329E0,1.2076926E-1,3.1362605E-1,-4.685374E-2,-4.566728E-2,1.7323652E1,1.1002387E2,1.8666387E-1,-1.7701122E2,2.4262007E-1,1.0477029E1,-1.9176403E-1,1.1304997E-2,-4.0083903E-1,-2.2710109E-1,5.5558436E-2,-3.3694798E-1,4.4735212E-2],"categories":[0,3,4,5,6,10,0,1,2,3,4,5,6,7,8,9,0,1,3,4,0,4,6,7,8,9,0,1,2,3,5,0,1,2,3,4,5,6,7,8,9,0,1,3,4,0,1,3,4,1,3,5,6,1,0,1,2,3,4,5,6,7,8,9,2,3,0,1,2,3,4,5,6,7,9,10,11,12,0,1,2,3,4,5,6,7,8,2,0,1,2,3,4,2,3,2,3],"categories_nodes":[0,2,3,4,6,8,9,11,12,16,19,24,27,29,34,37,38,39,40,42],"categories_segments":[0,6,16,20,26,31,41,45,49,53,54,64,66,78,87,88,93,94,95,96],"categories_sizes":[6,10,4,6,5,10,4,4,4,1,10,2,12,9,1,5,1,1,1,1],"default_left":[0,0,0,0,0,0,0,1,0,0,0,0,0,0,0,0,0,1,0,0,1,0,0,1,0,0,0,0,0,0,0,0,1,0,0,0,0,0,0,0,0,0,0,0,0,0,0,0,0,0,0,0,0,0,0,0,0,0,0,0,0,0,0,0,0],"id":1,"left_children":[1,3,5,7,9,-1,11,13,15,17,19,21,23,-1,-1,-1,25,27,29,31,33,35,37,39,41,-1,-1,43,-1,45,-1,-1,47,-1,49,-1,51,53,55,57,59,61,63,-1,-1,-1,-1,-1,-1,-1,-1,-1,-1,-1,-1,-1,-1,-1,-1,-1,-1,-1,-1,-1,-1],"loss_changes":[3.0365865E4,4.197843E4,4.9483145E4,4.129567E6,4.0038916E2,0E0,1.5288453E4,2.2005045E6,9.16005E5,5.18313E1,2.4381983E1,9.054321E4,7.000742E2,0E0,0E0,0E0,9.049531E3,2.0510742E1,1.3251389E2,1.896585E1,3.704223E1,1.3091403E5,2.5667477E5,1.6528779E3,7.499017E1,0E0,0E0,2.0548828E1,0E0,2.5940075E1,0E0,0E0,3.2480175E1,0E0,1.542333E0,0E0,2.6303145E4,4.3523316E5,4.6745894E5,1.8007498E3,5.791883E0,2.1203634E1,1.6949722E2,0E0,0E0,0E0,0E0,0E0,0E0,0E0,0E0,0E0,0E0,0E0,0E0,0E0,0E0,0E0,0E0,0E0,0E0,0E0,0E0,0E0,0E0],"parents":[2147483647,0,0,1,1,2,2,3,3,4,4,6,6,7,7,8,8,9,9,10,10,11,11,12,12,16,16,17,17,18,18,19,19,20,20,21,21,22,22,23,23,24,24,27,27,29,29,32,32,34,34,36,36,37,37,38,38,39,39,40,40,41,41,42,42],"right_children":[2,4,6,8,10,-1,12,14,16,18,20,22,24,-1,-1,-1,26,28,30,32,34,36,38,40,42,-1,-1,44,-1,46,-1,-1,48,-1,50,-1,52,54,56,58,60,62,64,-1,-1,-1,-1,-1,-1,-1,-1,-1,-1,-1,-1,-1,-1,-1,-1,-1,-1,-1,-1,-1,-1],"split_conditions":[NaN,1.3E2,NaN,NaN,NaN,-1.7472609E1,NaN,3E0,NaN,NaN,2.25E2,NaN,NaN,4.6429446E2,1.5780973E-1,-1.13348114E2,NaN,2.4E2,1.65E2,NaN,2.7E2,1.3E2,1.5E2,1.3E2,NaN,3.634922E0,2.0387157E1,NaN,-6.504754E-2,NaN,-1.598453E0,8.8865286E-1,1.4E2,-1.2840124E0,NaN,7.809695E1,3.25E2,NaN,NaN,NaN,NaN,4E0,NaN,1.0001979E0,1.8566197E0,1.5968122E0,1.6562627E-1,-1.0941329E0,1.2076926E-1,3.1362605E-1,-4.685374E-2,-4.566728E-2,1.7323652E1,1.1002387E2,1.8666387E-1,-1.7701122E2,2.4262007E-1,1.0477029E1,-1.9176403E-1,1.1304997E-2,-4.0083903E-1,-2.2710109E-1,5.5558436E-2,-3.3694798E-1,4.4735212E-2],