{"learner":{"attributes":{"best_ntree_limit":"6"},"feature_names":[],"feature_types":["q","q","c","c","c","c","c","c","c"],"gradient_booster":{"model":{"gbtree_model_param":{"num_parallel_tree":"1","num_trees":"1","size_leaf_vector":"0"},"tree_info":[0],"trees":[{"base_weights":[2.3994471E-1,4.8708296E-1,-1.452117E-1,-3.3801198E-1,5.089745E-1,-3.8934276E0,5.747434E-2,-1.6893868E-1,-1.1360941E0,1.2994403E-1,7.727695E-1,-3.3311337E1,1.8771136E-1,2.714413E1,-5.3744044E-2,3.4095517E-1,-5.616124E-1,2.0993692E-3,-1.3701242E0,6.741803E-1,7.141956E-1,-2.3659943E1,1.0517718E0,1.7032641E-1,-4.2653725E-1,1.6076023E1,2.2175355E-1,8.458706E-2,-3.3304808E-1,-1.7960852E-1,5.970579E-1,1.4239986E0,-7.9117745E-1,-1.5247688E0,-9.077217E-2,-1.1981912E0,7.6191795E-1,6.759114E-1,-2.666751E-1,-4.4173603E0,5.552151E-1,2.7984947E-1,-1.5270136E-1,-5.1655946E0,-1.6176143E-1,2.3618911E-1,-3.4583464E-2,7.740117E-1,-1.52349E-1,-1.0160385E-1,-2.812675E-1,-1.5381054E-2,-5.3351533E-1,-1.932932E0,-4.099667E-2,3.240698E-2,2.3949671E-1,2.7984947E-1,-3.7772292E-1,1.0538844E-1,-2.0589736E0,7.46513E-1,-2.680198E-2,-7.982592E0,-2.2741309E-1,-3.0415073E-2,-7.059756E-1],"categories":[2,3,0,1,2,3,5,0,1,2,3,4,5,6,7,8,9,0,1,2,3,4,5,6,9,10,11,12,0,2,3,4,5,6,11,3,5,0,1,2,3,4,5,6,7,8,9,10,11,12,2,2,2,3,0,1,2,3,4,5,6,7,8,9,1,3,5,1,2,2,3,5,1,2,1,2,3,5,6,7,9,0,1,2,3,4,5,6,7,0,1,3,0,1,2,3,4,5,6,7,8,9,0,1,2,3,4,5,6,0,2,3,4,5,6,9,10,12],"categories_nodes":[0,2,4,6,7,8,10,11,12,14,15,16,24,26,28,30,31,32,33,35,36,38,40],"categories_segments":[0,2,7,17,28,35,37,50,51,52,54,64,67,68,69,72,73,74,81,89,92,102,109],"categories_sizes":[2,5,10,11,7,2,13,1,1,2,10,3,1,1,3,1,1,7,8,3,10,7,9],"default_left":[0,0,0,0,0,1,0,0,0,0,0,0,0,1,0,0,0,0,0,0,1,0,1,0,0,0,0,0,0,0,0,0,0,0,0,0,0,0,0,0,0,0,0,1,0,0,0,0,0,0,0,0,0,0,0,0,0,0,0,0,0,0,0,0,0,0,0],"id":0,"left_children":[1,3,5,7,9,11,13,15,17,-1,19,21,23,25,27,29,31,-1,33,-1,35,-1,37,-1,39,-1,41,-1,43,-1,45,47,49,51,-1,53,55,-1,57,59,61,-1,-1,63,65,-1,-1,-1,-1,-1,-1,-1,-1,-1,-1,-1,-1,-1,-1,-1,-1,-1,-1,-1,-1,-1,-1],"loss_changes":[3.9105215E2,4.536969E1,1.2204945E3,8.61603E0,4.843274E1,9.901012E3,4.5950137E3,1.1211567E1,3.015561E0,0E0,4.5297516E1,1.5809482E4,1.7369707E1,4.428432E3,1.4257341E2,6.2696257E0,1.54722E1,0E0,1.0792828E0,0E0,4.871469E1,0E0,1.1233566E1,0E0,1.1456544E2,0E0,2.6025612E0,0E0,6.861318E2,0E0,2.7748404E0,9.39164E0,1.5935974E0,2.8624554E0,0E0,7.228418E1,1.2093048E1,0E0,6.04888E0,6.960695E1,2.9944641E1,0E0,0E0,2.661754E3,1.0595201E2,0E0,0E0,0E0,0E0,0E0,0E0,0E0,0E0,0E0,0E0,0E0,0E0,0E0,0E0,0E0,0E0,0E0,0E0,0E0,0E0,0E0,0E0],"parents":[2147483647,0,0,1,1,2,2,3,3,4,4,5,5,6,6,7,7,8,8,10,10,11,11,12,12,13,13,14,14,15,15,16,16,18,18,20,20,22,22,24,24,26,26,28,28,30,30,31,31,32,32,33,33,35,35,36,36,38,38,39,39,40,40,43,43,44,44],"right_children":[2,4,6,8,10,12,14,16,18,-1,20,22,24,26,28,30,32,-1,34,-1,36,-1,38,-1,40,-1,42,-1,44,-1,46,48,50,52,-1,54,56,-1,58,60,62,-1,-1,64,66,-1,-1,-1,-1,-1,-1,-1,-1,-1,-1,-1,-1,-1,-1,-1,-1,-1,-1,-1,-1,-1,-1],"split_conditions":[NaN,4E0,NaN,2E0,NaN,1.3E2,NaN,NaN,NaN,1.2994403E-1,NaN,NaN,NaN,2.1E2,NaN,NaN,NaN,2.0993692E-3,3E0,6.741803E-1,4E1,-2.3659943E1,3E0,1.7032641E-1,NaN,1.6076023E1,NaN,8.458706E-2,NaN,-1.7960852E-1,NaN,NaN,NaN,NaN,-9.077217E-2,NaN,NaN,6.759114E-1,NaN,1.5E2,NaN,2.7984947E-1,-1.5270136E-1,2E0,1.4E2,2.3618911E-1,-3.4583464E-2,7.740117E-1,-1.52349E-1,-1.0160385E-1,-2.812675E-1,-1.5381054E-2,-5.3351533E-1,-1.932932E0,-4.099667E-2,3.240698E-2,2.3949671E-1,2.7984947E-1,-3.7772292E-1,1.0538844E-1,-2.0589736E0,7.46513E-1,-2.680198E-2,-7.982592E0,-2.2741309E-1,-3.0415073E-2,-7.059756E-1],"split_indices":[5,0,6,0,6,1,4,4,2,0,4,7,5,1,5,6,2,0,0,0,1,0,0,0,3,0,5,0,2,0,3,6,6,6,0,6,6,0,6,1,4,0,0,0,1,0,0,0,0,0,0,0,0,0,0,0,0,0,0,0,0,0,0,0,0,0,0],"split_type":[1,0,1,0,1,0,1,1,1,0,1,1,1,0,1,1,1,0,0,0,0,0,0,0,1,0,1,0,1,0,1,1,1,1,0,1,1,0,1,0,1,0,0,0,0,0,0,0,0,0,0,0,0,0,0,0,0,0,0,0,0,0,0,0,0,0,0],"sum_hessian":[4.1065137E3,2.5012834E3,1.6052302E3,6.427586E1,2.4370076E3,8.14161E1,1.5238141E3,5.4039337E1,1.02365265E1,1.8949478E3,5.420598E2,9.046233E0,7.2369865E1,5.237293E0,1.5185768E3,2.3567818E1,3.0471521E1,1.9044701E0,8.332057E0,1.9282759E1,5.2277704E2,3.3328226E0,5.7134104E0,4.4755047E1,2.7614817E1,2.1425288E0,3.094764E0,6.8965625E2,8.289206E2,4.761175E0,1.8806643E1,2.6186464E0,2.7852875E1,6.903704E0,1.4283526E0,1.2140997E1,5.1063605E2,2.6186464E0,3.094764E0,4.761175E0,2.2853642E1,1.4283526E0,1.6664113E0,2.7376757E1,8.015438E2,1.4759644E1,4.046999E0,1.4283526E0,1.1902938E0,7.6178803E0,2.0234995E1,1.1902938E0,5.7134104E0,1.1902938E0,1.0950703E1,2.7138699E1,4.8349734E2,1.4283526E0,1.6664113E0,1.9044701E0,2.8567052E0,4.999234E0,1.7854406E1,3.8089402E0,2.3567818E1,7.810708E2,2.0473053E1],"tree_param":{"num_deleted":"0","num_feature":"9","num_nodes":"67","size_leaf_vector":"0"}}]},"name":"gbtree"},"learner_model_param":{"base_score":"5E-1","num_class":"0","num_feature":"9","num_target":"1"},"objective":{"name":"reg:squarederror","reg_loss_param":{"scale_pos_weight":"1"}}},"version":[1,6,2]}