{"learner":{"attributes":{"best_ntree_limit":"6"},"feature_names":[],"feature_types":["q","q","c","c","c","c","c","c","c"],"gradient_booster":{"model":{"gbtree_model_param":{"num_parallel_tree":"1","num_trees":"1","size_leaf_vector":"0"},"tree_info":[0],"trees":[{"base_weights":[2.4043162E-1,4.7873086E-1,-1.2996277E-1,-3.4109718E-1,5.01909E-1,-3.3651567E0,6.123923E-2,-1.8921537E-2,-7.1741503E-1,1.3089341E-1,7.3283595E-1,-1.8113062E1,1.2430588E-1,1.0107642E1,-5.0407987E-2,1.5067331E-1,-1.054971E0,-4.6400034E-1,-9.275023E-1,5.2468383E-1,7.026423E-1,-2.8107851E1,-3.0376726E-1,2.4636315E-1,-1.233565E0,7.139722E0,3.233303E-1,8.578791E-2,-3.2726207E-1,3.073226E-1,-1.7166668E-1,-1.3188703E0,-1.5381054E-2,4.9464598E-1,-7.213504E-1,-2.95976E-1,7.3757887E-1,-1.699186E1,1.7065182E-1,-6.928566E-1,1.8483096E-1,4.3537533E-1,-3.6395174E-1,-5.748245E-2,-5.1958835E-1,1.676133E-1,-2.1431273E-1,-5.9213557E0,-1.4865008E-1,2.5472457E-2,2.890459E-1,2.9734173E-1,-1.3896121E-1,-4.902337E-1,-1.5270136E-1,-7.022401E-2,2.9672822E-1,-8.075456E-2,-3.769606E-1,-6.169502E-1,1.831451E-1,1.877913E-1,2.6637265E-1,-3.7489876E-1,3.798207E-2,1.6376975E-1,-7.786177E-2,-3.1813285E-1,1.7889446E-1,-7.3045154E0,-7.370564E-2,-2.7654754E-2,-7.742527E-1],"categories":[2,3,0,1,2,3,5,5,6,9,11,0,1,2,3,4,5,6,7,8,9,0,1,2,3,4,5,6,9,10,11,12,0,1,2,3,4,5,6,7,8,9,10,11,12,2,3,2,3,4,3,1,3,5,2,2,4,5,6,10,0,1,2,3,8,1,2,3,5,3,0,1,2,3,4,0,1,2,3,1,3,5,9,1,1,0,1,2,3,4,1,3],"categories_nodes":[0,2,3,4,6,10,14,15,16,17,21,23,24,26,28,29,30,31,34,35,36,39,41,42],"categories_segments":[0,2,7,11,21,32,45,47,50,51,54,55,60,65,66,69,70,75,79,83,84,85,90,91],"categories_sizes":[2,5,4,10,11,13,2,3,1,3,1,5,5,1,3,1,5,4,4,1,1,5,1,1],"default_left":[0,0,0,0,0,1,0,1,0,0,0,1,1,1,0,0,0,0,0,0,1,0,0,0,0,0,0,0,0,0,0,0,0,1,0,0,0,0,0,0,0,0,0,0,0,0,0,1,0,0,0,0,0,0,0,0,0,0,0,0,0,0,0,0,0,0,0,0,0,0,0,0,0],"id":0,"left_children":[1,3,5,7,9,11,13,15,17,-1,19,21,23,25,27,29,31,33,-1,-1,35,37,39,41,43,-1,45,-1,47,49,51,53,-1,55,57,59,61,-1,-1,63,-1,65,67,-1,-1,-1,-1,69,71,-1,-1,-1,-1,-1,-1,-1,-1,-1,-1,-1,-1,-1,-1,-1,-1,-1,-1,-1,-1,-1,-1,-1,-1],"loss_changes":[3.6261063E2,4.7670166E1,9.954007E2,8.391158E0,3.6510864E1,4.6233525E3,1.7054814E3,6.9018154E0,1.7787464E1,0E0,1.5227722E1,3.0509272E3,1.2503534E1,2.2310488E3,1.40185E2,1.7620965E0,1.3953214E0,7.7686934E0,0E0,0E0,1.845047E1,9.031102E3,3.000088E0,8.045483E0,2.9072123E0,0E0,3.0274239E0,0E0,8.240719E2,3.295171E0,4.429701E0,2.7441502E-1,0E0,2.736261E0,5.491805E0,3.0584352E1,7.9205933E0,0E0,0E0,2.678315E0,0E0,4.186118E0,1.1809548E1,0E0,0E0,0E0,0E0,2.6630515E3,1.0978727E2,0E0,0E0,0E0,0E0,0E0,0E0,0E0,0E0,0E0,0E0,0E0,0E0,0E0,0E0,0E0,0E0,0E0,0E0,0E0,0E0,0E0,0E0,0E0,0E0],"parents":[2147483647,0,0,1,1,2,2,3,3,4,4,5,5,6,6,7,7,8,8,10,10,11,11,12,12,13,13,14,14,15,15,16,16,17,17,20,20,21,21,22,22,23,23,24,24,26,26,28,28,29,29,30,30,31,31,33,33,34,34,35,35,36,36,39,39,41,41,42,42,47,47,48,48],"right_children":[2,4,6,8,10,12,14,16,18,-1,20,22,24,26,28,30,32,34,-1,-1,36,38,40,42,44,-1,46,-1,48,50,52,54,-1,56,58,60,62,-1,-1,64,-1,66,68,-1,-1,-1,-1,70,72,-1,-1,-1,-1,-1,-1,-1,-1,-1,-1,-1,-1,-1,-1,-1,-1,-1,-1,-1,-1,-1,-1,-1,-1],"split_conditions":[NaN,5E0,NaN,NaN,NaN,1.3E2,NaN,2E0,1.4E2,1.3089341E-1,NaN,3E0,2E0,1.3E2,NaN,NaN,NaN,NaN,-9.275023E-1,5.2468383E-1,4E1,NaN,4E0,NaN,NaN,7.139722E0,NaN,8.578791E-2,NaN,NaN,NaN,NaN,-1.5381054E-2,6E1,NaN,NaN,NaN,-1.699186E1,1.7065182E-1,NaN,1.8483096E-1,NaN,NaN,-5.748245E-2,-5.1958835E-1,1.676133E-1,-2.1431273E-1,1.65E2,1.4E2,2.5472457E-2,2.890459E-1,2.9734173E-1,-1.3896121E-1,-4.902337E-1,-1.5270136E-1,-7.022401E-2,2.9672822E-1,-8.075456E-2,-3.769606E-1,-6.169502E-1,1.831451E-1,1.877913E-1,2.6637265E-1,-3.7489876E-1,3.798207E-2,1.6376975E-1,-7.786177E-2,-3.1813285E-1,1.7889446E-1,-7.3045154E0,-7.370564E-2,-2.7654754E-2,-7.742527E-1],"split_indices":[5,0,6,4,6,1,4,0,1,0,4,0,0,1,5,6,3,2,0,0,1,7,0,4,4,0,7,0,2,3,2,2,0,1,6,3,7,0,0,5,0,8,3,0,0,0,0,1,1,0,0,0,0,0,0,0,0,0,0,0,0,0,0,0,0,0,0,0,0,0,0,0,0],"split_type":[1,0,1,1,1,0,1,0,0,0,1,0,0,0,1,1,1,1,0,0,0,1,0,1,1,0,1,0,1,1,1,1,0,0,1,1,1,0,0,1,0,1,1,0,0,0,0,0,0,0,0,0,0,0,0,0,0,0,0,0,0,0,0,0,0,0,0,0,0,0,0,0,0],"sum_hessian":[4.1065137E3,2.4986648E3,1.6078489E3,6.832286E1,2.4303418E3,8.879592E1,1.519053E3,3.7375225E1,3.094764E1,1.8949478E3,5.3539417E2,1.6187996E1,7.2607925E1,1.5711878E1,1.5033411E3,3.2852108E1,4.5231166E0,2.9043169E1,1.9044701E0,1.3807408E1,5.2158673E2,9.998468E0,6.189528E0,6.737063E1,5.237293E0,5.951469E0,9.760409E0,6.787055E2,8.2463556E2,2.2139465E1,1.0712645E1,3.3328226E0,1.1902938E0,5.951469E0,2.30917E1,1.737829E1,5.0420847E2,4.5231166E0,5.4753513E0,4.5231166E0,1.6664113E0,5.1658752E1,1.5711878E1,2.1425288E0,3.094764E0,8.332057E0,1.4283526E0,2.4520052E1,8.001155E2,1.737829E1,4.761175E0,1.6664113E0,9.046233E0,1.6664113E0,1.6664113E0,2.6186464E0,3.3328226E0,1.333129E1,9.760409E0,5.4753513E0,1.1902938E1,2.9233615E2,2.118723E2,2.3805876E0,2.1425288E0,4.4755047E1,6.903704E0,9.046233E0,6.665645E0,4.999234E0,1.9520819E1,7.829753E2,1.714023E1],"tree_param":{"num_deleted":"0","num_feature":"9","num_nodes":"73","size_leaf_vector":"0"}}]},"name":"gbtree"},"learner_model_param":{"base_score":"5E-1","num_class":"0","num_feature":"9","num_target":"1"},"objective":{"name":"reg:squarederror","reg_loss_param":{"scale_pos_weight":"1"}}},"version":[1,6,2]}