{"learner":{"attributes":{"best_ntree_limit":"7"},"feature_names":[],"feature_types":["q","q","c","c","c","c","c","c","c"],"gradient_booster":{"model":{"gbtree_model_param":{"num_parallel_tree":"1","num_trees":"2","size_leaf_vector":"0"},"tree_info":[0,0],"trees":[{"base_weights":[2.4027565E-1,4.7783002E-1,-1.306919E-1,-2.7370375E-1,4.9879748E-1,-1.3925865E0,3.9865333E-1,7.385083E-2,-6.6930896E-1,1.2922408E-1,7.3591954E-1,-1.597641E1,-3.0180905E-2,2.6478785E-1,1.7328354E1,2.6138204E-1,-4.63204E-1,-4.6478674E-1,-8.27766E-1,7.3907894E-1,6.8447596E-1,-1.0719229E2,-1.1984187E-1,-7.554325E-1,6.911509E-2,1.5156925E-1,-2.244867E-3,1.9552174E1,-6.471015E-1,4.5531517E-1,-1.2406442E-1,-7.675462E-3,-1.158894E0,3.5079148E-1,-6.766363E-1,-4.6060592E-1,7.254884E-1,-1.6710365E2,1.3344659E-1,1.5840903E-1,-5.2246934E-1,1.1005848E-1,-3.282378E-1,-2.862433E0,1.9132543E-1,-3.036211E-1,1.5630892E-1,1.8349625E-1,-8.000254E-2,3.3503702E-1,-1.9173242E-1,-5.8493435E-1,3.2768376E-2,-7.022401E-2,2.274893E-1,-2.736725E-1,-8.263479E-2,-9.606992E-1,2.0786013E-1,3.8695704E-2,2.2941723E-1,-7.952735E1,-9.077217E-2,1.4256121E-1,-1.4029117E-1,-2.9019094E0,1.00677535E-2,-1.121243E0,-7.550181E-2,1.0692344E0,1.9799436E-2],"categories":[2,3,3,5,6,10,11,0,1,2,3,4,5,6,7,8,9,0,2,3,0,1,2,3,4,5,6,7,8,9,10,11,12,0,1,2,3,4,5,6,7,8,9,10,11,12,0,1,2,3,4,2,4,1,1,3,5,2,2,3,0,1,2,3,5,1,0,1,2,3,4,12,3,3,1,0,1,2,3,4,5,6,7,8,9,3,5,10,11,0,2,3,4,5,6,7,9,10,11,12],"categories_nodes":[0,2,3,4,5,10,12,13,15,16,17,21,24,26,28,30,32,34,35,36,39,44],"categories_segments":[0,2,3,7,17,20,33,46,51,53,54,57,58,60,65,66,72,73,74,75,85,89],"categories_sizes":[2,1,4,10,3,13,13,5,2,1,3,1,2,5,1,6,1,1,1,10,4,11],"default_left":[0,0,0,0,0,0,0,0,0,0,0,1,0,0,1,0,0,0,0,0,1,0,1,0,0,0,0,0,0,0,0,0,0,1,0,0,0,1,0,0,0,0,1,1,0,0,0,0,0,0,0,0,0,0,0,0,0,0,0,0,0,0,0,0,0,0,0,0,0,0,0],"id":0,"left_children":[1,3,5,7,9,11,13,15,17,-1,19,21,23,25,27,29,31,33,-1,-1,35,37,39,-1,41,-1,43,-1,45,47,49,-1,51,53,55,57,59,61,-1,63,-1,-1,65,67,69,-1,-1,-1,-1,-1,-1,-1,-1,-1,-1,-1,-1,-1,-1,-1,-1,-1,-1,-1,-1,-1,-1,-1,-1,-1,-1],"loss_changes":[3.61995E2,3.959314E1,1.0720503E3,9.4827385E0,3.8996582E1,9.4226455E3,2.5582073E3,3.8901124E0,1.2474788E1,0E0,4.647397E1,5.8590855E4,1.07573494E2,7.2102745E1,7.658687E3,2.177675E0,3.028898E0,5.510476E0,0E0,0E0,2.5111008E1,3.8761508E4,1.630346E1,0E0,4.969618E1,0E0,2.956757E2,0E0,3.693932E0,2.3181794E0,7.286381E0,0E0,4.081019E0,1.8343065E0,2.070918E0,6.1845943E1,1.1831207E1,6.2955383E4,0E0,6.416703E0,0E0,0E0,6.0895807E2,7.639551E1,2.1120448E2,0E0,0E0,0E0,0E0,0E0,0E0,0E0,0E0,0E0,0E0,0E0,0E0,0E0,0E0,0E0,0E0,0E0,0E0,0E0,0E0,0E0,0E0,0E0,0E0,0E0,0E0],"parents":[2147483647,0,0,1,1,2,2,3,3,4,4,5,5,6,6,7,7,8,8,10,10,11,11,12,12,13,13,14,14,15,15,16,16,17,17,20,20,21,21,22,22,24,24,26,26,28,28,29,29,30,30,32,32,33,33,34,34,35,35,36,36,37,37,39,39,42,42,43,43,44,44],"right_children":[2,4,6,8,10,12,14,16,18,-1,20,22,24,26,28,30,32,34,-1,-1,36,38,40,-1,42,-1,44,-1,46,48,50,-1,52,54,56,58,60,62,-1,64,-1,-1,66,68,70,-1,-1,-1,-1,-1,-1,-1,-1,-1,-1,-1,-1,-1,-1,-1,-1,-1,-1,-1,-1,-1,-1,-1,-1,-1,-1],"split_conditions":[NaN,5E0,NaN,NaN,NaN,NaN,8.5E1,2E0,1.3E2,1.2922408E-1,NaN,1.65E2,NaN,NaN,3E0,NaN,NaN,NaN,-8.27766E-1,7.3907894E-1,4E1,NaN,2E0,-7.554325E-1,NaN,1.5156925E-1,NaN,1.9552174E1,NaN,1.55E2,NaN,-7.675462E-3,NaN,6E1,NaN,NaN,NaN,3E0,1.3344659E-1,NaN,-5.2246934E-1,1.1005848E-1,7E1,2E0,NaN,-3.036211E-1,1.5630892E-1,1.8349625E-1,-8.000254E-2,3.3503702E-1,-1.9173242E-1,-5.8493435E-1,3.2768376E-2,-7.022401E-2,2.274893E-1,-2.736725E-1,-8.263479E-2,-9.606992E-1,2.0786013E-1,3.8695704E-2,2.2941723E-1,-7.952735E1,-9.077217E-2,1.4256121E-1,-1.4029117E-1,-2.9019094E0,1.00677535E-2,-1.121243E0,-7.550181E-2,1.0692344E0,1.9799436E-2],"split_indices":[5,0,3,4,6,2,1,0,1,0,4,1,4,5,0,6,7,2,0,0,1,7,0,0,5,0,6,0,7,1,4,0,3,1,3,3,6,0,0,4,0,0,1,0,4,0,0,0,0,0,0,0,0,0,0,0,0,0,0,0,0,0,0,0,0,0,0,0,0,0,0],"split_type":[1,0,1,1,1,1,0,0,0,0,1,0,1,1,0,1,1,1,0,0,0,1,0,0,1,0,1,0,1,0,1,0,1,0,1,1,1,0,0,1,0,0,0,0,1,0,0,0,0,0,0,0,0,0,0,0,0,0,0,0,0,0,0,0,0,0,0,0,0,0,0],"sum_hessian":[4.1060376E3,2.5029497E3,1.6030876E3,6.760869E1,2.435341E3,4.732608E2,1.1298269E3,3.642299E1,3.1185698E1,1.8944716E3,5.408695E2,3.9517754E1,4.3374307E2,1.121971E3,7.855939E0,2.7376757E1,9.046233E0,2.9519287E1,1.6664113E0,1.4283525E1,5.26586E2,4.999234E0,3.451852E1,1.5711878E1,4.180312E2,5.899096E2,5.3206134E2,1.4283526E0,6.4275866E0,1.8092466E1,9.284291E0,6.189528E0,2.8567052E0,5.951469E0,2.3567818E1,1.7854406E1,5.0873157E2,2.8567052E0,2.1425288E0,3.0233463E1,4.2850575E0,2.39011E2,1.7902019E2,3.2852108E1,4.9920923E2,4.999234E0,1.4283526E0,1.4997702E1,3.094764E0,2.3805876E0,6.903704E0,1.4283526E0,1.4283526E0,2.6186464E0,3.3328226E0,1.4045466E1,9.52235E0,4.761175E0,1.3093232E1,3.1661816E1,4.7706976E2,1.4283526E0,1.4283526E0,2.0234995E1,9.998468E0,5.7134104E0,1.7330678E2,2.4281994E1,8.570115E0,1.6902172E1,4.8230704E2],"tree_param":{"num_deleted":"0","num_feature":"9","num_nodes":"71","size_leaf_vector":"0"}},{"base_weights":[7.548441E-1,2.3288329E-1,2.5413861E0,2.2151765E-1,1.3240832E0,3.945759E2,-7.823424E-1,2.2225344E-1,-2.0091556E-1,2.1151237E0,9.208267E-1,2.0429813E2,-6.893812E-2,-2.3287173E-1,-5.525089E0,6.6201E-2,4.03606E-1,7.7452993E-1,4.48712E-2,1.3875289E0,-1.1961932E0,1.5006292E-1,-1.918848E-1,3.7221244E-1,-2.3710458E0,1.8518116E-1,-8.684345E1,7.409619E-1,9.039891E-1,-7.500449E-1,1.4919186E-1,-2.0274099E-2,3.167806E0,-1.32642E-1,5.454987E-1,-4.0695206E1,-7.064648E-2,-3.0008367E-1,4.0122876E-1,5.0213413E0,-7.340405E-2,1.6139938E0,-1.09415654E-4],"categories":[1,2,0,1,3,4,3,0,1,2,3,4,5,6,7,8,9,10,11,12,3,1,0,2,3,0,1,2,3,4,0,1,2,4,5,6,1,1,0,1,2,3,4,5,6,2,0,2,6,11,12],"categories_nodes":[0,3,4,6,7,9,12,14,19,20,23,25,28,32,34],"categories_segments":[0,1,2,6,7,20,21,22,25,30,36,37,38,45,46],"categories_sizes":[1,1,4,1,13,1,1,3,5,6,1,1,7,1,5],"default_left":[0,1,1,0,0,1,0,0,0,0,0,0,0,0,0,0,0,0,0,0,0,0,0,0,0,0,1,0,0,0,0,0,0,0,0,0,0,0,0,0,0,0,0],"id":1,"left_children":[1,3,5,7,9,11,13,15,-1,17,19,-1,21,23,25,-1,-1,-1,-1,27,29,-1,-1,31,-1,33,35,-1,37,-1,-1,-1,39,-1,41,-1,-1,-1,-1,-1,-1,-1,-1],"loss_changes":[2.6945884E3,2.746109E1,8.516956E5,1.6020203E0,5.346985E0,6.211659E5,1.689752E3,3.642067E0,0E0,5.988756E0,1.8374498E1,0E0,1.3952899E0,2.7068767E3,3.1280295E4,0E0,0E0,0E0,0E0,5.2641315E0,9.177261E0,0E0,0E0,6.65281E2,0E0,1.4686886E1,1.8651105E4,0E0,1.0812004E1,0E0,0E0,0E0,3.4100535E3,0E0,1.0830788E2,0E0,0E0,0E0,0E0,0E0,0E0,0E0,0E0],"parents":[2147483647,0,0,1,1,2,2,3,3,4,4,5,5,6,6,7,7,9,9,10,10,12,12,13,13,14,14,19,19,20,20,23,23,25,25,26,26,28,28,32,32,34,34],"right_children":[2,4,6,8,10,12,14,16,-1,18,20,-1,22,24,26,-1,-1,-1,-1,28,30,-1,-1,32,-1,34,36,-1,38,-1,-1,-1,40,-1,42,-1,-1,-1,-1,-1,-1,-1,-1],"split_conditions":[NaN,6E1,8E1,NaN,NaN,4E0,NaN,NaN,-2.0091556E-1,NaN,6.5E1,2.0429813E2,NaN,1.26E3,NaN,6.6201E-2,4.03606E-1,7.7452993E-1,4.48712E-2,NaN,NaN,1.5006292E-1,-1.918848E-1,NaN,-2.3710458E0,NaN,4E0,7.409619E-1,NaN,-7.500449E-1,1.4919186E-1,-2.0274099E-2,NaN,-1.32642E-1,NaN,-4.0695206E1,-7.064648E-2,-3.0008367E-1,4.0122876E-1,5.0213413E0,-7.340405E-2,1.6139938E0,-1.09415654E-4],"split_indices":[7,1,1,5,5,0,3,4,0,3,1,0,6,1,5,0,0,0,0,5,4,0,0,7,0,7,0,0,2,0,0,0,2,0,4,0,0,0,0,0,0,0,0],"split_type":[1,0,0,1,1,0,1,1,0,1,0,0,1,0,1,0,0,0,0,1,1,0,0,1,0,1,0,0,1,0,0,0,1,0,1,0,0,0,0,0,0,0,0],"sum_hessian":[2.8892583E3,2.2368613E3,6.52397E2,2.2149937E3,2.186778E1,4.4950075E0,6.47902E2,2.2139165E3,1.0771599E0,5.950328E0,1.5917453E1,2.1842082E0,2.3107991E0,5.8157294E2,6.632901E1,2.2119944E3,1.9221901E0,4.5553374E0,1.3949904E0,1.3324596E1,2.592856E0,1.2187742E0,1.092025E0,5.399327E2,4.1640255E1,6.2909176E1,3.4198325E0,2.846085E0,1.0478512E1,1.1957973E0,1.3970585E0,4.673817E2,7.2550995E1,2.2868137E1,4.0041035E1,1.8250687E0,1.5947638E0,1.7003697E0,8.778142E0,1.3793855E1,5.875714E1,3.1638913E0,3.6877144E1],"tree_param":{"num_deleted":"0","num_feature":"9","num_nodes":"43","size_leaf_vector":"0"}}]},"name":"gbtree"},"learner_model_param":{"base_score":"5E-1","num_class":"0","num_feature":"9",