{"learner":{"attributes":{"best_ntree_limit":"2"},"feature_names":[],"feature_types":["q","q","c","c","c","c","c","c","c"],"gradient_booster":{"model":{"gbtree_model_param":{"num_parallel_tree":"1","num_trees":"2","size_leaf_vector":"0"},"tree_info":[0,0],"trees":[{"base_weights":[1.8832016E-1,3.632093E-1,-8.377004E-2,-2.8665793E-1,3.8063577E-1,-2.68079E0,6.115557E-2,3.0148485E-1,-3.9017275E-1,9.907368E-2,5.5901504E-1,-2.0401068E1,7.099422E-2,9.872637E0,-2.8569635E-2,5.8979505E-1,-5.0000733E-1,-1.7015357E-1,-6.843098E-1,4.4222513E-1,5.319152E-1,-4.8776722E1,-1.2296921E-1,1.6154386E-1,-9.4380116E-1,3.1428638E1,1.6209465E-1,6.336395E-2,-2.2558811E-1,7.379211E-1,1.917067E-1,6.8430535E-2,-2.6991272E-1,1.00677766E-1,-3.4930244E-1,-8.0277467E-1,4.7215152E-1,-1.20898806E-1,5.5684996E-1,-4.8700417E1,-3.3638686E-2,4.7413853E-1,-5.2248675E-1,3.0621532E-1,-5.00009E-1,2.2402395E-2,-1.0863959E0,4.0510468E1,-6.005898E-2,1.1597535E-1,-6.948545E-1,-1.6718472E1,-1.20692104E-1,2.756178E-1,8.707827E-2,1.5126272E-1,-1.2751399E-1,-2.7989512E-3,1.5157807E-1,-1.0842056E-1,-3.1707564E-1,-3.205644E-1,1.5169935E-1,1.4267059E-1,1.9965304E-1,1.6883011E-1,2.2402395E-2,-3.6983842E-1,1.3782745E-2,1.2225698E-1,-1.23899855E-1,-5.8098376E-2,-4.8518467E-1,-1.8312919E-1,-5.7401705E-1,2.8356598E1,5.326427E-3,-3.17038E-1,2.2402395E-2,-1.7517813E1,-2.777771E-1,-4.5080864E-1,-1.1070568E-2],"categories":[2,3,0,1,2,3,5,1,3,5,0,1,2,3,4,5,6,7,8,9,0,1,2,3,4,5,6,9,10,11,12,2,4,5,6,11,0,1,2,3,4,5,6,7,8,9,10,11,12,2,3,0,1,2,4,5,7,9,1,3,0,2,3,4,5,6,7,9,10,2,4,6,10,0,1,2,3,4,5,6,7,8,9,10,11,12,2,1,3,4,5,6,10,2,3,1,5,1,1,0,1,2,3,4,0,1,2,3,4,5,6,7,8,9],"categories_nodes":[0,2,3,4,6,7,8,10,14,15,16,21,22,23,24,25,26,28,30,33,35,37,38,42,52],"categories_segments":[0,2,7,10,20,31,33,36,49,51,58,59,60,69,73,86,87,88,93,94,95,97,98,99,104],"categories_sizes":[2,5,3,10,11,2,3,13,2,7,1,1,9,4,13,1,1,5,1,1,2,1,1,5,10],"default_left":[0,0,0,0,0,1,0,0,0,0,0,1,1,1,0,0,0,0,0,0,1,0,0,0,0,0,0,0,0,0,0,0,0,0,0,0,0,0,0,0,0,1,0,1,0,0,0,1,0,0,1,1,0,0,0,0,0,0,0,0,0,0,0,0,0,0,0,0,0,0,0,0,0,0,0,0,0,0,0,0,0,0,0],"id":0,"left_children":[1,3,5,7,9,11,13,15,17,-1,19,21,23,25,27,29,31,33,35,-1,37,39,41,43,45,47,49,-1,51,53,55,-1,-1,57,-1,59,-1,61,63,-1,-1,65,67,69,71,-1,73,75,-1,-1,77,79,81,-1,-1,-1,-1,-1,-1,-1,-1,-1,-1,-1,-1,-1,-1,-1,-1,-1,-1,-1,-1,-1,-1,-1,-1,-1,-1,-1,-1,-1,-1],"loss_changes":[2.740006E2,3.980179E1,8.483282E2,5.7249117E0,3.050058E1,5.8105913E3,1.8801354E3,3.6104627E0,4.9801455E0,0E0,1.7827026E1,9.210102E3,9.719519E0,4.0460498E3,1.0005937E2,5.07833E-1,1.4674221E0,1.2606428E1,1.0190128E1,0E0,1.1957916E1,3.685843E4,2.715284E0,9.383144E0,1.341022E0,1.7331992E3,3.0288768E0,0E0,2.0093722E3,3.5446596E-1,1.0502222E0,0E0,0E0,1.6681186E0,0E0,3.2488518E0,0E0,1.6985413E1,5.899353E0,0E0,0E0,1.2333858E-1,2.750922E0,5.9793873E0,5.7400026E0,0E0,1.8526936E0,1.0213609E4,0E0,0E0,1.0080491E0,4.776961E3,1.3384076E2,0E0,0E0,0E0,0E0,0E0,0E0,0E0,0E0,0E0,0E0,0E0,0E0,0E0,0E0,0E0,0E0,0E0,0E0,0E0,0E0,0E0,0E0,0E0,0E0,0E0,0E0,0E0,0E0,0E0,0E0],"parents":[2147483647,0,0,1,1,2,2,3,3,4,4,5,5,6,6,7,7,8,8,10,10,11,11,12,12,13,13,14,14,15,15,16,16,17,17,18,18,20,20,21,21,22,22,23,23,24,24,25,25,26,26,28,28,29,29,30,30,33,33,35,35,37,37,38,38,41,41,42,42,43,43,44,44,46,46,47,47,50,50,51,51,52,52],"right_children":[2,4,6,8,10,12,14,16,18,-1,20,22,24,26,28,30,32,34,36,-1,38,40,42,44,46,48,50,-1,52,54,56,-1,-1,58,-1,60,-1,62,64,-1,-1,66,68,70,72,-1,74,76,-1,-1,78,80,82,-1,-1,-1,-1,-1,-1,-1,-1,-1,-1,-1,-1,-1,-1,-1,-1,-1,-1,-1,-1,-1,-1,-1,-1,-1,-1,-1,-1,-1,-1],"split_conditions":[NaN,5E0,NaN,NaN,NaN,1.3E2,NaN,NaN,NaN,9.907368E-2,NaN,3E0,2E0,1.3E2,NaN,NaN,NaN,2E0,2E0,4.4222513E-1,4E1,NaN,NaN,NaN,NaN,NaN,NaN,6.336395E-2,NaN,3E0,NaN,6.8430535E-2,-2.6991272E-1,NaN,-3.4930244E-1,NaN,4.7215152E-1,NaN,NaN,-4.8700417E1,-3.3638686E-2,4E0,NaN,2.25E2,1.55E2,2.2402395E-2,3E0,2E0,-6.005898E-2,1.1597535E-1,2E0,3E0,NaN,2.756178E-1,8.707827E-2,1.5126272E-1,-1.2751399E-1,-2.7989512E-3,1.5157807E-1,-1.0842056E-1,-3.1707564E-1,-3.205644E-1,1.5169935E-1,1.4267059E-1,1.9965304E-1,1.6883011E-1,2.2402395E-2,-3.6983842E-1,1.3782745E-2,1.2225698E-1,-1.23899855E-1,-5.8098376E-2,-4.8518467E-1,-1.8312919E-1,-5.7401705E-1,2.8356598E1,5.326427E-3,-3.17038E-1,2.2402395E-2,-1.7517813E1,-2.777771E-1,-4.5080864E-1,-1.1070568E-2],"split_indices":[5,0,6,2,6,1,4,6,4,0,4,0,0,1,5,6,7,0,0,0,1,5,4,4,4,7,7,0,4,0,2,0,0,3,0,2,0,3,7,0,0,0,5,1,1,0,0,0,0,0,0,0,6,0,0,0,0,0,0,0,0,0,0,0,0,0,0,0,0,0,0,0,0,0,0,0,0,0,0,0,0,0,0],"split_type":[1,0,1,1,1,0,1,1,1,0,1,0,0,0,1,1,1,0,0,0,0,1,1,1,1,1,1,0,1,0,1,0,0,1,0,1,0,1,1,0,0,0,1,0,0,0,0,0,0,0,0,0,1,0,0,0,0,0,0,0,0,0,0,0,0,0,0,0,0,0,0,0,0,0,0,0,0,0,0,0,0,0,0],"sum_hessian":[5.7564155E3,3.503905E3,2.2525105E3,9.110153E1,3.4128035E3,1.1813166E2,2.1343787E3,1.3348209E1,7.775332E1,2.6633015E3,7.4950195E2,1.5016736E1,1.0311492E2,1.8353788E1,2.116025E3,1.0011157E1,3.3370523E0,4.5383915E1,3.2369408E1,2.0022314E1,7.294797E2,5.6729894E0,9.343747E0,9.54397E1,7.6752205E0,5.0055785E0,1.3348209E1,9.5439703E2,1.1616279E3,6.6741047E0,3.3370523E0,1.334821E0,2.0022316E0,3.637387E1,9.010041E0,3.1368294E1,1.0011158E0,2.6696419E1,7.0278326E2,1.0011158E0,4.6718736E0,3.6707578E0,5.6729894E0,7.875444E1,1.6685263E1,1.0011158E0,6.6741047E0,3.6707578E0,1.334821E0,1.1012273E1,2.3359368E0,6.3403997E0,1.1552876E3,4.004463E0,2.669642E0,2.3359368E0,1.0011158E0,2.9366062E1,7.00781E0,1.2347095E1,1.9021198E1,1.0344863E1,1.6351557E1,4.0511816E2,2.9766507E2,2.669642E0,1.0011158E0,2.0022316E0,3.6707578E0,6.941069E1,9.343747E0,1.401562E1,2.669642E0,5.339284E0,1.334821E0,1.0011158E0,2.669642E0,1.334821E0,1.0011158E0,1.0011158E0,5.339284E0,6.5072525E1,1.0902151E3],"tree_param":{"num_deleted":"0","num_feature":"9","num_nodes":"83","size_leaf_vector":"0"}},{"base_weights":[1.531521E0,3.8006778E0,6.11088E-1,7.093221E-1,1.093246E1,1.4515765E0,-5.236058E-4,1.25421104E2,5.393112E-1,-8.60765E-2,4.501907E0,2.124995E0,-8.453219E-2,2.3568077E2,2.2650373E1,-1.1648887E1,2.88836E0,8.7655754E1,2.0840638E0,5.953965E0,-1.9685607E-1,1.1966559E-1,-3.3403745E-1,3.528347E1,3.5098007E0,-5.3852047E1,4.249251E0,1.3676579E1,5.151413E-1,1.3422166E2,7.594692E-1,-4.387897E1,4.6437526E0,1.7255022E1,-1.9504265E-1,-1.6914772E0,1.663424E-1,-5.6417644E-1,1.5217069E-1,-8.622845E-1,1.04529105E-1,3.4987983E-1,2.2172246E0,1.8931384E0,9.187696E-2,1.9462255E1,1.4225298E-1,3.0678582E-1,-7.911798E0,1.0935046E-1,4.9443454E-1,2.278755E1,3.7089127E-1,9.002845E0,-7.570356E-2,2.7415904E-1,-1.3928194E-1,-7.7613246E-1,6.354222E-2,1.5290356E-1,-1.3039924E-1,-8.09848E-2,-2.7182853E-1,2.964233E-2,1.08197935E-1,-3.0373175E0,-6.0763914E-2,3.4944446E0,-4.269928E-2],"categories":[0,3,4,5,6,7,8,10,0,1,2,3,4,0,1,2,3,5,0,1,3,4,0,1,2,3,4,1,3,5,6,1,10,2,3,1,0,4,6,7,8,9,0,1,2,3,4,5,6,7,9,10,11,12,0,1,2,3,4,3,3,0,1,2,3,5,7,8,0,1,2,3,4,0,1,4,5,6,0,1,2,6,9,10,11,12,3,0,1,2,3,4,5,6,1,2,5,6,0,1,2,3,4,5,6,7,8,9,1,2,3,5,7,10],"categories_nodes":[0,1,2,4,5,6,10,11,12,15,16,17,18,20,22,24,27,30,32,33,34,35,36,37,38,39,40],"categories_segments":[0,8,13,18,22,27,31,32,33,35,36,42,54,59,60,61,68,73,78,86,87,94,95,96,98,108,110],"categories_sizes":[8,5,5,4,5,4,1,1,2,1,6,12,5,1,1,7,5,5,8,1,7,1,1,2,10,2,4],"default_left":[0,0,0,0,0,0,0,0,1,0,0,0,0,0,0,0,0,0,0,1,0,0,0,0,0,0,1,0,0,0,0,0,0,0,0,0,0,0,0,0,0,0,0,0,0,0,0,0,0,0,0,0,0,0,0,0,0,0,0,0,0,0,0,0,0,0,0,0,0],"id":1,"left_children":[1,3,5,-1,7,9,11,13,15,-1,17,19,21,-1,23,25,27,29,31,33,35,37,39,-1,41,-1,43,45,47,-1,49,-1,51,53,55,57,59,61,63,65,67,-1,-1,-1,-1,-1,-1,-1,-1,-1,-1,-1,-1,-1,-1,-1,-1,-1,-1,-1,-1,-1,-1,-1,-1,-1,-1,-1,-1],