{"learner":{"attributes":{"best_ntree_limit":"2"},"feature_names":[],"feature_types":["q","q","c","c","c","c","c","c","c"],"gradient_booster":{"model":{"gbtree_model_param":{"num_parallel_tree":"1","num_trees":"2","size_leaf_vector":"0"},"tree_info":[0,0],"trees":[{"base_weights":[1.892639E-1,3.587556E-1,-7.5410515E-2,-1.7841323E-1,3.7371606E-1,-9.7622424E-1,3.022994E-1,7.059463E-2,-4.64314E-1,9.755197E-2,5.4309195E-1,-1.1460923E1,-3.7268533E-3,2.0677845E-1,1.2791532E1,2.0576127E-1,-3.236024E-1,-3.1728715E-1,-2.192945E0,5.4242045E-1,5.063801E-1,-8.028993E1,-6.8702586E-2,-5.4319304E-1,6.715581E-2,1.1352666E-1,1.6220918E-2,5.272777E1,-4.640939E-1,3.4693345E-1,-7.446879E-2,-9.020624E-4,-8.7882435E-1,2.769464E-1,-4.7107407E-1,-9.593045E-1,2.256076E-2,-3.1649795E-1,5.356625E-1,-1.2876466E2,1.0876901E-1,1.3148822E-1,-3.8950175E-1,8.3945625E-2,-2.1675552E-1,-2.0419724E0,1.543877E-1,2.3859264E1,-1.273556E-1,3.2010546E-1,-1.0402919E0,1.3840172E-1,-5.7016626E-2,2.652698E-1,-1.3707222E-1,-4.6955293E-1,3.0075425E-2,-5.019788E-2,1.7819236E-1,-1.9392869E-1,-5.561977E-2,-7.165685E-1,1.5643911E-1,3.3085298E-2,1.6910607E-1,-6.432206E1,-6.985025E-2,1.0826365E-1,-9.776128E-2,-2.1577296E0,1.2526154E-2,-8.0384344E-1,-5.0581727E-2,7.803189E-1,1.9479137E-2,-1.21698454E-1,2.4141414E-1,-4.3557432E-1,6.861151E-2],"categories":[2,3,3,5,6,10,11,0,1,2,3,4,5,6,7,8,9,0,2,3,0,1,2,3,4,5,6,7,8,9,10,11,12,0,1,2,3,4,5,6,7,8,9,10,11,12,0,1,2,3,4,2,4,1,1,3,5,1,2,2,3,0,1,2,3,5,3,6,9,10,0,1,2,3,4,5,6,10,11,12,3,3,1,0,1,2,3,4,5,6,7,8,9,3,5,10,11,0,2,3,4,5,6,7,9,10,11,12,0,1,2,3,4,6,7,8,1],"categories_nodes":[0,2,3,4,5,10,12,13,15,16,17,18,21,24,26,28,30,32,34,37,38,41,46,49,50],"categories_segments":[0,2,3,7,17,20,33,46,51,53,54,57,58,59,61,66,70,80,81,82,83,93,97,108,116],"categories_sizes":[2,1,4,10,3,13,13,5,2,1,3,1,1,2,5,4,10,1,1,1,10,4,11,8,1],"default_left":[0,0,0,0,0,0,0,0,0,0,0,1,0,0,1,0,0,0,0,0,1,0,1,0,0,0,0,1,0,0,0,0,0,1,0,0,0,0,0,1,0,0,0,0,1,1,0,0,0,0,0,0,0,0,0,0,0,0,0,0,0,0,0,0,0,0,0,0,0,0,0,0,0,0,0,0,0,0,0],"id":0,"left_children":[1,3,5,7,9,11,13,15,17,-1,19,21,23,25,27,29,31,33,35,-1,37,39,41,-1,43,-1,45,47,49,51,53,-1,55,57,59,-1,-1,61,63,65,-1,67,-1,-1,69,71,73,-1,-1,75,77,-1,-1,-1,-1,-1,-1,-1,-1,-1,-1,-1,-1,-1,-1,-1,-1,-1,-1,-1,-1,-1,-1,-1,-1,-1,-1,-1,-1],"loss_changes":[2.5827542E2,2.8270721E1,7.65227E2,6.850955E0,2.7899872E1,6.7744688E3,1.8879535E3,2.8402958E0,1.0668855E1,0E0,3.4340424E1,4.4214723E4,7.812314E1,5.146817E1,6.383526E3,1.5835814E0,2.4325628E0,4.003323E0,7.8427086E0,0E0,1.7980148E1,3.135409E4,1.232798E1,0E0,3.5501373E1,0E0,2.1269458E2,4.31088E3,4.856082E0,1.707192E0,5.5423517E0,0E0,3.5198634E0,1.4152683E0,1.5852094E0,0E0,0E0,4.6438038E1,8.450912E0,5.5037938E4,0E0,4.668824E0,0E0,0E0,4.5462952E2,5.5740753E1,1.5321278E2,0E0,0E0,2.0865746E0,3.469059E0,0E0,0E0,0E0,0E0,0E0,0E0,0E0,0E0,0E0,0E0,0E0,0E0,0E0,0E0,0E0,0E0,0E0,0E0,0E0,0E0,0E0,0E0,0E0,0E0,0E0,0E0,0E0,0E0],"parents":[2147483647,0,0,1,1,2,2,3,3,4,4,5,5,6,6,7,7,8,8,10,10,11,11,12,12,13,13,14,14,15,15,16,16,17,17,18,18,20,20,21,21,22,22,24,24,26,26,27,27,28,28,29,29,30,30,32,32,33,33,34,34,37,37,38,38,39,39,41,41,44,44,45,45,46,46,49,49,50,50],"right_children":[2,4,6,8,10,12,14,16,18,-1,20,22,24,26,28,30,32,34,36,-1,38,40,42,-1,44,-1,46,48,50,52,54,-1,56,58,60,-1,-1,62,64,66,-1,68,-1,-1,70,72,74,-1,-1,76,78,-1,-1,-1,-1,-1,-1,-1,-1,-1,-1,-1,-1,-1,-1,-1,-1,-1,-1,-1,-1,-1,-1,-1,-1,-1,-1,-1,-1],"split_conditions":[NaN,5E0,NaN,NaN,NaN,NaN,8.5E1,2E0,1.3E2,9.755197E-2,NaN,1.65E2,NaN,NaN,3E0,NaN,NaN,NaN,NaN,5.4242045E-1,4E1,NaN,2E0,-5.4319304E-1,NaN,1.1352666E-1,NaN,3.6E2,NaN,1.55E2,NaN,-9.020624E-4,NaN,6E1,NaN,-9.593045E-1,2.256076E-2,NaN,NaN,3E0,1.0876901E-1,NaN,-3.8950175E-1,8.3945625E-2,7E1,2E0,NaN,2.3859264E1,-1.273556E-1,NaN,NaN,1.3840172E-1,-5.7016626E-2,2.652698E-1,-1.3707222E-1,-4.6955293E-1,3.0075425E-2,-5.019788E-2,1.7819236E-1,-1.9392869E-1,-5.561977E-2,-7.165685E-1,1.5643911E-1,3.3085298E-2,1.6910607E-1,-6.432206E1,-6.985025E-2,1.0826365E-1,-9.776128E-2,-2.1577296E0,1.2526154E-2,-8.0384344E-1,-5.0581727E-2,7.803189E-1,1.9479137E-2,-1.21698454E-1,2.4141414E-1,-4.3557432E-1,6.861151E-2],"split_indices":[5,0,3,4,6,2,1,0,1,0,4,1,4,5,0,6,7,2,3,0,1,7,0,0,5,0,6,1,4,1,4,0,3,1,3,0,0,3,6,0,0,4,0,0,1,0,4,0,0,4,7,0,0,0,0,0,0,0,0,0,0,0,0,0,0,0,0,0,0,0,0,0,0,0,0,0,0,0,0],"split_type":[1,0,1,1,1,1,0,0,0,0,1,0,1,1,0,1,1,1,1,0,0,1,0,0,1,0,1,0,1,0,1,0,1,0,1,0,0,1,1,0,0,1,0,0,0,0,1,0,0,1,1,0,0,0,0,0,0,0,0,0,0,0,0,0,0,0,0,0,0,0,0,0,0,0,0,0,0,0,0],"sum_hessian":[5.755748E3,3.508577E3,2.2471711E3,9.477229E1,3.4138047E3,6.63406E2,1.5837651E3,5.1056904E1,4.3715385E1,2.6556265E3,7.5817834E2,5.539507E1,6.08011E2,1.5727528E3,1.1012273E1,3.8376102E1,1.26807995E1,4.137945E1,2.3359368E0,2.0022314E1,7.38156E2,7.00781E0,4.838726E1,2.2024546E1,5.859864E2,8.2692163E2,7.4583124E2,2.0022316E0,9.010041E0,2.5361599E1,1.3014504E1,8.676336E0,4.004463E0,8.342631E0,3.303682E1,1.334821E0,1.0011158E0,2.5027893E1,7.131281E2,4.004463E0,3.0033472E0,4.2380566E1,6.0066943E0,3.3504007E2,2.5094635E2,4.6051323E1,6.997799E2,1.0011158E0,1.0011158E0,4.004463E0,5.0055785E0,2.102343E1,4.338168E0,3.3370523E0,9.677452E0,2.0022316E0,2.0022316E0,3.6707578E0,4.6718736E0,1.968861E1,1.3348209E1,6.6741047E0,1.8353788E1,4.4382797E1,6.687453E2,2.0022316E0,2.0022316E0,2.8364946E1,1.401562E1,8.008926E0,2.4293742E2,3.4037933E1,1.2013389E1,2.3693073E1,6.7608685E2,1.6685262E0,2.3359368E0,3.6707578E0,1.334821E0],"tree_param":{"num_deleted":"0","num_feature":"9","num_nodes":"79","size_leaf_vector":"0"}},{"base_weights":[5.7913655E-1,1.2533635E-1,2.1110346E0,1.0216454E0,1.1743374E-1,1.1118139E2,-7.6874804E-1,5.272813E-1,7.242569E-1,1.1581869E-1,8.0287534E-1,7.499344E1,-4.358155E-1,-1.8093036E-1,-5.796825E0,3.3683178E-1,7.8943305E-2,1.16883524E-1,-4.2843008E-1,2.694796E-1,6.0229056E-2,3.7670493E-2,-6.770992E-1,3.7775183E-1,-1.9187773E0,-6.676323E-1,-5.1764412E1,-6.9661254E-1,6.3995665E-1,1.9193797E-1,3.492862E-2,-8.697585E-2,2.0030051E-1,-8.776288E-1,-2.830422E-2,-1.2585296E-2,2.997453E0,-8.870771E0,1.2065386E-1,6.778105E0,-8.939232E1,2.9456666E-1,-1.1023381E-1,-3.0031255E-1,-1.2570895E-1,-9.24616E-2,6.832006E-2,4.2598696E0,-1.334899E-2,-1.0128713E1,5.2739725E-2,-1.2135572E0,7.1428046E-2,-4.0565105E1,-3.645735E-2],"categories":[1,0,1,2,3,4,5,6,7,8,10,3,0,1,2,5,6,0,1,2,3,4,5,6,0,1,4,5,0,1,2,3,7,10,11,0,2,3,3,1,1,0,2,3,4,5,6,11,12,3,0,1,5,2,3,0,4,10,0,1,2,3,4,5,6,7,8,9],"categories_nodes":[0,3,6,8,9,10,12,14,16,21,23,25,26,28,33,34,36,38],"categories_segments":[0,1,11,12,17,24,28,35,38,39,40,41,49,50,53,54,55,58],"categories_sizes":[1,10,1,5,7,4,7,3,1,1,1,8,1,3,1,1,3,10],"default_left":[0,0,1,0,1,1,0,0,0,0,0,0,0,0,0,0,0,0,0,0,0,0,1,0,0,0,0,0,0,0,0,0,0,0,0,0,0,1,0,0,1,0,0,0,0,0,0,0,0,0,0,0,0,0,0],"id":1,"left_children":[1,3,5,7,9,11,13,-1,15,17,19,-1,21,23,25,-1,27,29,-1,-1,-1,31,33,35,-1,37,39,-1,41,-1,-1,-1,-1,43,45,-1,47,49,51,-1,53,-1,-1,-1,-1,-1,-1,-1,-1,-1,-1,-1,-1,-1,-1],"loss_changes":[2.9535103E3,2.3105686E1,3.0506622E5,4.970789E0,3.5064774E0,3.8716228E5,2.7978572E3,0E0,5.5738325E0,5.50177E0,2.4896955E-1,0E0,1.7215884E0,2.9499624E3,2.3328355E4,0E0,1.4258036E1,6.969147E-1,0E0,0E0,0E0,1.4233663E0,1.2615108E0,8.57541E2,0E0,5.840537E2,2.9813582E4,0E0,3.278386E0,0E0,0E0,0E0,0E0,6.114006E-3,3.115388E-1,0E0,3.6705688E3,1.7888112E3,4.1686127E1,0E0,2.779154E4,0E0,0E0,0E0,0E0,0E0,0E0,0E0,0E0,0E0,0E0,0E0,0E0,0E0,0E0],"parents":[2147483647,0,0,1,1,2,2,3,3,4,4,5,5,6,6,8,8,9,9,10,10,12,12,13,13,14,14,16,16,17,17,21,21,22,22,23,23,25,25,26,26,28,28,33,33,34,34,36,36,37,37,38,38,40,40],"right_children":[2,4,6,8,10,12,14,-1,16,18,20,-1,22,24,26,-1,28,30,-1,-1,-1,32,34,36,-1,38,40,-1,42,-1,-1,-1,-1,44,46,-1,48,50,52,-1,54,-1,-1,-1,-1,-1,-1,-1,-1,-1,-1,-1,-1,-1,-1],