{"learner":{"attributes":{"best_ntree_limit":"7"},"feature_names":[],"feature_types":["q","q","q","q","q","q","q","q","q","q","q","q","q","q","c","c","c","c","c","c","c","c","c","c","c","c","c","c","c","c"],"gradient_booster":{"model":{"gbtree_model_param":{"num_parallel_tree":"1","num_trees":"2","size_leaf_vector":"0"},"tree_info":[0,0],"trees":[{"base_weights":[1.86772E-1,-1.7162663E0,1.33811E0,-6.932086E-1,-1.1259272E0,7.351376E-1,4.4090906E-1,-5.398548E-1,-1.700119E0,8.9628446E-1,6.765789E-3,-9.034312E-1,3.0698976E-1,-6.589885E-1,-5.784402E-1,-1.4955821E-2,1.0553488E0,2.2629179E-1,-2.2324614E-1,7.003034E-2,-1.3076675E0,-8.806212E-2,2.5140664E-1,7.644581E-2,-3.7309214E-1,7.003034E-2,3.7689498E-1,-7.340017E-2,-4.4691417E-1],"categories":[1,1,1,1],"categories_nodes":[10,12,13,20],"categories_segments":[0,1,2,3],"categories_sizes":[1,1,1,1],"default_left":[1,1,0,0,0,0,0,0,0,0,0,0,0,0,0,0,0,0,0,0,0,0,0,0,0,0,0,0,0],"id":0,"left_children":[1,3,5,-1,7,9,-1,11,13,15,17,19,21,23,-1,-1,25,-1,-1,-1,27,-1,-1,-1,-1,-1,-1,-1,-1],"loss_changes":[1.7738673E2,8.122498E0,2.9145966E0,0E0,4.8983593E0,1.2874722E0,0E0,3.361967E0,6.914139E-1,1.4095569E0,2.2476552E0,3.6429873E0,1.4436747E0,1.9218788E0,0E0,0E0,9.891567E-1,0E0,0E0,0E0,7.016401E-1,0E0,0E0,0E0,0E0,0E0,0E0,0E0,0E0],"parents":[2147483647,0,0,1,1,2,2,4,4,5,5,7,7,8,8,9,9,10,10,11,11,12,12,13,13,16,16,20,20],"right_children":[2,4,6,-1,8,10,-1,12,14,16,18,20,22,24,-1,-1,26,-1,-1,-1,28,-1,-1,-1,-1,-1,-1,-1,-1],"split_conditions":[1E1,8E0,1.1E1,-6.932086E-1,1.1E1,3E0,4.4090906E-1,5E0,2E0,2E0,NaN,3E0,NaN,NaN,-5.784402E-1,-1.4955821E-2,2E0,2.2629179E-1,-2.2324614E-1,7.003034E-2,NaN,-8.806212E-2,2.5140664E-1,7.644581E-2,-3.7309214E-1,7.003034E-2,3.7689498E-1,-7.340017E-2,-4.4691417E-1],"split_indices":[13,13,12,0,11,3,0,5,3,4,24,7,29,24,0,0,9,0,0,0,28,0,0,0,0,0,0,0,0],"split_type":[0,0,0,0,0,0,0,0,0,0,1,0,1,1,0,0,0,0,0,0,1,0,0,0,0,0,0,0,0],"sum_hessian":[7.891189E1,2.9560644E1,4.9351246E1,1.3277239E1,1.6283405E1,1.0020557E1,3.933069E1,9.018502E0,7.2649045E0,8.016446E0,2.0041115E0,6.2628484E0,2.7556534E0,2.0041115E0,5.2607927E0,1.2525697E0,6.7638764E0,1.0020558E0,1.0020558E0,1.7535976E0,4.509251E0,1.5030837E0,1.2525697E0,1.0020558E0,1.0020558E0,1.7535976E0,5.0102787E0,1.0020558E0,3.5071952E0],"tree_param":{"num_deleted":"0","num_feature":"30","num_nodes":"29","size_leaf_vector":"0"}},{"base_weights":[1.5721531E-1,-1.1864232E0,1.1176645E0,-1.4466094E0,-6.100385E-1,5.7970303E-1,3.6574328E-1,-1.507088E0,-3.5798058E-2,4.7249354E-2,-1.2967632E0,8.0352855E-1,-7.7077284E-2,-1.1274883E-1,-4.747218E-1,8.0124044E-1,-7.675682E-1,-4.6252054E-1,-8.049898E-2,3.4633553E-1,-1.11712046E-1,3.368282E-1,1.4468508E-2,2.747691E-4,-3.3943996E-1],"categories":[0,1,3,3,0,1,2],"categories_nodes":[4,5,15],"categories_segments":[0,3,4],"categories_sizes":[3,1,3],"default_left":[1,1,0,0,0,0,0,0,0,0,1,0,0,0,0,0,0,0,0,0,0,0,0,0,0],"id":1,"left_children":[1,3,5,7,9,11,-1,13,-1,15,17,19,-1,-1,-1,21,23,-1,-1,-1,-1,-1,-1,-1,-1],"loss_changes":[9.819219E1,3.882576E0,1.7109947E0,1.5189323E0,5.302382E0,1.8795977E0,0E0,1.1225166E0,0E0,4.8527193E0,1.0258017E0,3.4386873E0,0E0,0E0,0E0,9.3167925E-1,1.0709398E0,0E0,0E0,0E0,0E0,0E0,0E0,0E0,0E0],"parents":[2147483647,0,0,1,1,2,2,3,3,4,4,5,5,7,7,9,9,10,10,11,11,15,15,16,16],"right_children":[2,4,6,8,10,12,-1,14,-1,16,18,20,-1,-1,-1,22,24,-1,-1,-1,-1,-1,-1,-1,-1],"split_conditions":[1E1,9E0,1.1E1,4E0,NaN,NaN,3.6574328E-1,2E0,-3.5798058E-2,1E1,3E0,5E0,-7.7077284E-2,-1.1274883E-1,-4.747218E-1,NaN,3E0,-4.6252054E-1,-8.049898E-2,3.4633553E-1,-1.11712046E-1,3.368282E-1,1.4468508E-2,2.747691E-4,-3.3943996E-1],"split_indices":[13,13,13,2,19,19,0,7,0,12,8,10,0,0,0,18,1,0,0,0,0,0,0,0,0],"split_type":[0,0,0,0,1,1,0,0,0,0,0,0,0,0,0,1,0,0,0,0,0,0,0,0,0],"sum_hessian":[7.406117E1,3.0774012E1,4.3287163E1,2.0162598E1,1.0611414E1,7.9349794E0,3.5352184E1,1.9154348E1,1.0082495E0,5.897709E0,4.7137046E0,6.291387E0,1.6435927E0,1.5695771E0,1.7584772E1,3.071843E0,2.8258662E0,3.4038095E0,1.309895E0,4.859433E0,1.4319539E0,1.808588E0,1.2632548E0,1.2286577E0,1.5972085E0],"tree_param":{"num_deleted":"0","num_feature":"30","num_nodes":"25","size_leaf_vector":"0"}}]},"name":"gbtree"},"learner_model_param":{"base_score":"5E-1","num_class":"0","num_feature":"30","num_target":"1"},"objective":{"name":"reg:squarederror","reg_loss_param":{"scale_pos_weight":"1"}}},"version":[1,6,2]}