{"learner":{"attributes":{"best_ntree_limit":"5"},"feature_names":[],"feature_types":["q","q","q","q","q","q","q","q","q","q","q","q","q","q","c","c","c","c","c","c","c","c","c","c","c","c","c","c","c","c"],"gradient_booster":{"model":{"gbtree_model_param":{"num_parallel_tree":"1","num_trees":"5","size_leaf_vector":"0"},"tree_info":[0,0,0,0,0],"trees":[{"base_weights":[8.1933635E-1,-5.7510024E-1,1.1426977E0,-2.4552679E-1,1.2327038E0,2.1808144E-1,-4.804254E-1,3.633936E-1,3.9482537E-1,3.3550087E-1,-8.752245E-1,3.3290476E-1,-1.667235E-1,2.1808144E-1,-6.412041E-2,-3.605653E-1,-2.794532E-1,-2.9915637E-1,2.1128175E-1,-2.0522134E-1,7.698052E-2,1.6059053E-1,-2.0522134E-1],"categories":[1],"categories_nodes":[9],"categories_segments":[0],"categories_sizes":[1],"default_left":[1,0,0,0,0,0,0,0,0,0,0,0,0,0,0,0,0,0,0,0,0,0,0],"id":0,"left_children":[1,-1,3,5,7,-1,9,11,-1,13,15,-1,17,-1,-1,-1,19,-1,21,-1,-1,-1,-1],"loss_changes":[1.323629E2,0E0,1.6820267E1,2.3783808E0,8.532318E0,0E0,2.7923212E0,5.0358624E0,0E0,8.5458267E-1,7.3539543E-1,0E0,2.7340887E0,0E0,0E0,0E0,8.80944E-1,0E0,2.2081516E0,0E0,0E0,0E0,0E0],"parents":[2147483647,0,0,2,2,3,3,4,4,6,6,7,7,9,9,10,10,12,12,16,16,18,18],"right_children":[2,-1,4,6,8,-1,10,12,-1,14,16,-1,18,-1,-1,-1,20,-1,22,-1,-1,-1,-1],"split_conditions":[9E0,-5.7510024E-1,9E0,3E0,1E1,2.1808144E-1,3E0,4E0,3.9482537E-1,NaN,4E0,3.3290476E-1,6.00001E0,2.1808144E-1,-6.412041E-2,-3.605653E-1,9E0,-2.9915637E-1,3E0,-2.0522134E-1,7.698052E-2,1.6059053E-1,-2.0522134E-1],"split_indices":[13,0,12,11,13,0,4,10,0,15,10,0,4,0,0,0,11,0,8,0,0,0,0],"split_type":[0,0,0,0,0,0,0,0,0,1,0,0,0,0,0,0,0,0,0,0,0,0,0],"sum_hessian":[1.4611636E2,1.4921325E1,1.3119505E2,7.882964E0,1.2331208E2,1.1261377E0,6.7568264E0,1.1261377E1,1.12050705E2,2.2522755E0,4.504551E0,4.2230167E0,7.0383606E0,1.1261377E0,1.1261377E0,2.2522755E0,2.2522755E0,1.6892066E0,5.3491545E0,1.1261377E0,1.1261377E0,4.2230167E0,1.1261377E0],"tree_param":{"num_deleted":"0","num_feature":"30","num_nodes":"23","size_leaf_vector":"0"}},{"base_weights":[6.535901E-1,-3.8372856E-1,9.2409307E-1,1.9882269E-1,1.0593361E0,3.929717E-1,-6.477882E-1,1.0758983E0,-2.6839046E-2,8.6523473E-1,-7.2954945E-2,3.9293814E-2,-4.0517518E-1,1.1014409E0,6.89654E-1,1.0041928E0,3.0250844E-1,1.4298041E-1,3.335408E-1,2.9323772E-1,-9.222796E-2,8.849418E-2,3.2539326E-1,-1.2251998E-1,2.3231383E-1,-2.5224206E-1,1.8914734E-1],"categories":[1,3,1,2],"categories_nodes":[3,9,16],"categories_segments":[0,2,3],"categories_sizes":[2,1,1],"default_left":[1,0,0,0,1,0,0,0,0,0,0,0,0,0,0,0,0,0,0,0,0,0,0,0,0,0,0],"id":1,"left_children":[1,-1,3,5,7,9,11,13,-1,15,-1,-1,-1,17,19,21,23,-1,-1,-1,25,-1,-1,-1,-1,-1,-1],"loss_changes":[7.114934E1,0E0,1.1361923E1,3.504735E0,1.9838486E0,5.2298565E0,2.4024272E0,2.0598602E-1,0E0,4.631858E-1,0E0,0E0,0E0,5.3649902E-2,2.0582213E0,1.0425854E-1,1.4479212E0,0E0,0E0,0E0,2.2975516E0,0E0,0E0,0E0,0E0,0E0,0E0],"parents":[2147483647,0,0,2,2,3,3,4,4,5,5,6,6,7,7,9,9,13,13,14,14,15,15,16,16,20,20],"right_children":[2,-1,4,6,8,10,12,14,-1,16,-1,-1,-1,18,20,22,24,-1,-1,-1,26,-1,-1,-1,-1,-1,-1],"split_conditions":[9E0,-3.8372856E-1,1E1,NaN,2E0,4E0,4E0,5E0,-2.6839046E-2,NaN,-7.2954945E-2,3.9293814E-2,-4.0517518E-1,2E0,4E0,2E0,NaN,1.4298041E-1,3.335408E-1,2.9323772E-1,1.1E1,8.849418E-2,3.2539326E-1,-1.2251998E-1,2.3231383E-1,-2.5224206E-1,1.8914734E-1],"split_indices":[13,0,12,18,4,2,11,6,0,20,0,0,0,5,9,3,21,0,0,0,13,0,0,0,0,0,0],"split_type":[0,0,0,1,0,0,0,0,0,1,0,0,0,0,0,0,1,0,0,0,0,0,0,0,0,0,0],"sum_hessian":[1.3283269E2,1.585114E1,1.16981544E2,1.8773674E1,9.820787E1,1.5707405E1,3.0662699E0,9.6874695E1,1.3331779E0,8.808286E0,6.899119E0,1.8404733E0,1.2257966E0,8.912885E1,7.745839E0,6.434784E0,2.3735023E0,2.2205346E0,8.690832E1,5.478944E0,2.2668953E0,1.1310122E0,5.3037715E0,1.0005735E0,1.3729286E0,1.033265E0,1.2336303E0],"tree_param":{"num_deleted":"0","num_feature":"30","num_nodes":"27","size_leaf_vector":"0"}},{"base_weights":[5.642865E-1,-9.701961E-1,7.9439545E-1,-1.019345E0,-8.1674635E-2,1.3400523E-1,9.0602607E-1,-1.0988785E-1,-3.2313606E-1,4.6542367E-1,-5.8173084E-1,-7.668609E-2,2.8180942E-1,6.452801E-1,-1.25479E-1,-3.188221E-1,5.6846112E-2,-1.699617E-1,1.3470745E-1,-2.1091783E-2,7.799554E-1,1.7751884E-1,-2.1788195E-1,1.9889311E-1,-1.8468702E-1,3.1825054E-2,3.1601852E-1],"categories":[1],"categories_nodes":[20],"categories_segments":[0],"categories_sizes":[1],"default_left":[1,0,0,0,0,0,0,0,0,0,0,0,0,0,0,0,1,0,0,0,0,0,0,0,0,0,0],"id":2,"left_children":[1,3,5,7,-1,9,11,-1,-1,13,15,17,-1,19,21,-1,23,-1,-1,-1,25,-1,-1,-1,-1,-1,-1],"loss_changes":[4.3055626E1,2.7361965E-1,7.5961227E0,1.5802193E-1,0E0,4.1398277E0,3.0002136E0,0E0,0E0,1.3248558E0,1.7825963E0,1.2476865E0,0E0,9.352653E-1,1.9673423E0,0E0,1.7769085E0,0E0,0E0,0E0,1.3202391E0,0E0,0E0,0E0,0E0,0E0,0E0],"parents":[2147483647,0,0,1,1,2,2,3,3,5,5,6,6,9,9,10,10,11,11,13,13,14,14,16,16,20,20],"right_children":[2,4,6,8,-1,10,12,-1,-1,14,16,18,-1,20,22,-1,24,-1,-1,-1,26,-1,-1,-1,-1,-1,-1],"split_conditions":[9E0,4E0,1E1,2E0,-8.1674635E-2,5E0,9E0,-1.0988785E-1,-3.2313606E-1,5E0,2E0,4E0,2.8180942E-1,3E0,5E0,-3.188221E-1,4E0,-1.699617E-1,1.3470745E-1,-2.1091783E-2,NaN,1.7751884E-1,-2.1788195E-1,1.9889311E-1,-1.8468702E-1,3.1825054E-2,3.1601852E-1],"split_indices":[13,8,13,7,0,5,12,0,0,7,2,10,0,11,11,0,11,0,0,0,26,0,0,0,0,0,0],"split_type":[0,0,0,0,0,0,0,0,0,0,0,0,0,0,0,0,0,0,0,0,1,0,0,0,0,0,0],"sum_hessian":[1.1875394E2,1.50665245E1,1.0368741E2,1.3645154E1,1.4213703E0,1.5310893E1,8.837652E1,1.7056442E0,1.1939509E1,1.07041235E1,4.60677E0,2.857147E0,8.551937E1,8.135768E0,2.568355E0,2.2487001E0,2.3580697E0,1.4388119E0,1.4183351E0,1.3643523E0,6.7714157E0,1.1776284E0,1.3907267E0,1.2476317E0,1.1104381E0,2.355188E0,4.416228E0],"tree_param":{"num_deleted":"0","num_feature":"30","num_nodes":"27","size_leaf_vector":"0"}},{"base_weights":[4.5823684E-1,-3.611008E-1,7.6659477E-1,-7.7885735E-1,6.3452676E-2,-6.3017376E-2,7.990238E-1,-2.4992284E-1,-3.695615E-2,3.2486615E-1,-4.601188E-1,-1.403456E-1,1.13261625E-1,5.8513397E-1,8.3118165E-1,2.4447703E-1,8.840885E-2,-2.4821934E-1,4.877332E-2,2.4622664E-1,8.626161E-2,7.223682E-2,2.5343245E-1,4.8015183E-1,-3.7842667E-1,1.7486711E-1,-1.5346174E-1,2.1730502E-1,-2.2341059E-1,1.8999816E-1,-5.9061922E-2],"categories":[1,1],"categories_nodes":[3,9],"categories_segments":[0,1],"categories_sizes":[1,1],"default_left":[1,1,0,0,0,0,0,0,0,0,0,0,0,0,0,0,0,0,1,0,0,0,0,1,0,0,0,0,0,0,0],"id":3,"left_children":[1,3,5,7,9,11,13,-1,-1,15,17,-1,-1,19,21,-1,23,-1,25,-1,27,-1,-1,29,-1,-1,-1,-1,-1,-1,-1],"loss_changes":[2.6803717E1,5.2619753E0,2.1113052E0,4.266653E-1,2.2710688E0,8.558552E-1,2.123642E-2,0E0,0E0,1.1939176E0,1.0825258E0,0E0,0E0,1.4600105E0,2.923355E-1,0E0,5.0955796E0,0E0,1.2802895E0,0E0,3.3470922E0,0E0,0E0,8.822737E-1,0E0,0E0,0E0,0E0,0E0,0E0,0E0],"parents":[2147483647,0,0,1,1,2,2,3,3,4,4,5,5,6,6,9,9,10,10,13,13,14,14,16,16,18,18,20,20,23,23],"right_children":[2,4,6,8,10,12,14,-1,-1,16,18,-1,-1,20,22,-1,24,-1,26,-1,28,-1,-1,30,-1,-1,-1,-1,-1,-1,-1],"split_conditions":[1E1,9E0,9E0,NaN,5E0,4E0,1.1E1,-2.4992284E-1,-3.695615E-2,NaN,2E0,-1.403456E-1,1.13261625E-1,2.2E1,2E0,2.4447703E-1,1E1,-2.4821934E-1,4E0,2.4622664E-1,2E0,7.223682E-2,2.5343245E-1,2E0,-3.7842667E-1,1.7486711E-1,-1.5346174E-1,2.1730502E-1,-2.2341059E-1,1.8999816E-1,-5.9061922E-2],"split_indices":[13,13,12,22,5,10,13,0,0,28,2,0,0,11,5,0,11,0,11,0,8,0,0,4,0,0,0,0,0,0,0],"split_type":[0,0,0,1,0,0,0,0,0,1,0,0,0,0,0,0,0,0,0,0,0,0,0,0,0,0,0,0,0,0,0],"sum_hessian":[1.0399497E2,2.8389692E1,7.560528E1,1.3888756E1,1.45009365E1,2.8087049E0,7.279658E1,1.2578076E1,1.3106799E0,9.925008E0,4.575928E0,1.4315007E0,1.3772043E0,1.2023178E1,6.0773396E1,2.4340522E0,7.490956E0,2.2942414E0,2.2816865E0,7.7279725E0,4.2952056E0,1.7889234E0,5.8984474E1,6.3053327E0,1.185623E0,1.1475198E0,1.1341668E0,2.5021393E0,1.7930663E0,5.194608E0,1.1107247E0],"tree_param":{"num_deleted":"0","num_feature":"30","num_nodes":"31",