{"learner":{"attributes":{"best_ntree_limit":"7"},"feature_names":[],"feature_types":["q","q","q","q","q","q","q","q","q","q","q","q","q","q","c","c","c","c","c","c","c","c","c","c","c","c","c","c","c","c"],"gradient_booster":{"model":{"gbtree_model_param":{"num_parallel_tree":"1","num_trees":"2","size_leaf_vector":"0"},"tree_info":[0,0],"trees":[{"base_weights":[9.1740596E-1,-1.9772245E0,1.324336E0,-6.8439186E-1,-8.137867E-1,1.6996124E-1,1.475716E0,-4.349495E-1,7.165706E-2,4.20286E-1,-2.4592872E-1,3.1523493E-1,1.5046463E0,3.4858793E-1,5.113997E-2,-1.5258272E-2,1.5495926E-1,9.562441E-1,4.6021062E-1,4.2452455E-1,-3.3493608E-1,3.8117537E-1,3.7602454E-2,2.0456061E-1,-1.5113282E-1],"categories":[1,0,1,2,4],"categories_nodes":[4,9],"categories_segments":[0,1],"categories_sizes":[1,4],"default_left":[1,0,0,0,0,1,0,0,0,0,0,1,0,0,0,0,0,0,0,0,0,0,0,0,0],"id":0,"left_children":[1,3,5,-1,7,9,11,-1,-1,13,-1,15,17,-1,19,-1,-1,21,-1,23,-1,-1,-1,-1,-1],"loss_changes":[1.5148544E2,3.7962723E0,1.9216904E1,0E0,3.603787E0,3.824346E0,2.8278656E0,0E0,0E0,3.1907644E0,0E0,2.9579985E-1,7.548523E-2,0E0,4.385524E0,0E0,0E0,1.8055854E0,0E0,2.1406424E0,0E0,0E0,0E0,0E0,0E0],"parents":[2147483647,0,0,1,1,2,2,4,4,5,5,6,6,9,9,11,11,12,12,14,14,17,17,19,19],"right_children":[2,4,6,-1,8,10,12,-1,-1,14,-1,16,18,-1,20,-1,-1,22,-1,24,-1,-1,-1,-1,-1],"split_conditions":[9E0,9E0,1E1,-6.8439186E-1,NaN,1E1,9E0,-4.349495E-1,7.165706E-2,NaN,-2.4592872E-1,2E0,1E1,3.4858793E-1,3E0,-1.5258272E-2,1.5495926E-1,2.2E1,4.6021062E-1,5E0,-3.3493608E-1,3.8117537E-1,3.7602454E-2,2.0456061E-1,-1.5113282E-1],"split_indices":[13,12,13,0,16,11,12,0,0,19,0,1,12,0,2,0,0,11,0,5,0,0,0,0,0],"split_type":[0,0,0,0,1,0,0,0,0,1,0,0,0,0,0,0,0,0,0,0,0,0,0,0,0],"sum_hessian":[1.25381996E2,1.4978196E1,1.104038E2,1.1112855E1,3.865341E0,1.3045526E1,9.735828E1,2.1742542E0,1.6910866E0,1.0871271E1,2.1742542E0,2.6574218E0,9.470085E1,2.8990057E0,7.9722657E0,1.207919E0,1.4495028E0,6.522763E0,8.817809E1,6.522763E0,1.4495028E0,4.3485084E0,2.1742542E0,5.3148437E0,1.207919E0],"tree_param":{"num_deleted":"0","num_feature":"30","num_nodes":"25","size_leaf_vector":"0"}},{"base_weights":[7.4767065E-1,-1.4416854E0,1.1109594E0,-4.6562672E-1,-5.863121E-1,1.580819E-1,1.2527318E0,-3.230077E-1,5.095602E-2,4.0463123E-1,-5.6697166E-1,2.6880527E-1,1.2806176E0,6.580681E-1,-1.2154702E-1,-3.0613813E-1,3.8087044E-2,1.4991887E-1,-3.430184E-2,7.9967934E-1,3.9238042E-1,-3.344304E-2,9.6144277E-1,3.2633802E-1,3.1378455E-2,7.0832446E-2,6.296138E-1],"categories":[3,1,1,1],"categories_nodes":[1,10,11,13],"categories_segments":[0,1,2,3],"categories_sizes":[1,1,1,1],"default_left":[1,0,0,0,0,0,0,0,0,1,0,0,0,0,0,0,0,0,0,0,0,0,0,0,0,0,0],"id":1,"left_children":[1,3,5,-1,7,9,11,-1,-1,13,15,17,19,21,-1,-1,-1,-1,-1,23,-1,-1,25,-1,-1,-1,-1],"loss_changes":[9.1469376E1,6.4966583E-1,1.2969772E1,0E0,1.4788867E0,2.6906977E0,1.9798431E0,0E0,0E0,2.4950585E0,1.36008E0,3.756707E-1,3.276062E-2,2.12686E0,0E0,0E0,0E0,0E0,0E0,1.2853098E0,0E0,0E0,4.708633E0,0E0,0E0,0E0,0E0],"parents":[2147483647,0,0,1,1,2,2,4,4,5,5,6,6,9,9,10,10,11,11,12,12,13,13,19,19,22,22],"right_children":[2,4,6,-1,8,10,12,-1,-1,14,16,18,20,22,-1,-1,-1,-1,-1,24,-1,-1,26,-1,-1,-1,-1],"split_conditions":[9E0,NaN,1E1,-4.6562672E-1,3E0,5E0,9E0,-3.230077E-1,5.095602E-2,4E0,NaN,NaN,1E1,NaN,-1.2154702E-1,-3.0613813E-1,3.8087044E-2,1.4991887E-1,-3.430184E-2,2.2E1,3.9238042E-1,-3.344304E-2,2E0,3.2633802E-1,3.1378455E-2,7.0832446E-2,6.296138E-1],"split_indices":[13,20,13,0,11,5,12,0,0,1,14,25,12,26,0,0,0,0,0,11,0,0,1,0,0,0,0],"split_type":[0,1,0,0,0,0,0,0,0,0,1,1,0,1,0,0,0,0,0,0,0,0,0,0,0,0,0],"sum_hessian":[1.1198876E2,1.5515621E1,9.6473145E1,1.3020537E1,2.4950838E0,1.2768534E1,8.370461E1,1.2564076E0,1.2386762E0,9.858238E0,2.9102948E0,2.6001492E0,8.110446E1,7.6510653E0,2.2071733E0,1.4754918E0,1.434803E0,1.4324914E0,1.1676577E0,5.986228E0,7.511823E1,2.3422418E0,5.3088236E0,3.832619E0,2.153609E0,3.9788065E0,1.3300169E0],"tree_param":{"num_deleted":"0","num_feature":"30","num_nodes":"27","size_leaf_vector":"0"}}]},"name":"gbtree"},"learner_model_param":{"base_score":"5E-1","num_class":"0","num_feature":"30","num_target":"1"},"objective":{"name":"reg:squarederror","reg_loss_param":{"scale_pos_weight":"1"}}},"version":[1,6,2]}