{"learner":{"attributes":{"best_ntree_limit":"3"},"feature_names":[],"feature_types":["q","q","q","q","q","q","q","q","q","q","q","q","q","q","c","c","c","c","c","c","c","c","c","c","c","c","c","c","c","c"],"gradient_booster":{"model":{"gbtree_model_param":{"num_parallel_tree":"1","num_trees":"3","size_leaf_vector":"0"},"tree_info":[0,0,0],"trees":[{"base_weights":[2.0332988E-1,-1.9013231E0,1.4879886E0,-2.2713852E0,-9.314975E-1,1.5898988E-1,1.5262886E0,-2.3529038E0,-1.5341894E-1,-3.6167592E-1,-1.5651165E0,1.0138824E0,4.8519447E-1,-7.457928E-1,-1.1700157E0,2.9966283E-1,-3.469113E-1,-5.395256E-1,-1.5341894E-1,3.819018E-1,-4.051554E-2,-9.146257E-2,-4.6490312E-1,2.3093164E-1,-1.5341894E-1],"categories":[0,1,2,3,4,0,1,3],"categories_nodes":[2,9],"categories_segments":[0,5],"categories_sizes":[5,3],"default_left":[1,1,0,0,0,0,0,1,0,0,0,0,0,0,0,0,0,0,0,0,0,0,0,0,0],"id":0,"left_children":[1,3,5,7,9,-1,11,13,-1,15,17,19,-1,-1,21,23,-1,-1,-1,-1,-1,-1,-1,-1,-1],"loss_changes":[2.0631734E2,8.279785E0,9.2650604E-1,1.704956E0,2.9343624E0,0E0,4.5661163E-1,9.714508E-2,0E0,3.7127948E0,1.349411E-1,2.9883547E0,0E0,0E0,7.822752E-1,2.0293977E0,0E0,0E0,0E0,0E0,0E0,0E0,0E0,0E0,0E0],"parents":[2147483647,0,0,1,1,2,2,3,3,4,4,6,6,7,7,9,9,10,10,11,11,14,14,15,15],"right_children":[2,4,6,8,10,-1,12,14,-1,16,18,20,-1,-1,22,24,-1,-1,-1,-1,-1,-1,-1,-1,-1],"split_conditions":[1E1,9E0,NaN,4E0,1.1E1,1.5898988E-1,1.1E1,3E0,-1.5341894E-1,NaN,4E0,5E0,4.8519447E-1,-7.457928E-1,3E0,3E0,-3.469113E-1,-5.395256E-1,-1.5341894E-1,3.819018E-1,-4.051554E-2,-9.146257E-2,-4.6490312E-1,2.3093164E-1,-1.5341894E-1],"split_indices":[13,13,19,2,11,0,13,4,0,19,6,10,0,0,0,1,0,0,0,0,0,0,0,0,0],"split_type":[0,0,1,0,0,0,0,0,0,1,0,0,0,0,0,0,0,0,0,0,0,0,0,0,0],"sum_hessian":[7.426117E1,2.796544E1,4.629573E1,1.9270304E1,8.695137E0,2.350037E0,4.3945694E1,1.8095285E1,1.1750185E0,5.4050856E0,3.290052E0,8.460134E0,3.548556E1,1.5275241E1,2.8200445E0,3.290052E0,2.1150334E0,2.1150334E0,1.1750185E0,6.8151073E0,1.645026E0,1.4100223E0,1.4100223E0,2.1150334E0,1.1750185E0],"tree_param":{"num_deleted":"0","num_feature":"30","num_nodes":"25","size_leaf_vector":"0"}},{"base_weights":[1.5402493E-1,-1.3394368E0,1.2574075E0,-8.300703E-1,-5.042145E-1,9.487695E-2,1.2997622E0,-4.4518763E-1,-4.016272E-1,8.309306E-1,4.1683754E-1,-5.9742135E-1,1.630108E-1,1.0693738E0,-3.2724477E-2,-4.0463516E-1,-2.1333145E-1,3.5058373E-1,1.0123708E-1,1.24163E-1,-1.5808165E-1],"categories":[0,1,2,3,4,0,1,2,4],"categories_nodes":[2,16],"categories_segments":[0,5],"categories_sizes":[5,4],"default_left":[1,0,0,0,0,0,0,0,0,0,0,0,0,0,0,0,0,0,0,0,0],"id":1,"left_children":[1,3,5,7,-1,-1,9,-1,11,13,-1,15,-1,17,-1,-1,19,-1,-1,-1,-1],"loss_changes":[1.1635472E2,3.8289146E0,1.2047958E0,3.3352528E0,0E0,0E0,4.6316528E-1,0E0,2.146885E0,2.0589452E0,0E0,2.2041636E0,0E0,1.14432335E-1,0E0,0E0,1.575639E0,0E0,0E0,0E0,0E0],"parents":[2147483647,0,0,1,1,2,2,3,3,6,6,8,8,9,9,11,11,13,13,16,16],"right_children":[2,4,6,8,-1,-1,10,-1,12,14,-1,16,-1,18,-1,-1,20,-1,-1,-1,-1],"split_conditions":[1E1,1.1E1,NaN,8E0,-5.042145E-1,9.487695E-2,1.1E1,-4.4518763E-1,3E0,5E0,4.1683754E-1,4E0,1.630108E-1,3E0,-3.2724477E-2,-4.0463516E-1,NaN,3.5058373E-1,1.0123708E-1,1.24163E-1,-1.5808165E-1],"split_indices":[13,11,19,13,0,0,13,0,2,10,0,5,0,3,0,0,18,0,0,0,0],"split_type":[0,0,1,0,0,0,0,0,0,0,0,0,0,0,0,0,1,0,0,0,0],"sum_hessian":[6.858754E1,2.9051508E1,3.953603E1,1.3032462E1,1.6019047E1,2.0672445E0,3.746879E1,4.183702E0,8.84876E0,7.66557E0,2.9803217E1,7.634725E0,1.2140349E0,6.0047817E0,1.6607879E0,1.732989E0,5.9017363E0,4.762413E0,1.2423687E0,1.8606821E0,4.041054E0],"tree_param":{"num_deleted":"0","num_feature":"30","num_nodes":"21","size_leaf_vector":"0"}},{"base_weights":[1.3132857E-1,-1.0380089E0,1.1194109E0,-1.2773706E0,-4.585213E-1,4.787621E-2,1.1685728E0,-1.3276854E0,-8.555123E-2,2.6421431E-2,-9.0802073E-1,7.1165437E-1,3.8270453E-1,-1.1978587E-1,-4.0946648E-1,-2.3016284E-1,7.1496356E-1,-4.015449E-1,7.3688276E-2,9.273364E-1,1.7894061E-1,4.0267122E-1,-8.740339E-2,3.140831E-1,6.379017E-2,2.1157557E-1,-9.672547E-2],"categories":[0,1,2,3,4,0,1,3,1,1,1],"categories_nodes":[2,4,9,16,19],"categories_segments":[0,5,8,9,10],"categories_sizes":[5,3,1,1,1],"default_left":[1,1,0,0,0,0,0,0,0,0,0,0,0,0,0,0,0,0,0,0,0,0,0,0,0,0,0],"id":2,"left_children":[1,3,5,7,9,-1,11,13,-1,15,17,19,-1,-1,-1,-1,21,-1,-1,23,25,-1,-1,-1,-1,-1,-1],"loss_changes":[7.13321E1,3.3443947E0,1.3894768E0,5.9444237E-1,2.1694388E0,0E0,6.392975E-1,8.629608E-2,0E0,3.6666896E0,2.8793688E0,7.8369045E-1,0E0,0E0,0E0,0E0,2.646462E0,0E0,0E0,2.5985622E-1,1.182869E0,0E0,0E0,0E0,0E0,0E0,0E0],"parents":[2147483647,0,0,1,1,2,2,3,3,4,4,6,6,7,7,9,9,10,10,11,11,16,16,19,19,20,20],"right_children":[2,4,6,8,10,-1,12,14,-1,16,18,20,-1,-1,-1,-1,22,-1,-1,24,26,-1,-1,-1,-1,-1,-1],"split_conditions":[1E1,9E0,NaN,4E0,NaN,4.787621E-2,1.1E1,2E0,-8.555123E-2,NaN,3E0,1.3E1,3.8270453E-1,-1.1978587E-1,-4.0946648E-1,-2.3016284E-1,NaN,-4.015449E-1,7.3688276E-2,NaN,9E0,4.0267122E-1,-8.740339E-2,3.140831E-1,6.379017E-2,2.1157557E-1,-9.672547E-2],"split_indices":[13,13,19,2,19,0,12,7,0,24,8,11,0,0,0,0,16,0,0,16,12,0,0,0,0,0,0],"split_type":[0,0,1,0,1,0,0,0,0,1,0,0,0,0,0,0,1,0,0,1,0,0,0,0,0,0,0],"sum_hessian":[5.973225E1,2.7333786E1,3.2398464E1,1.8491447E1,8.8423395E0,1.7854772E0,3.0612988E1,1.7277191E1,1.2142546E0,4.7062354E0,4.1361046E0,7.2650557E0,2.334793E1,1.1176978E0,1.6159494E1,2.1332016E0,2.5730338E0,2.8954892E0,1.2406152E0,4.64403E0,2.6210256E0,1.3793834E0,1.1936504E0,3.5800357E0,1.0639944E0,1.0802895E0,1.540736E0],"tree_param":{"num_deleted":"0","num_feature":"30","num_nodes":"27","size_leaf_vector":"0"}}]},"name":"gbtree"},"learner_model_param":{"base_score":"5E-1","num_class":"0","num_feature":"30","num_target":"1"},"objective":{"name":"reg:squarederror","reg_loss_param":{"scale_pos_weight":"1"}}},"version":[1,6,2]}