{"learner":{"attributes":{"best_ntree_limit":"7"},"feature_names":[],"feature_types":["q","q","q","q","q","q","q","q","q","q","q","q","q","q","c","c","c","c","c","c","c","c","c","c","c","c","c","c","c","c"],"gradient_booster":{"model":{"gbtree_model_param":{"num_parallel_tree":"1","num_trees":"7","size_leaf_vector":"0"},"tree_info":[0,0,0,0,0,0,0],"trees":[{"base_weights":[1.830531E-1,-1.8198918E0,1.3951147E0,-2.1429553E0,-9.434575E-1,1.7122757E-1,1.4308387E0,-2.2201304E0,-1.4887159E-1,-2.4459194E-1,-1.5936041E0,9.1004443E-1,4.551443E-1,-7.040248E-1,-1.1194006E0,5.707586E-1,-1.110223E0,-1.4887159E-1,-5.481838E-1,1.1709222E0,-3.969407E-2,-4.7574812E-1,-1.5620857E-2,2.8734645E-1,-7.402619E-2,-4.1537306E-1,-7.402619E-2,3.7921122E-1,1.1762988E-1],"categories":[0,1,2,3,4,0,1,3,0,1,2],"categories_nodes":[2,4,15],"categories_segments":[0,5,8],"categories_sizes":[5,3,3],"default_left":[1,1,0,0,0,0,0,1,0,0,1,0,0,0,1,0,0,0,0,0,0,0,0,0,0,0,0,0,0],"id":0,"left_children":[1,3,5,7,9,-1,11,13,-1,15,17,19,-1,-1,21,23,25,-1,-1,27,-1,-1,-1,-1,-1,-1,-1,-1,-1],"loss_changes":[1.9636075E2,6.6234207E0,6.647873E-1,1.6335297E0,4.158431E0,0E0,7.567444E-1,1.98349E-1,0E0,4.8723645E0,3.7651253E-1,2.6727657E0,0E0,0E0,1.9104185E0,1.4239249E0,4.2885685E-1,0E0,0E0,4.8799515E-2,0E0,0E0,0E0,0E0,0E0,0E0,0E0,0E0,0E0],"parents":[2147483647,0,0,1,1,2,2,3,3,4,4,6,6,7,7,9,9,10,10,11,11,14,14,15,15,16,16,19,19],"right_children":[2,4,6,8,10,-1,12,14,-1,16,18,20,-1,-1,22,24,26,-1,-1,28,-1,-1,-1,-1,-1,-1,-1,-1,-1],"split_conditions":[1E1,9E0,NaN,4E0,NaN,1.7122757E-1,1.1E1,3E0,-1.4887159E-1,1E1,2E0,5E0,4.551443E-1,-7.040248E-1,8E0,NaN,5E0,-1.4887159E-1,-5.481838E-1,3E0,-3.969407E-2,-4.7574812E-1,-1.5620857E-2,2.8734645E-1,-7.402619E-2,-4.1537306E-1,-7.402619E-2,3.7921122E-1,1.1762988E-1],"split_indices":[13,13,19,2,19,0,13,4,0,12,3,10,0,0,13,18,5,0,0,3,0,0,0,0,0,0,0,0,0],"split_type":[0,0,1,0,1,0,0,0,0,0,0,0,0,0,0,1,0,0,0,0,0,0,0,0,0,0,0,0,0],"sum_hessian":[7.883787E1,2.9532917E1,4.9304955E1,2.0522873E1,9.010042E0,2.7530684E0,4.6551884E1,1.9271479E1,1.2513947E0,5.005579E0,4.004463E0,8.259205E0,3.829268E1,1.6268131E1,3.0033474E0,2.7530684E0,2.2525105E0,1.2513947E0,2.7530684E0,6.5072527E0,1.7519526E0,1.7519526E0,1.2513947E0,1.7519526E0,1.0011158E0,1.2513947E0,1.0011158E0,5.255858E0,1.2513947E0],"tree_param":{"num_deleted":"0","num_feature":"30","num_nodes":"29","size_leaf_vector":"0"}},{"base_weights":[1.41074E-1,-1.268294E0,1.1637416E0,-8.0004364E-1,-1.558179E0,1.0557459E-1,1.2030202E0,-9.47693E-1,1.2155826E-1,-1.6177635E-1,-1.6358391E0,7.506683E-1,3.8495326E-1,6.8967775E-2,-1.1767906E0,-5.0488365E-1,-1.4318466E-1,9.874862E-1,-3.1886306E-2,-1.7895484E-1,2.380485E-1,-4.2026895E-1,-1.1449341E-2,3.2660645E-1,7.76556E-2],"categories":[0,1,2,3,4,1],"categories_nodes":[2,4],"categories_segments":[0,5],"categories_sizes":[5,1],"default_left":[1,0,0,0,0,0,0,0,0,0,1,0,0,0,0,0,0,0,0,0,0,0,0,0,0],"id":1,"left_children":[1,3,5,7,9,-1,11,13,-1,-1,15,17,-1,19,21,-1,-1,23,-1,-1,-1,-1,-1,-1,-1],"loss_changes":[1.0877342E2,3.067459E0,9.689064E-1,2.9122953E0,5.8766174E-1,0E0,5.318527E-1,3.0989456E0,0E0,0E0,1.11839294E-1,1.8536015E0,0E0,2.0776699E0,2.6588268E0,0E0,0E0,2.2316027E-1,0E0,0E0,0E0,0E0,0E0,0E0,0E0],"parents":[2147483647,0,0,1,1,2,2,3,3,4,4,6,6,7,7,10,10,11,11,13,13,14,14,17,17],"right_children":[2,4,6,8,10,-1,12,14,-1,-1,16,18,-1,20,22,-1,-1,24,-1,-1,-1,-1,-1,-1,-1],"split_conditions":[1E1,1.1E1,NaN,5E0,NaN,1.0557459E-1,1.1E1,3E0,1.2155826E-1,-1.6177635E-1,1.1E1,5E0,3.8495326E-1,2E0,5E0,-5.0488365E-1,-1.4318466E-1,2.6E1,-3.1886306E-2,-1.7895484E-1,2.380485E-1,-4.2026895E-1,-1.1449341E-2,3.2660645E-1,7.76556E-2],"split_indices":[13,11,19,9,17,0,13,7,0,0,12,10,0,9,5,0,0,11,0,0,0,0,0,0,0],"split_type":[0,0,1,0,1,0,0,0,0,0,0,0,0,0,0,0,0,0,0,0,0,0,0,0,0],"sum_hessian":[7.3444145E1,3.0782166E1,4.266198E1,1.3207692E1,1.7574472E1,2.4284906E0,4.0233486E1,1.1956618E1,1.2510742E0,1.8072021E0,1.5767271E1,7.61645E0,3.261704E1,2.3273878E0,9.6292305E0,1.4716291E1,1.0509799E0,5.8480387E0,1.768411E0,1.3052175E0,1.0221703E0,7.853212E0,1.7760184E0,4.7009606E0,1.1470783E0],"tree_param":{"num_deleted":"0","num_feature":"30","num_nodes":"25","size_leaf_vector":"0"}},{"base_weights":[1.23498E-1,-9.6421796E-1,1.0109624E0,-1.1731926E0,-4.388514E-1,5.332302E-2,1.0560676E0,-1.2188884E0,-8.1026606E-2,6.5974236E-2,-9.593607E-1,6.307019E-1,3.4201044E-1,-1.1185597E-1,-3.7617067E-1,6.5854144E-1,-6.2705183E-1,-3.5499787E-1,-4.8576172E-2,8.5170686E-1,-2.5639625E-2,2.8373942E-1,-1.2485176E-2,-1.8732288E-3,-2.709611E-1,2.8702E-1,7.144408E-2],"categories":[0,1,2,3,4,0,1,3,0,1,2,0,1,3,4],"categories_nodes":[2,4,15,19],"categories_segments":[0,5,8,11],"categories_sizes":[5,3,3,4],"default_left":[1,1,0,0,0,0,0,0,0,0,1,0,0,0,0,0,0,0,0,0,0,0,0,0,0,0,0],"id":2,"left_children":[1,3,5,7,9,-1,11,13,-1,15,17,19,-1,-1,-1,21,23,-1,-1,25,-1,-1,-1,-1,-1,-1,-1],"loss_changes":[6.437916E1,2.781395E0,1.1900368E0,5.325546E-1,2.7281625E0,0E0,5.158615E-1,1.1284447E-1,0E0,2.9114287E0,7.1167374E-1,1.3292091E0,0E0,0E0,0E0,7.9709446E-1,5.6293964E-1,0E0,0E0,1.6893578E-1,0E0,0E0,0E0,0E0,0E0,0E0,0E0],"parents":[2147483647,0,0,1,1,2,2,3,3,4,4,6,6,7,7,9,9,10,10,11,11,15,15,16,16,19,19],"right_children":[2,4,6,8,10,-1,12,14,-1,16,18,20,-1,-1,-1,22,24,-1,-1,26,-1,-1,-1,-1,-1,-1,-1],"split_conditions":[1E1,9E0,NaN,4E0,NaN,5.332302E-2,1.1E1,2E0,-8.1026606E-2,1E1,3E0,5E0,3.4201044E-1,-1.1185597E-1,-3.7617067E-1,NaN,1.1E1,-3.5499787E-1,-4.8576172E-2,NaN,-2.5639625E-2,2.8373942E-1,-1.2485176E-2,-1.8732288E-3,-2.709611E-1,2.8702E-1,7.144408E-2],"split_indices":[13,13,19,2,19,0,13,7,0,12,8,10,0,0,0,18,11,0,0,19,0,0,0,0,0,0,0],"split_type":[0,0,1,0,1,0,0,0,0,0,0,0,0,0,0,1,0,0,0,1,0,0,0,0,0,0,0],"sum_hessian":[6.468296E1,2.9023714E1,3.565925E1,1.9882124E1,9.141591E0,2.084954E0,3.357429E1,1.8591743E1,1.2903805E0,5.0840154E0,4.0575757E0,6.9381156E0,2.6636177E1,1.2017905E0,1.7389954E1,2.7674692E0,2.316546E0,2.7900643E0,1.2675114E0,5.1573358E0,1.7807801E0,1.7135932E0,1.0538758E0,1.0280445E0,1.2885015E0,3.9259875E0,1.2313482E0],"tree_param":{"num_deleted":"0","num_feature":"30","num_nodes":"27","size_leaf_vector":"0"}},{"base_weights":[9.946826E-2,-7.822052E-1,8.916416E-1,-3.320826E-1,-4.6646148E-1,8.168877E-3,9.443752E-1,-1.0666667E-1,-8.496916E-1,5.424906E-1,3.1421342E-1,5.255663E-1,-4.4537476E-1,-3.882389E-3,-1.0057372E0,2.1158855E-2,7.849734E-1,2.856142E-2,2.0868437E-1,1.7106049E-1,-4.597447E-1,-4.075189E-1,-2.992027E-1,1.7367025E-1,-1.4464611E-1,2.7402627E-1,5.3815566E-2,2.606825E-1,-8.6630315E-2,-2.3883922E-1,1.05871245E-1],"categories":[0,1,2,3,4,0,1,2,4,1,1,1,0,1,2,3,4],"categories_nodes":[2,7,8,14,15,19],"categories_segments":[0,5,9,10,11,12],"categories_sizes":[5,4,1,1,1,5],"default_left":[1,1,0,0,0,0,0,0,0,0,0,0,0,0,0,0,0,0,0,0,0,0,0,0,0,0,0,0,0,0,0],"id":3,"left_children":[1,3,5,-1,7,-1,9,11,13,15,-1,17,19,-1,21,23,25,-1,-1,27,-1,-1,29,-1,-1,-1,-1,-1,-1,-1,-1],"loss_changes":[4.0416046E1,2.2978115E0,1.3610039E0,0E0,2.066439E0,0E0,6.1748123E-1,2.2068207E0,9.573598E-1,9.843261E-1,0E0,2.0252681E-1,4.644765E0,0E0,1.1510077E0,1.2732406E0,2.5436902E-1,0E0,0E0,1.8788801E0,0E0,0E0,1.3709435E0,0E0,0E0,0E0,0E0,0E0,0E0,0E0,0E0],"parents":[2147483647,0,0,1,1,2,2,4,4,6,6,7,7,8,8,9,9,11,11,12,12,14,14,15,15,16,16,19,19,22,22],"right_children":[2,4,6,-1,8,-1,10,12,14,16,-1,18,20,-1,22,24,26,-1,-1,28,-1,-1,30,-1,-1,-1,-1,-1,-1,-1,-1],"split_conditions":[1E1,8E0,NaN,-3.320826E-1,1.1E1,8.168877E-3,1.1E1,NaN,NaN,3E0,3.1421342E-1,8.00001E0,4E0,-3.882389E-3,NaN,NaN,4E0,2.856142E-2,2.0868437E-1,NaN,-4.597447E-1,-4.075189E-1,1.5E1,1.7367025E-1,-1.4464611E-1,2.7402627E-1,5.3815566E-2,2.606825E-1,-8.6630315E-2,-2.3883922E-1,1.05871245E-1],"split_indices":[13,13,19,0,11,0,12,18,17,1,0,0,6,0,16,25,6,0,0,18,0,0,11,0,0,0,0,0,0,0,0],"split_type":[0,0,1,0,0,0,0,1,1,0,0,0,0,0,1,1,0,0,0,1,0,0,0,0,0,0,0,0,0,0,0],