{"learner":{"attributes":{"best_ntree_limit":"8"},"feature_names":[],"feature_types":["q","q","q","q","q","q","q","q","q","q","q","q","q","q","c","c","c","c","c","c","c","c","c","c","c","c","c","c","c","c"],"gradient_booster":{"model":{"gbtree_model_param":{"num_parallel_tree":"1","num_trees":"8","size_leaf_vector":"0"},"tree_info":[0,0,0,0,0,0,0,0],"trees":[{"base_weights":[1.8983142E-1,-1.8043966E0,1.3381367E0,-1.884698E0,7.5669E-2,8.235167E-1,4.3965855E-1,-6.6223663E-1,-1.1136335E0,3.159629E-1,-6.798765E-2,-3.3570257E-1,-5.4835325E-1,-2.8236806E-1,2.5063488E-1,2.0932955E-1,-9.960981E-1,2.7067226E-1,-1.4898904E-1,-3.740801E-1,-7.424737E-2],"categories":[1,0,1,3],"categories_nodes":[5,11],"categories_segments":[0,1],"categories_sizes":[1,3],"default_left":[1,0,0,1,0,0,0,0,0,0,1,0,0,0,0,0,1,0,0,0,0],"id":0,"left_children":[1,3,5,7,-1,9,-1,-1,11,-1,13,15,-1,-1,-1,17,19,-1,-1,-1,-1],"loss_changes":[1.8638812E2,5.3938828E0,2.1730652E0,4.704338E0,0E0,2.6338854E0,0E0,0E0,5.2261457E0,0E0,3.549757E0,2.460226E0,0E0,0E0,0E0,2.5288153E0,2.5514555E-1,0E0,0E0,0E0,0E0],"parents":[2147483647,0,0,1,1,2,2,3,3,5,5,8,8,10,10,11,11,15,15,16,16],"right_children":[2,4,6,8,-1,10,-1,-1,12,-1,14,16,-1,-1,-1,18,20,-1,-1,-1,-1],"split_conditions":[1E1,4E0,1.1E1,9E0,7.5669E-2,NaN,4.3965855E-1,-6.6223663E-1,1.1E1,3.159629E-1,4E0,NaN,-5.4835325E-1,-2.8236806E-1,2.5063488E-1,3E0,3E0,2.7067226E-1,-1.4898904E-1,-3.740801E-1,-7.424737E-2],"split_indices":[13,2,12,13,0,16,0,0,11,0,3,19,0,0,0,0,0,0,0,0,0],"split_type":[0,0,0,0,0,1,0,0,0,0,0,1,0,0,0,0,0,0,0,0,0],"sum_hessian":[7.9338425E1,2.878208E1,5.0556347E1,2.7780964E1,1.0011158E0,1.1512832E1,3.9043518E1,1.8270363E1,9.5106E0,9.010042E0,2.5027895E0,5.255858E0,4.254742E0,1.2513947E0,1.2513947E0,3.2536263E0,2.0022316E0,1.5016737E0,1.7519526E0,1.0011158E0,1.0011158E0],"tree_param":{"num_deleted":"0","num_feature":"30","num_nodes":"21","size_leaf_vector":"0"}},{"base_weights":[2.2595176E-1,-1.2324097E0,1.1958729E0,-4.7547314E-1,-8.721688E-1,1.4547513E-1,1.2290562E0,-1.02919E0,1.022044E-1,8.6232185E-1,3.922039E-1,-6.312053E-2,-1.1533407E0,1.13085E0,-8.173192E-2,-6.74908E-1,-8.1525797E-1,3.9299217E-1,8.643121E-2,1.255023E-1,-1.760472E-1,-1.11066446E-1,-3.490186E-1],"categories":[0,1,2,3,4,0,1,2,3,4,0,1,3,4,1],"categories_nodes":[2,7,13,16],"categories_segments":[0,5,10,14],"categories_sizes":[5,5,4,1],"default_left":[1,1,0,0,0,0,0,0,0,0,0,0,1,0,0,0,0,0,0,0,0,0,0],"id":1,"left_children":[1,3,5,-1,7,-1,9,11,-1,13,-1,-1,15,17,19,-1,21,-1,-1,-1,-1,-1,-1],"loss_changes":[1.0982682E2,2.5655746E0,5.013275E-1,0E0,3.7023344E0,0E0,1.2983704E-1,1.3665962E0,0E0,2.7899213E0,0E0,0E0,3.1784725E0,8.833418E-1,1.076242E0,0E0,1.4136815E0,0E0,0E0,0E0,0E0,0E0,0E0],"parents":[2147483647,0,0,1,1,2,2,4,4,6,6,7,7,9,9,12,12,13,13,14,14,16,16],"right_children":[2,4,6,-1,8,-1,10,12,-1,14,-1,-1,16,18,20,-1,22,-1,-1,-1,-1,-1,-1],"split_conditions":[1E1,8E0,NaN,-4.7547314E-1,3E0,1.4547513E-1,1.1E1,NaN,1.022044E-1,5E0,3.922039E-1,-6.312053E-2,4E0,NaN,7E0,-6.74908E-1,NaN,3.9299217E-1,8.643121E-2,1.255023E-1,-1.760472E-1,-1.11066446E-1,-3.490186E-1],"split_indices":[13,13,19,0,2,0,13,18,0,10,0,0,5,19,11,0,29,0,0,0,0,0,0],"split_type":[0,0,1,0,0,0,0,1,0,0,0,0,0,1,0,0,1,0,0,0,0,0,0],"sum_hessian":[7.5601875E1,3.008932E1,4.5512558E1,1.348979E1,1.659953E1,2.7257812E0,4.2786777E1,1.4830882E1,1.7686461E0,9.640798E0,3.314598E1,2.3074853E0,1.2523397E1,7.3517804E0,2.2890172E0,1.6189884E0,1.0904408E1,5.6058555E0,1.7459248E0,1.2365289E0,1.0524883E0,5.6918044E0,5.212604E0],"tree_param":{"num_deleted":"0","num_feature":"30","num_nodes":"23","size_leaf_vector":"0"}},{"base_weights":[2.1523272E-1,-8.8429236E-1,1.0214863E0,-3.7900832E-1,-5.3709286E-1,9.856017E-2,1.0566106E0,-1.5782824E-1,-9.5752513E-1,7.0879E-1,3.4236228E-1,2.0560172E-1,-4.1814202E-1,-4.236647E-2,-3.7457448E-1,9.4816524E-1,-7.204867E-2,2.6696286E-1,-1.5696234E0,3.3388966E-1,7.089545E-2,1.0674053E-1,-1.4790656E-1,3.0081663E-1,-1.0745203E-1,-8.327137E-1,5.5545267E-2],"categories":[0,1,2,3,4,0,1,2,3,4,0,1,3,4,0,1,2,3],"categories_nodes":[2,7,15,17],"categories_segments":[0,5,10,14],"categories_sizes":[5,5,4,4],"default_left":[1,1,0,0,0,0,0,0,0,0,0,0,0,0,0,0,0,0,1,0,0,0,0,0,0,0,0],"id":2,"left_children":[1,3,5,-1,7,-1,9,11,13,15,-1,-1,17,-1,-1,19,21,23,25,-1,-1,-1,-1,-1,-1,-1,-1],"loss_changes":[6.126037E1,3.1829472E0,6.202431E-1,0E0,2.568091E0,0E0,2.9091263E-1,2.5172012E0,1.6983294E0,1.9283581E0,0E0,0E0,7.0350246E0,0E0,0E0,6.387768E-1,7.6336116E-1,3.1706905E0,7.442622E0,0E0,0E0,0E0,0E0,0E0,0E0,0E0,0E0],"parents":[2147483647,0,0,1,1,2,2,4,4,6,6,7,7,8,8,9,9,12,12,15,15,16,16,17,17,18,18],"right_children":[2,4,6,-1,8,-1,10,12,14,16,-1,-1,18,-1,-1,20,22,24,26,-1,-1,-1,-1,-1,-1,-1,-1],"split_conditions":[1E1,8E0,NaN,-3.7900832E-1,1.1E1,9.856017E-2,1.1E1,NaN,2E0,5E0,3.4236228E-1,2.0560172E-1,4E0,-4.236647E-2,-3.7457448E-1,NaN,7E0,NaN,5E0,3.3388966E-1,7.089545E-2,1.0674053E-1,-1.4790656E-1,3.0081663E-1,-1.0745203E-1,-8.327137E-1,5.5545267E-2],"split_indices":[13,13,19,0,11,0,13,18,3,10,0,0,6,0,0,19,11,18,5,0,0,0,0,0,0,0,0],"split_type":[0,0,1,0,0,0,0,1,0,0,0,0,0,0,0,1,0,1,0,0,0,0,0,0,0,0,0],"sum_hessian":[6.7084984E1,2.8339846E1,3.874514E1,1.2286673E1,1.6053173E1,2.3686426E0,3.63765E1,9.162887E0,6.890286E0,8.951365E0,2.7425133E1,1.7763788E0,7.3865075E0,2.2013977E0,4.688888E0,6.6870737E0,2.2642913E0,5.112716E0,2.2737913E0,4.9724164E0,1.7146575E0,1.1997515E0,1.0645398E0,2.0711057E0,3.0416102E0,1.0027659E0,1.2710254E0],"tree_param":{"num_deleted":"0","num_feature":"30","num_nodes":"27","size_leaf_vector":"0"}},{"base_weights":[2.0711195E-1,-6.6399646E-1,8.894667E-1,-3.2170975E-1,-3.2366872E-1,6.016219E-2,9.280246E-1,6.931483E-2,-7.86241E-1,3.4076256E-1,7.082579E-1,2.7241534E-1,-2.1774024E-1,-3.1957117E-1,-1.2348139E-1,-4.9954548E-1,9.235617E-1,-4.3674386E-1,3.4007886E-1,1.308721E-1,-1.9717549E-1,2.0501842E-1,-4.6477687E-1,2.9202345E-1,8.29219E-2,3.5053393E-1,-3.407173E-2],"categories":[0,1,2,3,4,0,2,4,0,1,2,3,4,1,0,1,2,3,4],"categories_nodes":[2,6,7,14,18],"categories_segments":[0,5,8,13,14],"categories_sizes":[5,3,5,1,5],"default_left":[1,1,0,0,0,0,0,0,0,0,1,0,1,0,0,0,0,0,0,0,0,0,0,0,0,0,0],"id":3,"left_children":[1,3,5,-1,7,-1,9,11,13,-1,15,-1,17,-1,19,21,23,-1,25,-1,-1,-1,-1,-1,-1,-1,-1],"loss_changes":[3.5624947E1,3.3305674E0,7.031956E-1,0E0,2.9386148E0,0E0,6.311035E-1,2.4842656E0,1.2309761E0,0E0,5.124613E0,0E0,5.9386206E0,0E0,1.2768439E0,5.23351E0,2.3325539E-1,0E0,2.4793155E0,0E0,0E0,0E0,0E0,0E0,0E0,0E0,0E0],"parents":[2147483647,0,0,1,1,2,2,4,4,6,6,7,7,8,8,10,10,12,12,14,14,15,15,16,16,18,18],"right_children":[2,4,6,-1,8,-1,10,12,14,-1,16,-1,18,-1,20,22,24,-1,26,-1,-1,-1,-1,-1,-1,-1,-1],"split_conditions":[1E1,8E0,NaN,-3.2170975E-1,1.1E1,6.016219E-2,NaN,NaN,4E0,3.4076256E-1,1.1E1,2.7241534E-1,3E0,-3.1957117E-1,NaN,2E0,5E0,-4.3674386E-1,NaN,1.308721E-1,-1.9717549E-1,2.0501842E-1,-4.6477687E-1,2.9202345E-1,8.29219E-2,3.5053393E-1,-3.407173E-2],"split_indices":[13,13,19,0,11,0,18,18,6,0,13,0,9,0,29,1,7,0,18,0,0,0,0,0,0,0,0],"split_type":[0,0,1,0,0,0,1,1,0,0,0,0,0,0,1,0,0,0,1,0,0,0,0,0,0,0,0],"sum_hessian":[5.7940193E1,2.54619E1,3.2478294E1,1.0596213E1,1.4865687E1,2.0500698E0,3.0428225E1,8.497064E0,6.3686237E0,1.3495717E1,1.6932507E1,1.6149788E0,6.882085E0,4.054542E0,2.3140814E0,2.3620079E0,1.4570499E1,1.6376069E0,5.2444777E0,1.2187723E0,1.0953093E0,1.2746019E0,1.087406E0,1.3060334E1,1.5101645E0,1.2982407E0,3.946237E0],"tree_param":{"num_deleted":"0","num_feature":"30","num_nodes":"27","size_leaf_vector":"0"}},{"base_weights":[2.6657104E-1,-4.714843E-1,8.5915214E-1,-2.8039283E-1,-1.3033542E-1,6.682677E-2,8.927513E-1,2.3974653E-1,-6.1469364E-1,3.032052E-1,5.4272115E-1,3.0103663E-1,-4.5161773E-2,1.6396273E-2,-2.7443475E-1,2.8126842E-1,-2.5987753E-1,4.9511153E-1,-3.550144E-1,2.4072666E-1,-1.12185694E-1],"categories":[0,1,2,3,4,1,0,1,2,3,4,0,1,3],"categories_nodes":[2,6,7,17],"categories_segments":[0,5,6,11],"categories_sizes":[5,1,5,3],"default_left":[1,1,0,0,0,0,0,0,0,0,0,0,0,0,0,0,0,0,0,0,0],"id":4,