{"learner":{"attributes":{"best_ntree_limit":"2"},"feature_names":[],"feature_types":["q","q","q","q","q","q","q","q","q","q","q","q","q","q","c","c","c","c","c","c","c","c","c","c","c","c","c","c","c","c"],"gradient_booster":{"model":{"gbtree_model_param":{"num_parallel_tree":"1","num_trees":"2","size_leaf_vector":"0"},"tree_info":[0,0],"trees":[{"base_weights":[2.0769775E-1,-1.8826778E0,1.4281042E0,-2.262428E0,-8.888391E-1,8.777917E-1,4.690814E-1,-2.345439E0,-1.5341894E-1,-1.1249539E-1,-5.394642E-1,3.301761E-2,9.712963E-1,-2.1594276E-1,-7.310324E-1,7.6585764E-1,-4.145452E-1,1.0941317E0,3.301761E-2,3.1461397E-1,3.301761E-2,3.7549922E-1,7.290491E-2],"categories":[0,1,3,0,1,3,4,1],"categories_nodes":[4,15,17],"categories_segments":[0,3,7],"categories_sizes":[3,4,1],"default_left":[1,1,0,0,0,0,0,0,0,0,0,0,0,0,0,0,0,0,0,0,0,0,0],"id":0,"left_children":[1,3,5,7,9,11,-1,13,-1,15,-1,-1,17,-1,-1,19,-1,21,-1,-1,-1,-1,-1],"loss_changes":[1.9528755E2,8.654854E0,2.2243042E0,1.6786118E0,6.4764447E0,7.409115E-1,0E0,1.0114288E0,0E0,7.9373784E0,0E0,0E0,9.798174E-1,0E0,0E0,6.8036914E-1,0E0,9.012041E-1,0E0,0E0,0E0,0E0,0E0],"parents":[2147483647,0,0,1,1,2,2,3,3,4,4,5,5,7,7,9,9,12,12,15,15,17,17],"right_children":[2,4,6,8,10,12,-1,14,-1,16,-1,-1,18,-1,-1,20,-1,22,-1,-1,-1,-1,-1],"split_conditions":[1E1,9E0,1.1E1,4E0,NaN,2E0,4.690814E-1,2E0,-1.5341894E-1,1.1E1,-5.394642E-1,3.301761E-2,5E0,-2.1594276E-1,-7.310324E-1,NaN,-4.145452E-1,NaN,3.301761E-2,3.1461397E-1,3.301761E-2,3.7549922E-1,7.290491E-2],"split_indices":[13,13,12,2,19,0,0,7,0,11,0,0,7,0,0,18,0,20,0,0,0,0,0],"split_type":[0,0,0,0,1,0,0,0,0,0,0,0,0,0,0,1,0,1,0,0,0,0,0],"sum_hessian":[7.449618E1,2.726043E1,4.7235744E1,1.8800297E1,8.460134E0,1.0810171E1,3.6425575E1,1.7625278E1,1.1750185E0,5.1700816E0,3.290052E0,1.4100223E0,9.400148E0,1.4100223E0,1.6215256E1,3.290052E0,1.8800297E0,7.990126E0,1.4100223E0,1.8800297E0,1.4100223E0,6.3451004E0,1.645026E0],"tree_param":{"num_deleted":"0","num_feature":"30","num_nodes":"23","size_leaf_vector":"0"}},{"base_weights":[1.9173968E-1,-1.293917E0,1.2192367E0,-7.602853E-1,-5.022328E-1,6.728321E-1,3.9864647E-1,-1.1521677E0,2.3587511E-1,8.867691E-1,-6.1824083E-2,-4.3435284E-1,-3.0432594E-1,1.872531E-1,-9.192297E-2,3.6741695E-1,-4.387308E-2,1.4533094E-1,-3.3627748E-1],"categories":[1,3],"categories_nodes":[7,9],"categories_segments":[0,1],"categories_sizes":[1,1],"default_left":[1,0,0,0,0,0,0,0,0,0,0,0,1,0,0,0,0,0,0],"id":1,"left_children":[1,3,5,7,-1,9,-1,11,13,15,-1,-1,17,-1,-1,-1,-1,-1,-1],"loss_changes":[1.0939442E2,4.684227E0,1.6368256E0,5.7557487E0,0E0,1.8913212E0,0E0,2.129344E0,1.2011845E0,2.7961774E0,0E0,0E0,3.0658906E0,0E0,0E0,0E0,0E0,0E0,0E0],"parents":[2147483647,0,0,1,1,2,2,3,3,5,5,7,7,8,8,9,9,12,12],"right_children":[2,4,6,8,-1,10,-1,12,14,16,-1,-1,18,-1,-1,-1,-1,-1,-1],"split_conditions":[1E1,1.1E1,1.1E1,5E0,-5.022328E-1,5E0,3.9864647E-1,NaN,7E0,NaN,-6.1824083E-2,-4.3435284E-1,1E1,1.872531E-1,-9.192297E-2,3.6741695E-1,-4.387308E-2,1.4533094E-1,-3.3627748E-1],"split_indices":[13,11,13,5,0,10,0,20,11,19,0,0,12,0,0,0,0,0,0],"split_type":[0,0,0,0,0,0,0,1,0,1,0,0,0,0,0,0,0,0,0],"sum_hessian":[6.962973E1,2.8361942E1,4.1267788E1,1.3047887E1,1.5314056E1,8.086624E0,3.3181164E1,9.2517185E0,3.796168E0,6.496391E0,1.5902331E0,6.334836E0,2.916882E0,2.1241574E0,1.6720107E0,4.755144E0,1.7412467E0,1.6906384E0,1.2262437E0],"tree_param":{"num_deleted":"0","num_feature":"30","num_nodes":"19","size_leaf_vector":"0"}}]},"name":"gbtree"},"learner_model_param":{"base_score":"5E-1","num_class":"0","num_feature":"30","num_target":"1"},"objective":{"name":"reg:squarederror","reg_loss_param":{"scale_pos_weight":"1"}}},"version":[1,6,2]}