{"learner":{"attributes":{"best_ntree_limit":"9"},"feature_names":[],"feature_types":["q","q","q","q","q","q","q","q","q","q","q","q","q","q","c","c","c","c","c","c","c","c","c","c","c","c","c","c","c","c","c","c"],"gradient_booster":{"model":{"gbtree_model_param":{"num_parallel_tree":"1","num_trees":"9","size_leaf_vector":"0"},"tree_info":[0,0,0,0,0,0,0,0,0],"trees":[{"base_weights":[9.428844E-1,-2.029031E0,1.3610754E0,-7.000505E-1,-9.172675E-1,-2.251963E-1,1.4815607E0,-4.8928759E-1,1.574978E-1,-2.382444E-1,1.564181E-1,7.188144E-1,4.6371302E-1,-6.2170434E-1,5.362304E-1,1.1307415E0,-1.54297E-1,-3.469113E-1,7.290491E-2,1.0628278E-1,3.9740604E-1],"categories":[1,0,1,2,3,4],"categories_nodes":[4,5],"categories_segments":[0,1],"categories_sizes":[1,5],"default_left":[1,0,0,0,0,0,0,0,0,0,0,0,0,0,0,0,0,0,0,0,0],"id":0,"left_children":[1,3,5,-1,7,9,11,-1,-1,-1,13,15,-1,17,-1,19,-1,-1,-1,-1,-1],"loss_changes":[1.5558844E2,3.1300735E0,2.105069E1,0E0,5.9978E0,1.9741086E0,3.824768E0,0E0,0E0,0E0,8.643644E0,5.506336E0,0E0,2.48177E0,0E0,6.7219734E-1,0E0,0E0,0E0,0E0,0E0],"parents":[2147483647,0,0,1,1,2,2,4,4,5,5,6,6,10,10,11,11,13,13,15,15],"right_children":[2,4,6,-1,8,10,12,-1,-1,-1,14,16,-1,18,-1,20,-1,-1,-1,-1,-1],"split_conditions":[9E0,9E0,9E0,-7.000505E-1,NaN,NaN,1E1,-4.8928759E-1,1.574978E-1,-2.382444E-1,2E0,5E0,4.6371302E-1,1E1,5.362304E-1,1E1,-1.54297E-1,-3.469113E-1,7.290491E-2,1.0628278E-1,3.9740604E-1],"split_indices":[13,12,12,0,18,20,13,0,0,0,2,7,0,13,0,12,0,0,0,0,0],"split_type":[0,0,0,0,1,1,0,0,0,0,0,0,0,0,0,0,0,0,0,0,0],"sum_hessian":[1.2196693E2,1.45702305E1,1.073967E2,1.0575167E1,3.995063E0,7.5201187E0,9.987658E1,2.5850408E0,1.4100223E0,2.5850408E0,4.9350777E0,8.695137E0,9.118144E1,3.7600594E0,1.1750185E0,6.580104E0,2.1150334E0,2.1150334E0,1.645026E0,1.8800297E0,4.700074E0],"tree_param":{"num_deleted":"0","num_feature":"32","num_nodes":"21","size_leaf_vector":"0"}},{"base_weights":[7.4504995E-1,-1.5322498E0,1.1253012E0,-5.185917E-1,-7.697589E-1,-3.9400083E-1,1.2515501E0,-4.982656E-1,2.5469562E-1,-8.4376687E-1,2.349636E-1,5.856949E-1,1.3129681E0,6.869827E-2,-4.7480136E-1,2.004448E-1,-1.3719627E-1,9.529673E-1,-1.1967403E-1,1.1665771E-1,3.97406E-1,8.181968E-2,3.4759542E-1],"categories":[1,1],"categories_nodes":[1,9],"categories_segments":[0,1],"categories_sizes":[1,1],"default_left":[1,0,0,0,0,0,0,0,0,0,0,0,0,0,0,0,0,0,0,0,0,0,0],"id":1,"left_children":[1,3,5,-1,7,9,11,-1,-1,13,15,17,19,-1,-1,-1,-1,21,-1,-1,-1,-1,-1],"loss_changes":[9.5752426E1,1.0592995E0,1.8451195E1,0E0,8.725818E0,2.4453785E0,2.7758484E0,0E0,0E0,4.206367E0,1.5333493E0,3.6801107E0,3.355713E-1,0E0,0E0,0E0,0E0,6.5519524E-1,0E0,0E0,0E0,0E0,0E0],"parents":[2147483647,0,0,1,1,2,2,4,4,5,5,6,6,9,9,10,10,11,11,12,12,17,17],"right_children":[2,4,6,-1,8,10,12,-1,-1,14,16,18,20,-1,-1,-1,-1,22,-1,-1,-1,-1,-1],"split_conditions":[9E0,NaN,9E0,-5.185917E-1,4E0,4E0,1E1,-4.982656E-1,2.5469562E-1,NaN,2E0,5E0,2E0,6.869827E-2,-4.7480136E-1,2.004448E-1,-1.3719627E-1,4E0,-1.1967403E-1,1.1665771E-1,3.97406E-1,8.181968E-2,3.4759542E-1],"split_indices":[13,18,12,0,11,10,13,0,0,27,3,7,5,0,0,0,0,5,0,0,0,0,0],"split_type":[0,1,0,0,0,0,0,0,0,1,0,0,0,0,0,0,0,0,0,0,0,0,0],"sum_hessian":[1.0758433E2,1.4960044E1,9.262429E1,1.0888486E1,4.071558E0,6.943544E0,8.568074E1,2.6091666E0,1.4623916E0,3.8493764E0,3.0941675E0,8.125504E0,7.755524E1,1.8514627E0,1.9979138E0,1.9246882E0,1.1694791E0,5.9414115E0,2.184092E0,1.3991925E0,7.6156044E1,1.9194417E0,4.02197E0],"tree_param":{"num_deleted":"0","num_feature":"32","num_nodes":"23","size_leaf_vector":"0"}},{"base_weights":[5.545721E-1,-1.6669126E0,9.910476E-1,-5.595419E-1,-8.5371697E-1,1.3418171E-1,1.1789169E0,5.1570937E-2,-4.321367E-1,4.5157754E-1,-3.6871487E-1,3.0950135E-1,1.232247E0,-1.476605E-1,7.023454E-1,-2.611484E-1,2.4246906E-1,2.7884918E-1,-2.3252298E-1,1.020248E-1,3.7397707E-1,2.6749927E-1,-6.181361E-3],"categories":[1,2,1,1],"categories_nodes":[1,4,10,14],"categories_segments":[0,1,2,3],"categories_sizes":[1,1,1,1],"default_left":[1,0,0,0,0,0,0,0,0,0,0,0,0,0,0,0,0,0,0,0,0,0,0],"id":2,"left_children":[1,3,5,-1,7,9,11,-1,-1,13,15,17,19,-1,21,-1,-1,-1,-1,-1,-1,-1,-1],"loss_changes":[9.256115E1,9.496422E-1,1.2557205E1,0E0,3.2171435E0,2.6138253E0,2.6164398E0,0E0,0E0,2.6767354E0,4.532261E0,4.131141E0,3.513031E-1,0E0,1.1398339E0,0E0,0E0,0E0,0E0,0E0,0E0,0E0,0E0],"parents":[2147483647,0,0,1,1,2,2,4,4,5,5,6,6,9,9,10,10,11,11,12,12,14,14],"right_children":[2,4,6,-1,8,10,12,-1,-1,14,16,18,20,-1,22,-1,-1,-1,-1,-1,-1,-1,-1],"split_conditions":[9E0,NaN,1E1,-5.595419E-1,NaN,2E0,6.00001E0,5.1570937E-2,-4.321367E-1,2E0,NaN,5E0,2E0,-1.476605E-1,NaN,-2.611484E-1,2.4246906E-1,2.7884918E-1,-2.3252298E-1,1.020248E-1,3.7397707E-1,2.6749927E-1,-6.181361E-3],"split_indices":[13,18,12,0,22,8,4,0,0,7,18,7,5,0,18,0,0,0,0,0,0,0,0],"split_type":[0,1,0,0,1,0,0,0,0,0,1,0,0,0,1,0,0,0,0,0,0,0,0],"sum_hessian":[9.275715E1,1.4769141E1,7.7988014E1,1.0834497E1,3.934643E0,1.4332438E1,6.365557E1,1.6891047E0,2.2455382E0,8.849348E0,5.48309E0,4.0721865E0,5.9583385E1,1.655605E0,7.1937437E0,4.026715E0,1.4563752E0,2.6820102E0,1.3901763E0,1.3337283E0,5.8249657E1,5.51592E0,1.6778233E0],"tree_param":{"num_deleted":"0","num_feature":"32","num_nodes":"23","size_leaf_vector":"0"}},{"base_weights":[4.4027585E-1,-1.4142355E0,8.7098944E-1,-4.8464304E-1,-6.4830774E-1,7.2018676E-2,1.0843095E0,1.2331377E-1,-4.6215853E-1,4.7743705E-1,-6.0891575E-1,2.5607625E-1,1.1434656E0,-1.16622426E-1,7.063133E-1,-3.368351E-1,2.1731389E-1,2.5152043E-1,-1.8292004E-1,8.748899E-2,3.48076E-1,2.6846203E-1,-5.014552E-3],"categories":[1,1,1,1],"categories_nodes":[1,4,10,14],"categories_segments":[0,1,2,3],"categories_sizes":[1,1,1,1],"default_left":[1,0,0,0,0,0,0,0,0,0,0,0,0,0,0,0,0,0,0,0,0,0,0],"id":3,"left_children":[1,3,5,-1,7,9,11,-1,-1,13,15,17,19,-1,21,-1,-1,-1,-1,-1,-1,-1,-1],"loss_changes":[6.544973E1,1.347044E0,1.1147297E1,0E0,5.2669954E0,4.4179683E0,2.2506294E0,0E0,0E0,2.2434745E0,4.9370594E0,2.9056706E0,3.5038376E-1,0E0,1.1343641E0,0E0,0E0,0E0,0E0,0E0,0E0,0E0,0E0],"parents":[2147483647,0,0,1,1,2,2,4,4,5,5,6,6,9,9,10,10,11,11,12,12,14,14],"right_children":[2,4,6,-1,8,10,12,-1,-1,14,16,18,20,-1,22,-1,-1,-1,-1,-1,-1,-1,-1],"split_conditions":[9E0,NaN,1E1,-4.8464304E-1,NaN,2E0,6.00001E0,1.2331377E-1,-4.6215853E-1,2E0,NaN,5E0,2E0,-1.16622426E-1,NaN,-3.368351E-1,2.1731389E-1,2.5152043E-1,-1.8292004E-1,8.748899E-2,3.48076E-1,2.6846203E-1,-5.014552E-3],"split_indices":[13,18,12,0,22,8,4,0,0,7,18,7,5,0,18,0,0,0,0,0,0,0,0],"split_type":[0,1,0,0,1,0,0,0,0,0,1,0,0,0,1,0,0,0,0,0,0,0,0],"sum_hessian":[7.939673E1,1.4534118E1,6.486261E1,1.0631579E1,3.9025383E0,1.395037E1,5.0912243E1,2.0307195E0,1.8718188E0,8.931522E0,5.0188475E0,3.7492085E0,4.7163033E1,1.72078E0,7.2107425E0,3.7366042E0,1.2822433E0,2.2605004E0,1.488708E0,1.2665702E0,4.589646E1,5.5307045E0,1.6800382E0],"tree_param":{"num_deleted":"0","num_feature":"32","num_nodes":"23","size_leaf_vector":"0"}},{"base_weights":[3.505879E-1,-1.2284617E0,7.678869E-1,-4.3651813E-1,-4.2072275E-1,1.8908883E-2,1.0134206E0,2.5361896E-1,-1.2372175E0,4.9868682E-1,-8.4675354E-1,2.1830234E-1,1.080231E0,-4.4997188E-1,-1.19285546E-1,-9.273395E-2,7.0953315E-1,-4.1277957E-1,1.9635423E-1,2.2863032E-1,-1.45846E-1,7.509975E-2,3.302373E-1,2.6924407E-1,-4.0683155E-3],"categories":[1,2,1,1],"categories_nodes":[1,4,10,16],"categories_segments":[0,1,2,3],"categories_sizes":[1,1,1,1],"default_left":[1,0,0,0,0,0,0,0,1,0,0,0,0,0,0,0,0,0,0,0,0,0,0,0,0],"id":4,"left_children":[1,3,5,-1,7,9,11,-1,13,15,17,19,21,-1,-1,-1,23,-1,-1,-1,-1,-1,-1,-1,-1],"loss_changes":[4.6075813E1,2.0787334E0,1.0056896E1,0E0,5.8298297E0,6.463733E0,1.9552002E0,0E0,1.1362505E-1,1.920589E0,5.315902E0,2.0753167E0,3.693123E-1,0E0,0E0,0E0,1.1299076E0,0E0,0E0,0E0,0E0,0E0,0E0,0E0,0E0],"parents":[2147483647,0,0,1,1,2,2,4,4,5,5,6,6,8,8,9,9,10,10,11,11,12,12,16,16],"right_children":[2,4,6,-1,8,10,12,-1,14,16,18,20,22,-1,-1,-1,24,-1,-1,-1,-1,-1,-1,-1,-1],