{"learner":{"attributes":{"best_ntree_limit":"13"},"feature_names":[],"feature_types":["q","q","q","q","q","q","q","q","q","q","q","q","q","q","c","c","c","c","c","c","c","c","c","c","c","c","c","c","c","c"],"gradient_booster":{"model":{"gbtree_model_param":{"num_parallel_tree":"1","num_trees":"8","size_leaf_vector":"0"},"tree_info":[0,0,0,0,0,0,0,0],"trees":[{"base_weights":[1.9499834E-1,-1.7975323E0,1.342211E0,-1.8777692E0,7.644581E-2,8.27784E-1,4.40839E-1,-6.601088E-1,-1.1077924E0,3.171571E-1,-6.4075485E-2,-3.3089203E-1,-5.466223E-1,-2.8131828E-1,2.5140664E-1,2.133184E-1,-9.918656E-1,2.7149442E-1,-1.4786643E-1,-3.7309214E-1,-7.340017E-2],"categories":[1,0,1,3],"categories_nodes":[5,11],"categories_segments":[0,1],"categories_sizes":[1,3],"default_left":[1,0,0,1,0,0,0,0,0,0,1,0,0,0,0,0,1,0,0,0,0],"id":0,"left_children":[1,3,5,7,-1,9,-1,-1,11,-1,13,15,-1,-1,-1,17,19,-1,-1,-1,-1],"loss_changes":[1.8622505E2,5.387291E0,2.1616898E0,4.717819E0,0E0,2.6300545E0,0E0,0E0,5.2346487E0,0E0,3.548305E0,2.4636447E0,0E0,0E0,0E0,2.5252595E0,2.6087236E-1,0E0,0E0,0E0,0E0],"parents":[2147483647,0,0,1,1,2,2,3,3,5,5,8,8,10,10,11,11,15,15,16,16],"right_children":[2,4,6,8,-1,10,-1,-1,12,-1,14,16,-1,-1,-1,18,20,-1,-1,-1,-1],"split_conditions":[1E1,4E0,1.1E1,9E0,7.644581E-2,NaN,4.40839E-1,-6.601088E-1,1.1E1,3.171571E-1,4E0,NaN,-5.466223E-1,-2.8131828E-1,2.5140664E-1,3E0,3E0,2.7149442E-1,-1.4786643E-1,-3.7309214E-1,-7.340017E-2],"split_indices":[13,2,12,13,0,16,0,0,11,0,3,19,0,0,0,0,0,0,0,0,0],"split_type":[0,0,0,0,0,1,0,0,0,0,0,1,0,0,0,0,0,0,0,0,0],"sum_hessian":[7.941292E1,2.8809103E1,5.0603817E1,2.7807047E1,1.0020558E0,1.1523642E1,3.9080173E1,1.8287518E1,9.519529E0,9.018502E0,2.5051394E0,5.2607927E0,4.258737E0,1.2525697E0,1.2525697E0,3.2566812E0,2.0041115E0,1.5030837E0,1.7535976E0,1.0020558E0,1.0020558E0],"tree_param":{"num_deleted":"0","num_feature":"30","num_nodes":"21","size_leaf_vector":"0"}},{"base_weights":[2.2455646E-1,-1.2323778E0,1.1940142E0,-4.753711E-1,-8.72411E-1,1.4514415E-1,1.2271826E0,-1.0292963E0,1.0196899E-1,8.6096287E-1,3.916217E-1,-6.333203E-2,-1.1533179E0,1.1293464E0,-8.2222596E-2,-6.7466843E-1,-8.1555724E-1,3.9252454E-1,8.622532E-2,1.2531093E-1,-1.7607592E-1,-1.11255825E-1,-3.490186E-1],"categories":[0,1,2,3,4,0,1,2,3,4,0,1,3,4,1],"categories_nodes":[2,7,13,16],"categories_segments":[0,5,10,14],"categories_sizes":[5,5,4,1],"default_left":[1,1,0,0,0,0,0,0,0,0,0,0,1,0,0,0,0,0,0,0,0,0,0],"id":1,"left_children":[1,3,5,-1,7,-1,9,11,-1,13,-1,-1,15,17,19,-1,21,-1,-1,-1,-1,-1,-1],"loss_changes":[1.0974351E2,2.5629044E0,5.024948E-1,0E0,3.7001266E0,0E0,1.3108063E-1,1.3643665E0,0E0,2.7881622E0,0E0,0E0,3.1745243E0,8.8385105E-1,1.0754583E0,0E0,1.4115825E0,0E0,0E0,0E0,0E0,0E0,0E0],"parents":[2147483647,0,0,1,1,2,2,4,4,6,6,7,7,9,9,12,12,13,13,14,14,16,16],"right_children":[2,4,6,-1,8,-1,10,12,-1,14,-1,-1,16,18,20,-1,22,-1,-1,-1,-1,-1,-1],"split_conditions":[1E1,8E0,NaN,-4.753711E-1,3E0,1.4514415E-1,1.1E1,NaN,1.0196899E-1,5E0,3.916217E-1,-6.333203E-2,4E0,NaN,7E0,-6.7466843E-1,NaN,3.9252454E-1,8.622532E-2,1.2531093E-1,-1.7607592E-1,-1.11255825E-1,-3.490186E-1],"split_indices":[13,13,19,0,2,0,13,18,0,10,0,0,5,19,11,0,29,0,0,0,0,0,0],"split_type":[0,0,1,0,0,0,0,1,0,0,0,0,0,1,0,0,1,0,0,0,0,0,0],"sum_hessian":[7.565623E1,3.0119865E1,4.553636E1,1.3504767E1,1.6615099E1,2.727248E0,4.2809116E1,1.4844965E1,1.7701329E0,9.64768E0,3.3161434E1,2.3096998E0,1.2535266E1,7.3569E0,2.2907805E0,1.6205435E0,1.0914722E1,5.609709E0,1.7471912E0,1.237424E0,1.0533564E0,5.6971664E0,5.2175555E0],"tree_param":{"num_deleted":"0","num_feature":"30","num_nodes":"23","size_leaf_vector":"0"}},{"base_weights":[2.0963438E-1,-8.8758564E-1,1.0149187E0,-3.797932E-1,-5.406808E-1,9.726902E-2,1.0500221E0,-1.6160868E-1,-9.603867E-1,7.039144E-1,3.4028432E-1,2.045701E-1,-4.2154524E-1,-4.32822E-2,-3.7528142E-1,9.4317216E-1,-7.506253E-2,2.6310313E-1,-1.5713791E0,3.323895E-1,6.998905E-2,1.0592564E-1,-1.4846195E-1,2.997104E-1,-1.0832115E-1,-8.328188E-1,5.4797355E-2],"categories":[0,1,2,3,4,0,1,2,3,4,0,1,3,4,0,1,2,3],"categories_nodes":[2,7,15,17],"categories_segments":[0,5,10,14],"categories_sizes":[5,5,4,4],"default_left":[1,1,0,0,0,0,0,0,0,0,0,0,0,0,0,0,0,0,1,0,0,0,0,0,0,0,0],"id":2,"left_children":[1,3,5,-1,7,-1,9,11,13,15,-1,-1,17,-1,-1,19,21,23,25,-1,-1,-1,-1,-1,-1,-1,-1],"loss_changes":[6.1116314E1,3.172062E0,6.238022E-1,0E0,2.5610905E0,0E0,2.9224777E-1,2.5179899E0,1.6927772E0,1.9267211E0,0E0,0E0,7.0219336E0,0E0,0E0,6.4132166E-1,7.617902E-1,3.1711226E0,7.4302473E0,0E0,0E0,0E0,0E0,0E0,0E0,0E0,0E0],"parents":[2147483647,0,0,1,1,2,2,4,4,6,6,7,7,8,8,9,9,12,12,15,15,16,16,17,17,18,18],"right_children":[2,4,6,-1,8,-1,10,12,14,16,-1,-1,18,-1,-1,20,22,24,26,-1,-1,-1,-1,-1,-1,-1,-1],"split_conditions":[1E1,8E0,NaN,-3.797932E-1,1.1E1,9.726902E-2,1.1E1,NaN,2E0,5E0,3.4028432E-1,2.045701E-1,4E0,-4.32822E-2,-3.7528142E-1,NaN,7E0,NaN,5E0,3.323895E-1,6.998905E-2,1.0592564E-1,-1.4846195E-1,2.997104E-1,-1.0832115E-1,-8.328188E-1,5.4797355E-2],"split_indices":[13,13,19,0,11,0,13,18,3,10,0,0,6,0,0,19,11,18,5,0,0,0,0,0,0,0,0],"split_type":[0,0,1,0,0,0,0,1,0,0,0,0,0,0,0,1,0,1,0,0,0,0,0,0,0,0,0],"sum_hessian":[6.71499E1,2.8379679E1,3.8770226E1,1.2306657E1,1.6073023E1,2.3702378E0,3.6399986E1,9.173082E0,6.8999405E0,8.957943E0,2.7442043E1,1.7784799E0,7.3946023E0,2.2044744E0,4.695466E0,6.691813E0,2.26613E0,5.118226E0,2.2763762E0,4.975902E0,1.7159109E0,1.2006136E0,1.0655164E0,2.0732226E0,3.0450032E0,1.0040903E0,1.272286E0],"tree_param":{"num_deleted":"0","num_feature":"30","num_nodes":"27","size_leaf_vector":"0"}},{"base_weights":[1.9834705E-1,-6.698038E-1,8.784207E-1,-3.2327104E-1,-3.2951516E-1,5.8208756E-2,9.168955E-1,6.338973E-2,-7.911974E-1,3.37289E-1,6.9818175E-1,2.709472E-1,-2.2317855E-1,-3.2086077E-1,-1.2808532E-1,-5.022539E-1,9.122345E-1,-4.3761817E-1,3.3428618E-1,1.2971307E-1,-1.9813001E-1,2.0337613E-1,-4.647052E-1,2.8857863E-1,8.1204616E-2,3.4929472E-1,-3.5624117E-2],"categories":[0,1,2,3,4,0,2,4,0,1,2,3,4,1,0,1,2,3,4],"categories_nodes":[2,6,7,14,18],"categories_segments":[0,5,8,13,14],"categories_sizes":[5,3,5,1,5],"default_left":[1,1,0,0,0,0,0,0,0,0,1,0,1,0,0,0,0,0,0,0,0,0,0,0,0,0,0],"id":3,"left_children":[1,3,5,-1,7,-1,9,11,13,-1,15,-1,17,-1,19,21,23,-1,25,-1,-1,-1,-1,-1,-1,-1,-1],"loss_changes":[3.5441387E1,3.321725E0,7.051163E-1,0E0,2.9315674E0,0E0,6.430626E-1,2.4895031E0,1.2246251E0,0E0,5.0734015E0,0E0,5.9222403E0,0E0,1.2752566E0,5.2045827E0,2.3691654E-1,0E0,2.488701E0,0E0,0E0,0E0,0E0,0E0,0E0,0E0,0E0],"parents":[2147483647,0,0,1,1,2,2,4,4,6,6,7,7,8,8,10,10,12,12,14,14,15,15,16,16,18,18],"right_children":[2,4,6,-1,8,-1,10,12,14,-1,16,-1,18,-1,20,22,24,-1,26,-1,-1,-1,-1,-1,-1,-1,-1],"split_conditions":[1E1,8E0,NaN,-3.2327104E-1,1.1E1,5.8208756E-2,NaN,NaN,4E0,3.37289E-1,1.1E1,2.709472E-1,3E0,-3.2086077E-1,NaN,2E0,5E0,-4.3761817E-1,NaN,1.2971307E-1,-1.9813001E-1,2.0337613E-1,-4.647052E-1,2.8857863E-1,8.1204616E-2,3.4929472E-1,-3.5624117E-2],"split_indices":[13,13,19,0,11,0,18,18,6,0,13,0,9,0,29,1,7,0,18,0,0,0,0,0,0,0,0],"split_type":[0,0,1,0,0,0,1,1,0,0,0,0,0,0,1,0,0,0,1,0,0,0,0,0,0,0,0],"sum_hessian":[5.8032234E1,2.5497892E1,3.253434E1,1.0613342E1,1.4884551E1,2.053293E0,3.0481047E1,8.507297E0,6.377255E0,1.3519923E1,1.6961124E1,1.6170421E0,6.890254E0,4.06013E0,2.317125E0,2.362956E0,1.4598168E1,1.6395925E0,5.250662E0,1.2202375E0,1.0968875E0,1.2763262E0,1.0866299E0,1.3085219E1,1.512949E0,1.2995793E0,3.9510822E0],"tree_param":{"num_deleted":"0","num_feature":"30","num_nodes":"27","size_leaf_vector":"0"}},{"base_weights":[2.5527754E-1,-4.7924954E-1,8.438688E-1,-2.8274623E-1,-1.3758972E-1,6.43196E-2,8.773297E-1,2.3285466E-1,-6.214068E-1,2.986459E-1,5.288787E-1,2.994277E-1,-5.1588397E-2,1.4808283E-2,-2.7630913E-1,2.770327E-1,-2.6231548E-1,4.8899055E-1,-3.564887E-1,2.3889194E-1,-1.1323749E-1],"categories":[0,1,2,3,4,1,0,1,2,3,4,0,1,3],"categories_nodes":[2,6,7,17],"categories_segments":[0,5,6,11],"categories_sizes":[5,1,5,3],"default_left":[1,1,0,0,0,0,0,0,0,0,0,0,0,0,0,0,0,0,0,0,0],"id":4,