{"learner":{"attributes":{"best_ntree_limit":"11"},"feature_names":[],"feature_types":["q","q","q","q","q","q","q","q","q","q","q","q","q","q","c","c","c","c","c","c","c","c","c","c","c","c","c","c","c","c"],"gradient_booster":{"model":{"gbtree_model_param":{"num_parallel_tree":"1","num_trees":"6","size_leaf_vector":"0"},"tree_info":[0,0,0,0,0,0],"trees":[{"base_weights":[9.1740596E-1,-6.735108E-1,1.2936825E0,-3.1282243E-1,1.3983487E0,-8.898454E-1,2.1389054E-1,3.8464695E-1,4.4856608E-1,1.2061628E-1,-4.857386E-1,5.8865154E-1,-1.5113282E-1,3.674356E-1,-2.2181442E-1,-1.5258272E-2,2.774331E-1,5.197572E-1,-7.2168374E-1,-1.5258272E-2,2.5649083E-1,-3.404391E-1,3.2485437E-2],"categories":[1],"categories_nodes":[5],"categories_segments":[0],"categories_sizes":[1],"default_left":[1,0,0,0,0,0,0,0,0,0,0,0,0,0,0,0,0,0,0,0,0,0,0],"id":0,"left_children":[1,-1,3,5,7,9,11,13,-1,-1,-1,15,-1,-1,17,-1,-1,19,21,-1,-1,-1,-1],"loss_changes":[1.5329297E2,0E0,1.9535187E1,2.5501122E0,9.913864E0,4.324468E0,1.605099E0,5.7047753E0,0E0,0E0,0E0,8.3322144E-1,0E0,0E0,2.9846E0,0E0,0E0,6.968598E-1,1.7082331E0,0E0,0E0,0E0,0E0],"parents":[2147483647,0,0,2,2,3,3,4,4,5,5,6,6,7,7,11,11,14,14,17,17,18,18],"right_children":[2,-1,4,6,8,10,12,14,-1,-1,-1,16,-1,-1,18,-1,-1,20,22,-1,-1,-1,-1],"split_conditions":[9E0,-6.735108E-1,9E0,4E0,1E1,NaN,2E0,4E0,4.4856608E-1,1.2061628E-1,-4.857386E-1,4E0,-1.5113282E-1,3.674356E-1,2E0,-1.5258272E-2,2.774331E-1,2E0,2E0,-1.5258272E-2,2.5649083E-1,-3.404391E-1,3.2485437E-2],"split_indices":[13,0,12,10,13,25,3,10,0,0,0,9,0,0,9,0,0,0,3,0,0,0,0],"split_type":[0,0,0,0,0,1,0,0,0,0,0,0,0,0,0,0,0,0,0,0,0,0,0],"sum_hessian":[1.25381996E2,1.2803942E1,1.1257806E2,6.7643466E0,1.05813705E2,2.8990057E0,3.865341E0,9.663352E0,9.615035E1,1.207919E0,1.6910866E0,2.6574218E0,1.207919E0,3.6237571E0,6.039595E0,1.207919E0,1.4495028E0,2.415838E0,3.6237571E0,1.207919E0,1.207919E0,2.1742542E0,1.4495028E0],"tree_param":{"num_deleted":"0","num_feature":"30","num_nodes":"23","size_leaf_vector":"0"}},{"base_weights":[7.5948185E-1,-4.524226E-1,1.0827768E0,2.3279594E-1,1.2426213E0,4.4854146E-1,-6.780449E-1,1.2634805E0,-4.7131896E-2,9.669738E-1,-7.461899E-2,6.231276E-2,-4.400903E-1,1.2927157E0,8.014055E-1,3.3824137E-1,9.011778E-2,1.5711805E-1,3.91496E-1,3.3890346E-1,-3.248007E-2],"categories":[1,3,1],"categories_nodes":[3,9],"categories_segments":[0,2],"categories_sizes":[2,1],"default_left":[1,0,0,0,1,0,0,0,0,0,0,0,0,0,0,0,0,0,0,0,0],"id":1,"left_children":[1,-1,3,5,7,9,11,13,-1,15,-1,-1,-1,17,19,-1,-1,-1,-1,-1,-1],"loss_changes":[8.4475365E1,0E0,1.3227303E1,3.6404781E0,2.6366882E0,5.420104E0,2.8549387E0,7.702637E-2,0E0,5.6242275E-1,0E0,0E0,0E0,3.2356262E-2,2.3720655E0,0E0,0E0,0E0,0E0,0E0,0E0],"parents":[2147483647,0,0,2,2,3,3,4,4,5,5,6,6,7,7,9,9,13,13,14,14],"right_children":[2,-1,4,6,8,10,12,14,-1,16,-1,-1,-1,18,20,-1,-1,-1,-1,-1,-1],"split_conditions":[9E0,-4.524226E-1,1E1,NaN,2E0,4E0,4E0,5E0,-4.7131896E-2,NaN,-7.461899E-2,6.231276E-2,-4.400903E-1,2E0,4E0,3.3824137E-1,9.011778E-2,1.5711805E-1,3.91496E-1,3.3890346E-1,-3.248007E-2],"split_indices":[13,0,12,18,4,2,11,6,0,20,0,0,0,5,9,0,0,0,0,0,0],"split_type":[0,0,0,1,0,0,0,0,0,1,0,0,0,0,0,0,0,0,0,0,0],"sum_hessian":[1.1200451E2,1.3518994E1,9.848552E1,1.5978016E1,8.25075E1,1.3328521E1,2.6494958E0,8.139191E1,1.1155916E0,7.4227743E0,5.9057465E0,1.5952097E0,1.0542861E0,7.485807E1,6.533839E0,5.425109E0,1.9976652E0,1.8618312E0,7.299624E1,4.623507E0,1.9103322E0],"tree_param":{"num_deleted":"0","num_feature":"30","num_nodes":"21","size_leaf_vector":"0"}},{"base_weights":[6.78164E-1,-1.1929129E0,9.625132E-1,-1.2501787E0,-9.59777E-2,1.4339326E-1,1.1059029E0,-1.2897165E-1,-3.9501435E-1,5.221372E-1,-6.603924E-1,-1.1812525E-1,3.4468117E-1,3.1903845E-1,2.2569151E-1,-3.434676E-1,8.093366E-3,-1.6829284E-1,1.2089911E-1,6.900271E-1,-3.7304544E-1,3.296788E-1,4.677164E-2],"categories":[1],"categories_nodes":[9],"categories_segments":[0],"categories_sizes":[1],"default_left":[1,0,0,0,0,0,0,0,0,0,0,0,0,0,0,0,0,0,0,0,0,0,0],"id":2,"left_children":[1,3,5,7,-1,9,11,-1,-1,13,15,17,-1,-1,19,-1,-1,-1,-1,21,-1,-1,-1],"loss_changes":[5.326549E1,2.684002E-1,9.894051E0,9.991455E-2,0E0,4.576217E0,3.9646149E0,0E0,0E0,1.3657076E0,1.660507E0,1.0050817E0,0E0,0E0,6.134695E0,0E0,0E0,0E0,0E0,1.2527606E0,0E0,0E0,0E0],"parents":[2147483647,0,0,1,1,2,2,3,3,5,5,6,6,9,9,10,10,11,11,14,14,19,19],"right_children":[2,4,6,8,-1,10,12,-1,-1,14,16,18,-1,-1,20,-1,-1,-1,-1,22,-1,-1,-1],"split_conditions":[9E0,4E0,1E1,2E0,-9.59777E-2,5E0,9E0,-1.2897165E-1,-3.9501435E-1,NaN,2E0,4E0,3.4468117E-1,3.1903845E-1,9E0,-3.434676E-1,8.093366E-3,-1.6829284E-1,1.2089911E-1,5E0,-3.7304544E-1,3.296788E-1,4.677164E-2],"split_indices":[13,8,13,7,0,5,12,0,0,28,2,10,0,0,11,0,0,0,0,10,0,0,0],"split_type":[0,0,0,0,0,0,0,0,0,1,0,0,0,0,0,0,0,0,0,0,0,0,0],"sum_hessian":[9.69576E1,1.2369366E1,8.4588234E1,1.1202445E1,1.1669214E0,1.289947E1,7.168877E1,1.4003056E0,9.802139E0,9.0061655E0,3.8933048E0,2.3755608E0,6.93132E1,2.271296E0,6.7348695E0,1.8932312E0,2.0000737E0,1.242881E0,1.1326797E0,5.520452E0,1.2144175E0,2.52781E0,2.992642E0],"tree_param":{"num_deleted":"0","num_feature":"30","num_nodes":"23","size_leaf_vector":"0"}},{"base_weights":[6.0396385E-1,-1.011722E0,8.613148E-1,-3.2327068E-1,-4.7997955E-2,3.9096642E-1,1.0826571E0,7.134431E-1,1.17311245E-2,8.8285E-2,3.30164E-1,1.0102339E0,2.7261275E-1,5.7069737E-1,-4.957448E-1,9.9743284E-2,3.2547656E-1,-9.562725E-2,1.0331632E0,-4.1729975E-2,2.6424024E-1,-9.5825684E-1,6.258502E-2,5.318094E-1,-7.282924E-2,-3.624529E-1,-4.7464468E-2,2.2328489E-1,-1.9356652E-1],"categories":[1,1,1,2],"categories_nodes":[1,12,18,21],"categories_segments":[0,1,2,3],"categories_sizes":[1,1,1,1],"default_left":[1,0,0,0,0,0,0,0,0,0,0,0,0,0,0,0,0,0,0,0,0,0,0,0,0,0,0,0,0],"id":3,"left_children":[1,3,5,-1,-1,7,9,11,13,-1,-1,15,17,19,21,-1,-1,-1,23,-1,-1,25,27,-1,-1,-1,-1,-1,-1],"loss_changes":[3.5428905E1,4.9382305E-1,7.096657E0,0E0,0E0,3.0098157E0,3.6089325E-1,1.4674711E0,3.7885332E0,0E0,0E0,2.3580551E-2,3.3560512E0,1.5192795E0,1.8708916E0,0E0,0E0,0E0,3.4304814E0,0E0,0E0,5.879917E-1,2.4662068E0,0E0,0E0,0E0,0E0,0E0,0E0],"parents":[2147483647,0,0,1,1,2,2,5,5,6,6,7,7,8,8,11,11,12,12,13,13,14,14,18,18,21,21,22,22],"right_children":[2,4,6,-1,-1,8,10,12,14,-1,-1,16,18,20,22,-1,-1,-1,24,-1,-1,26,28,-1,-1,-1,-1,-1,-1],"split_conditions":[9E0,NaN,1.1E1,-3.2327068E-1,-4.7997955E-2,3E0,2E0,5E0,7E0,8.8285E-2,3.30164E-1,9E0,NaN,4E0,1E1,9.9743284E-2,3.2547656E-1,-9.562725E-2,NaN,-4.1729975E-2,2.6424024E-1,NaN,5E0,5.318094E-1,-7.282924E-2,-3.624529E-1,-4.7464468E-2,2.2328489E-1,-1.9356652E-1],"split_indices":[13,22,13,0,0,9,5,10,11,0,0,12,25,7,12,0,0,0,16,0,0,18,7,0,0,0,0,0,0],"split_type":[0,1,0,0,0,0,0,0,0,0,0,0,1,0,0,0,0,0,1,0,0,1,0,0,0,0,0,0,0],"sum_hessian":[8.211121E1,1.0879139E1,7.123208E1,9.852305E0,1.026834E0,2.367964E1,4.755244E1,1.2321219E1,1.1358419E1,1.4422839E0,4.6110157E1,6.5916824E0,5.7295365E0,5.3457217E0,6.012698E0,1.1954176E0,5.396265E0,3.5500565E0,2.17948E0,1.793047E0,3.5526745E0,2.8967674E0,3.1159308E0,1.1332824E0,1.0461978E0,1.8185441E0,1.0782232E0,1.5609884E0,1.5549423E0],"tree_param":{"num_deleted":"0","num_feature":"30","num_nodes":"29","size_leaf_vector":"0"}},{"base_weights":[4.9372217E-1,-9.855987E-1,7.673158E-1,-3.158982E-1,-4.0883332E-2,3.3958963E-1,1.0047034E0,6.565484E-1,-2.5823293E-2,4.0920708E-1,3.137159E-1,8.698488E-1,1.1852051E-1,4.7361082E-1,-4.575818E-1,2.1080916E-1,-4.9627073E-2,9.3815476E-1,6.6014364E-2,5.070134E-1,-1.6259548E-1,-1.1647367E-2,8.8356996E-1,-8.8434935E-1,6.2536485E-2,1.2437281E-1,3.2569456E-1,-5.8039345E-2,2.616577E-1,-4.9990457E-2,4.320279E-1,-3.605644E-1,-3.9572727E-2,2.0154767E-1,-1.5056908E-1],"categories":[1,1,1,1],"categories_nodes":[1,9,13,19],"categories_segments":[0,1,2,3],"categories_sizes":[1,1,1,1],"default_left":[1,0,0,0,0,0,0,0,0,0,0,0,1,0,0,0,0,0,0,0,0,0,0,0,0,0,0,0,0,0,0,0,0,0,0],"id":4,"left_children":[1,3,5,-1,-1,7,9,11,13,15,-1,17,19,21,23,-1,-1,25,-1,27,-1,-1,29,31,33,-1,-1,-1,-1,-1,-1,-1,-1,-1,-1],