{"learner":{"attributes":{"best_ntree_limit":"4"},"feature_names":[],"feature_types":["q","q","q","q","q","q","q","q","q","q","q","q","q","q","c","c","c","c","c","c","c","c","c","c","c","c","c","c","c","c"],"gradient_booster":{"model":{"gbtree_model_param":{"num_parallel_tree":"1","num_trees":"4","size_leaf_vector":"0"},"tree_info":[0,0,0,0],"trees":[{"base_weights":[8.239573E-1,-1.7106555E0,1.1596658E0,-5.841838E-1,-6.351718E-1,2.5052196E-1,1.3110275E0,-4.3282962E-1,1.4794868E-1,-2.5078508E-1,6.43351E-1,7.717774E-1,4.0336737E-1,3.9302234E-2,-2.982796E-1,1.0466652E0,-3.5317164E-2,3.0996192E-1,-2.8889999E-2,-4.2057708E-1,5.5279344E-1,3.4504366E-1,7.7719815E-2,5.5279344E-1,-3.4558296E-1,-2.673556E-1,1.1694026E-1,2.5950575E-1,-7.6614306E-3,2.7406472E-1,-6.338111E-2],"categories":[1],"categories_nodes":[4],"categories_segments":[0],"categories_sizes":[1],"default_left":[1,0,0,0,0,0,0,0,0,1,0,0,0,0,0,1,0,0,0,0,0,0,0,0,0,0,0,0,0,0,0],"id":0,"left_children":[1,3,5,-1,7,9,11,-1,-1,13,15,17,-1,19,-1,21,23,-1,-1,25,27,-1,-1,29,-1,-1,-1,-1,-1,-1,-1],"loss_changes":[1.27163795E2,3.2447624E0,1.7630417E1,0E0,4.9578266E0,4.0728855E0,9.809418E-1,0E0,0E0,2.0763423E0,3.1619244E0,2.1154032E0,0E0,2.0642202E0,0E0,2.8833532E-1,4.06674E0,0E0,0E0,2.124551E0,7.618642E-1,0E0,0E0,1.3222709E0,0E0,0E0,0E0,0E0,0E0,0E0,0E0],"parents":[2147483647,0,0,1,1,2,2,4,4,5,5,6,6,9,9,10,10,11,11,13,13,15,15,16,16,19,19,20,20,23,23],"right_children":[2,4,6,-1,8,10,12,-1,-1,14,16,18,-1,20,-1,22,24,-1,-1,26,28,-1,-1,30,-1,-1,-1,-1,-1,-1,-1],"split_conditions":[9E0,9E0,1E1,-5.841838E-1,NaN,1E1,1E1,-4.3282962E-1,1.4794868E-1,1E1,3E0,5E0,4.0336737E-1,2E0,-2.982796E-1,4E0,1.3E1,3.0996192E-1,-2.8889999E-2,6E0,2E0,3.4504366E-1,7.7719815E-2,4E0,-3.4558296E-1,-2.673556E-1,1.1694026E-1,2.5950575E-1,-7.6614306E-3,2.7406472E-1,-6.338111E-2],"split_indices":[13,12,12,0,16,13,13,0,0,11,9,5,0,8,0,0,11,0,0,11,3,0,0,8,0,0,0,0,0,0,0],"split_type":[0,0,0,0,1,0,0,0,0,0,0,0,0,0,0,0,0,0,0,0,0,0,0,0,0,0,0,0,0,0,0],"sum_hessian":[1.4611636E2,1.661053E1,1.2950584E2,1.2950584E1,3.6599476E0,1.8862806E1,1.10643036E2,1.970741E0,1.6892066E0,8.4460335E0,1.0416774E1,7.882964E0,1.0276007E2,6.7568264E0,1.6892066E0,6.1937575E0,4.2230167E0,5.912223E0,1.970741E0,3.6599476E0,3.0968788E0,5.06762E0,1.1261377E0,3.0968788E0,1.1261377E0,2.2522755E0,1.4076722E0,1.6892066E0,1.4076722E0,1.970741E0,1.1261377E0],"tree_param":{"num_deleted":"0","num_feature":"30","num_nodes":"31","size_leaf_vector":"0"}},{"base_weights":[6.4875203E-1,-1.2455262E0,9.405746E-1,-4.2648757E-1,-6.367933E-1,1.9451684E-1,1.0774794E0,-3.6670157E-1,3.1798232E-1,1.1861882E-2,2.748489E-1,5.342693E-1,3.3121648E-1,4.688361E-2,-3.015065E-1,2.7664265E-1,-9.706229E-2],"categories":[1,1],"categories_nodes":[1,9],"categories_segments":[0,1],"categories_sizes":[1,1],"default_left":[1,0,0,0,0,0,0,0,0,0,0,0,0,0,0,0,0],"id":1,"left_children":[1,3,5,-1,7,9,11,-1,-1,13,-1,15,-1,-1,-1,-1,-1],"loss_changes":[7.502437E1,1.0526161E0,1.1672745E1,0E0,7.166794E0,2.527604E0,8.2598114E-1,0E0,0E0,2.5627673E0,0E0,2.465063E0,0E0,0E0,0E0,0E0,0E0],"parents":[2147483647,0,0,1,1,2,2,4,4,5,5,6,6,9,9,11,11],"right_children":[2,4,6,-1,8,10,12,-1,-1,14,-1,16,-1,-1,-1,-1,-1],"split_conditions":[9E0,NaN,1E1,-4.2648757E-1,2E0,1.1E1,6.00001E0,-3.6670157E-1,3.1798232E-1,NaN,2.748489E-1,5E0,3.3121648E-1,4.688361E-2,-3.015065E-1,2.7664265E-1,-9.706229E-2],"split_indices":[13,16,12,0,10,13,4,0,0,24,0,7,0,0,0,0,0],"split_type":[0,1,0,0,0,0,0,0,0,1,0,0,0,0,0,0,0],"sum_hessian":[1.3259946E2,1.726444E1,1.15335014E2,1.235493E1,4.909511E0,1.8258238E1,9.7076775E1,3.8577797E0,1.0517313E0,1.5381486E1,2.8767514E0,5.512094E0,9.156468E1,1.4209747E1,1.1717386E0,3.7441297E0,1.7679645E0],"tree_param":{"num_deleted":"0","num_feature":"30","num_nodes":"17","size_leaf_vector":"0"}},{"base_weights":[4.931065E-1,-1.4497597E0,8.208734E-1,-7.1794885E-1,-4.8097217E-1,2.4185461E-1,9.194645E-1,-8.5968144E-2,-3.575015E-1,4.89745E-1,-4.3534377E-1,1.7691754E-1,2.8397804E-1,-2.1402301E-1,1.8803209E-1,6.885319E-1,-1.9416884E-1,5.2971914E-2,-2.4060477E-1,1.8326265E-1,-1.6768563E-1,-2.5634693E-2,1.002137E0,4.7081027E-2,-1.5335949E-1,6.578033E-1,8.6144075E-2],"categories":[1],"categories_nodes":[15],"categories_segments":[0],"categories_sizes":[1],"default_left":[1,0,0,0,0,0,0,0,0,1,1,0,0,0,0,0,0,0,0,0,0,0,1,0,0,0,0],"id":2,"left_children":[1,3,5,7,-1,9,11,13,-1,15,17,19,-1,-1,-1,21,23,-1,-1,-1,-1,-1,25,-1,-1,-1,-1],"loss_changes":[7.7356476E1,8.287773E-1,5.6563416E0,1.3546209E0,0E0,2.9562745E0,1.5979843E0,1.8616073E0,0E0,1.8239024E0,1.2428412E0,1.7206345E0,0E0,0E0,0E0,2.4770694E0,4.7869867E-1,0E0,0E0,0E0,0E0,0E0,5.4056406E0,0E0,0E0,0E0,0E0],"parents":[2147483647,0,0,1,1,2,2,3,3,5,5,6,6,7,7,9,9,10,10,11,11,15,15,16,16,22,22],"right_children":[2,4,6,8,-1,10,12,14,-1,16,18,20,-1,-1,-1,22,24,-1,-1,-1,-1,-1,26,-1,-1,-1,-1],"split_conditions":[9E0,3E0,1E1,1.5E1,-4.8097217E-1,5E0,9E0,3E0,-3.575015E-1,4E0,4E0,4E0,2.8397804E-1,-2.1402301E-1,1.8803209E-1,NaN,7E0,5.2971914E-2,-2.4060477E-1,1.8326265E-1,-1.6768563E-1,-2.5634693E-2,4E0,4.7081027E-2,-1.5335949E-1,6.578033E-1,8.6144075E-2],"split_indices":[13,5,13,11,0,5,12,4,0,1,11,7,0,0,0,26,11,0,0,0,0,0,6,0,0,0,0],"split_type":[0,0,0,0,0,0,0,0,0,0,0,0,0,0,0,1,0,0,0,0,0,0,0,0,0,0,0],"sum_hessian":[1.186067E2,1.6626795E1,1.019799E2,3.8668883E0,1.2759907E1,1.5340331E1,8.663957E1,2.162898E0,1.7039903E0,1.1432309E1,3.908022E0,3.3189068E0,8.332066E1,1.1497823E0,1.0131156E0,8.852487E0,2.579822E0,1.6585735E0,2.2494485E0,2.1945772E0,1.1243297E0,2.762394E0,6.090093E0,1.4637345E0,1.1160877E0,1.5096416E0,4.5804515E0],"tree_param":{"num_deleted":"0","num_feature":"30","num_nodes":"27","size_leaf_vector":"0"}},{"base_weights":[3.9256245E-1,-1.0664375E0,6.7491597E-1,-3.603402E-1,-5.722086E-1,2.9654178E-1,2.539046E-1,-3.7367207E-1,1.7642379E-1,1.0905511E-1,-1.7025569E-1],"categories":[1,1],"categories_nodes":[1,5],"categories_segments":[0,1],"categories_sizes":[1,1],"default_left":[1,0,0,0,0,0,0,0,0,0,0],"id":3,"left_children":[1,3,5,-1,7,9,-1,-1,-1,-1,-1],"loss_changes":[4.426645E1,4.7953415E-1,5.5337524E0,0E0,5.1575365E0,1.9045861E0,0E0,0E0,0E0,0E0,0E0],"parents":[2147483647,0,0,1,1,2,2,4,4,5,5],"right_children":[2,4,6,-1,8,10,-1,-1,-1,-1,-1],"split_conditions":[9E0,NaN,1.1E1,-3.603402E-1,4E0,NaN,2.539046E-1,-3.7367207E-1,1.7642379E-1,1.0905511E-1,-1.7025569E-1],"split_indices":[13,16,13,0,11,24,0,0,0,0,0],"split_type":[0,1,0,0,0,1,0,0,0,0,0],"sum_hessian":[1.0470774E2,1.652767E1,8.818007E1,1.1863959E1,4.6637096E0,2.834618E1,5.983389E1,2.9045632E0,1.7591467E0,2.6844683E1,1.5014976E0],"tree_param":{"num_deleted":"0","num_feature":"30","num_nodes":"11","size_leaf_vector":"0"}}]},"name":"gbtree"},"learner_model_param":{"base_score":"5E-1","num_class":"0","num_feature":"30","num_target":"1"},"objective":{"name":"reg:squarederror","reg_loss_param":{"scale_pos_weight":"1"}}},"version":[1,6,2]}