{"learner":{"attributes":{"best_ntree_limit":"7"},"feature_names":[],"feature_types":["q","q","q","q","q","q","q","q","q","q","q","q","q","q","c","c","c","c","c","c","c","c","c","c","c","c","c","c","c","c"],"gradient_booster":{"model":{"gbtree_model_param":{"num_parallel_tree":"1","num_trees":"7","size_leaf_vector":"0"},"tree_info":[0,0,0,0,0,0,0],"trees":[{"base_weights":[8.166683E-1,-1.6846554E0,1.166392E0,-5.8481824E-1,-7.680809E-1,-1.6581269E-1,1.267242E0,-4.2163804E-1,1.465657E-1,-2.0195861E-1,1.5890166E-1,6.366549E-1,3.9631635E-1,-5.1408696E-1,4.8945805E-1,9.904147E-1,-4.3275464E-1,1.3320675E-1,-3.3330524E-1,3.3364055E-1,3.4895593E-1,-2.5815204E-1,7.655367E-2,-2.0564817E-1,2.402547E-1,-6.4547256E-2,2.176546E-1],"categories":[1,0,1,2,3,4],"categories_nodes":[4,5],"categories_segments":[0,1],"categories_sizes":[1,5],"default_left":[1,0,0,0,0,0,0,0,0,0,0,0,0,0,0,0,0,0,0,0,0,0,0,0,0,0,0],"id":0,"left_children":[1,3,5,-1,7,9,11,-1,-1,-1,13,15,-1,17,-1,19,21,23,-1,25,-1,-1,-1,-1,-1,-1,-1],"loss_changes":[1.3065826E2,2.980896E0,1.7630493E1,0E0,5.3210163E0,1.756016E0,3.2530823E0,0E0,0E0,0E0,7.6891747E0,4.7477326E0,0E0,2.2748952E0,0E0,6.1988163E-1,1.2594599E0,2.4805546E0,0E0,8.5553473E-1,0E0,0E0,0E0,0E0,0E0,0E0,0E0],"parents":[2147483647,0,0,1,1,2,2,4,4,5,5,6,6,10,10,11,11,13,13,15,15,16,16,17,17,19,19],"right_children":[2,4,6,-1,8,10,12,-1,-1,-1,14,16,-1,18,-1,20,22,24,-1,26,-1,-1,-1,-1,-1,-1,-1],"split_conditions":[9E0,9E0,9E0,-5.8481824E-1,NaN,NaN,1E1,-4.2163804E-1,1.465657E-1,-2.0195861E-1,2E0,5E0,3.9631635E-1,3E0,4.8945805E-1,1E1,2E0,1E1,-3.3330524E-1,3E0,3.4895593E-1,-2.5815204E-1,7.655367E-2,-2.0564817E-1,2.402547E-1,-6.4547256E-2,2.176546E-1],"split_indices":[13,12,12,0,16,18,13,0,0,0,2,7,0,0,0,12,2,13,0,7,0,0,0,0,0,0,0],"split_type":[0,0,0,0,1,1,0,0,0,0,0,0,0,0,0,0,0,0,0,0,0,0,0,0,0,0,0],"sum_hessian":[1.4611636E2,1.7455135E1,1.2866124E2,1.2669049E1,4.786085E0,9.009102E0,1.1965214E2,3.0968788E0,1.6892066E0,3.0968788E0,5.912223E0,1.0416774E1,1.0923536E2,4.504551E0,1.4076722E0,7.882964E0,2.53381E0,2.53381E0,1.970741E0,2.2522755E0,5.6306887E0,1.4076722E0,1.1261377E0,1.1261377E0,1.4076722E0,1.1261377E0,1.1261377E0],"tree_param":{"num_deleted":"0","num_feature":"30","num_nodes":"27","size_leaf_vector":"0"}},{"base_weights":[6.263353E-1,-1.2617931E0,9.3408406E-1,-4.2950076E-1,-6.4193803E-1,-3.3294964E-1,1.0365865E0,-4.290236E-1,2.3151241E-1,-7.3196334E-1,2.1364142E-1,5.112967E-1,1.0845864E0,4.761575E-2,-1.3519267E0,6.06069E-1,-1.2719297E-1,8.225072E-1,-3.468399E-1,1.060597E-1,3.2824582E-1,-8.797121E-2,-5.3908145E-1,2.274818E-1,3.8346995E-2,2.6555997E-1,2.9977894E-1,-2.3270799E-1,9.0904E-2,-8.785421E-2,1.9766913E-1],"categories":[1,1,1],"categories_nodes":[1,9,15],"categories_segments":[0,1,2],"categories_sizes":[1,1,1],"default_left":[1,0,0,0,0,0,0,0,0,0,0,0,0,0,0,0,0,0,0,0,0,0,0,0,0,0,0,0,0,0,0],"id":1,"left_children":[1,3,5,-1,7,9,11,-1,-1,13,15,17,19,-1,21,23,-1,25,27,-1,-1,-1,-1,-1,-1,29,-1,-1,-1,-1,-1],"loss_changes":[7.838842E1,1.086647E0,1.525827E1,0E0,7.6883783E0,2.1958346E0,2.1301346E0,0E0,0E0,3.3240705E0,1.4379759E0,3.1713614E0,2.892456E-1,0E0,1.086801E0,1.4571142E-1,0E0,5.445614E-1,1.2326291E0,0E0,0E0,0E0,0E0,0E0,0E0,9.2743534E-1,0E0,0E0,0E0,0E0,0E0],"parents":[2147483647,0,0,1,1,2,2,4,4,5,5,6,6,9,9,10,10,11,11,12,12,14,14,15,15,17,17,18,18,25,25],"right_children":[2,4,6,-1,8,10,12,-1,-1,14,16,18,20,-1,22,24,-1,26,28,-1,-1,-1,-1,-1,-1,30,-1,-1,-1,-1,-1],"split_conditions":[9E0,NaN,9E0,-4.2950076E-1,4E0,4E0,1E1,-4.290236E-1,2.3151241E-1,NaN,2E0,5E0,2E0,4.761575E-2,4E0,NaN,-1.2719297E-1,4E0,2E0,1.060597E-1,3.2824582E-1,-8.797121E-2,-5.3908145E-1,2.274818E-1,3.8346995E-2,3E0,2.9977894E-1,-2.3270799E-1,9.0904E-2,-8.785421E-2,1.9766913E-1],"split_indices":[13,16,12,0,11,10,13,0,0,25,3,7,5,0,5,29,0,5,3,0,0,0,0,0,0,7,0,0,0,0,0],"split_type":[0,1,0,0,0,0,0,0,0,1,0,0,0,0,0,1,0,0,0,0,0,0,0,0,0,0,0,0,0,0,0],"sum_hessian":[1.318754E2,1.804766E1,1.13827736E2,1.3137535E1,4.9101243E0,8.351132E0,1.054766E2,3.1450574E0,1.765067E0,4.631197E0,3.7199354E0,9.806826E0,9.566978E1,2.205955E0,2.425242E0,2.3333402E0,1.3865954E0,7.227302E0,2.579523E0,1.7260011E0,9.394377E1,1.2086906E0,1.2165513E0,1.3258525E0,1.0074875E0,2.3439777E0,4.8833246E0,1.437343E0,1.1421802E0,1.0743045E0,1.2696733E0],"tree_param":{"num_deleted":"0","num_feature":"30","num_nodes":"31","size_leaf_vector":"0"}},{"base_weights":[4.4960558E-1,-1.390721E0,7.881393E-1,-4.702226E-1,-7.202036E-1,1.5189023E-1,9.2225313E-1,1.604388E-1,-1.2633711E0,3.854863E-1,-2.2531366E-1,2.7041024E-1,9.620724E-1,3.1598532E-1,-2.4319662E-1,-6.493066E-2,-4.86676E-1,-4.1541806E-1,5.9245235E-1,-1.9171385E-1,2.1645576E-1,2.330722E-1,-1.966268E-1,9.484393E-2,2.9163182E-1,-3.6985296E-1,1.8708923E-1,7.021781E-1,-4.8965123E-2,-6.777946E-3,2.6220816E-1],"categories":[1,2,1,1,1],"categories_nodes":[1,4,10,17,18],"categories_segments":[0,1,2,3,4],"categories_sizes":[1,1,1,1,1],"default_left":[1,0,0,0,0,0,0,1,0,0,0,0,0,0,0,0,0,0,0,0,0,0,0,0,0,0,0,0,0,0,0],"id":2,"left_children":[1,3,5,-1,7,9,11,13,15,17,19,21,23,-1,-1,-1,-1,25,27,-1,-1,-1,-1,-1,-1,-1,-1,29,-1,-1,-1],"loss_changes":[7.488039E1,1.0939941E0,8.44997E0,0E0,2.959398E0,1.736582E0,1.8927841E0,3.5294218E0,1.0305204E0,2.223843E0,3.5132947E0,3.4007251E0,1.9675446E-1,0E0,0E0,0E0,0E0,3.3490715E0,9.349294E-1,0E0,0E0,0E0,0E0,0E0,0E0,0E0,0E0,1.1192307E0,0E0,0E0,0E0],"parents":[2147483647,0,0,1,1,2,2,4,4,5,5,6,6,7,7,8,8,9,9,10,10,11,11,12,12,17,17,18,18,27,27],"right_children":[2,4,6,-1,8,10,12,14,16,18,20,22,24,-1,-1,-1,-1,26,28,-1,-1,-1,-1,-1,-1,-1,-1,30,-1,-1,-1],"split_conditions":[9E0,NaN,1E1,-4.702226E-1,NaN,2E0,6.00001E0,1.4E1,2E0,2E0,NaN,5E0,2E0,3.1598532E-1,-2.4319662E-1,-6.493066E-2,-4.86676E-1,NaN,NaN,-1.9171385E-1,2.1645576E-1,2.330722E-1,-1.966268E-1,9.484393E-2,2.9163182E-1,-3.6985296E-1,1.8708923E-1,3E0,-4.8965123E-2,-6.777946E-3,2.6220816E-1],"split_indices":[13,16,12,0,20,8,4,11,7,7,16,7,5,0,0,0,0,28,18,0,0,0,0,0,0,0,0,11,0,0,0],"split_type":[0,1,0,0,1,0,0,0,0,0,1,0,0,0,0,0,0,1,1,0,0,0,0,0,0,0,0,0,0,0,0],"sum_hessian":[1.1743148E2,1.7762648E1,9.966883E1,1.2999539E1,4.7631087E0,1.772278E1,8.194605E1,2.0858786E0,2.67723E0,1.093127E1,6.7915096E0,5.166192E0,7.677986E1,1.0426272E0,1.0432514E0,1.0926936E0,1.5845364E0,2.0379105E0,8.893359E0,4.9525084E0,1.8390013E0,3.44331E0,1.722882E0,1.6716887E0,7.510817E1,1.0362085E0,1.001702E0,7.827558E0,1.0658013E0,1.6667194E0,6.1608386E0],"tree_param":{"num_deleted":"0","num_feature":"30","num_nodes":"31","size_leaf_vector":"0"}},{"base_weights":[3.3117738E-1,-1.1598381E0,6.4150804E-1,-3.9827412E-1,-5.5020857E-1,2.0719932E-2,7.886429E-1,4.677898E-1,-1.4515765E0,3.0943626E-1,-4.3331635E-1,2.1629591E-1,8.274214E-1,5.174122E-1,-2.5028557E-1,-5.42913E-2,-6.065561E-1,-1.6785452E-1,5.426703E-1,-2.5618887E-1,1.8859115E-1,2.0152788E-1,-1.525829E-1,7.957665E-2,2.511853E-1,9.007362E-2,7.4819803E-1,1.4309575E-1,-1.543013E-1,2.5933036E-1,2.4004852E-2],"categories":[1,1,1,1],"categories_nodes":[1,4,10,25],"categories_segments":[0,1,2,3],"categories_sizes":[1,1,1,1],"default_left":[1,0,0,0,0,0,0,1,0,0,0,0,0,0,0,0,0,0,0,0,0,0,0,0,0,0,0,0,0,0,0],"id":3,"left_children":[1,3,5,-1,7,9,11,13,15,17,19,21,23,-1,-1,-1,-1,-1,25,-1,-1,-1,-1,-1,-1,27,29,-1,-1,-1,-1],"loss_changes":[4.9297928E1,1.1546154E0,7.9758987E0,0E0,5.8959675E0,2.4664142E0,1.3903847E0,7.04634E0,1.9957061E0,2.6261234E0,3.8123627E0,2.2700653E0,1.43116E-1,0E0,0E0,0E0,0E0,0E0,8.20235E-1,0E0,0E0,0E0,0E0,0E0,0E0,1.2080697E0,4.2987156E-1,0E0,0E0,0E0,0E0],"parents":[2147483647,0,0,1,1,2,2,4,4,5,5,6,6,7,7,8,8,9,9,10,10,11,11,12,12,18,18,25,25,26,26],"right_children":[2,4,6,-1,8,10,12,14,16,18,20,22,24,-1,-1,-1,-1,-1,26,-1,-1,-1,-1,-1,-1,28,30,-1,-1,-1,-1],"split_conditions":[9E0,NaN,1E1,-3.9827412E-1,NaN,2E0,6.00001E0,3E0,2E0,2E0,NaN,5E0,2E0,5.174122E-1,-2.5028557E-1,-5.42913E-2,-6.065561E-1,-1.6785452E-1,1E1,-2.5618887E-1,1.8859115E-1,2.0152788E-1,-1.525829E-1,7.957665E-2,2.511853E-1,NaN,4E0,1.4309575E-1,-1.543013E-1,2.5933036E-1,2.4004852E-2],