{"learner":{"attributes":{"best_ntree_limit":"12"},"feature_names":[],"feature_types":["q","q","q","q","q","q","q","q","q","q","q","q","q","q","c","c","c","c","c","c","c","c","c","c","c","c","c","c","c","c"],"gradient_booster":{"model":{"gbtree_model_param":{"num_parallel_tree":"1","num_trees":"7","size_leaf_vector":"0"},"tree_info":[0,0,0,0,0,0,0],"trees":[{"base_weights":[1.86772E-1,-1.8144317E0,1.3976915E0,-2.1372836E0,-9.391161E-1,1.719765E-1,1.4333798E0,-2.2144067E0,-1.4813705E-1,-2.411181E-1,-1.5892562E0,9.127957E-1,4.5587945E-1,-7.022897E-1,-1.1156579E0,5.73255E-1,-1.1067737E0,-1.4813705E-1,-5.4693973E-1,1.1733837E0,-3.891805E-2,-4.747116E-1,-1.4955821E-2,2.879271E-1,-7.340017E-2,-4.1449952E-1,-7.340017E-2,3.7990496E-1,1.1822541E-1],"categories":[0,1,2,3,4,0,1,3,0,1,2],"categories_nodes":[2,4,15],"categories_segments":[0,5,8],"categories_sizes":[5,3,3],"default_left":[1,1,0,0,0,0,0,1,0,0,1,0,0,0,1,0,0,0,0,0,0,0,0,0,0,0,0,0,0],"id":0,"left_children":[1,3,5,7,9,-1,11,13,-1,15,17,19,-1,-1,21,23,25,-1,-1,27,-1,-1,-1,-1,-1,-1,-1,-1,-1],"loss_changes":[1.9618622E2,6.6291885E0,6.597824E-1,1.6370544E0,4.163162E0,0E0,7.491913E-1,2.0967865E-1,0E0,4.87151E0,3.828783E-1,2.6697626E0,0E0,0E0,1.9138865E0,1.4220902E0,4.332509E-1,0E0,0E0,4.5282364E-2,0E0,0E0,0E0,0E0,0E0,0E0,0E0,0E0,0E0],"parents":[2147483647,0,0,1,1,2,2,3,3,4,4,6,6,7,7,9,9,10,10,11,11,14,14,15,15,16,16,19,19],"right_children":[2,4,6,8,10,-1,12,14,-1,16,18,20,-1,-1,22,24,26,-1,-1,28,-1,-1,-1,-1,-1,-1,-1,-1,-1],"split_conditions":[1E1,9E0,NaN,4E0,NaN,1.719765E-1,1.1E1,3E0,-1.4813705E-1,1E1,2E0,5E0,4.5587945E-1,-7.022897E-1,8E0,NaN,5E0,-1.4813705E-1,-5.4693973E-1,3E0,-3.891805E-2,-4.747116E-1,-1.4955821E-2,2.879271E-1,-7.340017E-2,-4.1449952E-1,-7.340017E-2,3.7990496E-1,1.1822541E-1],"split_indices":[13,13,19,2,19,0,13,4,0,12,3,10,0,0,13,18,5,0,0,3,0,0,0,0,0,0,0,0,0],"split_type":[0,0,1,0,1,0,0,0,0,0,0,0,0,0,0,1,0,0,0,0,0,0,0,0,0,0,0,0,0],"sum_hessian":[7.891189E1,2.9560644E1,4.9351246E1,2.0542143E1,9.018502E0,2.7556534E0,4.6595592E1,1.9289574E1,1.2525697E0,5.0102787E0,4.008223E0,8.26696E0,3.8328632E1,1.6283405E1,3.0061674E0,2.7556534E0,2.2546256E0,1.2525697E0,2.7556534E0,6.5133624E0,1.7535976E0,1.7535976E0,1.2525697E0,1.7535976E0,1.0020558E0,1.2525697E0,1.0020558E0,5.2607927E0,1.2525697E0],"tree_param":{"num_deleted":"0","num_feature":"30","num_nodes":"29","size_leaf_vector":"0"}},{"base_weights":[1.401073E-1,-1.2677726E0,1.1620815E0,-7.99962E-1,-1.5573881E0,1.0533007E-1,1.201337E0,-9.4748336E-1,1.21423565E-1,-1.6182248E-1,-1.6349715E0,7.4953073E-1,3.8442844E-1,6.845541E-2,-1.1763785E0,-5.0461143E-1,-1.4321381E-1,9.8621637E-1,-3.198211E-2,-1.7899168E-1,2.3788464E-1,-4.200891E-1,-1.153652E-2,3.2621872E-1,7.75071E-2],"categories":[0,1,2,3,4,1],"categories_nodes":[2,4],"categories_segments":[0,5],"categories_sizes":[5,1],"default_left":[1,0,0,0,0,0,0,0,0,0,1,0,0,0,0,0,0,0,0,0,0,0,0,0,0],"id":1,"left_children":[1,3,5,7,9,-1,11,13,-1,-1,15,17,-1,19,21,-1,-1,23,-1,-1,-1,-1,-1,-1,-1],"loss_changes":[1.08667564E2,3.0643349E0,9.69059E-1,2.9107437E0,5.8649445E-1,0E0,5.3250504E-1,3.0962372E0,0E0,0E0,1.1146164E-1,1.8522086E0,0E0,2.0774832E0,2.6569338E0,0E0,0E0,2.2367287E-1,0E0,0E0,0E0,0E0,0E0,0E0,0E0],"parents":[2147483647,0,0,1,1,2,2,3,3,4,4,6,6,7,7,10,10,11,11,13,13,14,14,17,17],"right_children":[2,4,6,8,10,-1,12,14,-1,-1,16,18,-1,20,22,-1,-1,24,-1,-1,-1,-1,-1,-1,-1],"split_conditions":[1E1,1.1E1,NaN,5E0,NaN,1.0533007E-1,1.1E1,3E0,1.21423565E-1,-1.6182248E-1,1.1E1,5E0,3.8442844E-1,2E0,5E0,-5.0461143E-1,-1.4321381E-1,2.6E1,-3.198211E-2,-1.7899168E-1,2.3788464E-1,-4.200891E-1,-1.153652E-2,3.2621872E-1,7.75071E-2],"split_indices":[13,11,19,9,17,0,13,7,0,0,12,10,0,9,5,0,0,11,0,0,0,0,0,0,0],"split_type":[0,0,1,0,1,0,0,0,0,0,0,0,0,0,0,0,0,0,0,0,0,0,0,0,0],"sum_hessian":[7.35017E1,3.0812979E1,4.268872E1,1.3220422E1,1.7592556E1,2.4300532E0,4.0258667E1,1.1968362E1,1.2520597E0,1.8090092E0,1.5783547E1,7.6217427E0,3.2636925E1,2.329579E0,9.6387825E0,1.4731531E1,1.0520163E0,5.8519826E0,1.7697604E0,1.3065884E0,1.0229908E0,7.8612823E0,1.7775004E0,4.704104E0,1.1478785E0],"tree_param":{"num_deleted":"0","num_feature":"30","num_nodes":"25","size_leaf_vector":"0"}},{"base_weights":[1.1943124E-1,-9.661156E-1,1.0056564E0,-1.1747656E0,-4.4112998E-1,5.2401815E-2,1.0507208E0,-1.2203789E0,-8.1482515E-2,6.344404E-2,-9.6088475E-1,6.26852E-1,3.4034064E-1,-1.123149E-1,-3.766016E-1,6.5586805E-1,-6.285603E-1,-3.5535103E-1,-4.904957E-2,8.476458E-1,-2.6225047E-2,2.8297788E-1,-1.2909314E-2,-2.3034154E-3,-2.712648E-1,2.858281E-1,7.074909E-2],"categories":[0,1,2,3,4,0,1,3,0,1,2,0,1,3,4],"categories_nodes":[2,4,15,19],"categories_segments":[0,5,8,11],"categories_sizes":[5,3,3,4],"default_left":[1,1,0,0,0,0,0,0,0,0,1,0,0,0,0,0,0,0,0,0,0,0,0,0,0,0,0],"id":2,"left_children":[1,3,5,7,9,-1,11,13,-1,15,17,19,-1,-1,-1,21,23,-1,-1,25,-1,-1,-1,-1,-1,-1,-1],"loss_changes":[6.4225395E1,2.7746773E0,1.1903572E0,5.2996826E-1,2.7231088E0,0E0,5.1714325E-1,1.1027527E-1,0E0,2.9084089E0,7.0898104E-1,1.3268414E0,0E0,0E0,0E0,7.977804E-1,5.611019E-1,0E0,0E0,1.715498E-1,0E0,0E0,0E0,0E0,0E0,0E0,0E0],"parents":[2147483647,0,0,1,1,2,2,3,3,4,4,6,6,7,7,9,9,10,10,11,11,15,15,16,16,19,19],"right_children":[2,4,6,8,10,-1,12,14,-1,16,18,20,-1,-1,-1,22,24,-1,-1,26,-1,-1,-1,-1,-1,-1,-1],"split_conditions":[1E1,9E0,NaN,4E0,NaN,5.2401815E-2,1.1E1,2E0,-8.1482515E-2,1E1,3E0,5E0,3.4034064E-1,-1.123149E-1,-3.766016E-1,NaN,1.1E1,-3.5535103E-1,-4.904957E-2,NaN,-2.6225047E-2,2.8297788E-1,-1.2909314E-2,-2.3034154E-3,-2.712648E-1,2.858281E-1,7.074909E-2],"split_indices":[13,13,19,2,19,0,13,7,0,12,8,10,0,0,0,18,11,0,0,19,0,0,0,0,0,0,0],"split_type":[0,0,1,0,1,0,0,0,0,0,0,0,0,0,0,1,0,0,0,1,0,0,0,0,0,0,0],"sum_hessian":[6.474975E1,2.9061659E1,3.5688087E1,1.9910664E1,9.150995E0,2.0866442E0,3.3601444E1,1.8619085E1,1.2915782E0,5.0887804E0,4.062215E0,6.943527E0,2.6657915E1,1.2035372E0,1.7415548E1,2.769788E0,2.3189921E0,2.7933626E0,1.2688522E0,5.1613317E0,1.7821959E0,1.7149527E0,1.0548352E0,1.0290442E0,1.2899481E0,3.9290276E0,1.2323039E0],"tree_param":{"num_deleted":"0","num_feature":"30","num_nodes":"27","size_leaf_vector":"0"}},{"base_weights":[9.311948E-2,-7.858233E-1,8.827185E-1,-3.3300355E-1,-4.7026354E-1,6.8124244E-3,9.353332E-1,-1.1064945E-1,-8.527657E-1,5.361629E-1,3.1132576E-1,5.2181613E-1,-4.488132E-1,-4.6497416E-3,-1.008522E0,1.6610393E-2,7.787063E-1,2.7778262E-2,2.07743E-1,1.6716903E-1,-4.6017912E-1,-4.08127E-1,-3.0219933E-1,1.7239463E-1,-1.4553992E-1,2.7224964E-1,5.2665833E-2,2.598017E-1,-8.760308E-2,-2.3940893E-1,1.0502543E-1],"categories":[0,1,2,3,4,0,1,2,4,1,1,1,0,1,2,3,4],"categories_nodes":[2,7,8,14,15,19],"categories_segments":[0,5,9,10,11,12],"categories_sizes":[5,4,1,1,1,5],"default_left":[1,1,0,0,0,0,0,0,0,0,0,0,0,0,0,0,0,0,0,0,0,0,0,0,0,0,0,0,0,0,0],"id":3,"left_children":[1,3,5,-1,7,-1,9,11,13,15,-1,17,19,-1,21,23,25,-1,-1,27,-1,-1,29,-1,-1,-1,-1,-1,-1,-1,-1],"loss_changes":[4.0222317E1,2.289484E0,1.3576927E0,0E0,2.0599525E0,0E0,6.16621E-1,2.2064521E0,9.546442E-1,9.8605657E-1,0E0,2.0508718E-1,4.632078E0,0E0,1.1442447E0,1.2713048E0,2.5883007E-1,0E0,0E0,1.8822333E0,0E0,0E0,1.3681703E0,0E0,0E0,0E0,0E0,0E0,0E0,0E0,0E0],"parents":[2147483647,0,0,1,1,2,2,4,4,6,6,7,7,8,8,9,9,11,11,12,12,14,14,15,15,16,16,19,19,22,22],"right_children":[2,4,6,-1,8,-1,10,12,14,16,-1,18,20,-1,22,24,26,-1,-1,28,-1,-1,30,-1,-1,-1,-1,-1,-1,-1,-1],"split_conditions":[1E1,8E0,NaN,-3.3300355E-1,1.1E1,6.8124244E-3,1.1E1,NaN,NaN,3E0,3.1132576E-1,8.00001E0,4E0,-4.6497416E-3,NaN,NaN,4E0,2.7778262E-2,2.07743E-1,NaN,-4.6017912E-1,-4.08127E-1,1.5E1,1.7239463E-1,-1.4553992E-1,2.7224964E-1,5.2665833E-2,2.598017E-1,-8.760308E-2,-2.3940893E-1,1.0502543E-1],"split_indices":[13,13,19,0,11,0,12,18,17,1,0,0,6,0,16,25,6,0,0,18,0,0,11,0,0,0,0,0,0,0,0],"split_type":[0,0,1,0,0,0,0,1,1,0,0,0,0,0,1,1,0,0,0,1,0,0,0,0,0,0,0,0,0,0,0],