{"learner":{"attributes":{"best_ntree_limit":"3"},"feature_names":[],"feature_types":["q","q","q","q","q","q","q","q","q","q","q","q","q","q","c","c","c","c","c","c","c","c","c","c","c","c","c","c","c","c","c","c"],"gradient_booster":{"model":{"gbtree_model_param":{"num_parallel_tree":"1","num_trees":"3","size_leaf_vector":"0"},"tree_info":[0,0,0],"trees":[{"base_weights":[1.9893464E-1,-1.825597E0,1.4245579E0,-7.3555994E-1,-1.1956725E0,7.789914E-1,4.692411E-1,-5.717189E-1,-1.797969E0,3.1975967E-1,-1.0204841E-1,-9.5438474E-1,3.2159945E-1,-2.0621401E-1,-6.101848E-1,7.290491E-2,-1.3774716E0,-9.146257E-2,2.6037067E-1,-4.8928759E-1,-1.5393597E-1],"categories":[1,1,1],"categories_nodes":[5,12,16],"categories_segments":[0,1,2],"categories_sizes":[1,1,1],"default_left":[1,1,0,0,0,0,0,0,0,0,0,0,0,0,0,0,0,0,0,0,0],"id":0,"left_children":[1,3,5,-1,7,9,-1,11,13,-1,-1,15,17,-1,-1,-1,19,-1,-1,-1,-1],"loss_changes":[1.8876408E2,8.402603E0,3.043251E0,0E0,5.0883865E0,3.7015958E0,0E0,3.540805E0,6.5006256E-1,0E0,0E0,3.8177013E0,1.4915634E0,0E0,0E0,0E0,3.0904007E-1,0E0,0E0,0E0,0E0],"parents":[2147483647,0,0,1,1,2,2,4,4,5,5,7,7,8,8,11,11,12,12,16,16],"right_children":[2,4,6,-1,8,10,-1,12,14,-1,-1,16,18,-1,-1,-1,20,-1,-1,-1,-1],"split_conditions":[1E1,8E0,1.1E1,-7.3555994E-1,1.1E1,NaN,4.692411E-1,5E0,2E0,3.1975967E-1,-1.0204841E-1,3E0,NaN,-2.0621401E-1,-6.101848E-1,7.290491E-2,NaN,-9.146257E-2,2.6037067E-1,-4.8928759E-1,-1.5393597E-1],"split_indices":[13,13,12,0,11,16,0,5,3,0,0,7,31,0,0,0,22,0,0,0,0],"split_type":[0,0,0,0,0,1,0,0,0,0,0,0,1,0,0,0,1,0,0,0,0],"sum_hessian":[7.402617E1,2.7730438E1,4.629573E1,1.2455196E1,1.5275241E1,9.400148E0,3.6895584E1,8.460134E0,6.8151073E0,7.5201187E0,1.8800297E0,5.8750925E0,2.5850408E0,1.8800297E0,4.9350777E0,1.645026E0,4.230067E0,1.4100223E0,1.1750185E0,2.5850408E0,1.645026E0],"tree_param":{"num_deleted":"0","num_feature":"32","num_nodes":"21","size_leaf_vector":"0"}},{"base_weights":[1.8778527E-1,-1.3145602E0,1.2465204E0,-1.5613704E0,-7.427493E-1,7.623697E-1,4.008889E-1,-5.041591E-1,-6.34024E-1,-6.30026E-2,-1.4187397E0,3.278668E-1,-1.5095377E-1,-3.4311414E-1,9.452055E-2,7.1949345E-1,-8.7263775E-1,-8.9039676E-2,-1.6767732E0,1.3748229E-1,-2.2052957E-1,3.2328358E-1,-1.6630255E-2,1.4979583E-3,-3.846689E-1,-6.347064E-1,-1.00566626E-1],"categories":[1,0,1,3,1,1,0,1,2],"categories_nodes":[3,4,5,10,15],"categories_segments":[0,1,4,5,6],"categories_sizes":[1,3,1,1,3],"default_left":[1,1,0,0,0,0,0,0,0,0,0,0,0,0,0,0,0,0,1,0,0,0,0,0,0,0,0],"id":1,"left_children":[1,3,5,7,9,11,-1,-1,13,15,17,-1,19,-1,-1,21,23,-1,25,-1,-1,-1,-1,-1,-1,-1,-1],"loss_changes":[1.1390893E2,3.0269928E0,8.032303E-1,1.1240463E0,4.8968635E0,2.8472176E0,0E0,0E0,2.2285657E0,4.7186923E0,1.0639668E0,0E0,1.4898137E0,0E0,0E0,1.1230942E0,1.3096423E0,0E0,1.7465048E0,0E0,0E0,0E0,0E0,0E0,0E0,0E0,0E0],"parents":[2147483647,0,0,1,1,2,2,3,3,4,4,5,5,8,8,9,9,10,10,12,12,15,15,16,16,18,18],"right_children":[2,4,6,8,10,12,-1,-1,14,16,18,-1,20,-1,-1,22,24,-1,26,-1,-1,-1,-1,-1,-1,-1,-1],"split_conditions":[1E1,9E0,1.1E1,NaN,NaN,NaN,4.008889E-1,-5.041591E-1,6E0,1E1,NaN,3.278668E-1,2E0,-3.4311414E-1,9.452055E-2,NaN,3E0,-8.9039676E-2,3E0,1.3748229E-1,-2.2052957E-1,3.2328358E-1,-1.6630255E-2,1.4979583E-3,-3.846689E-1,-6.347064E-1,-1.00566626E-1],"split_indices":[13,13,13,24,21,16,0,0,12,12,26,0,10,0,0,20,1,0,8,0,0,0,0,0,0,0,0],"split_type":[0,0,0,1,1,1,0,0,0,0,1,0,0,0,0,1,0,0,0,0,0,0,0,0,0,0,0],"sum_hessian":[6.9584236E1,2.8665812E1,4.0918427E1,1.8814402E1,9.851411E0,7.8853817E0,3.3033047E1,1.59523945E1,2.862007E0,5.457144E0,4.394267E0,5.6456785E0,2.2397032E0,1.7286255E0,1.1333814E0,2.8316996E0,2.6254442E0,1.223719E0,3.170548E0,1.2017883E0,1.0379149E0,1.6695507E0,1.1621488E0,1.1497303E0,1.4757138E0,1.95416E0,1.216388E0],"tree_param":{"num_deleted":"0","num_feature":"32","num_nodes":"27","size_leaf_vector":"0"}},{"base_weights":[6.14026E-2,-1.2831764E0,1.1488208E0,-1.6207595E0,-5.3105485E-1,3.5729492E-1,5.3751457E-1,-5.2096397E-1,-6.839157E-1,-3.1938788E-2,-1.0349326E0,-7.603029E-2,2.6087323E-1,3.947909E-2,-3.5255408E-1,6.420278E-1,-7.287688E-1,-2.1904707E-2,-1.2879415E0,2.9114655E-1,-1.3913435E-2,-3.2612148E-1,1.017068E-2,-4.871439E-1,-8.361882E-2],"categories":[1,0,1,3,1,0,1,2],"categories_nodes":[3,4,10,15],"categories_segments":[0,1,4,5],"categories_sizes":[1,3,1,3],"default_left":[1,1,0,0,0,0,0,0,1,0,0,0,0,0,0,0,0,0,1,0,0,0,0,0,0],"id":2,"left_children":[1,3,5,7,9,-1,11,-1,13,15,17,-1,-1,-1,-1,19,21,-1,23,-1,-1,-1,-1,-1,-1],"loss_changes":[9.57137E1,6.5765533E0,2.9188156E-1,9.52549E-1,2.6231468E0,0E0,1.3118746E0,0E0,1.6850557E0,3.4443607E0,1.1773281E0,0E0,0E0,0E0,0E0,8.937013E-1,1.0163506E0,0E0,9.290037E-1,0E0,0E0,0E0,0E0,0E0,0E0],"parents":[2147483647,0,0,1,1,2,2,3,3,4,4,6,6,8,8,9,9,10,10,15,15,16,16,18,18],"right_children":[2,4,6,8,10,-1,12,-1,14,16,18,-1,-1,-1,-1,20,22,-1,24,-1,-1,-1,-1,-1,-1],"split_conditions":[1E1,9E0,5E0,NaN,NaN,3.5729492E-1,1.2E1,-5.2096397E-1,1.8E1,1E1,NaN,-7.603029E-2,2.6087323E-1,3.947909E-2,-3.5255408E-1,NaN,5E0,-2.1904707E-2,3E0,2.9114655E-1,-1.3913435E-2,-3.2612148E-1,1.017068E-2,-4.871439E-1,-8.361882E-2],"split_indices":[13,13,7,24,21,0,13,0,11,12,26,0,0,0,0,20,5,0,8,0,0,0,0,0,0],"split_type":[0,0,0,1,1,0,0,0,0,0,1,0,0,0,0,1,0,0,0,0,0,0,0,0,0],"sum_hessian":[6.345407E1,2.8291708E1,3.5162365E1,1.8729998E1,9.561708E0,3.2006584E1,3.1557817E0,1.5910024E1,2.8199747E0,5.3377686E0,4.2239404E0,1.0031474E0,2.1526344E0,1.3353623E0,1.4846122E0,2.7533767E0,2.5843918E0,1.1479867E0,3.0759537E0,1.586598E0,1.1667787E0,1.4689374E0,1.1154544E0,1.8509545E0,1.2249992E0],"tree_param":{"num_deleted":"0","num_feature":"32","num_nodes":"25","size_leaf_vector":"0"}}]},"name":"gbtree"},"learner_model_param":{"base_score":"5E-1","num_class":"0","num_feature":"32","num_target":"1"},"objective":{"name":"reg:squarederror","reg_loss_param":{"scale_pos_weight":"1"}}},"version":[1,6,2]}