{"learner":{"attributes":{"best_ntree_limit":"8"},"feature_names":[],"feature_types":["q","q","q","q","q","q","q","q","q","q","q","q","q","q","c","c","c","c","c","c","c","c","c","c","c","c","c","c","c","c"],"gradient_booster":{"model":{"gbtree_model_param":{"num_parallel_tree":"1","num_trees":"3","size_leaf_vector":"0"},"tree_info":[0,0,0],"trees":[{"base_weights":[9.186372E-1,-2.0143058E0,1.3085883E0,-7.065077E-1,-7.2168374E-1,1.7118E-1,1.4752862E0,1.2061628E-1,-1.2367663E0,6.0818607E-1,-1.0758203E0,5.197572E-1,4.4820708E-1,-5.587565E-1,-1.5258272E-2,-2.3159835E-1,8.686987E-1,-3.982207E-2,-4.857386E-1,-1.5258272E-2,2.5649083E-1,-2.1246223E-1,1.2061628E-1,3.4708196E-1,2.1929932E-1,-1.5113282E-1,2.0667088E-1],"categories":[1],"categories_nodes":[4],"categories_segments":[0],"categories_sizes":[1],"default_left":[1,0,0,0,0,0,0,0,1,0,1,0,0,0,0,0,0,0,0,0,0,0,0,0,1,0,0],"id":0,"left_children":[1,3,5,-1,7,9,11,-1,13,15,17,19,-1,-1,-1,21,23,-1,-1,-1,-1,-1,-1,-1,25,-1,-1],"loss_changes":[1.4745581E2,5.018368E0,2.1053253E1,0E0,3.1735604E0,9.098264E0,9.758301E-1,0E0,2.4401178E0,2.8511724E0,2.030429E0,6.968598E-1,0E0,0E0,0E0,1.3892959E0,1.5161862E0,0E0,0E0,0E0,0E0,0E0,0E0,0E0,1.7530262E0,0E0,0E0],"parents":[2147483647,0,0,1,1,2,2,4,4,5,5,6,6,8,8,9,9,10,10,11,11,15,15,16,16,24,24],"right_children":[2,4,6,-1,8,10,12,-1,14,16,18,20,-1,-1,-1,22,24,-1,-1,-1,-1,-1,-1,-1,26,-1,-1],"split_conditions":[9E0,9E0,1E1,-7.065077E-1,NaN,5E0,9E0,1.2061628E-1,8E0,9E0,4E0,4E0,4.4820708E-1,-5.587565E-1,-1.5258272E-2,4E0,5E0,-3.982207E-2,-4.857386E-1,-1.5258272E-2,2.5649083E-1,-2.1246223E-1,1.2061628E-1,3.4708196E-1,4E0,-1.5113282E-1,2.0667088E-1],"split_indices":[13,12,13,0,14,5,12,0,11,12,11,5,0,0,0,7,10,0,0,0,0,0,0,0,11,0,0],"split_type":[0,0,0,0,1,0,0,0,0,0,0,0,0,0,0,0,0,0,0,0,0,0,0,0,0,0,0],"sum_hessian":[1.2562358E2,1.4253445E1,1.1137013E2,1.0629687E1,3.6237571E0,1.44950285E1,9.687511E1,1.207919E0,2.415838E0,1.1112855E1,3.3821733E0,2.415838E0,9.445927E1,1.207919E0,1.207919E0,2.6574218E0,8.455433E0,1.6910866E0,1.6910866E0,1.207919E0,1.207919E0,1.4495028E0,1.207919E0,5.3148437E0,3.1405895E0,1.207919E0,1.9326705E0],"tree_param":{"num_deleted":"0","num_feature":"30","num_nodes":"27","size_leaf_vector":"0"}},{"base_weights":[7.56577E-1,-1.3372531E0,1.0892525E0,-4.7910324E-1,-3.9518043E-1,1.2467535E-1,1.2481099E0,-3.089568E-1,1.3362612E-1,4.90924E-1,-8.373299E-1,4.529212E-1,1.2652E0,6.9092935E-1,-1.0106552E-1,-3.1077452E-2,-3.7434518E-1,-2.0621017E-2,2.32948E-1,2.1517873E-1,1.2866496E0,9.0004736E-1,-4.1604567E-2,9.316838E-1,1.3374177E0,-7.626302E-4,3.2055128E-1,3.551171E-1,1.14098825E-1,1.381101E-1,4.0587965E-1],"categories":[1,1],"categories_nodes":[4,12],"categories_segments":[0,1],"categories_sizes":[1,1],"default_left":[1,0,0,0,0,0,0,0,0,1,1,0,0,0,0,0,0,0,0,0,0,0,0,0,0,0,0,0,0,0,0],"id":1,"left_children":[1,3,5,-1,7,9,11,-1,-1,13,15,17,19,21,-1,-1,-1,-1,-1,-1,23,25,-1,27,29,-1,-1,-1,-1,-1,-1],"loss_changes":[8.030665E1,3.2765427E0,1.4896172E1,0E0,3.0089748E0,5.6964154E0,5.7162476E-1,0E0,0E0,2.1359594E0,1.2278798E0,6.154141E-1,3.970337E-2,1.7878594E0,0E0,0E0,0E0,0E0,0E0,0E0,1.5153503E-1,1.1871095E0,0E0,1.35637E0,2.6914215E-1,0E0,0E0,0E0,0E0,0E0,0E0],"parents":[2147483647,0,0,1,1,2,2,4,4,5,5,6,6,9,9,10,10,11,11,12,12,13,13,20,20,21,21,23,23,24,24],"right_children":[2,4,6,-1,8,10,12,-1,-1,14,16,18,20,22,-1,-1,-1,-1,-1,-1,24,26,-1,28,30,-1,-1,-1,-1,-1,-1],"split_conditions":[9E0,9E0,1E1,-4.7910324E-1,NaN,5E0,9E0,-3.089568E-1,1.3362612E-1,4E0,4E0,4E0,NaN,5E0,-1.0106552E-1,-3.1077452E-2,-3.7434518E-1,-2.0621017E-2,2.32948E-1,2.1517873E-1,1.1E1,9E0,-4.1604567E-2,2.2E1,2E0,-7.626302E-4,3.2055128E-1,3.551171E-1,1.14098825E-1,1.381101E-1,4.0587965E-1],"split_indices":[13,12,13,0,16,5,12,0,0,1,11,10,27,7,0,0,0,0,0,0,13,12,0,11,5,0,0,0,0,0,0],"split_type":[0,0,0,0,1,0,0,0,0,0,0,0,1,0,0,0,0,0,0,0,0,0,0,0,0,0,0,0,0,0,0],"sum_hessian":[1.1219826E2,1.4968451E1,9.7229805E1,1.11882925E1,3.780158E0,1.4001002E1,8.3228806E1,2.0256197E0,1.7545383E0,1.0495071E1,3.5059314E0,2.329743E0,8.089906E1,8.58598E0,1.9090904E0,1.7070227E0,1.7989086E0,1.1933737E0,1.1363693E0,4.344962E0,7.65541E1,6.789633E0,1.796348E0,1.2000372E1,6.455373E1,1.2227994E0,5.566833E0,7.448507E0,4.551865E0,1.6552237E0,6.2898502E1],"tree_param":{"num_deleted":"0","num_feature":"30","num_nodes":"31","size_leaf_vector":"0"}},{"base_weights":[6.390742E-1,-5.4817957E-1,1.1083727E0,-1.1250576E0,8.675629E-2,5.1177067E-1,3.4297505E-1,-4.0173325E-1,-3.502116E-1,3.9430362E-1,-6.8153536E-1,-7.3347464E-2,9.29348E-1,-3.577444E-1,2.252552E-1,7.065888E-1,-5.957541E-2,-3.3988371E-1,-2.249948E-2,-5.6756888E-2,4.627393E-1,3.227407E-1,-1.24433406E-1,-2.5244796E-1,3.825074E-1,-5.1523853E-2,1.9370197E-1],"categories":[1,1,1],"categories_nodes":[3,5,15],"categories_segments":[0,1,2],"categories_sizes":[1,1,1],"default_left":[1,1,0,0,0,0,0,0,0,0,0,0,0,0,0,0,0,0,0,0,0,0,0,0,0,0,0],"id":2,"left_children":[1,3,5,7,9,11,-1,-1,13,15,17,-1,19,-1,-1,21,23,-1,-1,-1,-1,-1,-1,-1,25,-1,-1],"loss_changes":[5.4624744E1,1.0402652E1,8.675995E-1,1.9878368E0,3.6527271E0,2.0166345E0,0E0,0E0,5.124689E0,1.5815324E0,1.136327E0,0E0,2.9382257E0,0E0,0E0,3.1422887E0,2.170929E0,0E0,0E0,0E0,0E0,0E0,0E0,0E0,7.0959735E-1,0E0,0E0],"parents":[2147483647,0,0,1,1,2,2,3,3,4,4,5,5,8,8,9,9,10,10,12,12,15,15,16,16,24,24],"right_children":[2,4,6,8,10,12,-1,-1,14,16,18,-1,20,-1,-1,22,24,-1,-1,-1,-1,-1,-1,-1,26,-1,-1],"split_conditions":[1E1,9E0,2E0,NaN,5E0,NaN,3.4297505E-1,-4.0173325E-1,4E0,5E0,2E0,-7.3347464E-2,2E0,-3.577444E-1,2.252552E-1,NaN,6.00001E0,-3.3988371E-1,-2.249948E-2,-5.6756888E-2,4.627393E-1,3.227407E-1,-1.24433406E-1,-2.5244796E-1,3E0,-5.1523853E-2,1.9370197E-1],"split_indices":[13,13,7,16,5,28,0,0,11,10,2,0,1,0,0,16,4,0,0,0,0,0,0,0,0,0,0],"split_type":[0,0,0,1,0,1,0,0,0,0,0,0,0,0,0,1,0,0,0,0,0,0,0,0,0,0,0],"sum_hessian":[9.594803E1,2.71343E1,6.881373E1,1.3812698E1,1.3321603E1,4.666335E0,6.414739E1,1.0252257E1,3.5604413E0,9.861015E0,3.460588E0,1.8074373E0,2.8588977E0,1.9702494E0,1.5901918E0,5.511871E0,4.349144E0,1.4864316E0,1.9741564E0,1.257043E0,1.6018547E0,4.1771603E0,1.3347102E0,1.2445023E0,3.104642E0,1.1113698E0,1.9932721E0],"tree_param":{"num_deleted":"0","num_feature":"30","num_nodes":"27","size_leaf_vector":"0"}}]},"name":"gbtree"},"learner_model_param":{"base_score":"5E-1","num_class":"0","num_feature":"30","num_target":"1"},"objective":{"name":"reg:squarederror","reg_loss_param":{"scale_pos_weight":"1"}}},"version":[1,6,2]}