{"learner":{"attributes":{"best_ntree_limit":"13"},"feature_names":[],"feature_types":["q","q","q","q","q","q","q","q","q","q","q","q","q","q","c","c","c","c","c","c","c","c","c","c","c","c","c","c","c","c"],"gradient_booster":{"model":{"gbtree_model_param":{"num_parallel_tree":"1","num_trees":"8","size_leaf_vector":"0"},"tree_info":[0,0,0,0,0,0,0,0],"trees":[{"base_weights":[1.9089803E-1,-1.7874259E0,1.3976915E0,-2.1372836E0,-8.7944126E-1,1.5195456E-1,1.4337655E0,-2.2144067E0,-1.4813705E-1,-3.4259486E-1,-1.4897138E0,9.57375E-1,4.55928E-1,-7.022897E-1,-1.1156579E0,2.8522596E-1,-1.1067737E0,-5.1638514E-1,-1.4813705E-1,3.6111775E-1,-3.891805E-2,-8.806212E-2,-4.4761863E-1,2.2102691E-1,-1.4813705E-1,-4.1449952E-1,-7.340017E-2],"categories":[0,1,2,3,4,0,1,3],"categories_nodes":[2,9],"categories_segments":[0,5],"categories_sizes":[5,3],"default_left":[1,1,0,0,0,0,0,1,0,0,0,0,0,0,0,0,0,0,0,0,0,0,0,0,0,0,0],"id":0,"left_children":[1,3,5,7,9,-1,11,13,-1,15,17,19,-1,-1,21,23,25,-1,-1,-1,-1,-1,-1,-1,-1,-1,-1],"loss_changes":[1.9388026E2,7.90802E0,8.924866E-1,1.6370544E0,2.8539934E0,0E0,5.0512695E-1,2.0967865E-1,0E0,3.559782E0,1.895237E-1,2.8391943E0,0E0,0E0,8.017216E-1,1.9492065E0,4.332509E-1,0E0,0E0,0E0,0E0,0E0,0E0,0E0,0E0,0E0,0E0],"parents":[2147483647,0,0,1,1,2,2,3,3,4,4,6,6,7,7,9,9,10,10,11,11,14,14,15,15,16,16],"right_children":[2,4,6,8,10,-1,12,14,-1,16,18,20,-1,-1,22,24,26,-1,-1,-1,-1,-1,-1,-1,-1,-1,-1],"split_conditions":[1E1,9E0,NaN,4E0,1.1E1,1.5195456E-1,1.1E1,3E0,-1.4813705E-1,NaN,4E0,5E0,4.55928E-1,-7.022897E-1,3E0,3E0,3E0,-5.1638514E-1,-1.4813705E-1,3.6111775E-1,-3.891805E-2,-8.806212E-2,-4.4761863E-1,2.2102691E-1,-1.4813705E-1,-4.1449952E-1,-7.340017E-2],"split_indices":[13,13,19,2,11,0,13,4,0,19,6,10,0,0,0,1,0,0,0,0,0,0,0,0,0,0,0],"split_type":[0,0,1,0,0,0,0,0,0,1,0,0,0,0,0,0,0,0,0,0,0,0,0,0,0,0,0],"sum_hessian":[7.916241E1,2.981116E1,4.9351246E1,2.0542143E1,9.269016E0,2.5051394E0,4.6846107E1,1.9289574E1,1.2525697E0,5.761821E0,3.5071952E0,9.018502E0,3.7827606E1,1.6283405E1,3.0061674E0,3.5071952E0,2.2546256E0,2.2546256E0,1.2525697E0,7.2649045E0,1.7535976E0,1.5030837E0,1.5030837E0,2.2546256E0,1.2525697E0,1.2525697E0,1.0020558E0],"tree_param":{"num_deleted":"0","num_feature":"30","num_nodes":"27","size_leaf_vector":"0"}},{"base_weights":[1.3582623E-1,-1.264876E0,1.1598631E0,-7.992387E-1,-4.731833E-1,8.878295E-2,1.1991209E0,-4.213882E-1,-4.0351087E-1,7.737385E-1,3.8436276E-1,-5.9292626E-1,1.5722582E-1,9.970292E-1,-3.200638E-2,-3.889375E-1,-2.3617417E-1,3.2787365E-1,9.567733E-2,1.05279416E-1,-1.5613294E-1],"categories":[0,1,2,3,4,1,2,4],"categories_nodes":[2,16],"categories_segments":[0,5],"categories_sizes":[5,3],"default_left":[1,0,0,0,0,0,0,0,0,0,0,0,0,0,0,0,0,0,0,0,0],"id":1,"left_children":[1,3,5,7,-1,-1,9,-1,11,13,-1,15,-1,17,-1,-1,19,-1,-1,-1,-1],"loss_changes":[1.0855677E2,3.3956375E0,1.125557E0,2.9979477E0,0E0,0E0,4.5521164E-1,0E0,2.138221E0,1.9200516E0,0E0,1.9794176E0,0E0,1.3621521E-1,0E0,0E0,1.3951705E0,0E0,0E0,0E0,0E0],"parents":[2147483647,0,0,1,1,2,2,3,3,6,6,8,8,9,9,11,11,13,13,16,16],"right_children":[2,4,6,8,-1,-1,10,-1,12,14,-1,16,-1,18,-1,-1,20,-1,-1,-1,-1],"split_conditions":[1E1,1.1E1,NaN,8E0,-4.731833E-1,8.878295E-2,1.1E1,-4.213882E-1,3E0,5E0,3.8436276E-1,4E0,1.5722582E-1,3E0,-3.200638E-2,-3.889375E-1,NaN,3.2787365E-1,9.567733E-2,1.05279416E-1,-1.5613294E-1],"split_indices":[13,11,19,13,0,0,13,0,2,10,0,5,0,3,0,0,18,0,0,0,0],"split_type":[0,0,1,0,0,0,0,0,0,0,0,0,0,0,0,0,1,0,0,0,0],"sum_hessian":[7.36597E1,3.100928E1,4.265042E1,1.3879755E1,1.7129522E1,2.2249918E0,4.042543E1,4.4787054E0,9.40105E0,8.225655E0,3.2199776E1,8.106496E0,1.2945544E0,6.455894E0,1.7697604E0,1.8413022E0,6.2651935E0,5.1201916E0,1.3357022E0,1.9673946E0,4.2977986E0],"tree_param":{"num_deleted":"0","num_feature":"30","num_nodes":"21","size_leaf_vector":"0"}},{"base_weights":[1.09706864E-1,-9.6850914E-1,1.0037099E0,-1.1782525E0,-4.51722E-1,4.25799E-2,1.0480173E0,-1.2232842E0,-8.318186E-2,2.9127687E-2,-9.062575E-1,6.470712E-1,3.426598E-1,-1.1401639E-1,-3.774023E-1,-2.1701652E-1,6.801969E-1,-3.8958377E-1,5.44588E-2,8.502589E-1,1.584092E-1,-1.2505561E-1,3.7247208E-1,4.8479248E-2,2.8821558E-1,1.9972728E-1,-9.446797E-2],"categories":[0,1,2,3,4,0,1,3,1],"categories_nodes":[2,4,9],"categories_segments":[0,5,8],"categories_sizes":[5,3,1],"default_left":[1,1,0,0,0,0,0,0,0,0,0,0,0,0,0,0,0,0,0,0,0,0,0,0,0,0,0],"id":2,"left_children":[1,3,5,7,9,-1,11,13,-1,15,17,19,-1,-1,-1,-1,21,-1,-1,23,25,-1,-1,-1,-1,-1,-1],"loss_changes":[6.476351E1,2.7745533E0,1.2514648E0,5.1602745E-1,2.3057997E0,0E0,5.72052E-1,1.0110474E-1,0E0,3.449658E0,2.5371828E0,7.5012994E-1,0E0,0E0,0E0,0E0,2.8281782E0,0E0,0E0,3.0613375E-1,1.1332148E0,0E0,0E0,0E0,0E0,0E0,0E0],"parents":[2147483647,0,0,1,1,2,2,3,3,4,4,6,6,7,7,9,9,10,10,11,11,16,16,19,19,20,20],"right_children":[2,4,6,8,10,-1,12,14,-1,16,18,20,-1,-1,-1,-1,22,-1,-1,24,26,-1,-1,-1,-1,-1,-1],"split_conditions":[1E1,9E0,NaN,4E0,NaN,4.25799E-2,1.1E1,2E0,-8.318186E-2,NaN,3E0,1.3E1,3.426598E-1,-1.1401639E-1,-3.774023E-1,-2.1701652E-1,4E0,-3.8958377E-1,5.44588E-2,2E0,9E0,-1.2505561E-1,3.7247208E-1,4.8479248E-2,2.8821558E-1,1.9972728E-1,-9.446797E-2],"split_indices":[13,13,19,2,19,0,12,7,0,24,8,11,0,0,0,0,5,0,0,0,12,0,0,0,0,0,0],"split_type":[0,0,1,0,1,0,0,0,0,1,0,0,0,0,0,0,0,0,0,0,0,0,0,0,0,0,0],"sum_hessian":[6.517858E1,2.9507547E1,3.567104E1,2.0078518E1,9.4290285E0,1.9498519E0,3.3721188E1,1.878205E1,1.2964693E0,5.03668E0,4.3923483E0,7.911451E0,2.5809734E1,1.2152756E0,1.7566774E1,2.2847977E0,2.7518826E0,3.0855916E0,1.3067566E0,5.065304E0,2.8461473E0,1.0186573E0,1.7332253E0,1.0406042E0,4.024699E0,1.1774153E0,1.6687322E0],"tree_param":{"num_deleted":"0","num_feature":"30","num_nodes":"27","size_leaf_vector":"0"}},{"base_weights":[6.566712E-2,-8.3303225E-1,8.801584E-1,-4.7718605E-1,-1.0937308E0,-1.183718E-3,9.317061E-1,-5.906288E-1,1.397222E-1,-9.9565454E-2,-3.4001774E-1,5.3439933E-1,3.0862993E-1,4.8183218E-2,-7.6646894E-1,7.6594704E-1,-5.3677633E-2,1.19822934E-1,-1.1378413E-1,-3.067222E-1,5.065847E-2,2.5833198E-1,6.275001E-2,-8.545709E-2,1.07243694E-1],"categories":[0,1,2,3,4,1],"categories_nodes":[2,4],"categories_segments":[0,5],"categories_sizes":[5,1],"default_left":[1,0,0,0,0,0,0,0,0,0,0,0,0,0,0,0,0,0,0,0,0,0,0,0,0],"id":3,"left_children":[1,3,5,7,9,-1,11,13,-1,-1,-1,15,-1,17,19,21,-1,-1,-1,-1,23,-1,-1,-1,-1],"loss_changes":[4.2767292E1,2.0584393E0,1.3986855E0,1.7229137E0,8.553696E-2,0E0,5.657635E-1,1.4435725E0,0E0,0E0,0E0,1.4188323E0,0E0,6.985568E-1,2.1177745E0,1.4032936E-1,0E0,0E0,0E0,0E0,4.424667E-1,0E0,0E0,0E0,0E0],"parents":[2147483647,0,0,1,1,2,2,3,3,4,4,6,6,7,7,11,11,13,13,14,14,15,15,20,20],"right_children":[2,4,6,8,10,-1,12,14,-1,-1,-1,16,-1,18,20,22,-1,-1,-1,-1,24,-1,-1,-1,-1],"split_conditions":[1E1,1.1E1,NaN,5E0,NaN,-1.183718E-3,1.1E1,3E0,1.397222E-1,-9.9565454E-2,-3.4001774E-1,5E0,3.0862993E-1,3E0,5E0,3E0,-5.3677633E-2,1.19822934E-1,-1.1378413E-1,-3.067222E-1,2E0,2.5833198E-1,6.275001E-2,-8.545709E-2,1.07243694E-1],"split_indices":[13,11,19,9,17,0,13,7,0,0,0,10,0,0,5,3,0,0,0,0,1,0,0,0,0],"split_type":[0,0,1,0,1,0,0,0,0,0,0,0,0,0,0,0,0,0,0,0,0,0,0,0,0],"sum_hessian":[5.6424973E1,2.6814941E1,2.9610031E1,1.2535182E1,1.4279759E1,1.6821759E0,2.7927856E1,1.1522537E1,1.0126451E0,1.1701748E0,1.3109585E1,6.760455E0,2.11674E1,2.6438055E0,8.878732E0,5.0480647E0,1.7123902E0,1.4873496E0,1.1564559E0,6.5697517E0,2.30898E0,3.84443E0,1.2036349E0,1.1371089E0,1.171871E0],"tree_param":{"num_deleted":"0","num_feature":"30","num_nodes":"25","size_leaf_vector":"0"}},{"base_weights":[5.3867154E-2,-6.7183596E-1,7.716877E-1,-2.9330495E-1,-4.1594577E-1,-3.2768343E-2,8.30769E-1,-1.2753393E-1,-7.716973E-1,4.496646E-1,2.835165E-1,-2.7514762E-1,9.0203755E-2,-2.7679276E-1,-2.8749108E-1,6.5472513E-1,3.9071206E-2,1.9489236E-1,-2.1503632E-1,5.5028234E-2,-1.8442105E-1,2.3357566E-1,3.5717074E-2,9.720064E-2,-9.371502E-2,7.70174E-2,-3.9464775E-1],"categories":[0,1,2,3,4,1,0,1,2,4,1,1],"categories_nodes":[2,8,12,15,16],"categories_segments":[0,5,6,10,11],