{"learner":{"attributes":{"best_ntree_limit":"3"},"feature_names":[],"feature_types":["q","q","q","q","q","q","q","q","q","q","q","q","q","q","c","c","c","c","c","c","c","c","c","c","c","c","c","c","c","c","c","c"],"gradient_booster":{"model":{"gbtree_model_param":{"num_parallel_tree":"1","num_trees":"3","size_leaf_vector":"0"},"tree_info":[0,0,0],"trees":[{"base_weights":[2.0332988E-1,-1.947618E0,1.4488357E0,-2.2871866E0,-1.1773065E0,9.624645E-1,4.690814E-1,-7.124848E-1,-2.1594276E-1,4.266259E-2,-1.574361E0,3.5837904E-1,2.2392543E-1,-1.5341894E-1,1.574978E-1,-1.5489077E-2,-1.8271003E0,3.1461397E-1,-2.913488E-1,-6.640504E-1,-2.2843676E0,-2.913488E-1,-1.5489077E-2,-8.2607394E-1,-1.5341894E-1],"categories":[1,1],"categories_nodes":[5,10],"categories_segments":[0,1],"categories_sizes":[1,1],"default_left":[1,1,0,0,0,0,0,0,0,0,0,0,0,0,0,0,0,0,0,0,1,0,0,0,0],"id":0,"left_children":[1,3,5,7,9,11,-1,-1,-1,13,15,-1,17,-1,-1,-1,19,-1,-1,21,23,-1,-1,-1,-1],"loss_changes":[2.0444783E2,4.637993E0,1.1876221E0,8.202057E-1,5.218771E0,1.7572212E0,0E0,0E0,0E0,1.2265431E0,3.0037842E0,0E0,5.015508E0,0E0,0E0,0E0,2.139408E0,0E0,0E0,5.7993937E-1,2.3562202E0,0E0,0E0,0E0,0E0],"parents":[2147483647,0,0,1,1,2,2,3,3,4,4,5,5,9,9,10,10,12,12,16,16,19,19,20,20],"right_children":[2,4,6,8,10,12,-1,-1,-1,14,16,-1,18,-1,-1,-1,20,-1,-1,22,24,-1,-1,-1,-1],"split_conditions":[1E1,9E0,1.1E1,5E0,5E0,NaN,4.690814E-1,-7.124848E-1,-2.1594276E-1,3E0,NaN,3.5837904E-1,2E0,-1.5341894E-1,1.574978E-1,-1.5489077E-2,1.1E1,3.1461397E-1,-2.913488E-1,8E0,4E0,-2.913488E-1,-1.5489077E-2,-8.2607394E-1,-1.5341894E-1],"split_indices":[13,13,12,9,11,18,0,0,0,11,19,0,3,0,0,0,11,0,0,11,9,0,0,0,0],"split_type":[0,0,0,0,0,1,0,0,0,0,1,0,0,0,0,0,0,0,0,0,0,0,0,0,0],"sum_hessian":[7.426117E1,2.7025427E1,4.7235744E1,1.7390274E1,9.635152E0,1.0810171E1,3.6425575E1,1.5980252E1,1.4100223E0,2.5850408E0,7.0501113E0,7.755122E0,3.0550482E0,1.1750185E0,1.4100223E0,1.1750185E0,5.8750925E0,1.8800297E0,1.1750185E0,2.350037E0,3.5250556E0,1.1750185E0,1.1750185E0,2.350037E0,1.1750185E0],"tree_param":{"num_deleted":"0","num_feature":"32","num_nodes":"25","size_leaf_vector":"0"}},{"base_weights":[2.4376109E-1,-1.3314747E0,1.3048011E0,-5.076701E-1,-9.647123E-1,1.3885482E-1,4.0254125E-1,-1.2041973E0,-3.0731946E-1,-8.6109616E-2,-1.3260525E0,-8.179371E-1,2.7295047E-1,-6.543799E-2,-1.4517349E0,3.9019644E-2,-3.5595343E-1,-5.343445E-1,-2.1119708E-1],"categories":[0,1,2,3,4,1],"categories_nodes":[2,10],"categories_segments":[0,5],"categories_sizes":[5,1],"default_left":[1,1,0,0,0,0,0,0,0,0,0,0,0,0,1,0,0,0,0],"id":1,"left_children":[1,3,5,-1,7,-1,-1,9,11,-1,13,15,-1,-1,17,-1,-1,-1,-1],"loss_changes":[1.2062247E2,2.2208214E0,7.1881104E-1,0E0,2.2697048E0,0E0,0E0,9.5464516E-1,4.361248E0,0E0,1.1134052E0,1.7708659E0,0E0,0E0,9.744911E-1,0E0,0E0,0E0,0E0],"parents":[2147483647,0,0,1,1,2,2,4,4,7,7,8,8,10,10,11,11,14,14],"right_children":[2,4,6,-1,8,-1,-1,10,12,-1,14,16,-1,-1,18,-1,-1,-1,-1],"split_conditions":[1E1,8E0,NaN,-5.076701E-1,5E0,1.3885482E-1,4.0254125E-1,2E0,2E0,-8.6109616E-2,NaN,3E0,2.7295047E-1,-6.543799E-2,5E0,3.9019644E-2,-3.5595343E-1,-5.343445E-1,-2.1119708E-1],"split_indices":[13,13,21,0,5,0,0,0,2,0,19,10,0,0,10,0,0,0,0],"split_type":[0,0,1,0,0,0,0,0,0,0,1,0,0,0,0,0,0,0,0],"sum_hessian":[7.01296E1,2.812296E1,4.200664E1,1.2355612E1,1.5767347E1,2.3371253E0,3.9669514E1,1.0947463E1,4.819884E0,1.6774381E0,9.270025E0,3.626497E0,1.1933869E0,1.22315E0,8.046875E0,1.1963925E0,2.4301045E0,4.626623E0,3.4202516E0],"tree_param":{"num_deleted":"0","num_feature":"32","num_nodes":"19","size_leaf_vector":"0"}},{"base_weights":[1.9545001E-1,-1.0448161E0,1.1237662E0,-1.258587E0,-5.895857E-1,6.798052E-2,1.1690682E0,-4.1178745E-1,-5.7117367E-1,4.4587433E-2,-1.0499557E0,7.643914E-1,3.8047525E-1,7.0485376E-2,-3.1701025E-1,5.028588E-1,-1.9571613E-1,-4.1384703E-1,4.8459366E-2,1.0236022E0,-1.1544923E-1,-1.4428704E-2,2.807E-1,3.6962312E-1,4.456851E-2],"categories":[0,1,2,3,4,1,0,1,3,4,1,0,1,3,4],"categories_nodes":[2,3,4,15,19],"categories_segments":[0,5,6,10,11],"categories_sizes":[5,1,4,1,4],"default_left":[1,1,0,0,0,0,0,0,1,0,0,0,0,0,0,0,0,0,0,0,0,0,0,0,0],"id":2,"left_children":[1,3,5,7,9,-1,11,-1,13,15,17,19,-1,-1,-1,21,-1,-1,-1,23,-1,-1,-1,-1,-1],"loss_changes":[7.2865524E1,1.9023018E0,1.2020569E0,5.963764E-1,3.1310475E0,0E0,3.9996338E-1,0E0,1.8992714E0,2.0536587E0,2.6826744E0,3.1443763E0,0E0,0E0,0E0,9.569001E-1,0E0,0E0,0E0,1.2411556E0,0E0,0E0,0E0,0E0,0E0],"parents":[2147483647,0,0,1,1,2,2,3,3,4,4,6,6,8,8,9,9,10,10,11,11,15,15,19,19],"right_children":[2,4,6,8,10,-1,12,-1,14,16,18,20,-1,-1,-1,22,-1,-1,-1,24,-1,-1,-1,-1,-1],"split_conditions":[1E1,9E0,NaN,NaN,NaN,6.798052E-2,1.1E1,-4.1178745E-1,1.6E1,1.1E1,4E0,5E0,3.8047525E-1,7.0485376E-2,-3.1701025E-1,NaN,-1.9571613E-1,-4.1384703E-1,4.8459366E-2,NaN,-1.1544923E-1,-1.4428704E-2,2.807E-1,3.6962312E-1,4.456851E-2],"split_indices":[13,13,21,24,21,0,13,0,11,11,9,10,0,0,0,26,0,0,0,21,0,0,0,0,0],"split_type":[0,0,1,1,1,0,0,0,0,0,0,0,0,0,0,1,0,0,0,1,0,0,0,0,0],"sum_hessian":[6.126675E1,2.617305E1,3.50937E1,1.6608955E1,9.564095E0,1.9753721E0,3.311833E1,1.3390721E1,3.2182353E0,4.4025717E0,5.161523E0,8.23312E0,2.4885208E1,1.403719E0,1.8145162E0,2.8241572E0,1.5784146E0,3.9487543E0,1.2127684E0,6.807071E0,1.4260488E0,1.6335545E0,1.1906027E0,5.167834E0,1.639237E0],"tree_param":{"num_deleted":"0","num_feature":"32","num_nodes":"25","size_leaf_vector":"0"}}]},"name":"gbtree"},"learner_model_param":{"base_score":"5E-1","num_class":"0","num_feature":"32","num_target":"1"},"objective":{"name":"reg:squarederror","reg_loss_param":{"scale_pos_weight":"1"}}},"version":[1,6,2]}