{"learner":{"attributes":{"best_ntree_limit":"5"},"feature_names":[],"feature_types":["q","q","q","q","q","q","q","q","q","q","q","q","q","q","c","c","c","c","c","c","c","c","c","c","c","c","c","c","c","c"],"gradient_booster":{"model":{"gbtree_model_param":{"num_parallel_tree":"1","num_trees":"5","size_leaf_vector":"0"},"tree_info":[0,0,0,0,0],"trees":[{"base_weights":[8.258175E-1,-1.6759428E0,1.1755327E0,-5.836622E-1,-6.8821645E-1,1.8295603E-1,1.3057727E0,-3.825275E-1,7.2467655E-2,4.0019917E-1,-7.091302E-1,3.1012097E-1,1.3306762E0,3.1920868E-1,7.886629E-2,-7.3329154E-3,-3.4528536E-1,2.1911836E-1,-2.851725E-2,8.6987925E-1,4.0681514E-1,4.6469155E-1,-4.8638627E-1,3.4551293E-1,1.3981183E-1,2.0565817E-1,-1.319346E-1,2.4187045E-1,-2.0418443E-1],"categories":[1,0,1,2,4],"categories_nodes":[4,9],"categories_segments":[0,1],"categories_sizes":[1,4],"default_left":[1,0,0,0,0,1,0,0,0,0,0,0,0,0,0,0,0,0,0,0,0,1,0,0,0,0,0,0,0],"id":0,"left_children":[1,3,5,-1,7,9,11,-1,-1,13,15,17,19,-1,21,-1,-1,-1,-1,23,-1,25,-1,-1,27,-1,-1,-1,-1],"loss_changes":[1.3068277E2,3.5754433E0,1.6522812E1,0E0,3.3116338E0,3.4239013E0,2.425354E0,0E0,0E0,2.8318331E0,1.0408767E0,7.670696E-1,1.224823E-1,0E0,7.503668E0,0E0,0E0,0E0,0E0,1.6087661E0,0E0,2.1319997E0,0E0,0E0,2.4808497E0,0E0,0E0,0E0,0E0],"parents":[2147483647,0,0,1,1,2,2,4,4,5,5,6,6,9,9,10,10,11,11,12,12,14,14,19,19,21,21,24,24],"right_children":[2,4,6,-1,8,10,12,-1,-1,14,16,18,20,-1,22,-1,-1,-1,-1,24,-1,26,-1,-1,28,-1,-1,-1,-1],"split_conditions":[9E0,9E0,1E1,-5.836622E-1,NaN,1E1,9E0,-3.825275E-1,7.2467655E-2,NaN,4E0,2E0,1E1,3.1920868E-1,5E0,-7.3329154E-3,-3.4528536E-1,2.1911836E-1,-2.851725E-2,2.2E1,4.0681514E-1,2E0,-4.8638627E-1,3.4551293E-1,3E0,2.0565817E-1,-1.319346E-1,2.4187045E-1,-2.0418443E-1],"split_indices":[13,12,13,0,16,11,12,0,0,19,1,0,12,0,5,0,0,0,0,11,0,4,0,0,9,0,0,0,0],"split_type":[0,0,0,0,1,0,0,0,0,1,0,0,0,0,0,0,0,0,0,0,0,0,0,0,0,0,0,0,0],"sum_hessian":[1.4611636E2,1.7455135E1,1.2866124E2,1.2950584E1,4.504551E0,1.520286E1,1.13458374E2,2.53381E0,1.970741E0,1.2669049E1,2.53381E0,3.0968788E0,1.10361496E2,3.3784132E0,9.290636E0,1.4076722E0,1.1261377E0,1.1261377E0,1.970741E0,7.60143E0,1.0276007E2,8.164498E0,1.1261377E0,5.06762E0,2.53381E0,6.7568264E0,1.4076722E0,1.4076722E0,1.1261377E0],"tree_param":{"num_deleted":"0","num_feature":"30","num_nodes":"29","size_leaf_vector":"0"}},{"base_weights":[6.5331423E-1,-1.218014E0,9.584269E-1,-3.946156E-1,-5.0390714E-1,1.5449339E-1,1.0750809E0,9.362571E-2,-2.8349283E-1,-2.1778038E-1,5.436221E-1,2.692123E-1,1.0974181E0,4.9897112E-2,-2.4660955E-1,9.1590655E-1,-3.0108964E-1,-4.406455E-2,2.1528837E-1,7.143653E-1,3.3575493E-1,-3.2021692E-1,2.3926257E-1,7.93252E-2,3.0364233E-1,-2.0625196E-1,6.852833E-2,2.8874472E-1,1.1488889E-1,9.662738E-2,-2.5554383E-1,-1.8730083E-1,2.2261961E-1],"categories":[3,2,0,1,2,3],"categories_nodes":[1,4,28],"categories_segments":[0,1,2],"categories_sizes":[1,1,4],"default_left":[1,0,0,0,0,0,0,0,0,1,0,0,0,0,0,0,0,0,0,0,0,0,0,0,0,0,0,0,0,0,0,0,0],"id":1,"left_children":[1,3,5,-1,7,9,11,-1,-1,13,15,17,19,21,-1,23,25,-1,-1,27,-1,29,-1,-1,-1,-1,-1,-1,31,-1,-1,-1,-1],"loss_changes":[7.746152E1,6.703167E-1,1.06610565E1,0E0,1.7063196E0,2.4068246E0,1.5163956E0,0E0,0E0,1.4623425E0,2.7946446E0,8.5915095E-1,1.4305115E-2,2.2013874E0,0E0,9.644604E-2,8.1239235E-1,0E0,0E0,1.0812507E0,0E0,2.124135E0,0E0,0E0,0E0,0E0,0E0,0E0,2.077244E0,0E0,0E0,0E0,0E0],"parents":[2147483647,0,0,1,1,2,2,4,4,5,5,6,6,9,9,10,10,11,11,12,12,13,13,15,15,16,16,19,19,21,21,28,28],"right_children":[2,4,6,-1,8,10,12,-1,-1,14,16,18,20,22,-1,24,26,-1,-1,28,-1,30,-1,-1,-1,-1,-1,-1,32,-1,-1,-1,-1],"split_conditions":[9E0,NaN,1E1,-3.946156E-1,NaN,1E1,9E0,9.362571E-2,-2.8349283E-1,1E1,5E0,2E0,1E1,3E0,-2.4660955E-1,3E0,1.1E1,-4.406455E-2,2.1528837E-1,2.2E1,3.3575493E-1,4E0,2.3926257E-1,7.93252E-2,3.0364233E-1,-2.0625196E-1,6.852833E-2,2.8874472E-1,NaN,9.662738E-2,-2.5554383E-1,-1.8730083E-1,2.2261961E-1],"split_indices":[13,20,13,0,21,12,12,0,0,11,7,3,12,8,0,7,12,0,0,11,0,10,0,0,0,0,0,0,18,0,0,0,0],"split_type":[0,1,0,0,1,0,0,0,0,0,0,0,0,0,0,0,0,0,0,0,0,0,0,0,0,0,0,0,1,0,0,0,0],"sum_hessian":[1.3262291E2,1.81728E1,1.144501E2,1.5251238E1,2.9215634E0,1.4797298E1,9.965281E1,1.1277043E0,1.793859E0,7.787473E0,7.0098248E0,3.0397258E0,9.661308E1,6.03254E0,1.7549334E0,4.8069882E0,2.2028368E0,1.9254776E0,1.1142482E0,7.01282E0,8.960026E1,4.4174333E0,1.6151067E0,1.1010084E0,3.7059796E0,1.1010084E0,1.1018283E0,4.5316706E0,2.4811492E0,2.178878E0,2.238555E0,1.1409229E0,1.3402263E0],"tree_param":{"num_deleted":"0","num_feature":"30","num_nodes":"33","size_leaf_vector":"0"}},{"base_weights":[5.000723E-1,-1.1092048E0,7.986804E-1,-3.6568832E-1,-4.7049084E-1,3.52786E-1,2.916082E-1,-2.4587195E-1,8.682826E-2,2.4134232E-2,6.5235275E-1,8.7550186E-2,-4.213539E-1,8.8383967E-1,6.1369957E-3,4.5477822E-1,-7.206758E-1,5.2253E-2,2.8409225E-1,-2.2495474E-1,3.926971E-1,2.0109297E-1,-5.2928317E-2,-6.6149354E-2,2.1719484E-1],"categories":[1,1],"categories_nodes":[9,20],"categories_segments":[0,1],"categories_sizes":[1,1],"default_left":[1,0,0,0,0,0,0,0,0,0,0,0,0,0,0,0,0,0,0,0,0,0,0,0,0],"id":2,"left_children":[1,3,5,-1,7,9,-1,-1,-1,11,13,-1,15,17,19,21,-1,-1,-1,-1,23,-1,-1,-1,-1],"loss_changes":[5.7869442E1,7.569103E-1,7.4331665E0,0E0,1.4074814E0,2.9114707E0,0E0,0E0,0E0,1.9376024E0,2.3156028E0,0E0,1.1715128E1,3.4657478E-1,1.7846168E0,8.099885E-1,0E0,0E0,0E0,0E0,9.783543E-1,0E0,0E0,0E0,0E0],"parents":[2147483647,0,0,1,1,2,2,4,4,5,5,9,9,10,10,12,12,13,13,14,14,15,15,20,20],"right_children":[2,4,6,-1,8,10,-1,-1,-1,12,14,-1,16,18,20,22,-1,-1,-1,-1,24,-1,-1,-1,-1],"split_conditions":[9E0,3E0,1.1E1,-3.6568832E-1,9E0,1E1,2.916082E-1,-2.4587195E-1,8.682826E-2,NaN,5E0,8.7550186E-2,3E0,3E0,6.00001E0,5E0,-7.206758E-1,5.2253E-2,2.8409225E-1,-2.2495474E-1,NaN,2.0109297E-1,-5.2928317E-2,-6.6149354E-2,2.1719484E-1],"split_indices":[13,8,13,0,12,12,0,0,0,29,7,0,4,11,4,5,0,0,0,0,29,0,0,0,0],"split_type":[0,0,0,0,0,0,0,0,0,1,0,0,0,0,0,0,0,0,0,0,1,0,0,0,0],"sum_hessian":[1.17581505E2,1.7978123E1,9.960338E1,1.4566554E1,3.4115689E0,2.8732056E1,7.087132E1,2.2839115E0,1.1276574E0,1.4216183E1,1.4515874E1,9.095492E0,5.12069E0,1.0416697E1,4.0991774E0,4.0845513E0,1.0361388E0,1.1580826E0,9.258614E0,1.0689192E0,3.0302584E0,2.9986727E0,1.0858784E0,1.1801926E0,1.8500657E0],"tree_param":{"num_deleted":"0","num_feature":"30","num_nodes":"25","size_leaf_vector":"0"}},{"base_weights":[4.7663486E-1,-8.377032E-1,7.4396366E-1,-2.9319733E-1,-3.9074892E-1,2.9545686E-1,8.2224256E-1,-3.1022292E-1,2.0515855E-1,-2.6676705E-1,5.5718887E-1,2.5071466E-1,6.557969E-2,2.5947142E-1,-2.3358703E-1,-1.4441694E-3,7.47318E-1,1.8760715E-1,-9.079312E-2,1.9837075E-1,1.3626081E0,-5.1771197E-2,2.330536E-1,5.523647E-1,2.888739E-2],"categories":[1,1,1,1],"categories_nodes":[1,10,13,19],"categories_segments":[0,1,2,3],"categories_sizes":[1,1,1,1],"default_left":[1,0,0,0,0,0,0,0,0,0,0,0,0,0,0,0,0,0,0,0,1,0,0,0,0],"id":3,"left_children":[1,3,5,-1,7,9,11,-1,-1,13,15,-1,-1,17,-1,-1,19,-1,-1,21,23,-1,-1,-1,-1],"loss_changes":[3.7714813E1,7.609072E-1,2.8554993E0,0E0,4.872476E0,2.308095E0,4.238472E-1,0E0,0E0,1.6398104E0,1.1081605E0,0E0,0E0,8.8483E-1,0E0,0E0,2.3407645E0,0E0,0E0,1.2618706E0,1.9285564E0,0E0,0E0,0E0,0E0],"parents":[2147483647,0,0,1,1,2,2,4,4,5,5,6,6,9,9,10,10,13,13,16,16,19,19,20,20],"right_children":[2,4,6,-1,8,10,12,-1,-1,14,16,-1,-1,18,-1,-1,20,-1,-1,22,24,-1,-1,-1,-1],"split_conditions":[9E0,NaN,1E1,-2.9319733E-1,4E0,6.00001E0,5E0,-3.1022292E-1,2.0515855E-1,5E0,NaN,2.5071466E-1,6.557969E-2,NaN,-2.3358703E-1,-1.4441694E-3,6E0,1.8760715E-1,-9.079312E-2,NaN,4E0,-5.1771197E-2,2.330536E-1,5.523647E-1,2.888739E-2],"split_indices":[13,16,13,0,11,4,8,0,0,10,26,0,0,29,0,0,11,0,0,25,1,0,0,0,0],"split_type":[0,1,0,0,0,0,0,0,0,0,1,0,0,1,0,0,0,0,0,1,0,0,0,0,0],