{"learner":{"attributes":{"best_ntree_limit":"2"},"feature_names":[],"feature_types":["q","q","q","q","q","q","q","q","q","q","q","q","q","q","c","c","c","c","c","c","c","c","c","c","c","c","c","c","c","c"],"gradient_booster":{"model":{"gbtree_model_param":{"num_parallel_tree":"1","num_trees":"2","size_leaf_vector":"0"},"tree_info":[0,0],"trees":[{"base_weights":[1.8069835E-1,-1.7239437E0,1.3331411E0,-2.151992E0,-9.3551654E-1,7.3001355E-1,4.39462E-1,-1.4926922E-1,-6.721518E-1,-3.6727548E-1,-1.5388963E0,1.0195619E0,1.3448375E-1,2.6476565E-1,-1.2105856E0,-5.721627E-1,-8.9250945E-2,3.7234497E-1,3.0668775E-2,2.86891E-1,-1.9908603E-1,-1.4916301E-1,7.878217E-1,-4.490101E-1,-7.4384086E-2,3.9042795E-1,-7.4384086E-2],"categories":[0,1,3,1,1],"categories_nodes":[9,10,13],"categories_segments":[0,3,4],"categories_sizes":[3,1,1],"default_left":[1,1,0,0,0,0,0,0,0,0,0,0,0,0,0,0,0,0,0,0,0,0,1,0,0,0,0],"id":0,"left_children":[1,3,5,7,9,11,-1,-1,-1,13,15,17,19,21,23,-1,-1,-1,-1,-1,-1,-1,25,-1,-1,-1,-1],"loss_changes":[1.7754167E2,8.291176E0,2.9274216E0,1.6705093E0,3.7250147E0,1.761591E0,0E0,0E0,0E0,4.4553375E0,2.064042E0,1.3482428E0,3.752879E0,2.486022E0,5.9365416E-1,0E0,0E0,0E0,0E0,0E0,0E0,0E0,2.1860833E0,0E0,0E0,0E0,0E0],"parents":[2147483647,0,0,1,1,2,2,3,3,4,4,5,5,9,9,10,10,11,11,12,12,13,13,14,14,22,22],"right_children":[2,4,6,8,10,12,-1,-1,-1,14,16,18,20,22,24,-1,-1,-1,-1,-1,-1,-1,26,-1,-1,-1,-1],"split_conditions":[1E1,9E0,1.1E1,2E0,1.1E1,9E0,4.39462E-1,-1.4926922E-1,-6.721518E-1,NaN,NaN,4E0,3E0,NaN,3E0,-5.721627E-1,-8.9250945E-2,3.7234497E-1,3.0668775E-2,2.86891E-1,-1.9908603E-1,-1.4916301E-1,3E0,-4.490101E-1,-7.4384086E-2,3.9042795E-1,-7.4384086E-2],"split_indices":[13,13,12,7,11,11,0,0,0,19,16,6,7,24,0,0,0,0,0,0,0,0,1,0,0,0,0],"split_type":[0,0,0,0,0,0,0,0,0,1,1,0,0,1,0,0,0,0,0,0,0,0,0,0,0,0,0],"sum_hessian":[7.883787E1,2.9532917E1,4.9304955E1,1.8020084E1,1.1512832E1,1.0011158E1,3.9293797E1,1.2513947E0,1.676869E1,6.7575316E0,4.7553E0,6.2569737E0,3.7541842E0,4.254742E0,2.5027895E0,3.2536263E0,1.5016737E0,4.7553E0,1.5016737E0,1.7519526E0,2.0022316E0,1.7519526E0,2.5027895E0,1.5016737E0,1.0011158E0,1.5016737E0,1.0011158E0],"tree_param":{"num_deleted":"0","num_feature":"30","num_nodes":"27","size_leaf_vector":"0"}},{"base_weights":[1.1637841E-1,-1.289367E0,1.1123718E0,-8.4047365E-1,-1.5878273E0,5.451763E-1,3.6580122E-1,-1.4076059E0,-3.808681E-1,-1.3460626E-1,-1.6699418E0,7.681976E-1,-1.05028205E-1,-4.6299726E-1,-1.15441866E-1,4.0744368E-2,-9.669497E-1,-5.464568E-1,-9.022398E-1,3.2320848E-1,-2.3691442E-2,-3.5151532E-1,2.520559E-1,-6.082593E-3,-4.078496E-1,-4.4331414E-1,9.453149E-2,5.994568E-2,-2.5436577E-1],"categories":[1,1,3],"categories_nodes":[4,10,11],"categories_segments":[0,1,2],"categories_sizes":[1,1,1],"default_left":[1,0,0,0,0,0,0,0,0,0,0,0,0,0,0,0,0,0,0,0,0,0,0,0,0,0,0,0,0],"id":1,"left_children":[1,3,5,7,9,11,-1,13,15,-1,17,19,-1,-1,-1,21,23,-1,25,-1,-1,27,-1,-1,-1,-1,-1,-1,-1],"loss_changes":[1.0579603E2,2.868847E0,2.0147057E0,3.2835436E0,9.0823364E-1,2.0291774E0,0E0,2.6518917E-1,2.3782556E0,0E0,2.3719788E-1,2.015615E0,0E0,0E0,0E0,2.3225715E0,1.4591341E0,0E0,3.7205775E0,0E0,0E0,1.5491831E0,0E0,0E0,0E0,0E0,0E0,0E0,0E0],"parents":[2147483647,0,0,1,1,2,2,3,3,4,4,5,5,7,7,8,8,10,10,11,11,15,15,16,16,18,18,21,21],"right_children":[2,4,6,8,10,12,-1,14,16,-1,18,20,-1,-1,-1,22,24,-1,26,-1,-1,28,-1,-1,-1,-1,-1,-1,-1],"split_conditions":[1E1,1.1E1,1.1E1,8E0,NaN,5E0,3.6580122E-1,7E0,1E1,-1.3460626E-1,NaN,NaN,-1.05028205E-1,-4.6299726E-1,-1.15441866E-1,4E0,3E0,-5.464568E-1,3E0,3.2320848E-1,-2.3691442E-2,2E0,2.520559E-1,-6.082593E-3,-4.078496E-1,-4.4331414E-1,9.453149E-2,5.994568E-2,-2.5436577E-1],"split_indices":[13,11,13,12,17,10,0,11,12,0,16,19,0,0,0,9,1,0,6,0,0,1,0,0,0,0,0,0,0],"split_type":[0,0,0,0,1,0,0,0,0,0,1,1,0,0,0,0,0,0,0,0,0,0,0,0,0,0,0,0,0],"sum_hessian":[7.35381E1,3.0373865E1,4.3164238E1,1.365395E1,1.6719915E1,7.81598E0,3.534826E1,5.188696E0,8.465254E0,1.5588461E0,1.5161069E1,6.3708677E0,1.4451121E0,4.1315475E0,1.0571482E0,5.4646215E0,3.000632E0,1.1514803E1,3.6462665E0,4.4684443E0,1.9024235E0,4.041762E0,1.4228597E0,1.1877921E0,1.81284E0,2.3306284E0,1.315638E0,2.1979125E0,1.8438494E0],"tree_param":{"num_deleted":"0","num_feature":"30","num_nodes":"29","size_leaf_vector":"0"}}]},"name":"gbtree"},"learner_model_param":{"base_score":"5E-1","num_class":"0","num_feature":"30","num_target":"1"},"objective":{"name":"reg:squarederror","reg_loss_param":{"scale_pos_weight":"1"}}},"version":[1,6,2]}