{"learner":{"attributes":{"best_ntree_limit":"3"},"feature_names":[],"feature_types":["q","q","q","q","q","q","q","q","q","q","q","q","q","q","c","c","c","c","c","c","c","c","c","c","c","c","c","c","c","c"],"gradient_booster":{"model":{"gbtree_model_param":{"num_parallel_tree":"1","num_trees":"3","size_leaf_vector":"0"},"tree_info":[0,0,0],"trees":[{"base_weights":[9.4415027E-1,-2.0669122E0,1.3448936E0,-7.245454E-1,-7.3742527E-1,1.7565562E-1,1.5161605E0,1.2244079E-1,-1.2610587E0,6.2377334E-1,-1.0989217E0,5.2996624E-1,4.6062174E-1,-5.672085E-1,-1.5489077E-2,-2.3627426E-1,8.9038557E-1,-4.051554E-2,-4.941973E-1,-1.5489077E-2,2.6037067E-1,-2.1594276E-1,1.2244079E-1,3.552252E-1,2.2392543E-1,-1.5341894E-1,2.1044838E-1],"categories":[1],"categories_nodes":[4],"categories_segments":[0],"categories_sizes":[1],"default_left":[1,0,0,0,0,0,0,0,1,0,1,0,0,0,0,0,0,0,0,0,0,0,0,0,1,0,0],"id":0,"left_children":[1,3,5,-1,7,9,11,-1,13,15,17,19,-1,-1,-1,21,23,-1,-1,-1,-1,-1,-1,-1,25,-1,-1],"loss_changes":[1.51443E2,5.1012955E0,2.1628555E1,0E0,3.2290573E0,9.310132E0,9.9383545E-1,0E0,2.4534364E0,2.918438E0,2.045199E0,7.032341E-1,0E0,0E0,0E0,1.4108602E0,1.5405645E0,0E0,0E0,0E0,0E0,0E0,0E0,0E0,1.7827412E0,0E0,0E0],"parents":[2147483647,0,0,1,1,2,2,4,4,5,5,6,6,8,8,9,9,10,10,11,11,15,15,16,16,24,24],"right_children":[2,4,6,-1,8,10,12,-1,14,16,18,20,-1,-1,-1,22,24,-1,-1,-1,-1,-1,-1,-1,26,-1,-1],"split_conditions":[9E0,9E0,1E1,-7.245454E-1,NaN,5E0,9E0,1.2244079E-1,8E0,9E0,4E0,4E0,4.6062174E-1,-5.672085E-1,-1.5489077E-2,4E0,5E0,-4.051554E-2,-4.941973E-1,-1.5489077E-2,2.6037067E-1,-2.1594276E-1,1.2244079E-1,3.552252E-1,4E0,-1.5341894E-1,2.1044838E-1],"split_indices":[13,12,13,0,14,5,12,0,11,12,11,5,0,0,0,7,10,0,0,0,0,0,0,0,11,0,0],"split_type":[0,0,0,0,1,0,0,0,0,0,0,0,0,0,0,0,0,0,0,0,0,0,0,0,0,0,0],"sum_hessian":[1.2220193E2,1.3865219E1,1.0833671E2,1.0340163E1,3.5250556E0,1.4100223E1,9.423649E1,1.1750185E0,2.350037E0,1.0810171E1,3.290052E0,2.350037E0,9.188645E1,1.1750185E0,1.1750185E0,2.5850408E0,8.22513E0,1.645026E0,1.645026E0,1.1750185E0,1.1750185E0,1.4100223E0,1.1750185E0,5.1700816E0,3.0550482E0,1.1750185E0,1.8800297E0],"tree_param":{"num_deleted":"0","num_feature":"30","num_nodes":"27","size_leaf_vector":"0"}},{"base_weights":[7.753801E-1,-1.3814464E0,1.1195344E0,-4.941705E-1,-4.1186014E-1,1.2278004E-1,1.2843405E0,-3.1684557E-1,1.3420314E-1,4.9974656E-1,-8.616171E-1,4.590647E-1,1.3021299E0,7.0523155E-1,-1.04074255E-1,-3.2724477E-2,-3.82928E-1,-2.1755494E-2,2.3601979E-1,2.1977018E-1,1.324266E0,9.193205E-1,-4.3258272E-2,9.5577663E-1,1.3766241E0,-1.8042872E-3,3.2765454E-1,3.642473E-1,1.15956225E-1,1.4001097E-1,4.1779095E-1],"categories":[1,1],"categories_nodes":[4,12],"categories_segments":[0,1],"categories_sizes":[1,1],"default_left":[1,0,0,0,0,0,0,0,0,1,1,0,0,0,0,0,0,0,0,0,0,0,0,0,0,0,0,0,0,0,0],"id":1,"left_children":[1,3,5,-1,7,9,11,-1,-1,13,15,17,19,21,-1,-1,-1,-1,-1,-1,23,25,-1,27,29,-1,-1,-1,-1,-1,-1],"loss_changes":[8.295264E1,3.3260727E0,1.5469582E1,0E0,3.0613241E0,5.8496175E0,5.9916687E-1,0E0,0E0,2.1918702E0,1.2376275E0,6.2572867E-1,2.9220581E-2,1.8303852E0,0E0,0E0,0E0,0E0,0E0,0E0,1.3241577E-1,1.2210112E0,0E0,1.3853474E0,2.7451324E-1,0E0,0E0,0E0,0E0,0E0,0E0],"parents":[2147483647,0,0,1,1,2,2,4,4,5,5,6,6,9,9,10,10,11,11,12,12,13,13,20,20,21,21,23,23,24,24],"right_children":[2,4,6,-1,8,10,12,-1,-1,14,16,18,20,22,-1,-1,-1,-1,-1,-1,24,26,-1,28,30,-1,-1,-1,-1,-1,-1],"split_conditions":[9E0,9E0,1E1,-4.941705E-1,NaN,5E0,9E0,-3.1684557E-1,1.3420314E-1,4E0,4E0,4E0,NaN,5E0,-1.04074255E-1,-3.2724477E-2,-3.82928E-1,-2.1755494E-2,2.3601979E-1,2.1977018E-1,1.1E1,9E0,-4.3258272E-2,2.2E1,2E0,-1.8042872E-3,3.2765454E-1,3.642473E-1,1.15956225E-1,1.4001097E-1,4.1779095E-1],"split_indices":[13,12,13,0,16,5,12,0,0,1,11,10,27,7,0,0,0,0,0,0,13,12,0,11,5,0,0,0,0,0,0],"split_type":[0,0,0,0,1,0,0,0,0,0,0,0,1,0,0,0,0,0,0,0,0,0,0,0,0,0,0,0,0,0,0],"sum_hessian":[1.0867012E2,1.4539097E1,9.413102E1,1.08625E1,3.676597E0,1.3603206E1,8.052782E1,1.9700747E0,1.7065225E0,1.0192432E1,3.4107733E0,2.264826E0,7.826299E1,8.336262E0,1.8561715E0,1.6607879E0,1.7499853E0,1.160616E0,1.1042101E0,4.203383E0,7.405961E1,6.5924244E0,1.7438371E0,1.1609344E1,6.2450264E1,1.1896068E0,5.4028177E0,7.2057996E0,4.4035444E0,1.6012888E0,6.0848976E1],"tree_param":{"num_deleted":"0","num_feature":"30","num_nodes":"31","size_leaf_vector":"0"}},{"base_weights":[6.5504575E-1,-5.7650775E-1,1.1457098E0,-1.174941E0,8.0793165E-2,5.216564E-1,3.5464504E-1,-4.1885862E-1,-3.6863145E-1,3.985026E-1,-7.06903E-1,-7.677772E-2,9.5049113E-1,-3.6776686E-1,2.2829182E-1,7.202673E-1,-6.7977E-2,-3.4841678E-1,-2.5280913E-2,-5.9337765E-2,4.7246525E-1,3.2989162E-1,-1.2800257E-1,-2.5790834E-1,3.8516408E-1,-5.3686466E-2,1.9603896E-1],"categories":[1,1,1],"categories_nodes":[3,5,15],"categories_segments":[0,1,2],"categories_sizes":[1,1,1],"default_left":[1,1,0,0,0,0,0,0,0,0,0,0,0,0,0,0,0,0,0,0,0,0,0,0,0,0,0],"id":2,"left_children":[1,3,5,7,9,11,-1,-1,13,15,17,-1,19,-1,-1,21,23,-1,-1,-1,-1,-1,-1,-1,25,-1,-1],"loss_changes":[5.7047382E1,1.0813833E1,9.08371E-1,2.041462E0,3.7658148E0,2.0738263E0,0E0,0E0,5.2361536E0,1.6340051E0,1.1364534E0,0E0,3.0005157E0,0E0,0E0,3.2259557E0,2.2054496E0,0E0,0E0,0E0,0E0,0E0,0E0,0E0,7.243639E-1,0E0,0E0],"parents":[2147483647,0,0,1,1,2,2,3,3,4,4,5,5,8,8,9,9,10,10,12,12,15,15,16,16,24,24],"right_children":[2,4,6,8,10,12,-1,-1,14,16,18,-1,20,-1,-1,22,24,-1,-1,-1,-1,-1,-1,-1,26,-1,-1],"split_conditions":[1E1,9E0,2E0,NaN,5E0,NaN,3.5464504E-1,-4.1885862E-1,4E0,5E0,2E0,-7.677772E-2,2E0,-3.6776686E-1,2.2829182E-1,NaN,6.00001E0,-3.4841678E-1,-2.5280913E-2,-5.9337765E-2,4.7246525E-1,3.2989162E-1,-1.2800257E-1,-2.5790834E-1,3E0,-5.3686466E-2,1.9603896E-1],"split_indices":[13,13,7,16,5,28,0,0,11,10,2,0,1,0,0,16,4,0,0,0,0,0,0,0,0,0,0],"split_type":[0,0,0,1,0,1,0,0,0,0,0,0,0,0,0,1,0,0,0,0,0,0,0,0,0,0,0],"sum_hessian":[9.231264E1,2.6250252E1,6.6062386E1,1.3328199E1,1.2922052E1,4.4897223E0,6.157266E1,9.884319E0,3.44388E0,9.560151E0,3.3619013E0,1.7392477E0,2.7504745E0,1.9095116E0,1.5343686E0,5.3356905E0,4.2244606E0,1.4431784E0,1.918723E0,1.2094574E0,1.5410169E0,4.040476E0,1.2952148E0,1.2111602E0,3.0133004E0,1.0785565E0,1.9347438E0],"tree_param":{"num_deleted":"0","num_feature":"30","num_nodes":"27","size_leaf_vector":"0"}}]},"name":"gbtree"},"learner_model_param":{"base_score":"5E-1","num_class":"0","num_feature":"30","num_target":"1"},"objective":{"name":"reg:squarederror","reg_loss_param":{"scale_pos_weight":"1"}}},"version":[1,6,2]}