{"learner":{"attributes":{"best_ntree_limit":"2"},"feature_names":[],"feature_types":["q","q","q","q","q","q","q","q","q","q","q","q","q","q","c","c","c","c","c","c","c","c","c","c","c","c","c","c","c","c"],"gradient_booster":{"model":{"gbtree_model_param":{"num_parallel_tree":"1","num_trees":"2","size_leaf_vector":"0"},"tree_info":[0,0],"trees":[{"base_weights":[1.81888E-1,-1.7227784E0,1.3343219E0,-6.9524246E-1,-1.1317478E0,7.311089E-1,4.3981445E-1,-5.4492074E-1,-1.7060231E0,8.924797E-1,3.3545475E-3,-9.085781E-1,3.0344445E-1,-6.628166E-1,-5.8018726E-1,-1.5817601E-2,1.0517508E0,2.2562945E-1,-2.2411963E-1,6.909409E-2,-1.3128632E0,-8.903399E-2,2.5068387E-1,7.57131E-2,-3.7403598E-1,6.909409E-2,3.7590936E-1,-7.420327E-2,-4.4843587E-1],"categories":[1,1,1,1],"categories_nodes":[10,12,13,20],"categories_segments":[0,1,2,3],"categories_sizes":[1,1,1,1],"default_left":[1,1,0,0,0,0,0,0,0,0,0,0,0,0,0,0,0,0,0,0,0,0,0,0,0,0,0,0,0],"id":0,"left_children":[1,3,5,-1,7,9,-1,11,13,15,17,19,21,23,-1,-1,25,-1,-1,-1,27,-1,-1,-1,-1,-1,-1,-1,-1],"loss_changes":[1.7754303E2,8.109024E0,2.9253387E0,0E0,4.889719E0,1.2901382E0,0E0,3.3639436E0,6.817703E-1,1.4116917E0,2.2487369E0,3.6437488E0,1.4468E0,1.9191897E0,0E0,0E0,9.9403477E-1,0E0,0E0,0E0,6.9738007E-1,0E0,0E0,0E0,0E0,0E0,0E0,0E0,0E0],"parents":[2147483647,0,0,1,1,2,2,4,4,5,5,7,7,8,8,9,9,10,10,11,11,12,12,13,13,16,16,20,20],"right_children":[2,4,6,-1,8,10,-1,12,14,16,18,20,22,24,-1,-1,26,-1,-1,-1,28,-1,-1,-1,-1,-1,-1,-1,-1],"split_conditions":[1E1,8E0,1.1E1,-6.9524246E-1,1.1E1,3E0,4.3981445E-1,5E0,2E0,2E0,NaN,3E0,NaN,NaN,-5.8018726E-1,-1.5817601E-2,2E0,2.2562945E-1,-2.2411963E-1,6.909409E-2,NaN,-8.903399E-2,2.5068387E-1,7.57131E-2,-3.7403598E-1,6.909409E-2,3.7590936E-1,-7.420327E-2,-4.4843587E-1],"split_indices":[13,13,12,0,11,3,0,5,3,4,24,7,29,24,0,0,9,0,0,0,28,0,0,0,0,0,0,0,0],"split_type":[0,0,0,0,0,0,0,0,0,0,1,0,1,1,0,0,0,0,0,0,1,0,0,0,0,0,0,0,0],"sum_hessian":[7.883787E1,2.9532917E1,4.9304955E1,1.3264784E1,1.6268131E1,1.0011158E1,3.9293797E1,9.010042E0,7.2580895E0,8.008926E0,2.0022316E0,6.2569737E0,2.7530684E0,2.0022316E0,5.255858E0,1.2513947E0,6.7575316E0,1.0011158E0,1.0011158E0,1.7519526E0,4.505021E0,1.5016737E0,1.2513947E0,1.0011158E0,1.0011158E0,1.7519526E0,5.005579E0,1.0011158E0,3.5039053E0],"tree_param":{"num_deleted":"0","num_feature":"30","num_nodes":"29","size_leaf_vector":"0"}},{"base_weights":[1.5844381E-1,-1.1865838E0,1.1194028E0,-1.4470185E0,-6.097433E-1,5.8086056E-1,3.6628556E-1,-1.5075623E0,-3.5669956E-2,4.80422E-2,-1.2970445E0,8.0477756E-1,-7.693747E-2,-1.1263862E-1,-4.7488555E-1,8.0238396E-1,-7.6738715E-1,-4.626527E-1,-8.039682E-2,3.4675345E-1,-1.11606956E-1,3.3717343E-1,1.4619886E-2,4.1955255E-4,-3.3945858E-1],"categories":[0,1,3,3,0,1,2],"categories_nodes":[4,5,15],"categories_segments":[0,3,4],"categories_sizes":[3,1,3],"default_left":[1,1,0,0,0,0,0,0,0,0,1,0,0,0,0,0,0,0,0,0,0,0,0,0,0],"id":1,"left_children":[1,3,5,7,9,11,-1,13,-1,15,17,19,-1,-1,-1,21,23,-1,-1,-1,-1,-1,-1,-1,-1],"loss_changes":[9.8278564E1,3.8864822E0,1.7116089E0,1.5207176E0,5.307562E0,1.8806934E0,0E0,1.1240692E0,0E0,4.8554645E0,1.0269413E0,3.440744E0,0E0,0E0,0E0,9.312911E-1,1.0719128E0,0E0,0E0,0E0,0E0,0E0,0E0,0E0,0E0],"parents":[2147483647,0,0,1,1,2,2,3,3,4,4,5,5,7,7,9,9,10,10,11,11,15,15,16,16],"right_children":[2,4,6,8,10,12,-1,14,-1,16,18,20,-1,-1,-1,22,24,-1,-1,-1,-1,-1,-1,-1,-1],"split_conditions":[1E1,9E0,1.1E1,4E0,NaN,NaN,3.6628556E-1,2E0,-3.5669956E-2,1E1,3E0,5E0,-7.693747E-2,-1.1263862E-1,-4.7488555E-1,NaN,3E0,-4.626527E-1,-8.039682E-2,3.4675345E-1,-1.11606956E-1,3.3717343E-1,1.4619886E-2,4.1955255E-4,-3.3945858E-1],"split_indices":[13,13,13,2,19,19,0,7,0,12,8,10,0,0,0,18,1,0,0,0,0,0,0,0,0],"split_type":[0,0,0,0,1,1,0,0,0,0,0,0,0,0,0,1,0,0,0,0,0,0,0,0,0],"sum_hessian":[7.400895E1,3.0743431E1,4.326552E1,2.0141382E1,1.060205E1,7.930088E0,3.533543E1,1.9134024E1,1.0073575E0,5.8926024E0,4.709448E0,6.2875314E0,1.6425568E0,1.5680102E0,1.7566015E1,3.0692666E0,2.8233356E0,3.400728E0,1.3087198E0,4.8565235E0,1.4310076E0,1.8070447E0,1.2622219E0,1.2276489E0,1.5956868E0],"tree_param":{"num_deleted":"0","num_feature":"30","num_nodes":"25","size_leaf_vector":"0"}}]},"name":"gbtree"},"learner_model_param":{"base_score":"5E-1","num_class":"0","num_feature":"30","num_target":"1"},"objective":{"name":"reg:squarederror","reg_loss_param":{"scale_pos_weight":"1"}}},"version":[1,6,2]}