{"learner":{"attributes":{"best_ntree_limit":"3"},"feature_names":[],"feature_types":["q","q","q","q","q","q","q","q","q","q","q","q","q","q","c","c","c","c","c","c","c","c","c","c","c","c","c","c","c","c"],"gradient_booster":{"model":{"gbtree_model_param":{"num_parallel_tree":"1","num_trees":"3","size_leaf_vector":"0"},"tree_info":[0,0,0],"trees":[{"base_weights":[1.9079672E-1,-1.7157586E0,1.3178917E0,-2.0673747E0,-9.382791E-1,7.2899586E-1,4.3987364E-1,-2.150203E0,-7.4100666E-2,-7.849371E-2,-1.6136829E0,2.8202683E-1,-6.728925E-2,-7.4100666E-2,-6.726705E-1,-2.2855459E-1,7.341621E-1,-5.980934E-1,-1.5703605E-2,2.5079787E-1,-2.822051E-1,5.2556485E-1,-1.4895435E-1],"categories":[0,1,3,1,1],"categories_nodes":[4,5,9],"categories_segments":[0,3,4],"categories_sizes":[3,1,1],"default_left":[1,1,0,0,0,0,0,0,0,0,0,0,0,0,0,0,1,0,0,0,0,0,0],"id":0,"left_children":[1,3,5,7,9,11,-1,13,-1,15,17,-1,19,-1,-1,-1,21,-1,-1,-1,-1,-1,-1],"loss_changes":[1.7489792E2,6.33873E0,3.391594E0,2.4876556E0,6.412879E0,2.1244788E0,0E0,2.777626E0,0E0,3.894413E0,3.6069183E0,0E0,3.549831E0,0E0,0E0,0E0,4.9435554E0,0E0,0E0,0E0,0E0,0E0,0E0],"parents":[2147483647,0,0,1,1,2,2,3,3,4,4,5,5,7,7,9,9,10,10,12,12,16,16],"right_children":[2,4,6,8,10,12,-1,14,-1,16,18,-1,20,-1,-1,-1,22,-1,-1,-1,-1,-1,-1],"split_conditions":[1E1,9E0,1.1E1,4E0,NaN,NaN,4.3987364E-1,2E0,-7.4100666E-2,NaN,3E0,2.8202683E-1,2E0,-7.4100666E-2,-6.726705E-1,-2.2855459E-1,1E1,-5.980934E-1,-1.5703605E-2,2.5079787E-1,-2.822051E-1,5.2556485E-1,-1.4895435E-1],"split_indices":[13,13,12,2,19,16,0,7,0,24,8,0,1,0,0,0,11,0,0,0,0,0,0],"split_type":[0,0,0,0,1,1,0,0,0,1,0,0,0,0,0,0,0,0,0,0,0,0,0],"sum_hessian":[7.9338425E1,2.9282637E1,5.005579E1,1.90212E1,1.0261436E1,1.1262552E1,3.8793236E1,1.8020084E1,1.0011158E0,5.005579E0,5.255858E0,8.759764E0,2.5027895E0,1.0011158E0,1.7018969E1,2.7530684E0,2.2525105E0,4.004463E0,1.2513947E0,1.2513947E0,1.2513947E0,1.0011158E0,1.2513947E0],"tree_param":{"num_deleted":"0","num_feature":"30","num_nodes":"23","size_leaf_vector":"0"}},{"base_weights":[1.9929959E-1,-1.2534754E0,1.1718378E0,-7.6443595E-1,-4.702058E-1,7.790642E-1,3.7719265E-1,3.825294E-1,-1.0397586E0,1.0064958E0,-4.02851E-2,1.5643471E-3,1.7416516E-1,-1.4038403E0,2.5644234E-1,3.8806278E-1,1.0916211E-2,1.4154476E-1,-1.7593086E-1,-5.1267004E-1,-4.8791847E-1,-1.6583945E-1,2.4812485E-1,-2.6363623E-1,1.55996E-2],"categories":[0,1,3,4],"categories_nodes":[9],"categories_segments":[0],"categories_sizes":[4],"default_left":[1,0,0,0,0,0,0,0,0,0,0,0,0,0,0,0,0,0,0,0,0,0,0,0,0],"id":1,"left_children":[1,3,5,7,-1,9,-1,11,13,15,17,-1,-1,19,21,-1,-1,-1,-1,23,-1,-1,-1,-1,-1],"loss_changes":[1.08823326E2,3.5529175E0,5.657654E-1,4.8350983E0,0E0,2.0634356E0,0E0,2.5483048E-1,5.8346233E0,2.3297758E0,1.2052636E0,0E0,0E0,9.930935E-1,2.0224037E0,0E0,0E0,0E0,0E0,7.281259E-1,0E0,0E0,0E0,0E0,0E0],"parents":[2147483647,0,0,1,1,2,2,3,3,5,5,7,7,8,8,9,9,10,10,13,13,14,14,19,19],"right_children":[2,4,6,8,-1,10,-1,12,14,16,18,-1,-1,20,22,-1,-1,-1,-1,24,-1,-1,-1,-1,-1],"split_conditions":[1E1,1.1E1,1.1E1,2E0,-4.702058E-1,5E0,3.7719265E-1,5E0,5E0,NaN,7E0,1.5643471E-3,1.7416516E-1,2E0,2E0,3.8806278E-1,1.0916211E-2,1.4154476E-1,-1.7593086E-1,8E0,-4.8791847E-1,-1.6583945E-1,2.4812485E-1,-2.6363623E-1,1.55996E-2],"split_indices":[13,11,13,0,0,10,0,11,5,19,11,0,0,3,9,0,0,0,0,12,0,0,0,0,0],"split_type":[0,0,0,0,0,0,0,0,0,1,0,0,0,0,0,0,0,0,0,0,0,0,0,0,0],"sum_hessian":[7.498275E1,2.9951864E1,4.5030884E1,1.3051817E1,1.690005E1,9.855555E0,3.517533E1,2.4511585E0,1.0600658E1,7.5354786E0,2.3200765E0,1.1968946E0,1.2542639E0,8.211218E0,2.3894398E0,5.5576253E0,1.977853E0,1.2676067E0,1.0524697E0,2.3009892E0,5.910229E0,1.0010672E0,1.3883728E0,1.0584364E0,1.2425528E0],"tree_param":{"num_deleted":"0","num_feature":"30","num_nodes":"25","size_leaf_vector":"0"}},{"base_weights":[1.684307E-1,-9.5912087E-1,1.0040102E0,-3.8822582E-1,-6.6744876E-1,6.384618E-1,3.280154E-1,2.7796936E-1,-8.489442E-1,8.401121E-1,-3.771868E-2,2.6847753E-1,-1.5166056E-1,-1.0590404E0,-2.1453246E-1,3.3168364E-1,8.757024E-3,1.1996155E-1,-1.47808E-1,-1.2226609E0,4.8276308E-4,2.1587345E-1,-1.9346213E-1,-4.082879E-1,-1.412199E-1,-1.4087106E-1,2.1778406E-1],"categories":[3,0,1,3,4],"categories_nodes":[7,9],"categories_segments":[0,1],"categories_sizes":[1,4],"default_left":[1,1,0,0,0,0,0,0,0,0,0,0,0,0,0,0,0,0,0,0,0,0,0,0,0,0,0],"id":2,"left_children":[1,3,5,-1,7,9,-1,11,13,15,17,-1,-1,19,21,-1,-1,-1,-1,23,-1,25,-1,-1,-1,-1,-1],"loss_changes":[6.515591E1,2.0195541E0,5.963974E-1,0E0,3.2971997E0,1.420795E0,0E0,2.2054834E0,1.8006086E0,1.666522E0,8.534784E-1,0E0,0E0,1.9413004E0,1.072525E0,0E0,0E0,0E0,0E0,3.6626148E-1,0E0,1.483626E0,0E0,0E0,0E0,0E0,0E0],"parents":[2147483647,0,0,1,1,2,2,4,4,5,5,7,7,8,8,9,9,10,10,13,13,14,14,19,19,21,21],"right_children":[2,4,6,-1,8,10,-1,12,14,16,18,-1,-1,20,22,-1,-1,-1,-1,24,-1,26,-1,-1,-1,-1,-1],"split_conditions":[1E1,8E0,1.1E1,-3.8822582E-1,2E0,5E0,3.280154E-1,NaN,5E0,NaN,7E0,2.6847753E-1,-1.5166056E-1,5E0,1.1E1,3.3168364E-1,8.757024E-3,1.1996155E-1,-1.47808E-1,3E0,4.8276308E-4,2E0,-1.9346213E-1,-4.082879E-1,-1.412199E-1,-1.4087106E-1,2.1778406E-1],"split_indices":[13,13,13,0,0,10,0,19,5,19,11,0,0,6,11,0,0,0,0,8,0,9,0,0,0,0,0],"split_type":[0,0,0,0,0,0,0,1,0,1,0,0,0,0,0,0,0,0,0,0,0,0,0,0,0,0,0],"sum_hessian":[6.713387E1,2.8511671E1,3.8622204E1,1.1671259E1,1.6840412E1,9.187653E0,2.9434551E1,2.6266286E0,1.4213783E1,6.890372E0,2.297281E0,1.3899395E0,1.2366891E0,1.0174874E1,4.038909E0,4.9170904E0,1.9732815E0,1.2327474E0,1.0645336E0,8.682695E0,1.4921786E0,2.2684674E0,1.7704415E0,6.6496882E0,2.0330074E0,1.0017323E0,1.2667352E0],"tree_param":{"num_deleted":"0","num_feature":"30","num_nodes":"27","size_leaf_vector":"0"}}]},"name":"gbtree"},"learner_model_param":{"base_score":"5E-1","num_class":"0","num_feature":"30","num_target":"1"},"objective":{"name":"reg:squarederror","reg_loss_param":{"scale_pos_weight":"1"}}},"version":[1,6,2]}