{"learner":{"attributes":{"best_ntree_limit":"9"},"feature_names":[],"feature_types":["q","q","q","q","q","q","q","q","q","q","q","q","q","q","c","c","c","c","c","c","c","c","c","c","c","c","c","c","c","c"],"gradient_booster":{"model":{"gbtree_model_param":{"num_parallel_tree":"1","num_trees":"9","size_leaf_vector":"0"},"tree_info":[0,0,0,0,0,0,0,0,0],"trees":[{"base_weights":[9.428844E-1,-6.9096756E-1,1.3295778E0,-3.2042593E-1,1.4371257E0,-9.082387E-1,2.186213E-1,3.943815E-1,4.6099308E-1,1.2244079E-1,-4.941973E-1,6.005363E-1,-1.5341894E-1,3.754502E-1,-2.2712186E-1,-1.5489077E-2,2.8197798E-1,5.2996624E-1,-7.3742527E-1,-1.5489077E-2,2.6037067E-1,-3.469113E-1,3.301761E-2],"categories":[1],"categories_nodes":[5],"categories_segments":[0],"categories_sizes":[1],"default_left":[1,0,0,0,0,0,0,0,0,0,0,0,0,0,0,0,0,0,0,0,0,0,0],"id":0,"left_children":[1,-1,3,5,7,9,11,13,-1,-1,-1,15,-1,-1,17,-1,-1,19,21,-1,-1,-1,-1],"loss_changes":[1.5741644E2,0E0,2.007129E1,2.6003833E0,1.0179123E1,4.3889055E0,1.6342392E0,5.824427E0,0E0,0E0,0E0,8.420378E-1,0E0,0E0,3.0469656E0,0E0,0E0,7.032341E-1,1.7338886E0,0E0,0E0,0E0,0E0],"parents":[2147483647,0,0,2,2,3,3,4,4,5,5,6,6,7,7,11,11,14,14,17,17,18,18],"right_children":[2,-1,4,6,8,10,12,14,-1,-1,-1,16,-1,-1,18,-1,-1,20,22,-1,-1,-1,-1],"split_conditions":[9E0,-6.9096756E-1,9E0,4E0,1E1,NaN,2E0,4E0,4.6099308E-1,1.2244079E-1,-4.941973E-1,4E0,-1.5341894E-1,3.754502E-1,2E0,-1.5489077E-2,2.8197798E-1,2E0,2E0,-1.5489077E-2,2.6037067E-1,-3.469113E-1,3.301761E-2],"split_indices":[13,0,12,10,13,25,3,10,0,0,0,9,0,0,9,0,0,0,3,0,0,0,0],"split_type":[0,0,0,0,0,1,0,0,0,0,0,0,0,0,0,0,0,0,0,0,0,0,0],"sum_hessian":[1.2196693E2,1.2455196E1,1.0951173E2,6.580104E0,1.02931625E2,2.8200445E0,3.7600594E0,9.400148E0,9.353148E1,1.1750185E0,1.645026E0,2.5850408E0,1.1750185E0,3.5250556E0,5.8750925E0,1.1750185E0,1.4100223E0,2.350037E0,3.5250556E0,1.1750185E0,1.1750185E0,2.1150334E0,1.4100223E0],"tree_param":{"num_deleted":"0","num_feature":"30","num_nodes":"23","size_leaf_vector":"0"}},{"base_weights":[7.788622E-1,-4.6661267E-1,1.1130996E0,2.3396145E-1,1.2788515E0,4.5614928E-1,-6.975774E-1,1.3004417E0,-4.8753604E-2,9.8851866E-1,-7.81693E-2,6.2279023E-2,-4.4733295E-1,1.3306586E0,8.1999266E-1,3.456008E-1,9.101606E-2,1.5958953E-1,4.0299442E-1,3.4688365E-1,-3.419075E-2],"categories":[1,3,1],"categories_nodes":[3,9],"categories_segments":[0,2],"categories_sizes":[2,1],"default_left":[1,0,0,0,1,0,0,0,0,0,0,0,0,0,0,0,0,0,0,0,0],"id":1,"left_children":[1,-1,3,5,7,9,11,13,-1,15,-1,-1,-1,17,19,-1,-1,-1,-1,-1,-1],"loss_changes":[8.7146324E1,0E0,1.3740791E1,3.7349675E0,2.7270966E0,5.5739756E0,2.8770761E0,6.678772E-2,0E0,5.693579E-1,0E0,0E0,0E0,2.7709961E-2,2.4324784E0,0E0,0E0,0E0,0E0,0E0,0E0],"parents":[2147483647,0,0,2,2,3,3,4,4,5,5,6,6,7,7,9,9,13,13,14,14],"right_children":[2,-1,4,6,8,10,12,14,-1,16,-1,-1,-1,18,20,-1,-1,-1,-1,-1,-1],"split_conditions":[9E0,-4.6661267E-1,1E1,NaN,2E0,4E0,4E0,5E0,-4.8753604E-2,NaN,-7.81693E-2,6.2279023E-2,-4.4733295E-1,2E0,4E0,3.456008E-1,9.101606E-2,1.5958953E-1,4.0299442E-1,3.4688365E-1,-3.419075E-2],"split_indices":[13,0,12,18,4,2,11,6,0,20,0,0,0,5,9,0,0,0,0,0,0],"split_type":[0,0,0,1,0,0,0,0,0,1,0,0,0,0,0,0,0,0,0,0,0],"sum_hessian":[1.08479836E2,1.3129928E1,9.534991E1,1.5507992E1,7.984191E1,1.2933468E1,2.5745242E0,7.875993E1,1.0819762E0,7.203514E0,5.7299533E0,1.5475914E0,1.0269328E0,7.243471E1,6.325231E0,5.2656164E0,1.9378977E0,1.8011513E0,7.063355E1,4.475667E0,1.8495643E0],"tree_param":{"num_deleted":"0","num_feature":"30","num_nodes":"21","size_leaf_vector":"0"}},{"base_weights":[6.957209E-1,-1.2456967E0,9.915866E-1,-1.3045391E0,-9.977431E-2,1.3837238E-1,1.1423223E0,-1.3381425E-1,-4.118157E-1,5.284136E-1,-6.8514526E-1,-1.2955146E-1,3.5629454E-1,3.2378945E-1,2.2363506E-1,-3.5286802E-1,6.545647E-3,-1.7375326E-1,1.21409304E-1,7.0072377E-1,-3.8254124E-1,3.35402E-1,4.5981467E-2],"categories":[1],"categories_nodes":[9],"categories_segments":[0],"categories_sizes":[1],"default_left":[1,0,0,0,0,0,0,0,0,0,0,0,0,0,0,0,0,0,0,0,0,0,0],"id":2,"left_children":[1,3,5,7,-1,9,11,-1,-1,13,15,17,-1,-1,19,-1,-1,-1,-1,21,-1,-1,-1],"loss_changes":[5.5405922E1,2.6005363E-1,1.0438568E1,7.78389E-2,0E0,4.7010894E0,4.182663E0,0E0,0E0,1.3925264E0,1.684175E0,1.0286429E0,0E0,0E0,6.275388E0,0E0,0E0,0E0,0E0,1.2802992E0,0E0,0E0,0E0],"parents":[2147483647,0,0,1,1,2,2,3,3,5,5,6,6,9,9,10,10,11,11,14,14,19,19],"right_children":[2,4,6,8,-1,10,12,-1,-1,14,16,18,-1,-1,20,-1,-1,-1,-1,22,-1,-1,-1],"split_conditions":[9E0,4E0,1E1,2E0,-9.977431E-2,5E0,9E0,-1.3381425E-1,-4.118157E-1,NaN,2E0,4E0,3.5629454E-1,3.2378945E-1,9E0,-3.5286802E-1,6.545647E-3,-1.7375326E-1,1.21409304E-1,5E0,-3.8254124E-1,3.35402E-1,4.5981467E-2],"split_indices":[13,8,13,7,0,5,12,0,0,28,2,10,0,0,11,0,0,0,0,10,0,0,0],"split_type":[0,0,0,0,0,0,0,0,0,1,0,0,0,0,0,0,0,0,0,0,0,0,0],"sum_hessian":[9.330852E1,1.1914879E1,8.139364E1,1.0790833E1,1.1240451E0,1.2508624E1,6.888501E1,1.3488542E0,9.441979E0,8.731489E0,3.7771347E0,2.3064547E0,6.657856E1,2.2048998E0,6.52659E0,1.8371887E0,1.9399459E0,1.2067517E0,1.0997031E0,5.3545876E0,1.1720022E0,2.447124E0,2.9074638E0],"tree_param":{"num_deleted":"0","num_feature":"30","num_nodes":"23","size_leaf_vector":"0"}},{"base_weights":[6.210937E-1,-1.0734999E0,8.910829E-1,-3.4087038E-1,-6.719257E-2,3.9319664E-1,1.1286255E0,7.2704583E-1,6.0005666E-4,8.874293E-2,3.4430468E-1,1.0348345E0,2.7048486E-1,5.792793E-1,-5.2388775E-1,9.852316E-2,3.3425143E-1,-1.01114646E-1,1.0475689E0,-4.4679053E-2,2.6942664E-1,-9.9606377E-1,5.6745194E-2,5.384735E-1,-7.604368E-2,-3.750854E-1,-4.9858022E-2,2.2767805E-1,-1.9993342E-1],"categories":[3,1,1,2],"categories_nodes":[1,12,18,21],"categories_segments":[0,1,2,3],"categories_sizes":[1,1,1,1],"default_left":[1,0,0,0,0,0,0,0,0,0,0,0,0,0,0,0,0,0,0,0,0,0,0,0,0,0,0,0,0],"id":3,"left_children":[1,3,5,-1,-1,7,9,11,13,-1,-1,15,17,19,21,-1,-1,-1,23,-1,-1,25,27,-1,-1,-1,-1,-1,-1],"loss_changes":[3.7278687E1,3.5114288E-1,7.7197495E0,0E0,0E0,3.1228642E0,3.9365768E-1,1.5296979E0,3.9310577E0,0E0,0E0,4.536295E-2,3.4403653E0,1.5632486E0,1.9193668E0,0E0,0E0,0E0,3.48158E0,0E0,0E0,5.941601E-1,2.5337107E0,0E0,0E0,0E0,0E0,0E0,0E0],"parents":[2147483647,0,0,1,1,2,2,5,5,6,6,7,7,8,8,11,11,12,12,13,13,14,14,18,18,21,21,22,22],"right_children":[2,4,6,-1,-1,8,10,12,14,-1,-1,16,18,20,22,-1,-1,-1,24,-1,-1,26,28,-1,-1,-1,-1,-1,-1],"split_conditions":[9E0,NaN,1.1E1,-3.4087038E-1,-6.719257E-2,3E0,2E0,5E0,7E0,8.874293E-2,3.4430468E-1,9E0,NaN,4E0,1E1,9.852316E-2,3.3425143E-1,-1.01114646E-1,NaN,-4.4679053E-2,2.6942664E-1,NaN,5E0,5.384735E-1,-7.604368E-2,-3.750854E-1,-4.9858022E-2,2.2767805E-1,-1.9993342E-1],"split_indices":[13,20,13,0,0,9,5,10,11,0,0,12,25,7,12,0,0,0,16,0,0,18,7,0,0,0,0,0,0],"split_type":[0,1,0,0,0,0,0,0,0,0,0,0,1,0,0,0,0,0,1,0,0,1,0,0,0,0,0,0,0],"sum_hessian":[7.8388756E1,1.0363834E1,6.8024925E1,9.336844E0,1.0269897E0,2.282961E1,4.5195312E1,1.1877525E1,1.0952086E1,1.3806516E0,4.3814663E1,6.3381214E0,5.539404E0,5.1573734E0,5.7947125E0,1.1588696E0,5.179252E0,3.4266627E0,2.1127415E0,1.7326322E0,3.424741E0,2.8012397E0,2.9934728E0,1.1008222E0,1.0119193E0,1.7565417E0,1.044698E0,1.4937246E0,1.4997483E0],"tree_param":{"num_deleted":"0","num_feature":"30","num_nodes":"29","size_leaf_vector":"0"}},{"base_weights":[5.273808E-1,-1.0071824E0,7.9802203E-1,-1.0704311E0,-7.779598E-2,3.4008113E-1,1.0586027E0,-9.405828E-2,-3.454195E-1,6.690088E-1,-3.8790863E-2,4.1954252E-1,3.307573E-1,8.9081585E-1,1.1107986E-1,4.800589E-1,-4.8603696E-1,2.1806844E-1,-5.3317413E-2,9.598016E-1,6.61513E-2,5.119542E-1,-1.6903304E-1,-1.4274612E-2,9.0330744E-1,-9.230358E-1,5.6338895E-2,1.24849536E-1,3.33692E-1,-1.0679519E-3,2.2830415E-1,-5.2657466E-2,4.43083E-1,-3.727631E-1,-4.312428E-2,2.0589498E-1,-1.5630922E-1],"categories":[1,1],"categories_nodes":[11,15],"categories_segments":[0,1],"categories_sizes":[1,1],"default_left":[1,0,0,0,0,0,0,0,0,0,0,0,0,0,1,0,0,0,0,0,0,0,0,0,0,0,0,0,0,0,0,0,0,0,0,0,0],"id":4,