{"learner":{"attributes":{"best_ntree_limit":"3"},"feature_names":[],"feature_types":["q","q","q","q","q","q","q","q","q","q","q","q","q","q","c","c","c","c","c","c","c","c","c","c","c","c","c","c","c","c"],"gradient_booster":{"model":{"gbtree_model_param":{"num_parallel_tree":"1","num_trees":"3","size_leaf_vector":"0"},"tree_info":[0,0,0],"trees":[{"base_weights":[8.227071E-1,-1.6975093E0,1.1435328E0,-6.0331786E-1,-5.2237743E-1,-3.0286315E-1,1.2418553E0,-3.8187385E-1,1.3680361E-1,-3.247031E-1,2.1324487E-1,5.657978E-1,3.9256766E-1,-2.0485109E-1,2.4113458E-1,-8.03036E-1,7.8285545E-1,9.4966E-1,-7.121385E-1,3.595395E-2,-1.2780999E0,1.1156542E0,-6.3750155E-2,-3.45952E-1,-8.068793E-3,-8.068793E-3,-6.2815386E-1,3.6112648E-1,7.735077E-2],"categories":[0,1,2,3,4,1],"categories_nodes":[5,15],"categories_segments":[0,5],"categories_sizes":[5,1],"default_left":[1,0,0,0,0,0,0,0,0,0,0,0,0,0,0,0,0,1,0,0,0,1,0,0,0,0,0,0,0],"id":0,"left_children":[1,3,5,-1,7,9,11,-1,13,-1,15,17,-1,-1,-1,19,-1,21,23,-1,25,27,-1,-1,-1,-1,-1,-1,-1],"loss_changes":[1.2111973E2,5.2308235E0,1.9055908E1,0E0,2.6188812E0,3.9176457E0,4.814743E0,0E0,2.4807236E0,0E0,1.7557547E1,6.96734E0,0E0,0E0,0E0,2.4430933E0,0E0,2.2222633E0,1.0369575E0,0E0,3.55052E0,3.8223076E-1,0E0,0E0,0E0,0E0,0E0,0E0,0E0],"parents":[2147483647,0,0,1,1,2,2,4,4,5,5,6,6,8,8,10,10,11,11,15,15,17,17,18,18,20,20,21,21],"right_children":[2,4,6,-1,8,10,12,-1,14,-1,16,18,-1,-1,-1,20,-1,22,24,-1,26,28,-1,-1,-1,-1,-1,-1,-1],"split_conditions":[9E0,9E0,9E0,-6.0331786E-1,4E0,NaN,1E1,-3.8187385E-1,3E0,-3.247031E-1,4E0,5E0,3.9256766E-1,-2.0485109E-1,2.4113458E-1,NaN,7.8285545E-1,2E0,2E0,3.595395E-2,4E0,4E0,-6.3750155E-2,-3.45952E-1,-8.068793E-3,-8.068793E-3,-6.2815386E-1,3.6112648E-1,7.735077E-2],"split_indices":[13,12,12,0,11,18,13,0,9,0,10,5,0,0,0,25,0,4,3,0,5,1,0,0,0,0,0,0,0],"split_type":[0,0,0,0,0,1,0,0,0,0,0,0,0,0,0,1,0,0,0,0,0,0,0,0,0,0,0,0,0],"sum_hessian":[1.463979E2,1.6047462E1,1.3035045E2,1.2105981E1,3.941482E0,8.164498E0,1.2218594E2,1.4076722E0,2.53381E0,2.8153443E0,5.3491545E0,1.1824446E1,1.10361496E2,1.1261377E0,1.4076722E0,4.2230167E0,1.1261377E0,9.290636E0,2.53381E0,1.6892066E0,2.53381E0,8.164498E0,1.1261377E0,1.1261377E0,1.4076722E0,1.4076722E0,1.1261377E0,7.0383606E0,1.1261377E0],"tree_param":{"num_deleted":"0","num_feature":"30","num_nodes":"29","size_leaf_vector":"0"}},{"base_weights":[6.444273E-1,-1.0586492E0,9.568676E-1,-1.226139E0,1.3742503E-2,1.9471268E-1,1.0723543E0,-4.056388E-1,-6.7667747E-1,1.3280985E-1,-1.4133756E-1,5.1611906E-1,-6.717083E-1,7.797295E-1,1.119247E0,-3.832726E-1,-8.829855E-2,-2.6529142E-1,7.7358013E-1,-3.511632E-1,4.3566428E-2,3.1130147E-1,2.8878635E-1,1.439036E-1,3.393158E-1,3.0824867E-1,-3.2319653E-1,-2.1960959E-1,1.0027016E-1,9.247513E-1,-5.3128667E-2,2.7057996E-1,-6.2580734E-1,3.0654448E-1,3.51671E-2,5.56225E-2,-3.4709835E-1],"categories":[0,1,2,3,4,1],"categories_nodes":[8,32],"categories_segments":[0,5],"categories_sizes":[5,1],"default_left":[0,1,1,1,0,0,0,0,0,0,0,1,0,0,0,0,1,0,1,0,0,0,0,0,0,0,0,0,0,1,0,0,0,0,0,0,0],"id":1,"left_children":[1,3,5,7,9,11,13,-1,15,-1,-1,17,19,21,23,-1,25,27,29,-1,-1,-1,31,-1,-1,-1,-1,-1,-1,33,-1,-1,35,-1,-1,-1,-1],"loss_changes":[7.176866E1,3.804514E0,9.727127E0,3.484478E-1,1.0067304E0,4.8234243E0,4.6941376E-1,0E0,1.7985046E0,0E0,0E0,2.6780853E0,2.1197019E0,1.8284874E0,7.662201E-2,0E0,5.306693E0,1.3054321E0,1.529171E0,0E0,0E0,0E0,4.58747E0,0E0,0E0,0E0,0E0,0E0,0E0,5.353341E-1,0E0,0E0,1.7095912E0,0E0,0E0,0E0,0E0],"parents":[2147483647,0,0,1,1,2,2,3,3,4,4,5,5,6,6,8,8,11,11,12,12,13,13,14,14,16,16,17,17,18,18,22,22,29,29,32,32],"right_children":[2,4,6,8,10,12,14,-1,16,-1,-1,18,20,22,24,-1,26,28,30,-1,-1,-1,32,-1,-1,-1,-1,-1,-1,34,-1,-1,36,-1,-1,-1,-1],"split_conditions":[9E0,1E1,1E1,9E0,4E0,5E0,1.1E1,-4.056388E-1,NaN,1.3280985E-1,-1.4133756E-1,9E0,2E0,2.1E1,2E0,-3.832726E-1,5E0,2E0,2E0,-3.511632E-1,4.3566428E-2,3.1130147E-1,3E0,1.439036E-1,3.393158E-1,3.0824867E-1,-3.2319653E-1,-2.1960959E-1,1.0027016E-1,1E1,-5.3128667E-2,2.7057996E-1,NaN,3.0654448E-1,3.51671E-2,5.56225E-2,-3.4709835E-1],"split_indices":[12,13,13,13,7,5,13,0,18,0,0,13,3,11,5,0,5,8,4,0,0,0,9,0,0,0,0,0,0,11,0,0,14,0,0,0,0],"split_type":[0,0,0,0,0,0,0,0,1,0,0,0,0,0,0,0,0,0,0,0,0,0,0,0,0,0,0,0,0,0,0,0,1,0,0,0,0],"sum_hessian":[1.3197197E2,2.0087725E1,1.1188424E2,1.7250168E1,2.837558E0,1.5076027E1,9.680821E1,1.28441925E1,4.405975E0,1.5517292E0,1.2858288E0,1.1291615E1,3.784413E0,1.5805423E1,8.100279E1,1.6002891E0,2.8056855E0,2.7908366E0,8.500777E0,2.0809069E0,1.7035062E0,9.63143E0,6.173993E0,2.2226377E0,7.878015E1,1.300073E0,1.5056126E0,1.4449215E0,1.345915E0,7.3580165E0,1.1427613E0,3.704396E0,2.4695973E0,6.3316045E0,1.026412E0,1.2347987E0,1.2347987E0],"tree_param":{"num_deleted":"0","num_feature":"30","num_nodes":"37","size_leaf_vector":"0"}},{"base_weights":[5.239639E-1,-8.766273E-1,8.043749E-1,-1.0212451E0,9.090021E-3,1.4354841E-1,9.142556E-1,-1.2623379E-1,-1.0723696E0,-1.3112077E-1,1.2929419E-1,-5.68061E-1,4.0401894E-1,5.067676E-1,2.8240773E-1,-7.4926454E-1,-3.834199E-1,-2.80823E-1,2.7360931E-2,2.7315447E-1,-4.0720454E-3,-3.5414733E-2,8.153433E-1,-2.8948832E-1,4.810783E-2,5.3896284E-1,-6.775134E-1,5.451893E-1,9.335964E-2,-8.2499556E-2,2.546653E-1,-3.7397155E-1,8.446367E-2,1.9414201E-1,-2.133403E-1],"categories":[1,0,1,2,4,0,1,2,3,4,1],"categories_nodes":[4,12,13,26],"categories_segments":[0,1,5,10],"categories_sizes":[1,4,5,1],"default_left":[0,1,1,0,0,0,0,0,0,0,0,0,0,0,0,1,0,0,0,0,0,0,1,0,0,0,0,0,0,0,0,0,0,0,0],"id":2,"left_children":[1,3,5,7,9,11,13,-1,15,-1,-1,17,19,21,-1,23,-1,-1,-1,-1,25,-1,27,-1,-1,29,31,-1,33,-1,-1,-1,-1,-1,-1],"loss_changes":[4.6872208E1,2.582286E0,7.0183983E0,7.91378E-2,9.056471E-1,3.0513864E0,4.5331573E-1,0E0,5.7619095E-2,0E0,0E0,1.1759496E0,2.4281156E0,1.5267886E0,0E0,1.7947679E0,0E0,0E0,0E0,0E0,3.104708E0,0E0,3.5147572E0,0E0,0E0,1.4201133E0,2.4178333E0,0E0,2.2486475E0,0E0,0E0,0E0,0E0,0E0,0E0],"parents":[2147483647,0,0,1,1,2,2,3,3,4,4,5,5,6,6,8,8,11,11,12,12,13,13,15,15,20,20,22,22,25,25,26,26,28,28],"right_children":[2,4,6,8,10,12,14,-1,16,-1,-1,18,20,22,-1,24,-1,-1,-1,-1,26,-1,28,-1,-1,30,32,-1,34,-1,-1,-1,-1,-1,-1],"split_conditions":[9E0,1E1,1E1,3E0,NaN,4E0,1E1,-1.2623379E-1,3E0,-1.3112077E-1,1.2929419E-1,4E0,NaN,NaN,2.8240773E-1,9E0,-3.834199E-1,-2.80823E-1,2.7360931E-2,2.7315447E-1,5E0,-3.5414733E-2,3E0,-2.8948832E-1,4.810783E-2,3E0,NaN,5.451893E-1,1.2E1,-8.2499556E-2,2.546653E-1,-3.7397155E-1,8.446367E-2,1.9414201E-1,-2.133403E-1],"split_indices":[12,13,13,11,28,11,12,0,9,0,0,6,19,18,0,13,0,0,0,0,10,0,9,0,0,4,14,0,11,0,0,0,0,0,0],"split_type":[0,0,0,0,1,0,0,0,0,0,0,0,1,1,0,0,0,0,0,0,0,0,0,0,0,0,1,0,0,0,0,0,0,0,0],"sum_hessian":[1.16550896E2,1.9087381E1,9.746352E1,1.627674E1,2.8106425E0,1.4224327E1,8.323918E1,2.0013218E0,1.4275418E1,1.3485458E0,1.4620967E0,3.4950085E0,1.072932E1,6.419677E0,7.681951E1,7.3588424E0,6.9165754E0,1.9734851E0,1.5215232E0,4.238104E0,6.491215E0,2.3264422E0,4.0932345E0,5.899157E0,1.4596852E0,3.7040849E0,2.78713E0,1.0788872E0,3.0143476E0,1.0525103E0,2.6515746E0,1.5610772E0,1.226053E0,1.90122E0,1.1131275E0],"tree_param":{"num_deleted":"0","num_feature":"30","num_nodes":"35","size_leaf_vector":"0"}}]},"name":"gbtree"},"learner_model_param":{"base_score":"5E-1","num_class":"0","num_feature":"30","num_target":"1"},"objective":{"name":"reg:squarederror","reg_loss_param":{"scale_pos_weight":"1"}}},"version":[1,6,2]}