{"learner":{"attributes":{"best_ntree_limit":"2"},"feature_names":[],"feature_types":["q","q","q","q","q","q","q","q","q","q","q","q","q","q","c","c","c","c","c","c","c","c","c","c","c","c","c","c","c","c"],"gradient_booster":{"model":{"gbtree_model_param":{"num_parallel_tree":"1","num_trees":"2","size_leaf_vector":"0"},"tree_info":[0,0],"trees":[{"base_weights":[1.79479E-1,-1.7789078E0,1.3335958E0,-2.2057378E0,-9.549794E-1,7.932325E-1,4.389602E-1,-1.4947513E-1,-6.8938506E-1,-2.832206E-1,-1.5797035E0,4.0509078E-1,3.645862E-1,3.438497E-1,-1.1127297E0,-5.3889656E-1,-7.456941E-2,9.129688E-1,-1.6450691E-1,-1.4939885E-1,1.0009843E0,-4.159766E-1,-7.456941E-2,7.5346954E-2,3.118362E-1,4.2454433E-1,-2.8272587E-1,7.5346954E-2,3.7517968E-1,2.5027707E-1,-7.456941E-2],"categories":[0,1,3,1,3],"categories_nodes":[9,13,25],"categories_segments":[0,3,4],"categories_sizes":[3,1,1],"default_left":[1,1,0,0,0,0,0,0,0,0,0,0,0,0,1,0,0,0,0,0,0,0,0,0,0,0,0,0,0,0,0],"id":0,"left_children":[1,3,5,7,9,11,-1,-1,-1,13,15,17,-1,19,21,-1,-1,23,25,-1,27,-1,-1,-1,-1,29,-1,-1,-1,-1,-1],"loss_changes":[1.8282246E2,8.4552765E0,2.397438E0,1.8497772E0,4.593713E0,1.4755139E0,0E0,0E0,0E0,4.027218E0,1.285203E0,2.3943362E0,0E0,3.1285293E0,4.2507982E-1,0E0,0E0,9.500289E-2,2.4639251E0,0E0,2.4782562E-1,0E0,0E0,0E0,0E0,1.1043482E0,0E0,0E0,0E0,0E0,0E0],"parents":[2147483647,0,0,1,1,2,2,3,3,4,4,5,5,9,9,10,10,11,11,13,13,14,14,17,17,18,18,20,20,25,25],"right_children":[2,4,6,8,10,12,-1,-1,-1,14,16,18,-1,20,22,-1,-1,24,26,-1,28,-1,-1,-1,-1,30,-1,-1,-1,-1,-1],"split_conditions":[1E1,9E0,1.1E1,2E0,1.1E1,3E0,4.389602E-1,-1.4947513E-1,-6.8938506E-1,NaN,4E0,3E0,3.645862E-1,NaN,3E0,-5.3889656E-1,-7.456941E-2,3E0,9E0,-1.4939885E-1,2E0,-4.159766E-1,-7.456941E-2,7.5346954E-2,3.118362E-1,NaN,-2.8272587E-1,7.5346954E-2,3.7517968E-1,2.5027707E-1,-7.456941E-2],"split_indices":[13,13,12,7,11,9,0,0,0,19,9,7,0,24,0,0,0,11,11,0,9,0,0,0,0,20,0,0,0,0,0],"split_type":[0,0,0,0,0,0,0,0,0,1,0,0,0,1,0,0,0,0,0,0,0,0,0,0,0,1,0,0,0,0,0],"sum_hessian":[7.883787E1,2.9032358E1,4.980551E1,1.8020084E1,1.1012274E1,1.1012274E1,3.8793236E1,1.2513947E0,1.676869E1,6.006695E0,5.005579E0,6.7575316E0,4.254742E0,3.7541842E0,2.2525105E0,4.004463E0,1.0011158E0,3.2536263E0,3.5039053E0,1.7519526E0,2.0022316E0,1.2513947E0,1.0011158E0,1.0011158E0,2.2525105E0,2.2525105E0,1.2513947E0,1.0011158E0,1.0011158E0,1.2513947E0,1.0011158E0],"tree_param":{"num_deleted":"0","num_feature":"30","num_nodes":"31","size_leaf_vector":"0"}},{"base_weights":[1.4855321E-1,-1.2571725E0,1.1203935E0,-4.7741008E-1,-8.940718E-1,4.5500866E-1,1.1868539E0,-2.1427624E-1,-1.1697986E0,-1.0609381E-2,2.6194206E-1,6.359692E-1,3.6797655E-1,-2.3736809E-1,2.1323636E-1,-2.6484225E-2,-1.3217561E0,1.4472215E-1,-1.9369775E-1,3.0161604E-2,2.624563E-1,-2.166849E-1,2.2355022E-1,-6.77767E-1,-9.7162336E-1,8.0014266E-2,-1.8756802E-1,-2.8850928E-2,-3.8844362E-1],"categories":[1,1,1],"categories_nodes":[8,21,24],"categories_segments":[0,1,2],"categories_sizes":[1,1,1],"default_left":[1,0,0,0,0,0,0,0,0,0,0,0,0,0,0,0,1,0,0,0,0,0,0,0,0,0,0,0,0],"id":1,"left_children":[1,3,5,-1,7,9,11,13,15,17,-1,19,-1,-1,21,-1,23,-1,-1,-1,-1,25,-1,-1,27,-1,-1,-1,-1],"loss_changes":[1.0362008E2,2.3454056E0,1.4395332E0,0E0,2.9667473E0,1.1164402E0,9.719086E-2,1.6924124E0,1.8534355E0,1.463219E0,0E0,5.2254593E-1,0E0,0E0,1.1530519E0,0E0,1.2314739E0,0E0,0E0,0E0,0E0,7.933158E-1,0E0,0E0,2.5224085E0,0E0,0E0,0E0,0E0],"parents":[2147483647,0,0,1,1,2,2,4,4,5,5,6,6,7,7,8,8,9,9,11,11,14,14,16,16,21,21,24,24],"right_children":[2,4,6,-1,8,10,12,14,16,18,-1,20,-1,-1,22,-1,24,-1,-1,-1,-1,26,-1,-1,28,-1,-1,-1,-1],"split_conditions":[1E1,8E0,1E1,-4.7741008E-1,7E0,2E0,2E0,9E0,NaN,3E0,2.6194206E-1,1.2E1,3.6797655E-1,-2.3736809E-1,5E0,-2.6484225E-2,4E0,1.4472215E-1,-1.9369775E-1,3.0161604E-2,2.624563E-1,NaN,2.2355022E-1,-6.77767E-1,NaN,8.0014266E-2,-1.8756802E-1,-2.8850928E-2,-3.8844362E-1],"split_indices":[13,12,12,0,11,9,4,13,17,7,0,13,0,0,5,0,5,0,0,0,0,28,0,0,29,0,0,0,0],"split_type":[0,0,0,0,0,0,0,0,1,0,0,0,0,0,0,0,0,0,0,0,0,1,0,0,1,0,0,0,0],"sum_hessian":[7.3817726E1,3.0053303E1,4.3764427E1,1.3888105E1,1.6165197E1,4.686883E0,3.9077545E1,5.177463E0,1.0987735E1,2.6786497E0,2.0082333E0,3.7730434E0,3.53045E1,1.8414972E0,3.3359656E0,1.5483944E0,9.439341E0,1.643271E0,1.0353787E0,1.6023796E0,2.1706638E0,2.1726308E0,1.1633351E0,1.0841349E0,8.355206E0,1.1541551E0,1.0184755E0,2.6026664E0,5.752539E0],"tree_param":{"num_deleted":"0","num_feature":"30","num_nodes":"29","size_leaf_vector":"0"}}]},"name":"gbtree"},"learner_model_param":{"base_score":"5E-1","num_class":"0","num_feature":"30","num_target":"1"},"objective":{"name":"reg:squarederror","reg_loss_param":{"scale_pos_weight":"1"}}},"version":[1,6,2]}