{"learner":{"attributes":{"best_ntree_limit":"7"},"feature_names":[],"feature_types":["q","q","q","q","q","q","q","q","q","q","q","q","q","q","c","c","c","c","c","c","c","c","c","c","c","c","c","c","c","c"],"gradient_booster":{"model":{"gbtree_model_param":{"num_parallel_tree":"1","num_trees":"2","size_leaf_vector":"0"},"tree_info":[0,0],"trees":[{"base_weights":[1.9089803E-1,-1.8310791E0,1.3608798E0,-2.1528265E0,-1.1108823E0,9.0763295E-1,4.4076803E-1,-6.708182E-1,-2.0791428E-1,4.0724505E-2,-1.4883333E0,3.3858487E-1,2.133184E-1,1.7897871E-1,-2.2324614E-1,-1.4955821E-2,-1.7295533E0,3.0161917E-1,-2.8131828E-1,-8.0717516E-1,-1.011626E0,1.1822541E-1,-4.4691417E-1],"categories":[1,0,1,3,4,1,1,3],"categories_nodes":[5,9,10,16,20],"categories_segments":[0,1,5,6,7],"categories_sizes":[1,4,1,1,1],"default_left":[1,1,0,0,0,0,0,0,0,0,0,0,0,0,0,0,0,0,0,0,0,0,0],"id":0,"left_children":[1,3,5,7,9,11,-1,-1,-1,13,15,-1,17,-1,-1,-1,19,-1,-1,-1,21,-1,-1],"loss_changes":[1.9213019E2,4.515869E0,1.1883392E0,8.2424164E-1,4.9598675E0,1.6807709E0,0E0,0E0,0E0,2.0825179E0,2.8685436E0,0E0,4.823686E0,0E0,0E0,0E0,2.289137E0,0E0,0E0,0E0,4.4579425E0,0E0,0E0],"parents":[2147483647,0,0,1,1,2,2,3,3,4,4,5,5,9,9,10,10,12,12,16,16,20,20],"right_children":[2,4,6,8,10,12,-1,-1,-1,14,16,-1,18,-1,-1,-1,20,-1,-1,-1,22,-1,-1],"split_conditions":[1E1,9E0,1.1E1,5E0,5E0,NaN,4.4076803E-1,-6.708182E-1,-2.0791428E-1,NaN,NaN,3.3858487E-1,2E0,1.7897871E-1,-2.2324614E-1,-1.4955821E-2,NaN,3.0161917E-1,-2.8131828E-1,-8.0717516E-1,NaN,1.1822541E-1,-4.4691417E-1],"split_indices":[13,13,12,9,11,16,0,0,0,18,17,0,3,0,0,0,21,0,0,0,19,0,0],"split_type":[0,0,0,0,0,1,0,0,0,1,1,0,0,0,0,0,1,0,0,0,1,0,0],"sum_hessian":[7.916241E1,2.8809103E1,5.0353302E1,1.8538033E1,1.0271071E1,1.1523642E1,3.8829662E1,1.7034948E1,1.5030837E0,2.7556534E0,7.515418E0,8.26696E0,3.2566812E0,1.7535976E0,1.0020558E0,1.2525697E0,6.2628484E0,2.0041115E0,1.2525697E0,1.5030837E0,4.7597647E0,1.2525697E0,3.5071952E0],"tree_param":{"num_deleted":"0","num_feature":"30","num_nodes":"23","size_leaf_vector":"0"}},{"base_weights":[2.0939353E-1,-1.2830871E0,1.2076107E0,-8.774334E-1,-1.556394E0,1.3064606E-1,3.7261325E-1,-1.1719805E0,-3.5032175E-2,-1.509772E-1,-4.9460286E-1,-3.56503E-1,-3.9721665E-1,-5.0822526E-1,1.8077566E-1,-2.873126E-1,1.2864979E-1,-2.6114148E-1,1.2896421E-2],"categories":[0,1,2,3,4,1],"categories_nodes":[2,4],"categories_segments":[0,5],"categories_sizes":[5,1],"default_left":[1,0,0,0,0,0,0,0,0,0,0,0,0,0,0,0,0,0,0],"id":1,"left_children":[1,3,5,7,9,-1,-1,11,13,-1,-1,15,-1,17,-1,-1,-1,-1,-1],"loss_changes":[1.1511994E2,2.075325E0,6.872635E-1,3.6276693E0,8.468361E-1,0E0,0E0,8.827419E-1,1.7729868E0,0E0,0E0,1.8675083E0,0E0,7.02921E-1,0E0,0E0,0E0,0E0,0E0],"parents":[2147483647,0,0,1,1,2,2,3,3,4,4,7,7,8,8,11,11,13,13],"right_children":[2,4,6,8,10,-1,-1,12,14,-1,-1,16,-1,18,-1,-1,-1,-1,-1],"split_conditions":[1E1,1.1E1,NaN,5E0,NaN,1.3064606E-1,3.7261325E-1,2E0,2E0,-1.509772E-1,-4.9460286E-1,2E0,-3.9721665E-1,9E0,1.8077566E-1,-2.873126E-1,1.2864979E-1,-2.6114148E-1,1.2896421E-2],"split_indices":[13,11,19,5,17,0,0,0,2,0,0,3,0,13,0,0,0,0,0],"split_type":[0,0,1,0,1,0,0,0,0,0,0,0,0,0,0,0,0,0,0],"sum_hessian":[7.523101E1,3.003657E1,4.519444E1,1.378569E1,1.625088E1,2.5120537E0,4.2682384E1,9.924377E0,3.8613138E0,1.829206E0,1.4421673E1,2.0854964E0,7.8388805E0,2.3329215E0,1.5283923E0,1.0569046E0,1.0285919E0,1.0582615E0,1.27466E0],"tree_param":{"num_deleted":"0","num_feature":"30","num_nodes":"19","size_leaf_vector":"0"}}]},"name":"gbtree"},"learner_model_param":{"base_score":"5E-1","num_class":"0","num_feature":"30","num_target":"1"},"objective":{"name":"reg:squarederror","reg_loss_param":{"scale_pos_weight":"1"}}},"version":[1,6,2]}