{"learner":{"attributes":{"best_ntree_limit":"6"},"feature_names":[],"feature_types":["q","q","q","q","q","q","q","q","q","q","q","q","q","q","c","c","c","c","c","c","c","c","c","c","c","c","c","c","c","c","c","c"],"gradient_booster":{"model":{"gbtree_model_param":{"num_parallel_tree":"1","num_trees":"6","size_leaf_vector":"0"},"tree_info":[0,0,0,0,0,0],"trees":[{"base_weights":[1.9893464E-1,-1.9300159E0,1.4879886E0,-2.2713852E0,-9.945459E-1,1.801609E-1,1.5258669E0,-2.3529038E0,-1.5341894E-1,-2.5424004E-1,-1.6721114E0,9.661591E-1,4.8515335E-1,-7.457928E-1,-1.1700157E0,6.005363E-1,-3.469113E-1,-1.5341894E-1,-5.7296866E-1,1.2399349E0,-4.051554E-2,-4.941973E-1,-1.5489077E-2,-1.5489077E-2,2.8197798E-1,4.0075397E-1,1.2244079E-1],"categories":[0,1,2,3,4,0,1,3,1],"categories_nodes":[2,4,15],"categories_segments":[0,5,8],"categories_sizes":[5,3,1],"default_left":[1,1,0,0,0,0,0,1,0,0,1,0,0,0,1,0,0,0,0,0,0,0,0,0,0,0,0],"id":0,"left_children":[1,3,5,7,9,-1,11,13,-1,15,17,19,-1,-1,21,23,-1,-1,-1,25,-1,-1,-1,-1,-1,-1,-1],"loss_changes":[2.0876857E2,6.915802E0,6.735153E-1,1.704956E0,4.32014E0,0E0,7.225952E-1,9.714508E-2,0E0,5.0898848E0,3.3705997E-1,2.8069925E0,0E0,0E0,1.954145E0,8.420378E-1,0E0,0E0,0E0,2.2031784E-2,0E0,0E0,0E0,0E0,0E0,0E0,0E0],"parents":[2147483647,0,0,1,1,2,2,3,3,4,4,6,6,7,7,9,9,10,10,11,11,14,14,15,15,19,19],"right_children":[2,4,6,8,10,-1,12,14,-1,16,18,20,-1,-1,22,24,-1,-1,-1,26,-1,-1,-1,-1,-1,-1,-1],"split_conditions":[1E1,9E0,NaN,4E0,NaN,1.801609E-1,1.1E1,3E0,-1.5341894E-1,1E1,2E0,5E0,4.8515335E-1,-7.457928E-1,8E0,NaN,-3.469113E-1,-1.5341894E-1,-5.7296866E-1,3E0,-4.051554E-2,-4.941973E-1,-1.5489077E-2,-1.5489077E-2,2.8197798E-1,4.0075397E-1,1.2244079E-1],"split_indices":[13,13,21,2,21,0,13,4,0,12,3,10,0,0,13,26,0,0,0,3,0,0,0,0,0,0,0],"split_type":[0,0,1,0,1,0,0,0,0,0,0,0,0,0,0,1,0,0,0,0,0,0,0,0,0,0,0],"sum_hessian":[7.402617E1,2.7730438E1,4.629573E1,1.9270304E1,8.460134E0,2.5850408E0,4.371069E1,1.8095285E1,1.1750185E0,4.700074E0,3.7600594E0,7.755122E0,3.5955566E1,1.5275241E1,2.8200445E0,2.5850408E0,2.1150334E0,1.1750185E0,2.5850408E0,6.1100965E0,1.645026E0,1.645026E0,1.1750185E0,1.1750185E0,1.4100223E0,4.9350777E0,1.1750185E0],"tree_param":{"num_deleted":"0","num_feature":"32","num_nodes":"27","size_leaf_vector":"0"}},{"base_weights":[1.4919204E-1,-1.3726954E0,1.259592E0,-8.8709515E-1,-1.6627824E0,1.1250038E-1,1.301887E0,-1.0407515E0,1.167435E-1,-1.6813087E-1,-5.2368826E-1,8.0415356E-1,4.1686022E-1,1.4181177E-2,-1.2815994E0,1.0561928E0,-3.2724477E-2,-4.5989057E-1,-5.70372E-3,3.4841427E-1,8.187114E-2],"categories":[0,1,2,3,4,1],"categories_nodes":[2,4],"categories_segments":[0,5],"categories_sizes":[5,1],"default_left":[1,0,0,0,0,0,0,0,0,0,0,0,0,0,0,0,0,0,0,0,0],"id":1,"left_children":[1,3,5,7,9,-1,11,13,-1,-1,-1,15,-1,-1,17,19,-1,-1,-1,-1,-1],"loss_changes":[1.18804634E2,2.7091408E0,1.029892E0,3.003726E0,6.1541367E-1,0E0,5.5430603E-1,3.2313547E0,0E0,0E0,0E0,1.9821882E0,0E0,0E0,3.1263638E0,2.1452618E-1,0E0,0E0,0E0,0E0,0E0],"parents":[2147483647,0,0,1,1,2,2,3,3,4,4,6,6,7,7,11,11,14,14,15,15],"right_children":[2,4,6,8,10,-1,12,14,-1,-1,-1,16,-1,-1,18,20,-1,-1,-1,-1,-1],"split_conditions":[1E1,1.1E1,NaN,5E0,NaN,1.1250038E-1,1.1E1,3E0,1.167435E-1,-1.6813087E-1,-5.2368826E-1,5E0,4.1686022E-1,1.4181177E-2,5E0,2.6E1,-3.2724477E-2,-4.5989057E-1,-5.70372E-3,3.4841427E-1,8.187114E-2],"split_indices":[13,11,21,9,19,0,13,7,0,0,0,10,0,0,5,11,0,0,0,0,0],"split_type":[0,0,1,0,1,0,0,0,0,0,0,0,0,0,0,0,0,0,0,0,0],"sum_hessian":[6.8279434E1,2.8703243E1,3.957619E1,1.2251867E1,1.6451376E1,2.256123E0,3.732007E1,1.1099975E1,1.1518933E0,1.6927196E0,1.47586565E1,7.1112585E0,3.0208809E1,2.1574597E0,8.942514E0,5.4504704E0,1.6607879E0,7.279155E0,1.6633598E0,4.379631E0,1.0708395E0],"tree_param":{"num_deleted":"0","num_feature":"32","num_nodes":"21","size_leaf_vector":"0"}},{"base_weights":[1.3521679E-1,-1.0527323E0,1.1211991E0,-1.2753578E0,-4.8897728E-1,5.8595683E-2,1.1709515E0,-3.989896E-1,-7.698818E-2,-3.800763E-1,-1.2921798E-1,6.8396026E-1,3.805221E-1,3.229459E-1,-7.1787024E-1,9.2381585E-1,-2.64564E-2,3.1932086E-1,-1.640256E-1,-3.0615458E-1,-1.50366835E-2,3.0765218E-1,7.050787E-2],"categories":[0,1,2,3,4,0,1,3],"categories_nodes":[2,10],"categories_segments":[0,5],"categories_sizes":[5,3],"default_left":[1,1,0,0,0,0,0,0,0,0,0,0,0,0,0,0,0,0,0,0,0,0,0],"id":2,"left_children":[1,3,5,7,9,-1,11,-1,-1,-1,13,15,-1,17,19,21,-1,-1,-1,-1,-1,-1,-1],"loss_changes":[7.1771835E1,2.8717403E0,1.3106728E0,7.3479843E-1,2.4968178E0,0E0,6.280823E-1,0E0,0E0,0E0,2.2583718E0,1.4566231E0,0E0,3.8034909E0,6.800029E-1,1.6189909E-1,0E0,0E0,0E0,0E0,0E0,0E0,0E0],"parents":[2147483647,0,0,1,1,2,2,3,3,4,4,6,6,10,10,11,11,13,13,14,14,15,15],"right_children":[2,4,6,8,10,-1,12,-1,-1,-1,14,16,-1,18,20,22,-1,-1,-1,-1,-1,-1,-1],"split_conditions":[1E1,9E0,NaN,4E0,8E0,5.8595683E-2,1.1E1,-3.989896E-1,-7.698818E-2,-3.800763E-1,NaN,5E0,3.805221E-1,1E1,4E0,2.6E1,-2.64564E-2,3.1932086E-1,-1.640256E-1,-3.0615458E-1,-1.50366835E-2,3.0765218E-1,7.050787E-2],"split_indices":[13,13,21,2,12,0,13,0,0,0,21,10,0,12,9,11,0,0,0,0,0,0,0],"split_type":[0,0,1,0,0,0,0,0,0,0,1,0,0,0,0,0,0,0,0,0,0,0,0],"sum_hessian":[5.9267826E1,2.68501E1,3.2417725E1,1.834389E1,8.50621E0,1.9043342E0,3.0513391E1,1.7120653E1,1.2232373E0,1.8924329E0,6.6137776E0,6.4250717E0,2.408832E1,3.9958272E0,2.6179502E0,4.7523932E0,1.6726784E0,2.0360909E0,1.9597362E0,1.4379368E0,1.1800134E0,3.7150564E0,1.0373367E0],"tree_param":{"num_deleted":"0","num_feature":"32","num_nodes":"23","size_leaf_vector":"0"}},{"base_weights":[1.0940377E-1,-8.803939E-1,1.0227681E0,-3.700611E-1,-5.388403E-1,1.1397588E-2,1.0828806E0,-1.4869821E-1,-9.419187E-1,6.0391885E-1,3.6237797E-1,5.604896E-1,-5.20014E-1,1.18149975E-2,-1.1269488E0,3.8533844E-2,8.6080486E-1,3.7037432E-2,2.1627747E-1,1.3318744E-1,-4.7514066E-1,-4.5850268E-1,-3.1143582E-1,1.8884484E-1,-1.4907117E-1,2.977143E-1,5.9444215E-2,2.708501E-1,-1.0584561E-1,-2.4901992E-1,1.1055676E-1],"categories":[0,1,2,3,4,0,1,2,4,1,1,1,0,1,2,3,4],"categories_nodes":[2,7,8,14,15,19],"categories_segments":[0,5,9,10,11,12],"categories_sizes":[5,4,1,1,1,5],"default_left":[1,1,0,0,0,0,0,0,0,0,0,0,0,0,0,0,0,0,0,0,0,0,0,0,0,0,0,0,0,0,0],"id":3,"left_children":[1,3,5,-1,7,-1,9,11,13,15,-1,17,19,-1,21,23,25,-1,-1,27,-1,-1,29,-1,-1,-1,-1,-1,-1,-1,-1],"loss_changes":[4.703392E1,2.3540916E0,1.5573273E0,0E0,2.139904E0,0E0,7.925205E-1,2.5442245E0,1.3051081E0,1.0214031E0,0E0,1.5086997E-1,4.4730387E0,0E0,1.4473748E0,1.3617923E0,2.3457503E-1,0E0,0E0,2.0850558E0,0E0,0E0,1.4322546E0,0E0,0E0,0E0,0E0,0E0,0E0,0E0,0E0],"parents":[2147483647,0,0,1,1,2,2,4,4,6,6,7,7,8,8,9,9,11,11,12,12,14,14,15,15,16,16,19,19,22,22],"right_children":[2,4,6,-1,8,-1,10,12,14,16,-1,18,20,-1,22,24,26,-1,-1,28,-1,-1,30,-1,-1,-1,-1,-1,-1,-1,-1],"split_conditions":[1E1,8E0,NaN,-3.700611E-1,1.1E1,1.1397588E-2,1.1E1,NaN,NaN,3E0,3.6237797E-1,8.00001E0,4E0,1.18149975E-2,NaN,NaN,4E0,3.7037432E-2,2.1627747E-1,NaN,-4.7514066E-1,-4.5850268E-1,1.5E1,1.8884484E-1,-1.4907117E-1,2.977143E-1,5.9444215E-2,2.708501E-1,-1.0584561E-1,-2.4901992E-1,1.1055676E-1],"split_indices":[13,13,21,0,11,0,12,20,19,1,0,0,6,0,18,27,6,0,0,20,0,0,11,0,0,0,0,0,0,0,0],"split_type":[0,0,1,0,0,0,0,1,1,0,0,0,0,0,1,1,0,0,0,1,0,0,0,0,0,0,0,0,0,0,0],"sum_hessian":[5.003002E1,2.40277E1,2.6002321E1,1.0529438E1,1.3498263E1,1.5898068E0,2.4412514E1,7.5548162E0,5.9434466E0,6.2609262E0,1.8151588E1,2.421138E0,5.133678E0,1.067761E0,4.8756857E0,2.3152514E0,3.9456747E0,1.1252997E0,1.2958385E0,3.7226472E0,1.4110309E0,2.6816819E0,2.1940038E0,1.0170822E0,1.2981691E0,2.8768709E0,1.0688038E0,1.1089071E0,2.6137402E0,1.119419E0,1.0745848E0],"tree_param":{"num_deleted":"0","num_feature":"32","num_nodes":"31",