{"learner":{"attributes":{"best_ntree_limit":"2"},"feature_names":[],"feature_types":["q","q","q","q","q","q","q","q","q","q","q","q","q","q","c","c","c","c","c","c","c","c","c","c","c","c","c","c","c","c","c","c"],"gradient_booster":{"model":{"gbtree_model_param":{"num_parallel_tree":"1","num_trees":"2","size_leaf_vector":"0"},"tree_info":[0,0],"trees":[{"base_weights":[2.0769775E-1,-1.8188087E0,1.4063976E0,-2.1901534E0,-9.8925084E-1,7.766047E-1,4.690814E-1,-7.0367444E-1,-1.1794088E0,-7.880372E-2,-1.6969695E0,3.0847436E-1,-1.0204841E-1,-5.187108E-1,-4.051554E-2,-2.382444E-1,2.3093164E-1,-6.2768227E-1,-1.5489077E-2],"categories":[1,0,1,3,1,1],"categories_nodes":[3,4,5,9],"categories_segments":[0,1,4,5],"categories_sizes":[1,3,1,1],"default_left":[1,1,0,0,0,0,0,0,0,0,0,0,0,0,0,0,0,0,0],"id":0,"left_children":[1,3,5,7,9,11,-1,-1,13,15,17,-1,-1,-1,-1,-1,-1,-1,-1],"loss_changes":[1.8595126E2,6.611458E0,3.538147E0,1.9651031E-1,6.718931E0,3.6026983E0,0E0,0E0,2.3639045E0,4.071394E0,3.7522125E0,0E0,0E0,0E0,0E0,0E0,0E0,0E0,0E0],"parents":[2147483647,0,0,1,1,2,2,3,3,4,4,5,5,8,8,9,9,10,10],"right_children":[2,4,6,8,10,12,-1,-1,14,16,18,-1,-1,-1,-1,-1,-1,-1,-1],"split_conditions":[1E1,9E0,1.1E1,NaN,NaN,NaN,4.690814E-1,-7.0367444E-1,6E0,NaN,3E0,3.0847436E-1,-1.0204841E-1,-5.187108E-1,-4.051554E-2,-2.382444E-1,2.3093164E-1,-6.2768227E-1,-1.5489077E-2],"split_indices":[13,13,12,24,21,16,0,0,12,26,8,0,0,0,0,0,0,0,0],"split_type":[0,0,0,1,1,1,0,0,0,1,0,0,0,0,0,0,0,0,0],"sum_hessian":[7.449618E1,2.7495434E1,4.700074E1,1.7860283E1,9.635152E0,1.0575167E1,3.6425575E1,1.4335226E1,3.5250556E0,4.700074E0,4.9350777E0,8.695137E0,1.8800297E0,1.8800297E0,1.645026E0,2.5850408E0,2.1150334E0,3.7600594E0,1.1750185E0],"tree_param":{"num_deleted":"0","num_feature":"32","num_nodes":"19","size_leaf_vector":"0"}},{"base_weights":[5.7492223E-2,-1.6957053E0,1.2338848E0,-2.0717516E0,-8.5435164E-1,7.459644E-1,4.032474E-1,-6.5968424E-1,-9.2903584E-1,-1.4120963E-1,-1.4273221E0,1.0076493E0,-4.9050912E-2,-4.216713E-1,7.245592E-3,-6.683824E-1,1.9952969E-1,-4.974987E-1,-1.5484343E-1,3.9454433E-1,-4.123111E-3,1.3107277E-2,-2.9320702E-1],"categories":[3],"categories_nodes":[11],"categories_segments":[0],"categories_sizes":[1],"default_left":[1,1,0,1,0,0,0,0,1,0,0,0,0,0,0,0,0,0,0,0,0,0,0],"id":1,"left_children":[1,3,5,7,9,11,-1,-1,13,15,17,19,-1,-1,-1,21,-1,-1,-1,-1,-1,-1,-1],"loss_changes":[1.4733812E2,7.310417E0,1.2960281E0,7.380829E-1,4.1162663E0,2.5739317E0,0E0,0E0,1.690959E0,2.9173505E0,3.5428524E-1,2.5308762E0,0E0,0E0,0E0,9.263605E-1,0E0,0E0,0E0,0E0,0E0,0E0,0E0],"parents":[2147483647,0,0,1,1,2,2,3,3,4,4,5,5,8,8,9,9,10,10,11,11,15,15],"right_children":[2,4,6,8,10,12,-1,-1,14,16,18,20,-1,-1,-1,22,-1,-1,-1,-1,-1,-1,-1],"split_conditions":[1E1,9E0,1.1E1,3E0,1.1E1,5E0,4.032474E-1,-6.5968424E-1,8E0,5E0,4E0,NaN,-4.9050912E-2,-4.216713E-1,7.245592E-3,2E0,1.9952969E-1,-4.974987E-1,-1.5484343E-1,3.9454433E-1,-4.123111E-3,1.3107277E-2,-2.9320702E-1],"split_indices":[13,13,13,4,11,10,0,0,13,5,6,21,0,0,0,3,0,0,0,0,0,0,0],"split_type":[0,0,0,0,0,0,0,0,0,0,0,1,0,0,0,0,0,0,0,0,0,0,0],"sum_hessian":[6.942396E1,2.7700298E1,4.1723663E1,1.8133194E1,9.567104E0,9.122858E0,3.2600803E1,1.5485216E1,2.6479778E0,4.8175015E0,4.749603E0,7.000593E0,2.1222649E0,1.448978E0,1.1989999E0,3.0164042E0,1.8010972E0,3.1348531E0,1.6147494E0,5.15964E0,1.8409532E0,1.1725945E0,1.8438096E0],"tree_param":{"num_deleted":"0","num_feature":"32","num_nodes":"23","size_leaf_vector":"0"}}]},"name":"gbtree"},"learner_model_param":{"base_score":"5E-1","num_class":"0","num_feature":"32","num_target":"1"},"objective":{"name":"reg:squarederror","reg_loss_param":{"scale_pos_weight":"1"}}},"version":[1,6,2]}