{"learner":{"attributes":{"best_ntree_limit":"11"},"feature_names":[],"feature_types":["q","q","q","q","q","q","q","q","q","q","q","q","q","q","c","c","c","c","c","c","c","c","c","c","c","c","c","c","c","c"],"gradient_booster":{"model":{"gbtree_model_param":{"num_parallel_tree":"1","num_trees":"6","size_leaf_vector":"0"},"tree_info":[0,0,0,0,0,0],"trees":[{"base_weights":[1.9499834E-1,-1.7699921E0,1.3414068E0,-2.1290102E0,-8.393008E-1,8.27784E-1,4.4076803E-1,-2.2075624E0,-1.4813705E-1,-1.0660007E-1,-5.134744E-1,3.1790055E-2,9.1661656E-1,-2.0791428E-1,-6.882467E-1,7.2896093E-1,-3.9742282E-1,1.0335076E0,3.1790055E-2,3.0161917E-1,3.1790055E-2,3.5524514E-1,7.003034E-2],"categories":[0,1,3,0,1,3,4,1],"categories_nodes":[4,15,17],"categories_segments":[0,3,7],"categories_sizes":[3,4,1],"default_left":[1,1,0,0,0,0,0,0,0,0,0,0,0,0,0,0,0,0,0,0,0,0,0],"id":0,"left_children":[1,3,5,7,9,11,-1,13,-1,15,-1,-1,17,-1,-1,19,-1,21,-1,-1,-1,-1,-1],"loss_changes":[1.83519E2,8.257088E0,2.1552048E0,1.6126633E0,6.220576E0,7.058954E-1,0E0,1.0052414E0,0E0,7.593105E0,0E0,0E0,9.3476486E-1,0E0,0E0,6.69682E-1,0E0,8.706751E-1,0E0,0E0,0E0,0E0,0E0],"parents":[2147483647,0,0,1,1,2,2,3,3,4,4,5,5,7,7,9,9,12,12,15,15,17,17],"right_children":[2,4,6,8,10,12,-1,14,-1,16,-1,-1,18,-1,-1,20,-1,22,-1,-1,-1,-1,-1],"split_conditions":[1E1,9E0,1.1E1,4E0,NaN,2E0,4.4076803E-1,2E0,-1.4813705E-1,1.1E1,-5.134744E-1,3.1790055E-2,5E0,-2.0791428E-1,-6.882467E-1,NaN,-3.9742282E-1,NaN,3.1790055E-2,3.0161917E-1,3.1790055E-2,3.5524514E-1,7.003034E-2],"split_indices":[13,13,12,2,19,0,0,7,0,11,0,0,7,0,0,18,0,20,0,0,0,0,0],"split_type":[0,0,0,0,1,0,0,0,0,0,0,0,0,0,0,1,0,1,0,0,0,0,0],"sum_hessian":[7.941292E1,2.9059618E1,5.0353302E1,2.0041115E1,9.018502E0,1.1523642E1,3.8829662E1,1.8788546E1,1.2525697E0,5.511307E0,3.5071952E0,1.5030837E0,1.0020557E1,1.5030837E0,1.7285461E1,3.5071952E0,2.0041115E0,8.517474E0,1.5030837E0,2.0041115E0,1.5030837E0,6.7638764E0,1.7535976E0],"tree_param":{"num_deleted":"0","num_feature":"30","num_nodes":"23","size_leaf_vector":"0"}},{"base_weights":[1.7125513E-1,-1.2164302E0,1.1240118E0,-7.186817E-1,-4.724258E-1,6.2427133E-1,3.6742577E-1,-1.0880983E0,2.1922705E-1,8.2623446E-1,-6.090508E-2,-4.1077563E-1,-2.9264146E-1,-1.8402933E-1,2.7209815E-1,3.443135E-1,-4.3833487E-2,2.609055E-1,-2.8905666E-1,-2.588008E-1,1.0478128E-1],"categories":[1,3],"categories_nodes":[7,9],"categories_segments":[0,1],"categories_sizes":[1,1],"default_left":[1,0,0,0,0,0,0,0,0,0,0,0,1,0,0,0,0,0,0,0,0],"id":1,"left_children":[1,3,5,7,-1,9,-1,11,13,15,-1,-1,17,19,-1,-1,-1,-1,-1,-1,-1],"loss_changes":[1.0152419E2,4.454075E0,1.52285E0,5.417866E0,0E0,1.7821207E0,0E0,2.0352697E0,1.5692756E0,2.6569862E0,0E0,0E0,4.0477448E0,1.7557799E0,0E0,0E0,0E0,0E0,0E0,0E0,0E0],"parents":[2147483647,0,0,1,1,2,2,3,3,5,5,7,7,8,8,9,9,12,12,13,13],"right_children":[2,4,6,8,-1,10,-1,12,14,16,-1,-1,18,20,-1,-1,-1,-1,-1,-1,-1],"split_conditions":[1E1,1.1E1,1.1E1,5E0,-4.724258E-1,5E0,3.6742577E-1,NaN,4E0,NaN,-6.090508E-2,-4.1077563E-1,4E0,9E0,2.7209815E-1,3.443135E-1,-4.3833487E-2,2.609055E-1,-2.8905666E-1,-2.588008E-1,1.0478128E-1],"split_indices":[13,11,13,5,0,10,0,20,9,19,0,0,0,13,0,0,0,0,0,0,0],"split_type":[0,0,0,0,0,0,0,1,0,1,0,0,0,0,0,0,0,0,0,0,0],"sum_hessian":[7.475441E1,3.031867E1,4.443574E1,1.3948451E1,1.637022E1,8.662223E0,3.5773518E1,9.892094E0,4.0563574E0,6.963516E0,1.6987066E0,6.7758374E0,3.116256E0,3.018786E0,1.0375715E0,5.0977464E0,1.8657702E0,1.0319794E0,2.0842767E0,1.0566115E0,1.9621743E0],"tree_param":{"num_deleted":"0","num_feature":"30","num_nodes":"21","size_leaf_vector":"0"}},{"base_weights":[1.0067907E-1,-1.0294298E0,9.610394E-1,-1.2376782E0,-4.8561215E-1,5.642638E-1,3.2415667E-1,-1.0188631E-1,-1.2931601E0,2.1925608E-2,-1.0747316E0,1.5348502E-1,8.116446E-1,-4.039668E-1,-9.1618836E-2,5.797672E-1,-2.2668158E-1,-7.31011E-2,-3.7222508E-1,1.5785253E-1,-1.9532242E-1,3.143994E-1,-1.8664435E-2,2.5801858E-1,2.2193734E-2],"categories":[0,1,3,1,4],"categories_nodes":[4,11,12],"categories_segments":[0,3,4],"categories_sizes":[3,1,1],"default_left":[1,1,0,0,0,0,0,0,0,0,1,0,0,0,0,0,0,0,0,0,0,0,0,0,0],"id":2,"left_children":[1,3,5,7,9,11,-1,-1,13,15,17,19,21,-1,-1,23,-1,-1,-1,-1,-1,-1,-1,-1,-1],"loss_changes":[6.674699E1,2.7642384E0,1.2351913E0,5.9926796E-1,2.975898E0,1.0033476E0,0E0,0E0,6.0526276E-1,3.1638148E0,3.309188E-1,1.963325E0,1.4478569E0,0E0,0E0,5.353378E-1,0E0,0E0,0E0,0E0,0E0,0E0,0E0,0E0,0E0],"parents":[2147483647,0,0,1,1,2,2,3,3,4,4,5,5,8,8,9,9,10,10,11,11,12,12,15,15],"right_children":[2,4,6,8,10,12,-1,-1,14,16,18,20,22,-1,-1,24,-1,-1,-1,-1,-1,-1,-1,-1,-1],"split_conditions":[1E1,9E0,1.1E1,2E0,NaN,2E0,3.2415667E-1,-1.0188631E-1,4E0,1.1E1,4E0,NaN,NaN,-4.039668E-1,-9.1618836E-2,4E0,-2.2668158E-1,-7.31011E-2,-3.7222508E-1,1.5785253E-1,-1.9532242E-1,3.143994E-1,-1.8664435E-2,2.5801858E-1,2.2193734E-2],"split_indices":[13,13,12,7,19,9,0,0,2,11,10,16,18,0,0,6,0,0,0,0,0,0,0,0,0],"split_type":[0,0,0,0,1,0,0,0,0,0,0,1,1,0,0,0,0,0,0,0,0,0,0,0,0],"sum_hessian":[6.663098E1,2.8715633E1,3.7915348E1,1.984162E1,8.874014E0,1.0099548E1,2.7815798E1,1.5688456E0,1.8272774E1,5.284284E0,3.58973E0,4.405163E0,5.694386E0,1.6991047E1,1.2817271E0,3.224911E0,2.0593731E0,1.0085962E0,2.5811338E0,3.2470605E0,1.1581024E0,4.325256E0,1.3691301E0,1.6243173E0,1.6005936E0],"tree_param":{"num_deleted":"0","num_feature":"30","num_nodes":"25","size_leaf_vector":"0"}},{"base_weights":[9.8614804E-2,-8.4518486E-1,8.5852504E-1,-3.6188534E-1,-5.381466E-1,4.809818E-1,2.8587797E-1,-8.0320746E-1,-3.1239614E-2,6.684638E-1,-5.815976E-2,-9.0893173E-1,3.213146E-2,2.3504914E-1,-5.092516E-1,2.9749736E-1,-5.4677654E-2,-3.3024192E-1,-3.121762E-1,2.8951667E-2,-2.3114185E-1,2.1278696E-2,-1.6932845E-1],"categories":[3],"categories_nodes":[9],"categories_segments":[0],"categories_sizes":[1],"default_left":[1,0,0,0,0,0,0,0,0,0,0,0,0,0,0,0,0,0,0,0,0,0,0],"id":3,"left_children":[1,3,5,-1,7,9,-1,11,13,15,-1,17,-1,-1,19,-1,-1,21,-1,-1,-1,-1,-1],"loss_changes":[4.3648567E1,2.3663158E0,7.4095917E-1,0E0,2.1925068E0,1.2366576E0,0E0,1.1365018E0,3.0112581E0,2.1252964E0,0E0,4.014063E-1,0E0,0E0,8.391721E-1,0E0,0E0,3.4793934E-1,0E0,0E0,0E0,0E0,0E0],"parents":[2147483647,0,0,1,1,2,2,4,4,5,5,7,7,8,8,9,9,11,11,14,14,17,17],"right_children":[2,4,6,-1,8,10,-1,12,14,16,-1,18,-1,-1,20,-1,-1,22,-1,-1,-1,-1,-1],"split_conditions":[1E1,8E0,1.1E1,-3.6188534E-1,5E0,5E0,2.8587797E-1,5E0,7E0,NaN,-5.815976E-2,2E0,3.213146E-2,2.3504914E-1,3E0,2.9749736E-1,-5.4677654E-2,5E0,-3.121762E-1,2.8951667E-2,-2.3114185E-1,2.1278696E-2,-1.6932845E-1],"split_indices":[13,12,13,0,5,10,0,6,11,19,0,1,0,0,10,0,0,11,0,0,0,0,0],"split_type":[0,0,0,0,0,0,0,0,0,1,0,0,0,0,0,0,0,0,0,0,0,0,0],"sum_hessian":[5.8847706E1,2.6197945E1,3.264976E1,1.0693191E1,1.5504755E1,7.749995E0,2.4899765E1,9.797258E0,5.7074966E0,6.0724454E0,1.6775501E0,8.779158E0,1.0181005E0,1.8741204E0,3.8333764E0,4.2805696E0,1.7918757E0,2.2773745E0,6.5017834E0,1.3449874E0,2.488389E0,1.0963707E0,1.1810037E0],"tree_param":{"num_deleted":"0","num_feature":"30","num_nodes":"23","size_leaf_vector":"0"}},{"base_weights":[7.809523E-2,-7.0035005E-1,7.4559003E-1,-3.1135452E-1,-4.0300536E-1,4.3874577E-1,2.5915363E-1,-6.455745E-1,5.3395223E-2,6.006464E-1,-8.744596E-2,-8.6352247E-1,-1.632863E-1,1.9594215E-1,-3.5007402E-1,2.5608146E-1,-5.3721983E-2,-9.221853E-2,5.1433742E-2,-2.959001E-1,-2.9118435E-2,1.9777574E-1,-2.1038914E-1,3.9695878E-2,-1.8092437E-1,-2.3346506E-1,2.0259137E-1],"categories":[1,1,1,1],"categories_nodes":[7,9,11,12],"categories_segments":[0,1,2,3],"categories_sizes":[1,1,1,1],"default_left":[1,1,0,0,0,0,0,0,0,0,0,0,0,0,0,0,1,0,0,0,0,0,0,0,0,0,0],"id":4,"left_children":[1,3,5,-1,7,9,-1,11,13,15,17,19,21,-1,23,-1,25,-1,-1,-1,-1,-1,-1,-1,-1,-1,-1],"loss_changes":[2.7749098E1,2.0609474E0,6.621895E-1,0E0,1.6694698E0,9.056525E-1,0E0,8.8066673E-1,1.692337E0,1.3345177E0,2.3658073E-1,5.1245975E-1,2.34683E0,0E0,6.0060513E-1,0E0,2.168823E0,0E0,0E0,0E0,0E0,0E0,0E0,0E0,0E0,0E0,0E0],"parents":[2147483647,0,0,1,1,2,2,4,4,5,5,7,7,8,8,9,9,10,10,11,11,12,12,14,14,16,16],