{"learner":{"attributes":{"best_ntree_limit":"8"},"feature_names":[],"feature_types":["q","q","q","q","q","q","q","q","q","q","q","q","q","q","c","c","c","c","c","c","c","c","c","c","c","c","c","c","c","c"],"gradient_booster":{"model":{"gbtree_model_param":{"num_parallel_tree":"1","num_trees":"8","size_leaf_vector":"0"},"tree_info":[0,0,0,0,0,0,0,0],"trees":[{"base_weights":[1.8706052E-1,-1.7929828E0,1.3949932E0,-2.1430733E0,-8.838555E-1,1.5118511E-1,1.4311033E0,-2.2202482E0,-1.4889224E-1,-3.4633252E-1,-1.4939647E0,9.5452493E-1,4.551569E-1,-7.0405984E-1,-1.1194936E0,2.8227165E-1,-1.1103089E0,-5.1756555E-1,-1.4889224E-1,3.6034384E-1,-3.9717723E-2,-8.884382E-2,-4.4860297E-1,2.20326E-1,-1.4889224E-1,-4.1539374E-1,-7.404477E-2],"categories":[0,1,2,3,4,0,1,3],"categories_nodes":[2,9],"categories_segments":[0,5],"categories_sizes":[5,3],"default_left":[1,1,0,0,0,0,0,1,0,0,0,0,0,0,0,0,0,0,0,0,0,0,0,0,0,0,0],"id":0,"left_children":[1,3,5,7,9,-1,11,13,-1,15,17,19,-1,-1,21,23,25,-1,-1,-1,-1,-1,-1,-1,-1,-1,-1],"loss_changes":[1.9405275E2,7.903412E0,8.973923E-1,1.6333847E0,2.8474398E0,0E0,5.129776E-1,1.9804382E-1,0E0,3.5581014E0,1.8286705E-1,2.8422832E0,0E0,0E0,7.9601526E-1,1.9500226E0,4.287281E-1,0E0,0E0,0E0,0E0,0E0,0E0,0E0,0E0,0E0,0E0],"parents":[2147483647,0,0,1,1,2,2,3,3,4,4,6,6,7,7,9,9,10,10,11,11,14,14,15,15,16,16],"right_children":[2,4,6,8,10,-1,12,14,-1,16,18,20,-1,-1,22,24,26,-1,-1,-1,-1,-1,-1,-1,-1,-1,-1],"split_conditions":[1E1,9E0,NaN,4E0,1.1E1,1.5118511E-1,1.1E1,3E0,-1.4889224E-1,NaN,4E0,5E0,4.551569E-1,-7.0405984E-1,3E0,3E0,3E0,-5.1756555E-1,-1.4889224E-1,3.6034384E-1,-3.9717723E-2,-8.884382E-2,-4.4860297E-1,2.20326E-1,-1.4889224E-1,-4.1539374E-1,-7.404477E-2],"split_indices":[13,13,19,2,11,0,13,4,0,19,6,10,0,0,0,1,0,0,0,0,0,0,0,0,0,0,0],"split_type":[0,0,1,0,0,0,0,0,0,1,0,0,0,0,0,0,0,0,0,0,0,0,0,0,0,0,0],"sum_hessian":[7.908815E1,2.9783195E1,4.9304955E1,2.0522873E1,9.260321E0,2.5027895E0,4.6802162E1,1.9271479E1,1.2513947E0,5.756416E0,3.5039053E0,9.010042E0,3.779212E1,1.6268131E1,3.0033474E0,3.5039053E0,2.2525105E0,2.2525105E0,1.2513947E0,7.2580895E0,1.7519526E0,1.5016737E0,1.5016737E0,2.2525105E0,1.2513947E0,1.2513947E0,1.0011158E0],"tree_param":{"num_deleted":"0","num_feature":"30","num_nodes":"27","size_leaf_vector":"0"}},{"base_weights":[1.3683116E-1,-1.2653486E0,1.1615502E0,-7.992694E-1,-4.7341853E-1,8.901733E-2,1.2008315E0,-4.2153928E-1,-4.032665E-1,7.749776E-1,3.848933E-1,-5.9282476E-1,1.5740146E-1,9.9839956E-1,-3.1905185E-2,-3.8907215E-1,-2.3577487E-1,3.2828587E-1,9.587613E-2,1.0546738E-1,-1.5608177E-1],"categories":[0,1,2,3,4,1,2,4],"categories_nodes":[2,16],"categories_segments":[0,5],"categories_sizes":[5,3],"default_left":[1,0,0,0,0,0,0,0,0,0,0,0,0,0,0,0,0,0,0,0,0],"id":1,"left_children":[1,3,5,7,-1,-1,9,-1,11,13,-1,15,-1,17,-1,-1,19,-1,-1,-1,-1],"loss_changes":[1.0866256E2,3.3995552E0,1.1256714E0,3.0002556E0,0E0,0E0,4.5402145E-1,0E0,2.1391506E0,1.9217281E0,0E0,1.981786E0,0E0,1.3531494E-1,0E0,0E0,1.396004E0,0E0,0E0,0E0,0E0],"parents":[2147483647,0,0,1,1,2,2,3,3,6,6,8,8,9,9,11,11,13,13,16,16],"right_children":[2,4,6,8,-1,-1,10,-1,12,14,-1,16,-1,18,-1,-1,20,-1,-1,-1,-1],"split_conditions":[1E1,1.1E1,NaN,8E0,-4.7341853E-1,8.901733E-2,1.1E1,-4.2153928E-1,3E0,5E0,3.848933E-1,4E0,1.5740146E-1,3E0,-3.1905185E-2,-3.8907215E-1,NaN,3.2828587E-1,9.587613E-2,1.0546738E-1,-1.5608177E-1],"split_indices":[13,11,19,13,0,0,13,0,2,10,0,5,0,3,0,0,18,0,0,0,0],"split_type":[0,0,1,0,0,0,0,0,0,0,0,0,0,0,0,0,1,0,0,0,0],"sum_hessian":[7.3603134E1,3.0978592E1,4.2624546E1,1.3866851E1,1.7111742E1,2.2235785E0,4.0400967E1,4.4738436E0,9.393007E0,8.220283E0,3.2180683E1,8.099572E0,1.2934351E0,6.4518623E0,1.7684205E0,1.8396332E0,6.2599387E0,5.1169944E0,1.3348681E0,1.9658384E0,4.2941003E0],"tree_param":{"num_deleted":"0","num_feature":"30","num_nodes":"21","size_leaf_vector":"0"}},{"base_weights":[1.13906756E-1,-9.6648264E-1,1.0091789E0,-1.1765583E0,-4.4933125E-1,4.3483634E-2,1.0535333E0,-1.2216693E0,-8.270988E-2,3.1815443E-2,-9.0461296E-1,6.514152E-1,3.443643E-1,-1.1353421E-1,-3.769343E-1,-2.165197E-1,6.83011E-1,-3.892324E-1,5.4991066E-2,8.5453796E-1,1.6165431E-1,-1.24657795E-1,3.732822E-1,4.913596E-2,2.8948689E-1,2.0052804E-1,-9.3733616E-2],"categories":[0,1,2,3,4,0,1,3,1],"categories_nodes":[2,4,9],"categories_segments":[0,5,8],"categories_sizes":[5,3,1],"default_left":[1,1,0,0,0,0,0,0,0,0,0,0,0,0,0,0,0,0,0,0,0,0,0,0,0,0,0],"id":2,"left_children":[1,3,5,7,9,-1,11,13,-1,15,17,19,-1,-1,-1,-1,21,-1,-1,23,25,-1,-1,-1,-1,-1,-1],"loss_changes":[6.492253E1,2.7816105E0,1.251915E0,5.186367E-1,2.311307E0,0E0,5.685272E-1,1.0382652E-1,0E0,3.4528987E0,2.5403633E0,7.4778605E-1,0E0,0E0,0E0,0E0,2.8288736E0,0E0,0E0,3.0426884E-1,1.1324043E0,0E0,0E0,0E0,0E0,0E0,0E0],"parents":[2147483647,0,0,1,1,2,2,3,3,4,4,6,6,7,7,9,9,10,10,11,11,16,16,19,19,20,20],"right_children":[2,4,6,8,10,-1,12,14,-1,16,18,20,-1,-1,-1,-1,22,-1,-1,24,26,-1,-1,-1,-1,-1,-1],"split_conditions":[1E1,9E0,NaN,4E0,NaN,4.3483634E-2,1.1E1,2E0,-8.270988E-2,NaN,3E0,1.3E1,3.443643E-1,-1.1353421E-1,-3.769343E-1,-2.165197E-1,4E0,-3.892324E-1,5.4991066E-2,2E0,9E0,-1.24657795E-1,3.732822E-1,4.913596E-2,2.8948689E-1,2.0052804E-1,-9.3733616E-2],"split_indices":[13,13,19,2,19,0,12,7,0,24,8,11,0,0,0,0,5,0,0,0,12,0,0,0,0,0,0],"split_type":[0,0,1,0,1,0,0,0,0,1,0,0,0,0,0,0,0,0,0,0,0,0,0,0,0,0,0],"sum_hessian":[6.511286E1,2.9469887E1,3.5642975E1,2.0050117E1,9.419768E0,1.9483249E0,3.3694653E1,1.875484E1,1.2952776E0,5.0320067E0,4.387761E0,7.905423E0,2.5789228E1,1.2135378E0,1.7541302E1,2.2824695E0,2.7495375E0,3.082228E0,1.3055334E0,5.061442E0,2.8439815E0,1.0175626E0,1.7319748E0,1.0398304E0,4.0216117E0,1.1765077E0,1.6674738E0],"tree_param":{"num_deleted":"0","num_feature":"30","num_nodes":"27","size_leaf_vector":"0"}},{"base_weights":[7.216404E-2,-8.292979E-1,8.8929117E-1,-4.73191E-1,-1.090477E0,1.2711993E-4,9.4097245E-1,-5.867617E-1,1.4046392E-1,-9.884492E-2,-3.3906284E-1,5.405039E-1,3.1162256E-1,5.1640615E-2,-7.6284397E-1,7.726149E-1,-5.285928E-2,1.20721005E-1,-1.1308125E-1,-3.0577803E-1,5.4210648E-2,2.6035014E-1,6.376788E-2,-8.470264E-2,1.08113885E-1],"categories":[0,1,2,3,4,1],"categories_nodes":[2,4],"categories_segments":[0,5],"categories_sizes":[5,1],"default_left":[1,0,0,0,0,0,0,0,0,0,0,0,0,0,0,0,0,0,0,0,0,0,0,0,0],"id":3,"left_children":[1,3,5,7,9,-1,11,13,-1,-1,-1,15,-1,17,19,21,-1,-1,-1,-1,23,-1,-1,-1,-1],"loss_changes":[4.2972267E1,2.0676575E0,1.4033566E0,1.7202444E0,8.898735E-2,0E0,5.692425E-1,1.4454851E0,0E0,0E0,0E0,1.425647E0,0E0,6.989967E-1,2.1225905E0,1.3768768E-1,0E0,0E0,0E0,0E0,4.424644E-1,0E0,0E0,0E0,0E0],"parents":[2147483647,0,0,1,1,2,2,3,3,4,4,6,6,7,7,11,11,13,13,14,14,15,15,20,20],"right_children":[2,4,6,8,10,-1,12,14,-1,-1,-1,16,-1,18,20,22,-1,-1,-1,-1,24,-1,-1,-1,-1],"split_conditions":[1E1,1.1E1,NaN,5E0,NaN,1.2711993E-4,1.1E1,3E0,1.4046392E-1,-9.884492E-2,-3.3906284E-1,5E0,3.1162256E-1,3E0,5E0,3E0,-5.285928E-2,1.20721005E-1,-1.1308125E-1,-3.0577803E-1,2E0,2.6035014E-1,6.376788E-2,-8.470264E-2,1.08113885E-1],"split_indices":[13,11,19,9,17,0,13,7,0,0,0,10,0,0,5,3,0,0,0,0,1,0,0,0,0],"split_type":[0,0,1,0,1,0,0,0,0,0,0,0,0,0,0,0,0,0,0,0,0,0,0,0,0],"sum_hessian":[5.6336765E1,2.6779018E1,2.9557747E1,1.2520112E1,1.4258906E1,1.6795381E0,2.787821E1,1.1508452E1,1.0116599E0,1.168635E0,1.3090272E1,6.751612E0,2.1126596E1,2.6407816E0,8.867671E0,5.041014E0,1.710598E0,1.4858146E0,1.1549671E0,6.561116E0,2.3065546E0,3.838803E0,1.2022111E0,1.1358293E0,1.1707251E0],"tree_param":{"num_deleted":"0","num_feature":"30","num_nodes":"25","size_leaf_vector":"0"}},{"base_weights":[6.204353E-2,-6.668076E-1,7.844907E-1,-2.918188E-1,-4.1116855E-1,-3.126435E-2,8.439017E-1,-1.2281036E-1,-7.674606E-1,4.5773816E-1,2.879124E-1,-2.7446675E-1,9.51071E-2,-2.7558693E-1,-2.8420228E-1,6.6320336E-1,4.4299792E-2,1.9628435E-1,-2.1080874E-1,5.5762585E-2,-1.836516E-1,2.3604706E-1,3.7108004E-2,9.860168E-2,-9.268926E-2,7.842441E-2,-3.94173E-1],"categories":[0,1,2,3,4,1,0,1,2,4,1,1],"categories_nodes":[2,8,12,15,16],"categories_segments":[0,5,6,10,11],