{"learner":{"attributes":{"best_ntree_limit":"7"},"feature_names":[],"feature_types":["q","q","q","q","q","q","q","q","q","q","q","q","q","q","c","c","c","c","c","c","c","c","c","c","c","c","c","c","c","c"],"gradient_booster":{"model":{"gbtree_model_param":{"num_parallel_tree":"1","num_trees":"2","size_leaf_vector":"0"},"tree_info":[0,0],"trees":[{"base_weights":[1.86772E-1,-1.7699921E0,1.3397747E0,-2.1966205E0,-9.472326E-1,7.994758E-1,4.4076803E-1,-1.4813705E-1,-6.8663603E-1,-2.7651626E-1,-1.5721712E0,4.113406E-1,3.6614448E-1,3.4956104E-1,-1.1067737E0,-5.366784E-1,-7.340017E-2,9.180928E-1,-1.5850899E-1,-1.4786643E-1,1.0053972E0,-4.1449952E-1,-7.340017E-2,7.644581E-2,3.1320342E-1,4.295013E-1,-2.8131828E-1,7.644581E-2,3.7613776E-1,2.5140664E-1,-7.340017E-2],"categories":[0,1,3,1,3],"categories_nodes":[9,13,25],"categories_segments":[0,3,4],"categories_sizes":[3,1,1],"default_left":[1,1,0,0,0,0,0,0,0,0,0,0,0,0,1,0,0,0,0,0,0,0,0,0,0,0,0,0,0,0,0],"id":0,"left_children":[1,3,5,7,9,11,-1,-1,-1,13,15,17,-1,19,21,-1,-1,23,25,-1,27,-1,-1,-1,-1,29,-1,-1,-1,-1,-1],"loss_changes":[1.8266495E2,8.470589E0,2.382141E0,1.8575516E0,4.6046267E0,1.4625468E0,0E0,0E0,0E0,4.0319343E0,1.2917366E0,2.3875203E0,0E0,3.1242232E0,4.332509E-1,0E0,0E0,8.947706E-2,2.4679003E0,0E0,2.405963E-1,0E0,0E0,0E0,0E0,1.1013991E0,0E0,0E0,0E0,0E0,0E0],"parents":[2147483647,0,0,1,1,2,2,3,3,4,4,5,5,9,9,10,10,11,11,13,13,14,14,17,17,18,18,20,20,25,25],"right_children":[2,4,6,8,10,12,-1,-1,-1,14,16,18,-1,20,22,-1,-1,24,26,-1,28,-1,-1,-1,-1,30,-1,-1,-1,-1,-1],"split_conditions":[1E1,9E0,1.1E1,2E0,1.1E1,3E0,4.4076803E-1,-1.4813705E-1,-6.8663603E-1,NaN,4E0,3E0,3.6614448E-1,NaN,3E0,-5.366784E-1,-7.340017E-2,3E0,9E0,-1.4786643E-1,2E0,-4.1449952E-1,-7.340017E-2,7.644581E-2,3.1320342E-1,NaN,-2.8131828E-1,7.644581E-2,3.7613776E-1,2.5140664E-1,-7.340017E-2],"split_indices":[13,13,12,7,11,9,0,0,0,19,9,7,0,24,0,0,0,11,11,0,9,0,0,0,0,20,0,0,0,0,0],"split_type":[0,0,0,0,0,0,0,0,0,1,0,0,0,1,0,0,0,0,0,0,0,0,0,0,0,1,0,0,0,0,0],"sum_hessian":[7.891189E1,2.9059618E1,4.9852276E1,1.8037004E1,1.1022614E1,1.1022614E1,3.8829662E1,1.2525697E0,1.6784433E1,6.012335E0,5.0102787E0,6.7638764E0,4.258737E0,3.757709E0,2.2546256E0,4.008223E0,1.0020558E0,3.2566812E0,3.5071952E0,1.7535976E0,2.0041115E0,1.2525697E0,1.0020558E0,1.0020558E0,2.2546256E0,2.2546256E0,1.2525697E0,1.0020558E0,1.0020558E0,1.2525697E0,1.0020558E0],"tree_param":{"num_deleted":"0","num_feature":"30","num_nodes":"31","size_leaf_vector":"0"}},{"base_weights":[1.4677528E-1,-1.2574513E0,1.1183645E0,-4.7740144E-1,-8.946169E-1,4.5374975E-1,1.1847907E0,-2.1518107E-1,-1.1701032E0,-1.139435E-2,2.61563E-1,6.344279E-1,3.673563E-1,-2.3753649E-1,2.1237628E-1,-2.6713094E-2,-1.321926E0,1.4445224E-1,-1.9376203E-1,2.9852575E-2,2.6203346E-1,-2.1724628E-1,2.2331771E-1,-6.7762804E-1,-9.721021E-1,7.9826675E-2,-1.8763103E-1,-2.9110068E-2,-3.8850802E-1],"categories":[1,1,1],"categories_nodes":[8,21,24],"categories_segments":[0,1,2],"categories_sizes":[1,1,1],"default_left":[1,0,0,0,0,0,0,0,0,0,0,0,0,0,0,0,1,0,0,0,0,0,0,0,0,0,0,0,0],"id":1,"left_children":[1,3,5,-1,7,9,11,13,15,17,-1,19,-1,-1,21,-1,23,-1,-1,-1,-1,25,-1,-1,27,-1,-1,-1,-1],"loss_changes":[1.0353839E2,2.3420753E0,1.439106E0,0E0,2.9639587E0,1.1164122E0,9.963608E-2,1.6921535E0,1.8516254E0,1.4619405E0,0E0,5.234667E-1,0E0,0E0,1.1532699E0,0E0,1.2286301E0,0E0,0E0,0E0,0E0,7.926528E-1,0E0,0E0,2.5202847E0,0E0,0E0,0E0,0E0],"parents":[2147483647,0,0,1,1,2,2,4,4,5,5,6,6,7,7,8,8,9,9,11,11,14,14,16,16,21,21,24,24],"right_children":[2,4,6,-1,8,10,12,14,16,18,-1,20,-1,-1,22,-1,24,-1,-1,-1,-1,26,-1,-1,28,-1,-1,-1,-1],"split_conditions":[1E1,8E0,1E1,-4.7740144E-1,7E0,2E0,2E0,9E0,NaN,3E0,2.61563E-1,1.2E1,3.673563E-1,-2.3753649E-1,5E0,-2.6713094E-2,4E0,1.4445224E-1,-1.9376203E-1,2.9852575E-2,2.6203346E-1,NaN,2.2331771E-1,-6.7762804E-1,NaN,7.9826675E-2,-1.8763103E-1,-2.9110068E-2,-3.8850802E-1],"split_indices":[13,12,12,0,11,9,4,13,17,7,0,13,0,0,5,0,5,0,0,0,0,28,0,0,29,0,0,0,0],"split_type":[0,0,0,0,0,0,0,0,1,0,0,0,0,0,0,0,0,0,0,0,0,1,0,0,1,0,0,0,0],"sum_hessian":[7.385873E1,3.0084185E1,4.377454E1,1.3903801E1,1.6180384E1,4.689146E0,3.9085396E1,5.181722E0,1.0998662E1,2.680254E0,2.0088918E0,3.7740278E0,3.5311367E1,1.8435746E0,3.3381474E0,1.5497948E0,9.448867E0,1.6441087E0,1.0361454E0,1.6029509E0,2.1710768E0,2.1741202E0,1.1640272E0,1.0853727E0,8.363494E0,1.1548256E0,1.0192945E0,2.6049693E0,5.758525E0],"tree_param":{"num_deleted":"0","num_feature":"30","num_nodes":"29","size_leaf_vector":"0"}}]},"name":"gbtree"},"learner_model_param":{"base_score":"5E-1","num_class":"0","num_feature":"30","num_target":"1"},"objective":{"name":"reg:squarederror","reg_loss_param":{"scale_pos_weight":"1"}}},"version":[1,6,2]}