{"learner":{"attributes":{"best_ntree_limit":"6"},"feature_names":[],"feature_types":["q","q","q","q","q","q","q","q","q","q","q","q","q","q","c","c","c","c","c","c","c","c","c","c","c","c","c","c","c","c"],"gradient_booster":{"model":{"gbtree_model_param":{"num_parallel_tree":"1","num_trees":"6","size_leaf_vector":"0"},"tree_info":[0,0,0,0,0,0],"trees":[{"base_weights":[1.8848826E-1,-1.7781483E0,1.3359987E0,-2.137367E0,-8.461085E-1,8.222653E-1,4.3918997E-1,-2.215963E0,-1.4934413E-1,-1.1241863E-1,-5.1543075E-1,3.0587891E-2,9.1123915E-1,-2.0925154E-1,-6.9077885E-1,7.242225E-1,-3.9902726E-1,1.0283133E0,3.0587891E-2,3.0045247E-1,3.0587891E-2,3.5376513E-1,6.8778224E-2],"categories":[0,1,3,0,1,3,4,1],"categories_nodes":[4,15,17],"categories_segments":[0,3,7],"categories_sizes":[3,4,1],"default_left":[1,1,0,0,0,0,0,0,0,0,0,0,0,0,0,0,0,0,0,0,0,0,0],"id":0,"left_children":[1,3,5,7,9,11,-1,13,-1,15,-1,-1,17,-1,-1,19,-1,21,-1,-1,-1,-1,-1],"loss_changes":[1.836782E2,8.246567E0,2.1691666E0,1.6058502E0,6.2110085E0,7.090168E-1,0E0,9.9476624E-1,0E0,7.591438E0,0E0,0E0,9.3841267E-1,0E0,0E0,6.7501116E-1,0E0,8.7630653E-1,0E0,0E0,0E0,0E0,0E0],"parents":[2147483647,0,0,1,1,2,2,3,3,4,4,5,5,7,7,9,9,12,12,15,15,17,17],"right_children":[2,4,6,8,10,12,-1,14,-1,16,-1,-1,18,-1,-1,20,-1,22,-1,-1,-1,-1,-1],"split_conditions":[1E1,9E0,1.1E1,4E0,NaN,2E0,4.3918997E-1,2E0,-1.4934413E-1,1.1E1,-5.1543075E-1,3.0587891E-2,5E0,-2.0925154E-1,-6.9077885E-1,NaN,-3.9902726E-1,NaN,3.0587891E-2,3.0045247E-1,3.0587891E-2,3.5376513E-1,6.8778224E-2],"split_indices":[13,13,12,2,19,0,0,7,0,11,0,0,7,0,0,18,0,20,0,0,0,0,0],"split_type":[0,0,0,0,1,0,0,0,0,0,0,0,0,0,0,1,0,1,0,0,0,0,0],"sum_hessian":[7.9338425E1,2.9032358E1,5.030607E1,2.0022316E1,9.010042E0,1.1512832E1,3.8793236E1,1.8770922E1,1.2513947E0,5.506137E0,3.5039053E0,1.5016737E0,1.0011158E1,1.5016737E0,1.7269247E1,3.5039053E0,2.0022316E0,8.509484E0,1.5016737E0,2.0022316E0,1.5016737E0,6.7575316E0,1.7519526E0],"tree_param":{"num_deleted":"0","num_feature":"30","num_nodes":"23","size_leaf_vector":"0"}},{"base_weights":[1.729161E-1,-1.2162083E0,1.1259803E0,-7.179845E-1,-4.7247735E-1,6.257477E-1,3.680308E-1,-1.0877496E0,2.2044435E-1,8.277811E-1,-6.070635E-2,-4.1074693E-1,-2.9180998E-1,-1.831225E-1,2.7240792E-1,3.4479436E-1,-4.3578934E-2,2.611892E-1,-2.889531E-1,-2.58695E-1,1.0506224E-1],"categories":[1,3],"categories_nodes":[7,9],"categories_segments":[0,1],"categories_sizes":[1,1],"default_left":[1,0,0,0,0,0,0,0,0,0,0,0,1,0,0,0,0,0,0,0,0],"id":1,"left_children":[1,3,5,7,-1,9,-1,11,13,15,-1,-1,17,19,-1,-1,-1,-1,-1,-1,-1],"loss_changes":[1.0160277E2,4.4610023E0,1.5224075E0,5.4221816E0,0E0,1.783354E0,0E0,2.0378551E0,1.5683836E0,2.6574912E0,0E0,0E0,4.048681E0,1.756807E0,0E0,0E0,0E0,0E0,0E0,0E0,0E0],"parents":[2147483647,0,0,1,1,2,2,3,3,5,5,7,7,8,8,9,9,12,12,13,13],"right_children":[2,4,6,8,-1,10,-1,12,14,16,-1,-1,18,20,-1,-1,-1,-1,-1,-1,-1],"split_conditions":[1E1,1.1E1,1.1E1,5E0,-4.7247735E-1,5E0,3.680308E-1,NaN,4E0,NaN,-6.070635E-2,-4.1074693E-1,4E0,9E0,2.7240792E-1,3.4479436E-1,-4.3578934E-2,2.611892E-1,-2.889531E-1,-2.58695E-1,1.0506224E-1],"split_indices":[13,11,13,5,0,10,0,20,9,19,0,0,0,13,0,0,0,0,0,0,0],"split_type":[0,0,0,0,0,0,0,1,0,1,0,0,0,0,0,0,0,0,0,0,0],"sum_hessian":[7.4709236E1,3.0287722E1,4.4421516E1,1.3934927E1,1.6352795E1,8.658144E0,3.5763374E1,9.882034E0,4.0528927E0,6.960394E0,1.6977503E0,6.768747E0,3.1132874E0,3.0162299E0,1.036663E0,5.0954847E0,1.8649092E0,1.0311304E0,2.0821571E0,1.055368E0,1.9608619E0],"tree_param":{"num_deleted":"0","num_feature":"30","num_nodes":"21","size_leaf_vector":"0"}},{"base_weights":[1.07499324E-1,-1.0251235E0,9.688731E-1,-1.233787E0,-4.8099273E-1,5.702973E-1,3.2662076E-1,-1.0101966E-1,-1.2893434E0,2.6745163E-2,-1.0714529E0,1.5867124E-1,8.1742346E-1,-4.028495E-1,-9.079523E-2,5.8462554E-1,-2.2580265E-1,-7.2330385E-2,-3.713393E-1,1.5939525E-1,-1.9444884E-1,3.1611276E-1,-1.7641833E-2,2.5922424E-1,2.3320038E-2],"categories":[0,1,3,1,4],"categories_nodes":[4,11,12],"categories_segments":[0,3,4],"categories_sizes":[3,1,1],"default_left":[1,1,0,0,0,0,0,0,0,0,1,0,0,0,0,0,0,0,0,0,0,0,0,0,0],"id":2,"left_children":[1,3,5,7,9,11,-1,-1,13,15,17,19,21,-1,-1,23,-1,-1,-1,-1,-1,-1,-1,-1,-1],"loss_changes":[6.692169E1,2.7761898E0,1.2374573E0,6.0307693E-1,2.9862359E0,9.9875784E-1,0E0,0E0,6.092949E-1,3.1706388E0,3.349228E-1,1.9687071E0,1.4472551E0,0E0,0E0,5.3102064E-1,0E0,0E0,0E0,0E0,0E0,0E0,0E0,0E0,0E0],"parents":[2147483647,0,0,1,1,2,2,3,3,4,4,5,5,8,8,9,9,10,10,11,11,12,12,15,15],"right_children":[2,4,6,8,10,12,-1,-1,14,16,18,20,22,-1,-1,24,-1,-1,-1,-1,-1,-1,-1,-1,-1],"split_conditions":[1E1,9E0,1.1E1,2E0,NaN,2E0,3.2662076E-1,-1.0101966E-1,4E0,1.1E1,4E0,NaN,NaN,-4.028495E-1,-9.079523E-2,4E0,-2.2580265E-1,-7.2330385E-2,-3.713393E-1,1.5939525E-1,-1.9444884E-1,3.1611276E-1,-1.7641833E-2,2.5922424E-1,2.3320038E-2],"split_indices":[13,13,12,7,19,9,0,0,2,11,10,16,18,0,0,6,0,0,0,0,0,0,0,0,0],"split_type":[0,0,0,0,1,0,0,0,0,0,0,1,1,0,0,0,0,0,0,0,0,0,0,0,0],"sum_hessian":[6.657656E1,2.867786E1,3.78987E1,1.981265E1,8.865211E0,1.00933895E1,2.7805313E1,1.5672785E0,1.824537E1,5.279802E0,3.5854087E0,4.402471E0,5.690918E0,1.6964775E1,1.2805963E0,3.2228956E0,2.0569065E0,1.0071875E0,2.578221E0,3.2451413E0,1.1573299E0,4.3227015E0,1.3682166E0,1.6232924E0,1.5996032E0],"tree_param":{"num_deleted":"0","num_feature":"30","num_nodes":"25","size_leaf_vector":"0"}},{"base_weights":[1.0907728E-1,-8.3803266E-1,8.716133E-1,-3.599644E-1,-5.308858E-1,4.8979697E-1,2.9009667E-1,-7.965608E-1,-2.4023777E-2,6.775428E-1,-5.6695472E-2,-9.024239E-1,3.3308968E-2,2.368819E-1,-5.030337E-1,3.0028328E-1,-5.3050213E-2,-3.2449728E-1,-3.1036806E-1,3.0455677E-2,-2.2955799E-1,2.272415E-2,-1.6810279E-1],"categories":[3],"categories_nodes":[9],"categories_segments":[0],"categories_sizes":[1],"default_left":[1,0,0,0,0,0,0,0,0,0,0,0,0,0,0,0,0,0,0,0,0,0,0],"id":3,"left_children":[1,3,5,-1,7,9,-1,11,13,15,-1,17,-1,-1,19,-1,-1,21,-1,-1,-1,-1,-1],"loss_changes":[4.3887985E1,2.3819218E0,7.497635E-1,0E0,2.2008257E0,1.241982E0,0E0,1.1364346E0,3.0086265E0,2.1291666E0,0E0,4.1022968E-1,0E0,0E0,8.4292436E-1,0E0,0E0,3.5156706E-1,0E0,0E0,0E0,0E0,0E0],"parents":[2147483647,0,0,1,1,2,2,4,4,5,5,7,7,8,8,9,9,11,11,14,14,17,17],"right_children":[2,4,6,-1,8,10,-1,12,14,16,-1,18,-1,-1,20,-1,-1,22,-1,-1,-1,-1,-1],"split_conditions":[1E1,8E0,1.1E1,-3.599644E-1,5E0,5E0,2.9009667E-1,5E0,7E0,NaN,-5.6695472E-2,2E0,3.3308968E-2,2.368819E-1,3E0,3.0028328E-1,-5.3050213E-2,5E0,-3.1036806E-1,3.0455677E-2,-2.2955799E-1,2.272415E-2,-1.6810279E-1],"split_indices":[13,12,13,0,5,10,0,6,11,19,0,1,0,0,10,0,0,11,0,0,0,0,0],"split_type":[0,0,0,0,0,0,0,0,0,1,0,0,0,0,0,0,0,0,0,0,0,0,0],"sum_hessian":[5.8757988E1,2.6163069E1,3.2594917E1,1.0677455E1,1.5485614E1,7.740977E0,2.4853943E1,9.785124E0,5.70049E0,6.0652113E0,1.6757654E0,8.76809E0,1.0170337E0,1.8721336E0,3.8283563E0,4.275345E0,1.7898663E0,2.2747512E0,6.4933386E0,1.3433306E0,2.4850256E0,1.0951089E0,1.1796424E0],"tree_param":{"num_deleted":"0","num_feature":"30","num_nodes":"23","size_leaf_vector":"0"}},{"base_weights":[9.1105156E-2,-6.910447E-1,7.635372E-1,-3.0854234E-1,-3.9427358E-1,4.4922277E-1,2.6546872E-1,-6.373917E-1,6.1693948E-2,6.109705E-1,-8.008662E-2,-8.5596645E-1,-1.5596278E-1,1.9807225E-1,-3.4285185E-1,2.592521E-1,-4.7179695E-2,-9.067167E-2,5.3263646E-2,-2.9378074E-1,-2.757666E-2,1.9936375E-1,-2.0844164E-1,4.1436706E-2,-1.7912944E-1,-2.3216462E-1,2.0427082E-1],"categories":[1,1,1,1],"categories_nodes":[7,9,11,12],"categories_segments":[0,1,2,3],"categories_sizes":[1,1,1,1],"default_left":[1,1,0,0,0,0,0,0,0,0,0,0,0,0,0,0,1,0,0,0,0,0,0,0,0,0,0],"id":4,"left_children":[1,3,5,-1,7,9,-1,11,13,15,17,19,21,-1,23,-1,25,-1,-1,-1,-1,-1,-1,-1,-1,-1,-1],"loss_changes":[2.8014328E1,2.0664177E0,6.9254684E-1,0E0,1.6750114E0,9.0433455E-1,0E0,8.884969E-1,1.6896517E0,1.3353872E0,2.3810583E-1,5.182681E-1,2.3431554E0,0E0,6.0391974E-1,0E0,2.1706471E0,0E0,0E0,0E0,0E0,0E0,0E0,0E0,0E0,0E0,0E0],