{"learner":{"attributes":{"best_ntree_limit":"2"},"feature_names":[],"feature_types":["q","q","q","q","q","q","q","q","q","q","q","q","q","q","c","c","c","c","c","c","c","c","c","c","c","c","c","c","c","c","c","c"],"gradient_booster":{"model":{"gbtree_model_param":{"num_parallel_tree":"1","num_trees":"2","size_leaf_vector":"0"},"tree_info":[0,0],"trees":[{"base_weights":[2.0769775E-1,-1.8826778E0,1.4281042E0,-2.262428E0,-8.888391E-1,8.777917E-1,4.690814E-1,-2.345439E0,-1.5341894E-1,-1.1249539E-1,-5.394642E-1,3.4908038E-1,-2.1594276E-1,-2.1594276E-1,-7.310324E-1,7.6585764E-1,-4.145452E-1,3.1461397E-1,3.301761E-2],"categories":[0,1,3,1,0,1,3,4],"categories_nodes":[4,5,15],"categories_segments":[0,3,4],"categories_sizes":[3,1,4],"default_left":[1,1,0,0,0,0,0,0,0,0,0,0,0,0,0,0,0,0,0],"id":0,"left_children":[1,3,5,7,9,11,-1,13,-1,15,-1,-1,-1,-1,-1,17,-1,-1,-1],"loss_changes":[1.9528755E2,8.654854E0,2.2243042E0,1.6786118E0,6.4764447E0,6.2302084E0,0E0,1.0114288E0,0E0,7.9373784E0,0E0,0E0,0E0,0E0,0E0,6.8036914E-1,0E0,0E0,0E0],"parents":[2147483647,0,0,1,1,2,2,3,3,4,4,5,5,7,7,9,9,15,15],"right_children":[2,4,6,8,10,12,-1,14,-1,16,-1,-1,-1,-1,-1,18,-1,-1,-1],"split_conditions":[1E1,9E0,1.1E1,4E0,NaN,NaN,4.690814E-1,2E0,-1.5341894E-1,1.1E1,-5.394642E-1,3.4908038E-1,-2.1594276E-1,-2.1594276E-1,-7.310324E-1,NaN,-4.145452E-1,3.1461397E-1,3.301761E-2],"split_indices":[13,13,12,2,21,16,0,7,0,11,0,0,0,0,0,20,0,0,0],"split_type":[0,0,0,0,1,1,0,0,0,0,0,0,0,0,0,1,0,0,0],"sum_hessian":[7.449618E1,2.726043E1,4.7235744E1,1.8800297E1,8.460134E0,1.0810171E1,3.6425575E1,1.7625278E1,1.1750185E0,5.1700816E0,3.290052E0,9.400148E0,1.4100223E0,1.4100223E0,1.6215256E1,3.290052E0,1.8800297E0,1.8800297E0,1.4100223E0],"tree_param":{"num_deleted":"0","num_feature":"32","num_nodes":"19","size_leaf_vector":"0"}},{"base_weights":[2.4319173E-1,-1.293917E0,1.2828093E0,-7.602853E-1,-5.022328E-1,8.8039005E-1,4.0745944E-1,-1.1521677E0,2.3587511E-1,3.6872968E-1,-1.2764914E-1,-4.3435284E-1,-3.0432594E-1,1.872531E-1,-9.192297E-2,1.4533094E-1,-3.3627748E-1],"categories":[1,1],"categories_nodes":[5,7],"categories_segments":[0,1],"categories_sizes":[1,1],"default_left":[1,0,0,0,0,0,0,0,0,0,0,0,1,0,0,0,0],"id":1,"left_children":[1,3,5,7,-1,9,-1,11,13,-1,-1,-1,15,-1,-1,-1,-1],"loss_changes":[1.15982124E2,4.684227E0,1.1420441E-1,5.7557487E0,0E0,4.919756E0,0E0,2.129344E0,1.2011845E0,0E0,0E0,0E0,3.0658906E0,0E0,0E0,0E0,0E0],"parents":[2147483647,0,0,1,1,2,2,3,3,5,5,7,7,8,8,12,12],"right_children":[2,4,6,8,-1,10,-1,12,14,-1,-1,-1,16,-1,-1,-1,-1],"split_conditions":[1E1,1.1E1,1.1E1,5E0,-5.022328E-1,NaN,4.0745944E-1,NaN,7E0,3.6872968E-1,-1.2764914E-1,-4.3435284E-1,1E1,1.872531E-1,-9.192297E-2,1.4533094E-1,-3.3627748E-1],"split_indices":[13,11,13,5,0,16,0,22,11,0,0,0,12,0,0,0,0],"split_type":[0,0,0,0,0,1,0,1,0,0,0,0,0,0,0,0,0],"sum_hessian":[7.054061E1,2.8361942E1,4.2178673E1,1.3047887E1,1.5314056E1,8.655305E0,3.3523365E1,9.2517185E0,3.796168E0,6.8775945E0,1.7777107E0,6.334836E0,2.916882E0,2.1241574E0,1.6720107E0,1.6906384E0,1.2262437E0],"tree_param":{"num_deleted":"0","num_feature":"32","num_nodes":"17","size_leaf_vector":"0"}}]},"name":"gbtree"},"learner_model_param":{"base_score":"5E-1","num_class":"0","num_feature":"32","num_target":"1"},"objective":{"name":"reg:squarederror","reg_loss_param":{"scale_pos_weight":"1"}}},"version":[1,6,2]}