{"learner":{"attributes":{"best_ntree_limit":"2"},"feature_names":[],"feature_types":["q","q","q","q","q","q","q","q","q","q","q","q","q","q","c","c","c","c","c","c","c","c","c","c","c","c","c","c","c","c","c","c"],"gradient_booster":{"model":{"gbtree_model_param":{"num_parallel_tree":"1","num_trees":"2","size_leaf_vector":"0"},"tree_info":[0,0],"trees":[{"base_weights":[1.9893464E-1,-1.825597E0,1.4245579E0,-2.2777045E0,-9.850095E-1,7.789914E-1,4.692411E-1,-1.5341894E-1,-7.1133214E-1,-3.8207817E-1,-1.615117E0,3.241134E-1,-1.5393597E-1,2.8391853E-1,-3.7831762E-1,-5.986591E-1,-9.146257E-2,-1.5393597E-1,8.2847035E-1,3.983005E-1,-1.5489077E-2],"categories":[1,0,1,3,1,1],"categories_nodes":[5,9,10,13],"categories_segments":[0,1,4,5],"categories_sizes":[1,3,1,1],"default_left":[1,1,0,0,0,0,0,0,0,0,0,0,0,0,0,0,0,0,1,0,0],"id":0,"left_children":[1,3,5,7,9,11,-1,-1,-1,13,15,-1,-1,17,-1,-1,-1,-1,19,-1,-1],"loss_changes":[1.8876408E2,8.675041E0,3.043251E0,1.743866E0,3.8697186E0,4.604441E0,0E0,0E0,0E0,4.6578465E0,2.1155853E0,0E0,0E0,2.5931058E0,0E0,0E0,0E0,0E0,1.5403678E0,0E0,0E0],"parents":[2147483647,0,0,1,1,2,2,3,3,4,4,5,5,9,9,10,10,13,13,18,18],"right_children":[2,4,6,8,10,12,-1,-1,-1,14,16,-1,-1,18,-1,-1,-1,-1,20,-1,-1],"split_conditions":[1E1,9E0,1.1E1,2E0,1.1E1,NaN,4.692411E-1,-1.5341894E-1,-7.1133214E-1,NaN,NaN,3.241134E-1,-1.5393597E-1,NaN,-3.7831762E-1,-5.986591E-1,-9.146257E-2,-1.5393597E-1,1E1,3.983005E-1,-1.5489077E-2],"split_indices":[13,13,12,7,11,16,0,0,0,21,18,0,0,26,0,0,0,0,12,0,0],"split_type":[0,0,0,0,0,1,0,0,0,1,1,0,0,1,0,0,0,0,0,0,0],"sum_hessian":[7.402617E1,2.7730438E1,4.629573E1,1.6920267E1,1.0810171E1,9.400148E0,3.6895584E1,1.1750185E0,1.5745249E1,6.3451004E0,4.4650707E0,7.755122E0,1.645026E0,3.995063E0,2.350037E0,3.0550482E0,1.4100223E0,1.645026E0,2.350037E0,1.1750185E0,1.1750185E0],"tree_param":{"num_deleted":"0","num_feature":"32","num_nodes":"21","size_leaf_vector":"0"}},{"base_weights":[1.7996506E-1,-1.3572618E0,1.2557185E0,-8.6356544E-1,-1.6861963E0,7.712082E-1,4.034001E-1,-4.4192314E-1,-3.6968684E-1,-1.3947822E-1,-1.7729985E0,3.264227E-1,-4.0203106E-2,1.2513177E-1,-8.66234E-1,-5.796237E-1,-9.4710785E-1,2.7948695E-1,-3.378315E-1,7.0899653E-1,-2.5926772E-1,3.421029E-2,-1.2444782E0,-4.6290323E-1,9.862347E-2,2.2285964E-2,2.8697687E-1,-5.8371586E-1,1.088807E-2],"categories":[1,1,1,1,1],"categories_nodes":[4,5,10,14,19],"categories_segments":[0,1,2,3,4],"categories_sizes":[1,1,1,1,1],"default_left":[1,0,0,0,0,0,0,0,0,0,0,0,0,0,0,0,0,0,0,0,0,0,1,0,0,0,0,0,0],"id":1,"left_children":[1,3,5,7,9,11,-1,-1,13,-1,15,-1,17,19,21,-1,23,-1,-1,25,-1,-1,27,-1,-1,-1,-1,-1,-1],"loss_changes":[1.1833278E2,3.3370972E0,7.734909E-1,3.6252146E0,9.422302E-1,2.3220067E0,0E0,0E0,2.3164747E0,0E0,1.675148E-1,0E0,4.692997E0,3.7176352E0,1.8518884E0,0E0,3.8653917E0,0E0,0E0,5.4646754E-1,0E0,0E0,3.1347804E0,0E0,0E0,0E0,0E0,0E0,0E0],"parents":[2147483647,0,0,1,1,2,2,3,3,4,4,5,5,8,8,10,10,12,12,13,13,14,14,16,16,19,19,22,22],"right_children":[2,4,6,8,10,12,-1,-1,14,-1,16,-1,18,20,22,-1,24,-1,-1,26,-1,-1,28,-1,-1,-1,-1,-1,-1],"split_conditions":[1E1,1.1E1,1.1E1,8E0,NaN,NaN,4.034001E-1,-4.4192314E-1,3E0,-1.3947822E-1,NaN,3.264227E-1,2E0,2E0,NaN,-5.796237E-1,3E0,2.7948695E-1,-3.378315E-1,NaN,-2.5926772E-1,3.421029E-2,4E0,-4.6290323E-1,9.862347E-2,2.2285964E-2,2.8697687E-1,-5.8371586E-1,1.088807E-2],"split_indices":[13,11,13,12,19,16,0,0,1,0,18,0,3,8,17,0,6,0,0,17,0,0,9,0,0,0,0,0,0],"split_type":[0,0,0,0,1,1,0,0,0,0,1,0,0,0,1,0,0,0,0,1,0,0,0,0,0,0,0,0,0],"sum_hessian":[6.952674E1,2.851614E1,4.1010597E1,1.2851989E1,1.5664151E1,7.8610506E0,3.3149548E1,4.865118E0,7.9868712E0,1.461244E0,1.4202908E1,5.408133E0,2.4529178E0,4.3750486E0,3.6118226E0,1.0785961E1,3.4169466E0,1.3694261E0,1.0834917E0,2.9295595E0,1.4454892E0,1.2001075E0,2.411715E0,2.1863768E0,1.2305698E0,1.1869142E0,1.7426454E0,1.2229533E0,1.1887617E0],"tree_param":{"num_deleted":"0","num_feature":"32","num_nodes":"29","size_leaf_vector":"0"}}]},"name":"gbtree"},"learner_model_param":{"base_score":"5E-1","num_class":"0","num_feature":"32","num_target":"1"},"objective":{"name":"reg:squarederror","reg_loss_param":{"scale_pos_weight":"1"}}},"version":[1,6,2]}