{"learner":{"attributes":{"best_ntree_limit":"2"},"feature_names":[],"feature_types":["q","q","q","q","q","q","q","q","q","q","q","q","q","q","c","c","c","c","c","c","c","c","c","c","c","c","c","c","c","c"],"gradient_booster":{"model":{"gbtree_model_param":{"num_parallel_tree":"1","num_trees":"2","size_leaf_vector":"0"},"tree_info":[0,0],"trees":[{"base_weights":[1.8536213E-1,-1.8383316E0,1.3564603E0,-2.160233E0,-1.1171042E0,9.030943E-1,4.3947956E-1,-6.730523E-1,-2.0907326E-1,3.6508862E-2,-1.4946717E0,3.3732033E-1,2.0904651E-1,1.7798083E-1,-2.2421928E-1,-1.5928293E-2,-1.7359414E0,3.0065057E-1,-2.8242978E-1,-8.086719E-1,-1.0171907E0,1.17322445E-1,-4.4859082E-1],"categories":[1,0,1,3,4,1,1,3],"categories_nodes":[5,9,10,16,20],"categories_segments":[0,1,5,6,7],"categories_sizes":[1,4,1,1,1],"default_left":[1,1,0,0,0,0,0,0,0,0,0,0,0,0,0,0,0,0,0,0,0,0,0],"id":0,"left_children":[1,3,5,7,9,11,-1,-1,-1,13,15,-1,17,-1,-1,-1,19,-1,-1,-1,21,-1,-1],"loss_changes":[1.9229805E2,4.501129E0,1.200119E0,8.1521606E-1,4.9596786E0,1.6868877E0,0E0,0E0,0E0,2.0814278E0,2.867117E0,0E0,4.8247814E0,0E0,0E0,0E0,2.263483E0,0E0,0E0,0E0,4.459868E0,0E0,0E0],"parents":[2147483647,0,0,1,1,2,2,3,3,4,4,5,5,9,9,10,10,12,12,16,16,20,20],"right_children":[2,4,6,8,10,12,-1,-1,-1,14,16,-1,18,-1,-1,-1,20,-1,-1,-1,22,-1,-1],"split_conditions":[1E1,9E0,1.1E1,5E0,5E0,NaN,4.3947956E-1,-6.730523E-1,-2.0907326E-1,NaN,NaN,3.3732033E-1,2E0,1.7798083E-1,-2.2421928E-1,-1.5928293E-2,NaN,3.0065057E-1,-2.8242978E-1,-8.086719E-1,NaN,1.17322445E-1,-4.4859082E-1],"split_indices":[13,13,12,9,11,16,0,0,0,18,17,0,3,0,0,0,21,0,0,0,19,0,0],"split_type":[0,0,0,0,0,1,0,0,0,1,1,0,0,0,0,0,1,0,0,0,1,0,0],"sum_hessian":[7.908815E1,2.878208E1,5.030607E1,1.8520641E1,1.0261436E1,1.1512832E1,3.8793236E1,1.7018969E1,1.5016737E0,2.7530684E0,7.5083685E0,8.259205E0,3.2536263E0,1.7519526E0,1.0011158E0,1.2513947E0,6.2569737E0,2.0022316E0,1.2513947E0,1.5016737E0,4.7553E0,1.2513947E0,3.5039053E0],"tree_param":{"num_deleted":"0","num_feature":"30","num_nodes":"23","size_leaf_vector":"0"}},{"base_weights":[2.1082501E-1,-1.2831416E0,1.209501E0,-8.7709177E-1,-1.556735E0,1.3097115E-1,3.7318477E-1,-1.1718975E0,-3.4196347E-2,-1.5085061E-1,-4.9472973E-1,-3.5595238E-1,-3.9722967E-1,-5.0773215E-1,1.8103194E-1,-2.8727862E-1,1.2888433E-1,-2.6106742E-1,1.3061306E-2],"categories":[0,1,2,3,4,1],"categories_nodes":[2,4],"categories_segments":[0,5],"categories_sizes":[5,1],"default_left":[1,0,0,0,0,0,0,0,0,0,0,0,0,0,0,0,0,0,0],"id":1,"left_children":[1,3,5,7,9,-1,-1,11,13,-1,-1,15,-1,17,-1,-1,-1,-1,-1],"loss_changes":[1.152103E2,2.079174E0,6.863251E-1,3.6306915E0,8.4838104E-1,0E0,0E0,8.8411236E-1,1.7731991E0,0E0,0E0,1.868752E0,0E0,7.034718E-1,0E0,0E0,0E0,0E0,0E0],"parents":[2147483647,0,0,1,1,2,2,3,3,4,4,7,7,8,8,11,11,13,13],"right_children":[2,4,6,8,10,-1,-1,12,14,-1,-1,16,-1,18,-1,-1,-1,-1,-1],"split_conditions":[1E1,1.1E1,NaN,5E0,NaN,1.3097115E-1,3.7318477E-1,2E0,2E0,-1.5085061E-1,-4.9472973E-1,2E0,-3.9722967E-1,9E0,1.8103194E-1,-2.8727862E-1,1.2888433E-1,-2.6106742E-1,1.3061306E-2],"split_indices":[13,11,19,5,17,0,0,0,2,0,0,3,0,13,0,0,0,0,0],"split_type":[0,0,1,0,1,0,0,0,0,0,0,0,0,0,0,0,0,0,0],"sum_hessian":[7.517909E1,3.0006342E1,4.517275E1,1.3772257E1,1.6234085E1,2.5107641E0,4.2661983E1,9.914351E0,3.8579054E0,1.8273675E0,1.4406718E1,2.0834966E0,7.8308544E0,2.3307319E0,1.5271735E0,1.0558584E0,1.0276382E0,1.0570662E0,1.2736657E0],"tree_param":{"num_deleted":"0","num_feature":"30","num_nodes":"19","size_leaf_vector":"0"}}]},"name":"gbtree"},"learner_model_param":{"base_score":"5E-1","num_class":"0","num_feature":"30","num_target":"1"},"objective":{"name":"reg:squarederror","reg_loss_param":{"scale_pos_weight":"1"}}},"version":[1,6,2]}