{"learner":{"attributes":{"best_ntree_limit":"3"},"feature_names":[],"feature_types":["q","q","q","q","q","q","q","q","q","q","q","q","q","q","c","c","c","c","c","c","c","c","c","c","c","c","c","c","c","c"],"gradient_booster":{"model":{"gbtree_model_param":{"num_parallel_tree":"1","num_trees":"3","size_leaf_vector":"0"},"tree_info":[0,0,0],"trees":[{"base_weights":[2.0769775E-1,-1.8188087E0,1.4063976E0,-2.1901534E0,-9.8925084E-1,7.766047E-1,4.690814E-1,-7.0367444E-1,-1.1794088E0,-7.880372E-2,-1.6969695E0,2.9963556E-1,-6.70421E-2,-5.187108E-1,-4.051554E-2,-2.382444E-1,2.3093164E-1,-6.2768227E-1,-1.5489077E-2,2.6037067E-1,-2.913488E-1],"categories":[1,0,1,3,1,1],"categories_nodes":[3,4,5,9],"categories_segments":[0,1,4,5],"categories_sizes":[1,3,1,1],"default_left":[1,1,0,0,0,0,0,0,0,0,0,0,0,0,0,0,0,0,0,0,0],"id":0,"left_children":[1,3,5,7,9,11,-1,-1,13,15,17,-1,19,-1,-1,-1,-1,-1,-1,-1,-1],"loss_changes":[1.8595126E2,6.611458E0,3.538147E0,1.9651031E-1,6.718931E0,2.2366314E0,0E0,0E0,2.3639045E0,4.071394E0,3.7522125E0,0E0,3.674668E0,0E0,0E0,0E0,0E0,0E0,0E0,0E0,0E0],"parents":[2147483647,0,0,1,1,2,2,3,3,4,4,5,5,8,8,9,9,10,10,12,12],"right_children":[2,4,6,8,10,12,-1,-1,14,16,18,-1,20,-1,-1,-1,-1,-1,-1,-1,-1],"split_conditions":[1E1,9E0,1.1E1,NaN,NaN,NaN,4.690814E-1,-7.0367444E-1,6E0,NaN,3E0,2.9963556E-1,2E0,-5.187108E-1,-4.051554E-2,-2.382444E-1,2.3093164E-1,-6.2768227E-1,-1.5489077E-2,2.6037067E-1,-2.913488E-1],"split_indices":[13,13,12,22,19,16,0,0,12,24,8,0,1,0,0,0,0,0,0,0,0],"split_type":[0,0,0,1,1,1,0,0,0,1,0,0,0,0,0,0,0,0,0,0,0],"sum_hessian":[7.449618E1,2.7495434E1,4.700074E1,1.7860283E1,9.635152E0,1.0575167E1,3.6425575E1,1.4335226E1,3.5250556E0,4.700074E0,4.9350777E0,8.22513E0,2.350037E0,1.8800297E0,1.645026E0,2.5850408E0,2.1150334E0,3.7600594E0,1.1750185E0,1.1750185E0,1.1750185E0],"tree_param":{"num_deleted":"0","num_feature":"30","num_nodes":"21","size_leaf_vector":"0"}},{"base_weights":[7.765757E-2,-1.6957053E0,1.2626518E0,-2.0717516E0,-8.5435164E-1,8.269746E-1,4.072535E-1,-6.5968424E-1,-9.2903584E-1,-1.4120963E-1,-1.4273221E0,1.068218E0,-1.3285791E-2,-4.216713E-1,7.245592E-3,-6.683824E-1,1.9952969E-1,-4.974987E-1,-1.5484343E-1,4.109986E-1,1.1445286E-2,1.3107277E-2,-2.9320702E-1],"categories":[0,1,3,4],"categories_nodes":[11],"categories_segments":[0],"categories_sizes":[4],"default_left":[1,1,0,1,0,0,0,0,1,0,0,0,0,0,0,0,0,0,0,0,0,0,0],"id":1,"left_children":[1,3,5,7,9,11,-1,-1,13,15,17,19,-1,-1,-1,21,-1,-1,-1,-1,-1,-1,-1],"loss_changes":[1.5047063E2,7.310417E0,6.4972687E-1,7.380829E-1,4.1162663E0,2.196785E0,0E0,0E0,1.690959E0,2.9173505E0,3.5428524E-1,2.4496975E0,0E0,0E0,0E0,9.263605E-1,0E0,0E0,0E0,0E0,0E0,0E0,0E0],"parents":[2147483647,0,0,1,1,2,2,3,3,4,4,5,5,8,8,9,9,10,10,11,11,15,15],"right_children":[2,4,6,8,10,12,-1,-1,14,16,18,20,-1,-1,-1,22,-1,-1,-1,-1,-1,-1,-1],"split_conditions":[1E1,9E0,1.1E1,3E0,1.1E1,5E0,4.072535E-1,-6.5968424E-1,8E0,5E0,4E0,NaN,-1.3285791E-2,-4.216713E-1,7.245592E-3,2E0,1.9952969E-1,-4.974987E-1,-1.5484343E-1,4.109986E-1,1.1445286E-2,1.3107277E-2,-2.9320702E-1],"split_indices":[13,13,13,4,11,10,0,0,13,5,6,19,0,0,0,3,0,0,0,0,0,0,0],"split_type":[0,0,0,0,0,0,0,0,0,0,0,1,0,0,0,0,0,0,0,0,0,0,0],"sum_hessian":[6.958522E1,2.7700298E1,4.1884922E1,1.8133194E1,9.567104E0,9.226555E0,3.2658367E1,1.5485216E1,2.6479778E0,4.8175015E0,4.749603E0,7.0487623E0,2.177793E0,1.448978E0,1.1989999E0,3.0164042E0,1.8010972E0,3.1348531E0,1.6147494E0,5.19638E0,1.8523822E0,1.1725945E0,1.8438096E0],"tree_param":{"num_deleted":"0","num_feature":"30","num_nodes":"23","size_leaf_vector":"0"}},{"base_weights":[7.150599E-2,-1.2196509E0,1.1026928E0,-4.9782297E-1,-8.263867E-1,6.8352544E-1,3.6227214E-1,3.3863178E-1,-1.057964E0,9.000388E-1,-1.0539108E-2,3.20371E-1,-1.847812E-1,-1.2904046E0,-3.2294902E-1,3.550894E-1,9.23263E-3,-4.6927184E-1,-4.775837E-1,1.9285174E-1,-2.4424468E-1,-2.2031364E-1,3.5815522E-2,-1.1893615E-1,2.1629918E-1],"categories":[0,1,3,4],"categories_nodes":[9],"categories_segments":[0],"categories_sizes":[4],"default_left":[1,1,0,0,0,0,0,0,0,0,0,0,0,0,0,0,0,0,0,0,0,0,0,0,0],"id":2,"left_children":[1,3,5,-1,7,9,-1,11,13,15,-1,-1,-1,17,19,-1,-1,21,-1,23,-1,-1,-1,-1,-1],"loss_changes":[8.720805E1,3.663025E0,7.739372E-1,0E0,5.041704E0,1.5230613E0,0E0,3.1889272E0,2.09873E0,1.7886748E0,0E0,0E0,0E0,1.9400043E0,1.3912007E0,0E0,0E0,7.638387E-1,0E0,1.2770206E0,0E0,0E0,0E0,0E0,0E0],"parents":[2147483647,0,0,1,1,2,2,4,4,5,5,7,7,8,8,9,9,13,13,14,14,17,17,19,19],"right_children":[2,4,6,-1,8,10,-1,12,14,16,-1,-1,-1,18,20,-1,-1,22,-1,24,-1,-1,-1,-1,-1],"split_conditions":[1E1,8E0,1.1E1,-4.9782297E-1,2E0,5E0,3.6227214E-1,7E0,5E0,NaN,-1.0539108E-2,3.20371E-1,-1.847812E-1,2E0,1.1E1,3.550894E-1,9.23263E-3,4E0,-4.775837E-1,3E0,-2.4424468E-1,-2.2031364E-1,3.5815522E-2,-1.1893615E-1,2.1629918E-1],"split_indices":[13,13,13,0,0,10,0,11,5,19,0,0,0,3,11,0,0,6,0,9,0,0,0,0,0],"split_type":[0,0,0,0,0,0,0,0,0,1,0,0,0,0,0,0,0,0,0,0,0,0,0,0,0],"sum_hessian":[6.348972E1,2.8110094E1,3.5379623E1,1.1750628E1,1.6359465E1,8.585194E0,2.6794432E1,2.6360004E0,1.3723464E1,6.403565E0,2.181629E0,1.4270414E0,1.208959E0,9.852197E0,3.8712678E0,4.5556574E0,1.8479077E0,3.3328068E0,6.5193896E0,2.1846206E0,1.686647E0,2.1272368E0,1.2055699E0,1.1503763E0,1.0342444E0],"tree_param":{"num_deleted":"0","num_feature":"30","num_nodes":"25","size_leaf_vector":"0"}}]},"name":"gbtree"},"learner_model_param":{"base_score":"5E-1","num_class":"0","num_feature":"30","num_target":"1"},"objective":{"name":"reg:squarederror","reg_loss_param":{"scale_pos_weight":"1"}}},"version":[1,6,2]}