{"learner":{"attributes":{"best_ntree_limit":"2"},"feature_names":[],"feature_types":["q","q","q","q","q","q","q","q","q","q","q","q","q","q","c","c","c","c","c","c","c","c","c","c","c","c","c","c","c","c","c","c"],"gradient_booster":{"model":{"gbtree_model_param":{"num_parallel_tree":"1","num_trees":"2","size_leaf_vector":"0"},"tree_info":[0,0],"trees":[{"base_weights":[9.428844E-1,-2.0669122E0,1.34433E0,-7.019322E-1,-7.6249933E-1,2.56504E-1,1.5250522E0,-4.941973E-1,1.574978E-1,-3.3214206E-1,7.188144E-1,8.668929E-1,4.6949086E-1,9.182942E-3,-3.4042293E-1,3.552252E-1,-7.444998E-2,3.5020706E-1,-4.051554E-2,-5.1589316E-1,6.005363E-1,-2.6735643E-1,2.1044838E-1,-3.1037962E-1,1.2244079E-1,2.8197798E-1,-1.5489077E-2],"categories":[1],"categories_nodes":[4],"categories_segments":[0],"categories_sizes":[1],"default_left":[1,0,0,0,0,0,0,0,0,1,0,0,0,0,0,0,0,0,0,0,0,0,0,0,0,0,0],"id":0,"left_children":[1,3,5,-1,7,9,11,-1,-1,13,15,17,-1,19,-1,-1,21,-1,-1,23,25,-1,-1,-1,-1,-1,-1],"loss_changes":[1.513558E2,3.5068207E0,2.1057602E1,0E0,5.4843645E0,4.7957535E0,1.095993E0,0E0,0E0,2.2157307E0,3.6664534E0,2.4396305E0,0E0,2.3715966E0,0E0,0E0,3.4928877E0,0E0,0E0,2.365837E0,8.420378E-1,0E0,0E0,0E0,0E0,0E0,0E0],"parents":[2147483647,0,0,1,1,2,2,4,4,5,5,6,6,9,9,10,10,11,11,13,13,16,16,19,19,20,20],"right_children":[2,4,6,-1,8,10,12,-1,-1,14,16,18,-1,20,-1,-1,22,-1,-1,24,26,-1,-1,-1,-1,-1,-1],"split_conditions":[9E0,9E0,1E1,-7.019322E-1,NaN,1E1,1E1,-4.941973E-1,1.574978E-1,1E1,3E0,5E0,4.6949086E-1,2E0,-3.4042293E-1,3.552252E-1,4E0,3.5020706E-1,-4.051554E-2,6E0,2E0,-2.6735643E-1,2.1044838E-1,-3.1037962E-1,1.2244079E-1,2.8197798E-1,-1.5489077E-2],"split_indices":[13,12,12,0,18,13,13,0,0,11,9,5,0,8,0,0,10,0,0,11,3,0,0,0,0,0,0],"split_type":[0,0,0,0,1,0,0,0,0,0,0,0,0,0,0,0,0,0,0,0,0,0,0,0,0,0,0],"sum_hessian":[1.2196693E2,1.3865219E1,1.0810171E2,1.0810171E1,3.0550482E0,1.5745249E1,9.235646E1,1.645026E0,1.4100223E0,7.0501113E0,8.695137E0,6.580104E0,8.577635E1,5.640089E0,1.4100223E0,5.1700816E0,3.5250556E0,4.9350777E0,1.645026E0,3.0550482E0,2.5850408E0,1.645026E0,1.8800297E0,1.8800297E0,1.1750185E0,1.4100223E0,1.1750185E0],"tree_param":{"num_deleted":"0","num_feature":"32","num_nodes":"27","size_leaf_vector":"0"}},{"base_weights":[7.622467E-1,-1.518913E0,1.121703E0,-5.166829E-1,-7.6882666E-1,1.9855551E-1,1.2947444E0,-4.7276655E-1,1.6012418E-1,-2.4470182E-2,3.1450814E-1,6.0933363E-1,3.9825946E-1,2.2046798E-1,-6.602346E-1,3.175223E-1,-1.1521915E-1,-3.396218E-1,5.910356E-1,4.0959686E-2,-3.3663955E-1,2.8051916E-1,-3.3095232E-1,2.7199182E-1,-1.5217611E-1],"categories":[1,1,1],"categories_nodes":[1,17,18],"categories_segments":[0,1,2],"categories_sizes":[1,1,1],"default_left":[1,0,0,0,0,0,0,0,0,1,0,0,0,0,0,0,0,0,0,0,0,0,0,0,0],"id":1,"left_children":[1,3,5,-1,7,9,11,-1,-1,13,-1,15,-1,17,19,-1,-1,21,23,-1,-1,-1,-1,-1,-1],"loss_changes":[9.134416E1,1.0106697E0,1.4920784E1,0E0,6.1721005E0,3.0921926E0,9.8516846E-1,0E0,0E0,2.2935228E0,0E0,2.856978E0,0E0,2.4229689E0,1.6571504E0,0E0,0E0,5.799051E0,2.8199232E0,0E0,0E0,0E0,0E0,0E0,0E0],"parents":[2147483647,0,0,1,1,2,2,4,4,5,5,6,6,9,9,11,11,13,13,14,14,17,17,18,18],"right_children":[2,4,6,-1,8,10,12,-1,-1,14,-1,16,-1,18,20,-1,-1,22,24,-1,-1,-1,-1,-1,-1],"split_conditions":[9E0,NaN,1E1,-5.166829E-1,4E0,1.1E1,6.00001E0,-4.7276655E-1,1.6012418E-1,8E0,3.1450814E-1,5E0,3.9825946E-1,4E0,3E0,3.175223E-1,-1.1521915E-1,NaN,NaN,4.0959686E-2,-3.3663955E-1,2.8051916E-1,-3.3095232E-1,2.7199182E-1,-1.5217611E-1],"split_indices":[13,18,12,0,11,13,4,0,0,11,0,7,0,6,9,0,0,14,22,0,0,0,0,0,0],"split_type":[0,1,0,0,0,0,0,0,0,0,0,0,0,0,0,0,0,1,1,0,0,0,0,0,0],"sum_hessian":[1.08320564E2,1.4306153E1,9.401441E1,1.0235108E1,4.071045E0,1.5179845E1,7.8834564E1,2.3840718E0,1.6869732E0,1.2793485E1,2.3863606E0,4.493014E0,7.434155E1,9.706953E0,3.0865316E0,3.0491688E0,1.4438453E0,3.8983498E0,5.808603E0,1.3911777E0,1.695354E0,1.3762295E0,2.5221202E0,4.647577E0,1.1610262E0],"tree_param":{"num_deleted":"0","num_feature":"32","num_nodes":"25","size_leaf_vector":"0"}}]},"name":"gbtree"},"learner_model_param":{"base_score":"5E-1","num_class":"0","num_feature":"32","num_target":"1"},"objective":{"name":"reg:squarederror","reg_loss_param":{"scale_pos_weight":"1"}}},"version":[1,6,2]}