{"learner":{"attributes":{"best_ntree_limit":"12"},"feature_names":[],"feature_types":["q","q","q","q","q","q","q","q","q","q","q","q","q","q","c","c","c","c","c","c","c","c","c","c","c","c","c","c","c","c"],"gradient_booster":{"model":{"gbtree_model_param":{"num_parallel_tree":"1","num_trees":"7","size_leaf_vector":"0"},"tree_info":[0,0,0,0,0,0,0],"trees":[{"base_weights":[1.86772E-1,-1.7162663E0,1.33811E0,-2.1440914E0,-9.288936E-1,7.351376E-1,4.4090906E-1,-1.4813705E-1,-6.697674E-1,-3.6146924E-1,-1.5324806E0,1.0241872E0,1.3937585E-1,2.6968282E-1,-1.2052569E0,-5.703015E-1,-8.806212E-2,3.736232E-1,3.1790055E-2,2.879271E-1,-1.9769655E-1,-1.4786643E-1,7.918106E-1,-4.4761863E-1,-7.340017E-2,3.9134657E-1,-7.340017E-2],"categories":[0,1,3,1,1],"categories_nodes":[9,10,13],"categories_segments":[0,3,4],"categories_sizes":[3,1,1],"default_left":[1,1,0,0,0,0,0,0,0,0,0,0,0,0,0,0,0,0,0,0,0,0,1,0,0,0,0],"id":0,"left_children":[1,3,5,7,9,11,-1,-1,-1,13,15,17,19,21,23,-1,-1,-1,-1,-1,-1,-1,25,-1,-1,-1,-1],"loss_changes":[1.7738673E2,8.302956E0,2.9145966E0,1.676918E0,3.7352772E0,1.7550449E0,0E0,0E0,0E0,4.459754E0,2.0717688E0,1.3433428E0,3.7485921E0,2.4840899E0,6.0061455E-1,0E0,0E0,0E0,0E0,0E0,0E0,0E0,2.1817243E0,0E0,0E0,0E0,0E0],"parents":[2147483647,0,0,1,1,2,2,3,3,4,4,5,5,9,9,10,10,11,11,12,12,13,13,14,14,22,22],"right_children":[2,4,6,8,10,12,-1,-1,-1,14,16,18,20,22,24,-1,-1,-1,-1,-1,-1,-1,26,-1,-1,-1,-1],"split_conditions":[1E1,9E0,1.1E1,2E0,1.1E1,9E0,4.4090906E-1,-1.4813705E-1,-6.697674E-1,NaN,NaN,4E0,3E0,NaN,3E0,-5.703015E-1,-8.806212E-2,3.736232E-1,3.1790055E-2,2.879271E-1,-1.9769655E-1,-1.4786643E-1,3E0,-4.4761863E-1,-7.340017E-2,3.9134657E-1,-7.340017E-2],"split_indices":[13,13,12,7,11,11,0,0,0,19,16,6,7,24,0,0,0,0,0,0,0,0,1,0,0,0,0],"split_type":[0,0,0,0,0,0,0,0,0,1,1,0,0,1,0,0,0,0,0,0,0,0,0,0,0,0,0],"sum_hessian":[7.891189E1,2.9560644E1,4.9351246E1,1.8037004E1,1.1523642E1,1.0020557E1,3.933069E1,1.2525697E0,1.6784433E1,6.7638764E0,4.7597647E0,6.2628484E0,3.757709E0,4.258737E0,2.5051394E0,3.2566812E0,1.5030837E0,4.7597647E0,1.5030837E0,1.7535976E0,2.0041115E0,1.7535976E0,2.5051394E0,1.5030837E0,1.0020558E0,1.5030837E0,1.0020558E0],"tree_param":{"num_deleted":"0","num_feature":"30","num_nodes":"27","size_leaf_vector":"0"}},{"base_weights":[1.1493013E-1,-1.2893692E0,1.110509E0,-8.408508E-1,-1.5875608E0,5.438168E-1,3.652288E-1,-1.407531E0,-3.815172E-1,-1.3474996E-1,-1.6695983E0,7.667704E-1,-1.0519658E-1,-4.6294117E-1,-1.15609385E-1,3.9837122E-2,-9.6712536E-1,-5.4631203E-1,-9.0254277E-1,3.2276785E-1,-2.3918608E-2,-3.5215175E-1,2.5181204E-1,-6.283724E-3,-4.0779942E-1,-4.4327143E-1,9.420313E-2,5.969637E-2,-2.5442836E-1],"categories":[1,1,3],"categories_nodes":[4,10,11],"categories_segments":[0,1,2],"categories_sizes":[1,1,1],"default_left":[1,0,0,0,0,0,0,0,0,0,0,0,0,0,0,0,0,0,0,0,0,0,0,0,0,0,0,0,0],"id":1,"left_children":[1,3,5,7,9,11,-1,13,15,-1,17,19,-1,-1,-1,21,23,-1,25,-1,-1,27,-1,-1,-1,-1,-1,-1,-1],"loss_changes":[1.0570516E2,2.8650742E0,2.014824E0,3.2806416E0,9.0650177E-1,2.0277665E0,0E0,2.6391983E-1,2.375822E0,0E0,2.3552322E-1,2.015305E0,0E0,0E0,0E0,2.3230894E0,1.4571016E0,0E0,3.7167196E0,0E0,0E0,1.5478384E0,0E0,0E0,0E0,0E0,0E0,0E0,0E0],"parents":[2147483647,0,0,1,1,2,2,3,3,4,4,5,5,7,7,8,8,10,10,11,11,15,15,16,16,18,18,21,21],"right_children":[2,4,6,8,10,12,-1,14,16,-1,18,20,-1,-1,-1,22,24,-1,26,-1,-1,28,-1,-1,-1,-1,-1,-1,-1],"split_conditions":[1E1,1.1E1,1.1E1,8E0,NaN,5E0,3.652288E-1,7E0,1E1,-1.3474996E-1,NaN,NaN,-1.0519658E-1,-4.6294117E-1,-1.15609385E-1,4E0,3E0,-5.4631203E-1,3E0,3.2276785E-1,-2.3918608E-2,2E0,2.5181204E-1,-6.283724E-3,-4.0779942E-1,-4.4327143E-1,9.420313E-2,5.969637E-2,-2.5442836E-1],"split_indices":[13,11,13,12,17,10,0,11,12,0,16,19,0,0,0,9,1,0,6,0,0,1,0,0,0,0,0,0,0],"split_type":[0,0,0,0,1,0,0,0,0,0,1,1,0,0,0,0,0,0,0,0,0,0,0,0,0,0,0,0,0],"sum_hessian":[7.358264E1,3.0403017E1,4.3179626E1,1.3666572E1,1.6736444E1,7.819796E0,3.5359833E1,5.1941967E0,8.472375E0,1.5602863E0,1.5176159E1,6.3738384E0,1.4459575E0,4.135841E0,1.0583559E0,5.469184E0,3.003191E0,1.1526408E1,3.6497507E0,4.4703693E0,1.9034691E0,4.0453997E0,1.4237843E0,1.1887615E0,1.8144296E0,2.33263E0,1.3171207E0,2.1996758E0,1.8457241E0],"tree_param":{"num_deleted":"0","num_feature":"30","num_nodes":"29","size_leaf_vector":"0"}},{"base_weights":[-3.331244E-2,-1.2330443E0,9.5128375E-1,-6.757895E-1,-1.6125737E0,4.548764E-1,3.2454818E-1,-1.1276224E0,-3.1259173E-1,-1.20858654E-1,-1.7030876E0,2.4332666E-1,6.0032293E-2,-1.00224346E-1,-1.2623972E0,6.3977234E-2,-8.675177E-1,-5.544778E-1,-9.3328387E-1,2.6304036E-1,-3.105145E-1,-1.11053966E-1,-4.4234228E-1,6.3522804E-1,-6.7233324E-1,-3.2569966E-1,-3.8798954E-2,7.9974554E-2,-4.3931457E-1,2.6124635E-1,-1.4006201E-2,-2.799878E-1,-1.3565136E-2],"categories":[1,1,0,1,2,3,4,0,1,3,1,1],"categories_nodes":[4,5,7,8,10,23],"categories_segments":[0,1,2,7,10,11],"categories_sizes":[1,1,5,3,1,1],"default_left":[1,0,0,0,0,0,0,0,0,0,0,0,0,0,0,0,0,0,1,0,0,0,0,0,1,0,0,0,0,0,0,0,0],"id":2,"left_children":[1,3,5,7,9,11,-1,13,15,-1,17,-1,19,-1,21,23,25,-1,27,-1,-1,-1,-1,29,31,-1,-1,-1,-1,-1,-1,-1,-1],"loss_changes":[8.1178734E1,5.4591637E0,1.9551582E0,1.9887233E0,1.2517853E0,1.2999704E0,0E0,2.1717262E-1,1.9973489E0,0E0,8.060074E-2,0E0,5.941162E0,0E0,3.5236406E-1,3.147323E0,4.755981E-1,0E0,3.3111517E0,0E0,0E0,0E0,0E0,7.083373E-1,4.9968934E-1,0E0,0E0,0E0,0E0,0E0,0E0,0E0,0E0],"parents":[2147483647,0,0,1,1,2,2,3,3,4,4,5,5,7,7,8,8,10,10,12,12,14,14,15,15,16,16,18,18,23,23,24,24],"right_children":[2,4,6,8,10,12,-1,14,16,-1,18,-1,20,-1,22,24,26,-1,28,-1,-1,-1,-1,30,32,-1,-1,-1,-1,-1,-1,-1,-1],"split_conditions":[1E1,1.1E1,1.1E1,8E0,NaN,NaN,3.2454818E-1,NaN,NaN,-1.20858654E-1,NaN,2.4332666E-1,3E0,-1.00224346E-1,3E0,3E0,3E0,-5.544778E-1,3E0,2.6304036E-1,-3.105145E-1,-1.11053966E-1,-4.4234228E-1,NaN,2E0,-3.2569966E-1,-3.8798954E-2,7.9974554E-2,-4.3931457E-1,2.6124635E-1,-1.4006201E-2,-2.799878E-1,-1.3565136E-2],"split_indices":[13,11,12,12,17,25,0,18,19,0,16,0,7,0,7,1,0,0,3,0,0,0,0,14,8,0,0,0,0,0,0,0,0],"split_type":[0,0,0,0,1,1,0,1,1,0,1,0,0,0,0,0,0,0,0,0,0,0,0,1,0,0,0,0,0,0,0,0,0],"sum_hessian":[6.672965E1,2.9964966E1,3.676469E1,1.3266562E1,1.6698404E1,8.588889E0,2.81758E1,4.973998E0,8.292564E0,1.5418949E0,1.5156509E1,3.9611232E0,4.627766E0,1.227196E0,3.7468023E0,5.4672413E0,2.8253226E0,1.1573078E1,3.583431E0,2.7648916E0,1.8628747E0,1.2468306E0,2.4999716E0,3.1560047E0,2.3112369E0,1.8175013E0,1.0078213E0,1.2522904E0,2.3311405E0,2.1397321E0,1.0162725E0,1.2873199E0,1.023917E0],"tree_param":{"num_deleted":"0","num_feature":"30","num_nodes":"33","size_leaf_vector":"0"}},{"base_weights":[-1.1325883E-1,-1.179398E0,8.754978E-1,-5.142583E-1,-1.6271747E0,5.083049E-1,2.8736353E-1,-9.17428E-1,-2.1514823E-1,-1.3614838E-1,-5.13304E-1,8.625067E-1,-1.7530646E-2,-5.682379E-2,-1.0553191E0,1.2774654E-1,-7.473712E-1,7.2795905E-2,2.9323468E-1,9.591202E-2,-1.5242139E-1,-3.7979755E-1,-7.144151E-2,6.413702E-1,-5.715455E-1,-2.8567883E-1,-2.9399093E-2,2.6235017E-1,-1.2319747E-2,-2.396972E-1,-1.1935349E-2],"categories":[1,0,1,2,3,4,0,1,3,1],"categories_nodes":[4,7,8,23],"categories_segments":[0,1,6,9],"categories_sizes":[1,5,3,1],"default_left":[1,0,0,0,0,0,0,0,0,0,0,0,0,0,1,0,1,0,0,0,0,0,0,0,1,0,0,0,0,0,0],"id":3,"left_children":[1,3,5,7,9,11,-1,13,15,-1,-1,17,19,-1,21,23,25,-1,-1,-1,-1,-1,-1,27,29,-1,-1,-1,-1,-1,-1],"loss_changes":[6.646313E1,8.185215E0,5.0460434E-1,1.4486935E0,9.5897293E-1,1.5306158E0,0E0,3.5297298E-1,1.763969E0,0E0,0E0,1.10633135E-1,8.6633605E-1,0E0,4.5800543E-1,2.6704206E0,4.0273643E-1,0E0,0E0,0E0,0E0,0E0,0E0,6.9923544E-1,3.6068416E-1,0E0,0E0,0E0,0E0,0E0,0E0],"parents":[2147483647,0,0,1,1,2,2,3,3,4,4,5,5,7,7,8,8,11,11,12,12,14,14,15,15,16,16,23,23,24,24],"right_children":[2,4,6,8,10,12,-1,14,16,-1,-1,18,20,-1,22,24,26,-1,-1,-1,-1,-1,-1,28,30,-1,-1,-1,-1,-1,-1],