{"learner":{"attributes":{"best_ntree_limit":"2"},"feature_names":[],"feature_types":["q","q","q","q","q","q","q","q","q","q","q","q","q","q","c","c","c","c","c","c","c","c","c","c","c","c","c","c","c","c","c","c"],"gradient_booster":{"model":{"gbtree_model_param":{"num_parallel_tree":"1","num_trees":"2","size_leaf_vector":"0"},"tree_info":[0,0],"trees":[{"base_weights":[9.428844E-1,-2.029031E0,1.3610754E0,-7.019322E-1,-8.317858E-1,1.7437254E-1,1.5166043E0,-4.4321847E-1,7.290491E-2,4.3103734E-1,-2.5060415E-1,3.2159945E-1,1.5463239E0,3.5579333E-1,5.2408334E-2,-1.5489077E-2,1.574978E-1,9.7937363E-1,4.7294798E-1,4.347929E-1,-3.4042293E-1,3.8980755E-1,3.831733E-2,2.0936002E-1,-1.5341894E-1],"categories":[1,0,1,2,4],"categories_nodes":[4,9],"categories_segments":[0,1],"categories_sizes":[1,4],"default_left":[1,0,0,0,0,1,0,0,0,0,0,1,0,0,0,0,0,0,0,0,0,0,0,0,0],"id":0,"left_children":[1,3,5,-1,7,9,11,-1,-1,13,-1,15,17,-1,19,-1,-1,21,-1,23,-1,-1,-1,-1,-1],"loss_changes":[1.5558844E2,3.846489E0,1.9741959E1,0E0,3.6620455E0,3.908011E0,2.9017181E0,0E0,0E0,3.2465177E0,0E0,2.9925448E-1,4.8828125E-2,0E0,4.467752E0,0E0,0E0,1.8356891E0,0E0,2.1852112E0,0E0,0E0,0E0,0E0,0E0],"parents":[2147483647,0,0,1,1,2,2,4,4,5,5,6,6,9,9,11,11,12,12,14,14,17,17,19,19],"right_children":[2,4,6,-1,8,10,12,-1,-1,14,-1,16,18,-1,20,-1,-1,22,-1,24,-1,-1,-1,-1,-1],"split_conditions":[9E0,9E0,1E1,-7.019322E-1,NaN,1E1,9E0,-4.4321847E-1,7.290491E-2,NaN,-2.5060415E-1,2E0,1E1,3.5579333E-1,3E0,-1.5489077E-2,1.574978E-1,2.2E1,4.7294798E-1,5E0,-3.4042293E-1,3.8980755E-1,3.831733E-2,2.0936002E-1,-1.5341894E-1],"split_indices":[13,12,13,0,18,11,12,0,0,21,0,1,12,0,2,0,0,11,0,5,0,0,0,0,0],"split_type":[0,0,0,0,1,0,0,0,0,1,0,0,0,0,0,0,0,0,0,0,0,0,0,0,0],"sum_hessian":[1.2196693E2,1.45702305E1,1.073967E2,1.0810171E1,3.7600594E0,1.2690201E1,9.47065E1,2.1150334E0,1.645026E0,1.0575167E1,2.1150334E0,2.5850408E0,9.212145E1,2.8200445E0,7.755122E0,1.1750185E0,1.4100223E0,6.3451004E0,8.577635E1,6.3451004E0,1.4100223E0,4.230067E0,2.1150334E0,5.1700816E0,1.1750185E0],"tree_param":{"num_deleted":"0","num_feature":"32","num_nodes":"25","size_leaf_vector":"0"}},{"base_weights":[7.6550967E-1,-1.4880437E0,1.1410754E0,-4.802813E-1,-6.034291E-1,1.5605944E-1,1.2882595E0,-3.2942015E-1,5.065572E-2,-2.7336234E-1,6.0752475E-1,2.7031347E-1,1.3172454E0,-1.7989333E-1,1.7566483E-1,1.0261182E0,-1.0108422E-1,1.5135032E-1,-3.563295E-2,8.1620777E-1,4.0370467E-1,3.4347087E-1,9.558577E-2,3.334575E-1,3.0751964E-2],"categories":[3,1,1],"categories_nodes":[1,9,11],"categories_segments":[0,1,2],"categories_sizes":[1,1,1],"default_left":[1,0,0,0,0,0,0,0,0,0,0,0,0,0,0,0,0,0,0,0,0,0,0,0,0],"id":1,"left_children":[1,3,5,-1,7,9,11,-1,-1,13,15,17,19,-1,-1,21,-1,-1,-1,23,-1,-1,-1,-1,-1],"loss_changes":[9.435376E1,6.390724E-1,1.3485443E1,0E0,1.4933616E0,2.7658825E0,2.0632477E0,0E0,0E0,2.470501E0,3.0529456E0,3.8142234E-1,3.3843994E-2,0E0,0E0,5.47328E-2,0E0,0E0,0E0,1.3212719E0,0E0,0E0,0E0,0E0,0E0],"parents":[2147483647,0,0,1,1,2,2,4,4,5,5,6,6,9,9,10,10,11,11,12,12,15,15,19,19],"right_children":[2,4,6,-1,8,10,12,-1,-1,14,16,18,20,-1,-1,22,-1,-1,-1,24,-1,-1,-1,-1,-1],"split_conditions":[9E0,NaN,1E1,-4.802813E-1,3E0,1E1,9E0,-3.2942015E-1,5.065572E-2,NaN,5E0,NaN,1E1,-1.7989333E-1,1.7566483E-1,3E0,-1.0108422E-1,1.5135032E-1,-3.563295E-2,2.2E1,4.0370467E-1,3.4347087E-1,9.558577E-2,3.334575E-1,3.0751964E-2],"split_indices":[13,22,13,0,11,12,12,0,0,16,7,27,12,0,0,1,0,0,0,11,0,0,0,0,0],"split_type":[0,1,0,0,0,0,0,0,0,1,0,1,0,0,0,0,0,0,0,0,0,0,0,0,0],"sum_hessian":[1.0847597E2,1.5072494E1,9.340348E1,1.2648538E1,2.423956E0,1.2410127E1,8.099335E1,1.2204331E0,1.2035228E0,6.562526E0,5.8476005E0,2.5283074E0,7.846504E1,4.9746275E0,1.5878986E0,3.9919207E0,1.85568E0,1.3931642E0,1.1351433E0,5.809424E0,7.265562E1,2.8886883E0,1.1032324E0,3.7148666E0,2.094557E0],"tree_param":{"num_deleted":"0","num_feature":"32","num_nodes":"25","size_leaf_vector":"0"}}]},"name":"gbtree"},"learner_model_param":{"base_score":"5E-1","num_class":"0","num_feature":"32","num_target":"1"},"objective":{"name":"reg:squarederror","reg_loss_param":{"scale_pos_weight":"1"}}},"version":[1,6,2]}