{"learner":{"attributes":{"best_ntree_limit":"11"},"feature_names":[],"feature_types":["q","q","q","q","q","q","q","q","q","q","q","q","q","q","c","c","c","c","c","c","c","c","c","c","c","c","c","c","c","c","c","c"],"gradient_booster":{"model":{"gbtree_model_param":{"num_parallel_tree":"1","num_trees":"11","size_leaf_vector":"0"},"tree_info":[0,0,0,0,0,0,0,0,0,0,0],"trees":[{"base_weights":[9.428844E-1,-2.1259184E0,1.3448936E0,-6.686713E-1,-1.5341894E-1,-3.904388E-1,1.4640579E0,3.2159945E-1,-8.0386513E-1,5.631091E-1,4.6394268E-1,-9.146257E-2,2.6037067E-1,2.117185E-3,-3.7831762E-1,9.988172E-1,-5.152111E-1,2.117185E-3,3.9740604E-1,-2.913488E-1,3.301761E-2],"categories":[1],"categories_nodes":[1],"categories_segments":[0],"categories_sizes":[1],"default_left":[1,0,0,0,0,1,0,0,0,0,0,0,0,0,0,0,0,0,0,0,0],"id":0,"left_children":[1,3,5,-1,-1,7,9,11,13,15,-1,-1,-1,-1,-1,17,19,-1,-1,-1,-1],"loss_changes":[1.545618E2,1.2927628E0,2.3181335E1,0E0,0E0,2.5590978E0,6.741806E0,1.4915634E0,1.9479396E0,5.2905207E0,0E0,0E0,0E0,0E0,0E0,2.4404225E0,1.1289539E0,0E0,0E0,0E0,0E0],"parents":[2147483647,0,0,1,1,2,2,5,5,6,6,7,7,8,8,9,9,15,15,16,16],"right_children":[2,4,6,-1,-1,8,10,12,14,16,-1,-1,-1,-1,-1,18,20,-1,-1,-1,-1],"split_conditions":[9E0,NaN,9E0,-6.686713E-1,-1.5341894E-1,4E0,1E1,5E0,3E0,5E0,4.6394268E-1,-9.146257E-2,2.6037067E-1,2.117185E-3,-3.7831762E-1,6E0,2E0,2.117185E-3,3.9740604E-1,-2.913488E-1,3.301761E-2],"split_indices":[13,24,12,0,0,11,13,5,9,7,0,0,0,0,0,11,2,0,0,0,0],"split_type":[0,1,0,0,0,0,0,0,0,0,0,0,0,0,0,0,0,0,0,0,0],"sum_hessian":[1.2196693E2,1.3630215E1,1.0833671E2,1.2455196E1,1.1750185E0,6.8151073E0,1.0152161E2,2.5850408E0,4.230067E0,9.165145E0,9.235646E1,1.4100223E0,1.1750185E0,1.8800297E0,2.350037E0,6.580104E0,2.5850408E0,1.8800297E0,4.700074E0,1.1750185E0,1.4100223E0],"tree_param":{"num_deleted":"0","num_feature":"32","num_nodes":"21","size_leaf_vector":"0"}},{"base_weights":[7.100394E-1,-1.922341E0,1.119932E0,-6.0707575E-1,-1.259182E-1,1.8420717E-1,1.2987351E0,4.2753637E-1,-8.9209694E-1,4.9249136E-1,1.3432038E0,9.675582E-1,-7.366E-2,-5.310036E-1,1.0171296E-1,3.1242287E-1,-1.4892223E-1,1.3952562E-1,4.0680352E-1,3.128884E-1,3.6308253E-1,1.6160092E-1,-2.5513973E-2],"categories":[1,1,3],"categories_nodes":[1,5],"categories_segments":[0,1],"categories_sizes":[1,2],"default_left":[1,0,0,0,0,0,0,0,1,0,0,0,0,0,0,0,0,0,0,0,0,0,0],"id":1,"left_children":[1,3,5,-1,-1,7,9,11,13,15,17,19,-1,-1,-1,-1,-1,-1,-1,21,-1,-1,-1],"loss_changes":[1.1991685E2,1.4437485E0,1.566684E1,0E0,0E0,4.681003E0,2.1942291E0,5.350176E0,4.222178E0,3.634141E0,2.1182251E-1,8.9359E-1,0E0,0E0,0E0,0E0,0E0,0E0,0E0,3.6155543E-1,0E0,0E0,0E0],"parents":[2147483647,0,0,1,1,2,2,5,5,6,6,7,7,8,8,9,9,10,10,11,11,19,19],"right_children":[2,4,6,-1,-1,8,10,12,14,16,18,20,-1,-1,-1,-1,-1,-1,-1,22,-1,-1,-1],"split_conditions":[9E0,NaN,1E1,-6.0707575E-1,-1.259182E-1,NaN,6.00001E0,4E0,3E0,5E0,2E0,2E0,-7.366E-2,-5.310036E-1,1.0171296E-1,3.1242287E-1,-1.4892223E-1,1.3952562E-1,4.0680352E-1,2E0,3.6308253E-1,1.6160092E-1,-2.5513973E-2],"split_indices":[13,24,12,0,0,20,4,2,2,7,5,1,0,0,0,0,0,0,0,3,0,0,0],"split_type":[0,1,0,0,0,1,0,0,0,0,0,0,0,0,0,0,0,0,0,0,0,0,0],"sum_hessian":[1.0814243E2,1.4073142E1,9.406929E1,1.285994E1,1.2132019E0,1.5417189E1,7.86521E1,1.3066017E1,2.3511715E0,4.7425137E0,7.390959E1,7.006768E0,6.059249E0,1.1169693E0,1.2342021E0,3.0155444E0,1.7269692E0,1.5989128E0,7.231068E1,2.5142624E0,4.4925056E0,1.3784766E0,1.1357858E0],"tree_param":{"num_deleted":"0","num_feature":"32","num_nodes":"23","size_leaf_vector":"0"}},{"base_weights":[5.667565E-1,-1.7740194E0,1.0041641E0,-5.623555E-1,-1.0399293E-1,1.4311287E-1,1.1518557E0,4.3250608E-1,-5.680194E-1,-1.0161865E-2,1.1979532E0,2.866773E-2,2.9386267E-1,1.07293196E-1,-2.9987434E-1,-1.7742236E-1,1.6238281E-1,6.5633935E-1,3.6689875E-1,2.8210834E-1,-1.8462807E-1,-4.9780443E-2,2.8162572E-1,2.4497299E-1,-8.113027E-2],"categories":[1],"categories_nodes":[1],"categories_segments":[0],"categories_sizes":[1],"default_left":[1,0,0,0,0,0,0,0,0,0,0,1,0,0,0,0,0,0,0,0,0,0,0,0,0],"id":2,"left_children":[1,3,5,-1,-1,7,9,11,13,15,17,19,-1,-1,-1,-1,-1,21,-1,23,-1,-1,-1,-1,-1],"loss_changes":[9.90904E1,1.5485687E0,1.0099701E1,0E0,0E0,2.9126961E0,3.6951523E0,2.132194E0,2.027604E0,1.4788222E0,9.439087E-2,1.2601198E0,0E0,0E0,0E0,0E0,0E0,1.3357418E0,0E0,1.8338819E0,0E0,0E0,0E0,0E0,0E0],"parents":[2147483647,0,0,1,1,2,2,5,5,6,6,7,7,8,8,9,9,10,10,11,11,17,17,19,19],"right_children":[2,4,6,-1,-1,8,10,12,14,16,18,20,-1,-1,-1,-1,-1,22,-1,24,-1,-1,-1,-1,-1],"split_conditions":[9E0,NaN,1E1,-5.623555E-1,-1.0399293E-1,5E0,9E0,1E1,3E0,5E0,2E0,7E0,2.9386267E-1,1.07293196E-1,-2.9987434E-1,-1.7742236E-1,1.6238281E-1,2E0,3.6689875E-1,5E0,-1.8462807E-1,-4.9780443E-2,2.8162572E-1,2.4497299E-1,-8.113027E-2],"split_indices":[13,24,13,0,0,7,12,12,11,5,7,11,0,0,0,0,0,1,0,10,0,0,0,0,0],"split_type":[0,1,0,0,0,0,0,0,0,0,0,0,0,0,0,0,0,0,0,0,0,0,0,0,0],"sum_hessian":[9.404008E1,1.4324913E1,7.9715164E1,1.3090007E1,1.2349063E0,1.19595E1,6.775566E1,8.7788E0,3.1807008E0,2.6150742E0,6.514059E1,5.655872E0,3.122928E0,1.0658413E0,2.1148596E0,1.2378397E0,1.3772343E0,4.081239E0,6.105935E1,4.4621124E0,1.1937597E0,1.148808E0,2.9324315E0,2.025254E0,2.4368584E0],"tree_param":{"num_deleted":"0","num_feature":"32","num_nodes":"25","size_leaf_vector":"0"}},{"base_weights":[4.199485E-1,-1.6626874E0,8.9391387E-1,-5.289146E-1,-8.625233E-2,1.1950161E-1,1.0497988E0,4.0402302E-1,-5.464677E-1,-1.0829443E-2,1.1006094E0,2.80599E-1,1.2126383E-1,9.897842E-2,-2.9311034E-1,-1.6223347E-1,1.7461413E-1,9.788405E-2,3.3472228E-1,5.634658E-1,-2.68603E-1,-4.46908E-2,2.5783002E-1],"categories":[1,1,1],"categories_nodes":[1,7,9],"categories_segments":[0,1,2],"categories_sizes":[1,1,1],"default_left":[1,0,0,0,0,0,0,0,1,0,0,0,0,0,0,0,0,0,0,0,0,0,0],"id":3,"left_children":[1,3,5,-1,-1,7,9,11,13,15,17,-1,19,-1,-1,-1,-1,-1,-1,21,-1,-1,-1],"loss_changes":[8.189175E1,1.6255379E0,7.9634247E0,0E0,0E0,2.5620785E0,3.0109253E0,1.2735854E0,1.8784565E0,1.4252228E0,2.5829315E-1,0E0,3.7298002E0,0E0,0E0,0E0,0E0,0E0,0E0,1.3116869E0,0E0,0E0,0E0],"parents":[2147483647,0,0,1,1,2,2,5,5,6,6,7,7,8,8,9,9,10,10,12,12,19,19],"right_children":[2,4,6,-1,-1,8,10,12,14,16,18,-1,20,-1,-1,-1,-1,-1,-1,22,-1,-1,-1],"split_conditions":[9E0,NaN,1E1,-5.289146E-1,-8.625233E-2,5E0,9E0,NaN,4E0,NaN,2E0,2.80599E-1,1E1,9.897842E-2,-2.9311034E-1,-1.6223347E-1,1.7461413E-1,9.788405E-2,3.3472228E-1,2E0,-2.68603E-1,-4.46908E-2,2.5783002E-1],"split_indices":[13,24,13,0,0,5,12,30,11,30,5,0,11,0,0,0,0,0,0,1,0,0,0],"split_type":[0,1,0,0,0,0,0,1,0,1,0,0,0,0,0,0,0,0,0,0,0,0,0],"sum_hessian":[8.045646E1,1.4450768E1,6.600569E1,1.3205013E1,1.2457559E0,1.1356246E1,5.4649445E1,8.23244E0,3.123806E0,2.5343246E0,5.211512E1,2.0578516E0,6.174588E0,1.1061109E0,2.017695E0,1.3845786E0,1.149746E0,1.4313482E0,5.068377E1,4.6135383E0,1.5610498E0,1.4998533E0,3.1136851E0],"tree_param":{"num_deleted":"0","num_feature":"32","num_nodes":"23","size_leaf_vector":"0"}},{"base_weights":[2.920665E-1,-1.5771811E0,8.05118E-1,-5.0332934E-1,-7.174506E-2,1.22799695E-1,1.0101175E0,7.45428E-1,-1.8989457E-1,1.6381074E-1,1.073422E0,3.0600032E-1,1.5734464E-2,1.3000277E-1,-5.2307826E-1,2.1946229E-1,-1.5890922E-1,6.3021936E-2,1.0946478E0,2.5458935E-1,-6.20438E-1,3.3496386E-1,1.1982589E-1,1.9971633E-1,-1.5923804E-1],"categories":[1,1,0,1,1],"categories_nodes":[1,8,18,19],"categories_segments":[0,1,2,4],"categories_sizes":[1,1,2,1],"default_left":[1,0,0,0,0,0,0,1,0,0,0,0,0,0,0,0,0,0,0,0,0,0,0,0,0],"id":4,"left_children":[1,3,5,-1,-1,7,9,11,13,15,17,-1,-1,-1,19,-1,-1,-1,21,23,-1,-1,-1,-1,-1],"loss_changes":[6.877308E1,1.6843529E0,7.693718E0,0E0,0E0,2.877187E0,2.119316E0,8.789451E-1,2.3344543E0,2.0259995E0,4.9716568E-1,0E0,0E0,0E0,9.018395E0,0E0,0E0,0E0,1.3999939E-1,2.1588778E0,0E0,0E0,0E0,0E0,0E0],"parents":[2147483647,0,0,1,1,2,2,5,5,6,6,7,7,8,8,9,9,10,10,14,14,18,18,19,19],"right_children":[2,4,6,-1,-1,8,10,12,14,16,18,-1,-1,-1,20,-1,-1,-1,22,24,-1,-1,-1,-1,-1],