{"learner":{"attributes":{"best_ntree_limit":"8"},"feature_names":[],"feature_types":["q","q","q","q","q","q","q","q","q","q","q","q","q","q","c","c","c","c","c","c","c","c","c","c","c","c","c","c","c","c"],"gradient_booster":{"model":{"gbtree_model_param":{"num_parallel_tree":"1","num_trees":"3","size_leaf_vector":"0"},"tree_info":[0,0,0],"trees":[{"base_weights":[1.9499834E-1,-1.7099149E0,1.3210263E0,-2.0613198E0,-9.334368E-1,7.3244E-1,4.4076803E-1,-2.1440914E0,-7.340017E-2,-7.4736476E-2,-1.6086855E0,2.8298324E-1,-6.4075485E-2,-7.340017E-2,-6.708182E-1,-2.2742139E-1,7.367563E-1,-5.9657985E-1,-1.4955821E-2,2.5140664E-1,-2.8131828E-1,5.2598375E-1,-1.4813705E-1],"categories":[0,1,3,1,1],"categories_nodes":[4,5,9],"categories_segments":[0,3,4],"categories_sizes":[3,1,1],"default_left":[1,1,0,0,0,0,0,0,0,0,0,0,0,0,0,0,1,0,0,0,0,0,0],"id":0,"left_children":[1,3,5,7,9,11,-1,13,-1,15,17,-1,19,-1,-1,-1,21,-1,-1,-1,-1,-1,-1],"loss_changes":[1.7474341E2,6.3462524E0,3.3815155E0,2.4886322E0,6.4151497E0,2.121532E0,0E0,2.7784576E0,0E0,3.891341E0,3.6086426E0,0E0,3.548305E0,0E0,0E0,0E0,4.9368935E0,0E0,0E0,0E0,0E0,0E0,0E0],"parents":[2147483647,0,0,1,1,2,2,3,3,4,4,5,5,7,7,9,9,10,10,12,12,16,16],"right_children":[2,4,6,8,10,12,-1,14,-1,16,18,-1,20,-1,-1,-1,22,-1,-1,-1,-1,-1,-1],"split_conditions":[1E1,9E0,1.1E1,4E0,NaN,NaN,4.4076803E-1,2E0,-7.340017E-2,NaN,3E0,2.8298324E-1,2E0,-7.340017E-2,-6.708182E-1,-2.2742139E-1,1E1,-5.9657985E-1,-1.4955821E-2,2.5140664E-1,-2.8131828E-1,5.2598375E-1,-1.4813705E-1],"split_indices":[13,13,12,2,19,16,0,7,0,24,8,0,1,0,0,0,11,0,0,0,0,0,0],"split_type":[0,0,0,0,1,1,0,0,0,1,0,0,0,0,0,0,0,0,0,0,0,0,0],"sum_hessian":[7.941292E1,2.9310131E1,5.0102787E1,1.9039059E1,1.0271071E1,1.1273128E1,3.8829662E1,1.8037004E1,1.0020558E0,5.0102787E0,5.2607927E0,8.767988E0,2.5051394E0,1.0020558E0,1.7034948E1,2.7556534E0,2.2546256E0,4.008223E0,1.2525697E0,1.2525697E0,1.2525697E0,1.0020558E0,1.2525697E0],"tree_param":{"num_deleted":"0","num_feature":"30","num_nodes":"23","size_leaf_vector":"0"}},{"base_weights":[1.9814858E-1,-1.2532E0,1.1701078E0,-7.6463515E-1,-4.7003093E-1,7.778758E-1,3.7664896E-1,3.816153E-1,-1.0397073E0,1.0051686E0,-4.0673107E-2,1.4170016E-3,1.739112E-1,-1.4034618E0,2.5570592E-1,3.8762406E-1,1.0771304E-2,1.4137453E-1,-1.7593546E-1,-5.129599E-1,-4.877525E-1,-1.6590558E-1,2.4789242E-1,-2.6365346E-1,1.5459723E-2],"categories":[0,1,3,4],"categories_nodes":[9],"categories_segments":[0],"categories_sizes":[4],"default_left":[1,0,0,0,0,0,0,0,0,0,0,0,0,0,0,0,0,0,0,0,0,0,0,0,0],"id":1,"left_children":[1,3,5,7,-1,9,-1,11,13,15,17,-1,-1,19,21,-1,-1,-1,-1,23,-1,-1,-1,-1,-1],"loss_changes":[1.08733246E2,3.5483818E0,5.6598663E-1,4.8313713E0,0E0,2.0619483E0,0E0,2.5509137E-1,5.8301983E0,2.3288136E0,1.2045078E0,0E0,0E0,9.917755E-1,2.0220072E0,0E0,0E0,0E0,0E0,7.2753626E-1,0E0,0E0,0E0,0E0,0E0],"parents":[2147483647,0,0,1,1,2,2,3,3,5,5,7,7,8,8,9,9,10,10,13,13,14,14,19,19],"right_children":[2,4,6,8,-1,10,-1,12,14,16,18,-1,-1,20,22,-1,-1,-1,-1,24,-1,-1,-1,-1,-1],"split_conditions":[1E1,1.1E1,1.1E1,2E0,-4.7003093E-1,5E0,3.7664896E-1,5E0,5E0,NaN,7E0,1.4170016E-3,1.739112E-1,2E0,2E0,3.8762406E-1,1.0771304E-2,1.4137453E-1,-1.7593546E-1,8E0,-4.877525E-1,-1.6590558E-1,2.4789242E-1,-2.6365346E-1,1.5459723E-2],"split_indices":[13,11,13,0,0,10,0,11,5,19,11,0,0,3,9,0,0,0,0,12,0,0,0,0,0],"split_type":[0,0,0,0,0,0,0,0,0,1,0,0,0,0,0,0,0,0,0,0,0,0,0,0,0],"sum_hessian":[7.504064E1,2.998183E1,4.5058815E1,1.3064638E1,1.6917192E1,9.8630085E0,3.5195805E1,2.4534721E0,1.0611166E1,7.5410414E0,2.3219674E0,1.197983E0,1.2554891E0,8.219662E0,2.3915048E0,5.561678E0,1.9793634E0,1.268611E0,1.0533564E0,2.3032334E0,5.916428E0,1.0020696E0,1.3894352E0,1.0595757E0,1.2436578E0],"tree_param":{"num_deleted":"0","num_feature":"30","num_nodes":"25","size_leaf_vector":"0"}},{"base_weights":[1.6386232E-1,-9.616264E-1,9.9845356E-1,-3.887775E-1,-6.7027587E-1,6.3440114E-1,3.2625967E-1,2.749279E-1,-8.5150665E-1,8.359133E-1,-4.0148694E-2,2.6762334E-1,-1.5216413E-1,-1.0612211E0,-2.1746354E-1,3.3038962E-1,8.015426E-3,1.19291164E-1,-1.4824334E-1,-1.2246097E0,-1.734548E-4,2.1285479E-1,-1.9398893E-1,-4.0878463E-1,-1.4184871E-1,-1.4136952E-1,2.1695122E-1],"categories":[3,0,1,3,4],"categories_nodes":[7,9],"categories_segments":[0,1],"categories_sizes":[1,4],"default_left":[1,1,0,0,0,0,0,0,0,0,0,0,0,0,0,0,0,0,0,0,0,0,0,0,0,0,0],"id":2,"left_children":[1,3,5,-1,7,9,-1,11,13,15,17,-1,-1,19,21,-1,-1,-1,-1,23,-1,25,-1,-1,-1,-1,-1],"loss_changes":[6.502225E1,2.0093575E0,5.9593964E-1,0E0,3.2935E0,1.4193583E0,0E0,2.2043736E0,1.7943897E0,1.6661706E0,8.5221875E-1,0E0,0E0,1.9380074E0,1.0690147E0,0E0,0E0,0E0,0E0,3.614111E-1,0E0,1.4825437E0,0E0,0E0,0E0,0E0,0E0],"parents":[2147483647,0,0,1,1,2,2,4,4,5,5,7,7,8,8,9,9,10,10,13,13,14,14,19,19,21,21],"right_children":[2,4,6,-1,8,10,-1,12,14,16,18,-1,-1,20,22,-1,-1,-1,-1,24,-1,26,-1,-1,-1,-1,-1],"split_conditions":[1E1,8E0,1.1E1,-3.887775E-1,2E0,5E0,3.2625967E-1,NaN,5E0,NaN,7E0,2.6762334E-1,-1.5216413E-1,5E0,1.1E1,3.3038962E-1,8.015426E-3,1.19291164E-1,-1.4824334E-1,3E0,-1.734548E-4,2E0,-1.9398893E-1,-4.0878463E-1,-1.4184871E-1,-1.4136952E-1,2.1695122E-1],"split_indices":[13,13,13,0,0,10,0,19,5,19,11,0,0,6,11,0,0,0,0,8,0,9,0,0,0,0,0],"split_type":[0,0,0,0,0,0,0,1,0,1,0,0,0,0,0,0,0,0,0,0,0,0,0,0,0,0,0],"sum_hessian":[6.72003E1,2.8548706E1,3.8651596E1,1.1688834E1,1.685987E1,9.194933E0,2.9456663E1,2.6293857E0,1.4230486E1,6.895718E0,2.2992144E0,1.391144E0,1.2382416E0,1.0187243E1,4.0432425E0,4.9208765E0,1.9748418E0,1.2337012E0,1.0655131E0,8.693453E0,1.4937901E0,2.2705872E0,1.7726555E0,6.6586046E0,2.0348485E0,1.0028454E0,1.2677418E0],"tree_param":{"num_deleted":"0","num_feature":"30","num_nodes":"27","size_leaf_vector":"0"}}]},"name":"gbtree"},"learner_model_param":{"base_score":"5E-1","num_class":"0","num_feature":"30","num_target":"1"},"objective":{"name":"reg:squarederror","reg_loss_param":{"scale_pos_weight":"1"}}},"version":[1,6,2]}