{"learner":{"attributes":{"best_ntree_limit":"9"},"feature_names":[],"feature_types":["q","q","q","q","q","q","q","q","q","q","q","q","q","q","c","c","c","c","c","c","c","c","c","c","c","c","c","c","c","c"],"gradient_booster":{"model":{"gbtree_model_param":{"num_parallel_tree":"1","num_trees":"4","size_leaf_vector":"0"},"tree_info":[0,0,0,0],"trees":[{"base_weights":[9.1740596E-1,-1.9861515E0,1.3328137E0,-6.8612397E-1,-8.137867E-1,3.5393935E-1,1.4648274E0,-4.588561E-1,1.5495926E-1,6.545136E-1,-6.3336974E-1,3.9253283E-1,4.480493E-1,8.859903E-1,-1.00216664E-1,7.165706E-2,-4.2288193E-1,-8.99884E-2,2.774331E-1,1.1039097E0,2.0791818E-3,1.5592717E-1,3.8117537E-1],"categories":[1],"categories_nodes":[4],"categories_segments":[0],"categories_sizes":[1],"default_left":[1,0,0,0,0,1,0,0,0,0,0,0,0,0,0,0,0,0,0,0,0,0,0],"id":0,"left_children":[1,3,5,-1,7,9,11,-1,-1,13,15,17,-1,19,-1,-1,-1,-1,-1,21,-1,-1,-1],"loss_changes":[1.5508414E2,3.8611183E0,1.3846436E1,0E0,5.422593E0,4.726079E0,2.4152985E0,0E0,0E0,2.9572E0,2.9765327E0,1.7144773E0,0E0,1.8499513E0,0E0,0E0,0E0,0E0,0E0,9.55677E-2,0E0,0E0,0E0],"parents":[2147483647,0,0,1,1,2,2,4,4,5,5,6,6,9,9,10,10,11,11,13,13,19,19],"right_children":[2,4,6,-1,8,10,12,-1,-1,14,16,18,-1,20,-1,-1,-1,-1,-1,22,-1,-1,-1],"split_conditions":[9E0,9E0,1E1,-6.8612397E-1,NaN,4E0,9E0,-4.588561E-1,1.5495926E-1,5E0,7E0,4E0,4.480493E-1,5E0,-1.00216664E-1,7.165706E-2,-4.2288193E-1,-8.99884E-2,2.774331E-1,2E0,2.0791818E-3,1.5592717E-1,3.8117537E-1],"split_indices":[13,12,13,0,16,1,12,0,0,7,11,5,0,5,0,0,0,0,0,0,0,0,0],"split_type":[0,0,0,0,1,0,0,0,0,0,0,0,0,0,0,0,0,0,0,0,0,0,0],"sum_hessian":[1.25381996E2,1.521978E1,1.1016222E2,1.1354439E1,3.865341E0,1.3528693E1,9.663352E1,2.415838E0,1.4495028E0,1.0629687E1,2.8990057E0,2.8990057E0,9.373452E1,8.697017E0,1.9326705E0,1.6910866E0,1.207919E0,1.4495028E0,1.4495028E0,6.7643466E0,1.9326705E0,2.415838E0,4.3485084E0],"tree_param":{"num_deleted":"0","num_feature":"30","num_nodes":"23","size_leaf_vector":"0"}},{"base_weights":[7.388989E-1,-1.4735132E0,1.1112864E0,-4.6436077E-1,-8.880601E-2,3.361862E-1,1.2612256E0,-1.9208172E-1,7.4834204E-1,6.123877E-1,1.2929302E0,1.8707837E-1,-3.912645E-1,3.1367856E-1,1.3460924E-2,3.1419134E-1,-1.3994889E-1,1.5824386E-1,3.9151624E-1,-1.5853326E-1,6.054894E-1,2.2296727E-1,-1.8648773E-1,3.0914646E-1,-7.122471E-2],"categories":[1,3,1],"categories_nodes":[1,7,14],"categories_segments":[0,1,2],"categories_sizes":[1,1,1],"default_left":[1,0,0,0,0,0,0,0,0,0,0,0,0,0,0,0,0,0,0,0,1,0,0,0,0],"id":1,"left_children":[1,3,5,-1,-1,7,9,11,13,15,17,19,-1,-1,21,-1,-1,-1,-1,-1,23,-1,-1,-1,-1],"loss_changes":[9.454135E1,1.0018234E0,1.0859444E1,0E0,0E0,3.867013E0,8.742523E-1,3.7398236E0,2.1289177E0,3.1504247E0,1.9836426E-2,2.4327292E0,0E0,0E0,2.240945E0,0E0,0E0,0E0,0E0,0E0,2.0068414E0,0E0,0E0,0E0,0E0],"parents":[2147483647,0,0,1,1,2,2,5,5,6,6,7,7,8,8,9,9,10,10,11,11,14,14,20,20],"right_children":[2,4,6,-1,-1,8,10,12,14,16,18,20,-1,-1,22,-1,-1,-1,-1,-1,24,-1,-1,-1,-1],"split_conditions":[9E0,NaN,1E1,-4.6436077E-1,-8.880601E-2,1E1,3E0,NaN,2.2E1,5E0,2E0,2E0,-3.912645E-1,3.1367856E-1,NaN,3.1419134E-1,-1.3994889E-1,1.5824386E-1,3.9151624E-1,-1.5853326E-1,4E0,2.2296727E-1,-1.8648773E-1,3.0914646E-1,-7.122471E-2],"split_indices":[13,22,12,0,0,13,4,19,11,7,5,0,0,0,14,0,0,0,0,0,1,0,0,0,0],"split_type":[0,1,0,0,0,0,0,1,0,0,0,0,0,0,1,0,0,0,0,0,0,0,0,0,0],"sum_hessian":[1.1176455E2,1.5675721E1,9.608883E1,1.4448769E1,1.2269524E0,1.6100502E1,7.998833E1,7.29032E0,8.810183E0,4.672894E0,7.531543E1,6.057066E0,1.2332541E0,5.9718227E0,2.8383598E0,3.351227E0,1.3216667E0,1.8682623E0,7.344717E1,2.1379645E0,3.9191012E0,1.2415042E0,1.5968554E0,2.457479E0,1.4616221E0],"tree_param":{"num_deleted":"0","num_feature":"30","num_nodes":"25","size_leaf_vector":"0"}},{"base_weights":[5.835031E-1,-1.3888818E0,9.73873E-1,-4.7315896E-1,-6.7063886E-1,2.1583611E-1,1.102929E0,-4.580037E-1,1.3914433E-1,4.7971082E-1,-5.0759387E-1,2.8238827E-1,1.1313057E0,7.972777E-1,-1.4596942E-1,-3.747398E-1,8.014554E-2,-1.057136E-1,2.4596046E-1,5.6669444E-1,3.4662747E-1,2.3103844E-2,1.0009636E0,8.7243356E-2,-1.7707965E-1,-7.01396E-2,2.6615623E-1,3.358896E-1,8.277136E-2],"categories":[1,1,1],"categories_nodes":[1,11,22],"categories_segments":[0,1,2],"categories_sizes":[1,1,1],"default_left":[1,0,0,0,0,0,0,0,0,0,0,0,0,0,0,0,0,0,0,0,0,0,0,0,0,0,0,0,0],"id":2,"left_children":[1,3,5,-1,7,9,11,-1,-1,13,15,17,19,21,23,-1,-1,-1,-1,25,-1,-1,27,-1,-1,-1,-1,-1,-1],"loss_changes":[7.703872E1,1.1946754E0,7.847122E0,0E0,5.757034E0,2.7760606E0,1.3192596E0,0E0,0E0,2.1500492E0,2.6499152E0,1.5462013E0,2.6707458E-1,9.41648E-1,1.0043958E0,0E0,0E0,0E0,0E0,1.422417E0,0E0,0E0,1.4967489E-1,0E0,0E0,0E0,0E0,0E0,0E0],"parents":[2147483647,0,0,1,1,2,2,4,4,5,5,6,6,9,9,10,10,11,11,12,12,13,13,14,14,19,19,22,22],"right_children":[2,4,6,-1,8,10,12,-1,-1,14,16,18,20,22,24,-1,-1,-1,-1,26,-1,-1,28,-1,-1,-1,-1,-1,-1],"split_conditions":[9E0,NaN,1E1,-4.7315896E-1,4E0,5E0,9E0,-4.580037E-1,1.3914433E-1,1.1E1,2E0,NaN,2E0,3E0,4E0,-3.747398E-1,8.014554E-2,-1.057136E-1,2.4596046E-1,2E0,3.4662747E-1,2.3103844E-2,NaN,8.7243356E-2,-1.7707965E-1,-7.01396E-2,2.6615623E-1,3.358896E-1,8.277136E-2],"split_indices":[13,16,13,0,11,5,12,0,0,11,2,28,7,7,7,0,0,0,0,1,0,0,20,0,0,0,0,0,0],"split_type":[0,1,0,0,0,0,0,0,0,0,0,1,0,0,0,0,0,0,0,0,0,0,1,0,0,0,0,0,0],"sum_hessian":[9.729881E1,1.5652924E1,8.164589E1,1.1453929E1,4.198994E0,1.2266789E1,6.9379105E1,2.1961074E0,2.0028868E0,9.235126E0,3.0316644E0,2.685203E0,6.66939E1,5.943976E0,3.2911496E0,1.2361677E0,1.7954967E0,1.3890795E0,1.2961237E0,3.7358515E0,6.295805E1,1.6141579E0,4.329818E0,1.833813E0,1.4573368E0,1.1454275E0,2.590424E0,3.2531834E0,1.0766344E0],"tree_param":{"num_deleted":"0","num_feature":"30","num_nodes":"29","size_leaf_vector":"0"}},{"base_weights":[4.1810474E-1,-1.4358644E0,8.579178E-1,-4.8655248E-1,-7.03819E-1,2.0061694E-1,1.0231793E0,1.9988485E-1,-4.0706053E-1,-3.0184302E-1,4.662144E-1,3.709142E-1,1.0622292E0,1.9859545E-1,-7.090105E-1,3.18351E-1,-6.378316E-2,2.4795865E-1,-1.4286238E-1,9.898336E-2,3.2327718E-1,2.31601E-1,-1.6315086E-1,-2.685033E-2,-3.1417778E-1,3.621982E-1,-2.8573078E-1,-8.019885E-2,2.1387754E-1],"categories":[1,2,3],"categories_nodes":[1,4,16],"categories_segments":[0,1,2],"categories_sizes":[1,1,1],"default_left":[1,0,0,0,0,0,0,0,0,0,1,0,0,0,0,0,0,0,0,0,0,0,0,0,0,1,0,0,0],"id":3,"left_children":[1,3,5,-1,7,9,11,-1,-1,13,15,17,19,21,23,-1,25,-1,-1,-1,-1,-1,-1,-1,-1,27,-1,-1,-1],"loss_changes":[7.059825E1,1.1301498E0,7.331768E0,0E0,5.5092173E0,2.167066E0,1.0120201E0,0E0,0E0,1.3343866E0,3.323836E0,2.1901069E0,2.2429276E-1,1.8711337E0,6.2892854E-1,0E0,2.7694304E0,0E0,0E0,0E0,0E0,0E0,0E0,0E0,0E0,1.3064274E0,0E0,0E0,0E0],"parents":[2147483647,0,0,1,1,2,2,4,4,5,5,6,6,9,9,10,10,11,11,12,12,13,13,14,14,16,16,25,25],"right_children":[2,4,6,-1,8,10,12,-1,-1,14,16,18,20,22,24,-1,26,-1,-1,-1,-1,-1,-1,-1,-1,28,-1,-1,-1],"split_conditions":[9E0,NaN,1E1,-4.8655248E-1,NaN,2E0,3E0,1.9988485E-1,-4.0706053E-1,3E0,3E0,5E0,2E0,5E0,1.2E1,3.18351E-1,NaN,2.4795865E-1,-1.4286238E-1,9.898336E-2,3.2327718E-1,2.31601E-1,-1.6315086E-1,-2.685033E-2,-3.1417778E-1,3E0,-2.8573078E-1,-8.019885E-2,2.1387754E-1],"split_indices":[13,16,12,0,20,0,4,0,0,4,0,7,5,5,11,0,19,0,0,0,0,0,0,0,0,7,0,0,0],"split_type":[0,1,0,0,1,0,0,0,0,0,0,0,0,0,0,0,1,0,0,0,0,0,0,0,0,0,0,0,0],"sum_hessian":[8.407041E1,1.568554E1,6.8384865E1,1.1538639E1,4.1469007E0,1.4184046E1,5.4200825E1,1.3320298E0,2.8148708E0,4.857711E0,9.326335E0,3.6546319E0,5.0546192E1,2.4090564E0,2.4486544E0,3.9217298E0,5.404605E0,2.3922813E0,1.2623506E0,1.5003955E0,4.9045795E1,1.3367801E0,1.0722764E0,1.3114002E0,1.1372544E0,4.053806E0,1.3507991E0,1.5354953E0,2.5183105E0],"tree_param":{"num_deleted":"0","num_feature":"30","num_nodes":"29","size_leaf_vector":"0"}}]},"name":"gbtree"},"learner_model_param":{"base_score":"5E-1","num_class":"0","num_feature":"30","num_target":"1"},"objective":{"name":"reg:squarederror","reg_loss_param":{"scale_pos_weight":"1"}}},"version":[1,6,2]}