{"learner":{"attributes":{"best_ntree_limit":"5"},"feature_names":[],"feature_types":["q","q","q","q","q","q","q","q","q","q","q","q","q","q","c","c","c","c","c","c","c","c","c","c","c","c","c","c","c","c"],"gradient_booster":{"model":{"gbtree_model_param":{"num_parallel_tree":"1","num_trees":"5","size_leaf_vector":"0"},"tree_info":[0,0,0,0,0],"trees":[{"base_weights":[8.168554E-1,-1.6919533E0,1.1738656E0,-5.875289E-1,-6.9560075E-1,3.339276E-1,1.2874826E0,-4.0440175E-1,1.4660122E-1,5.9535575E-1,-5.416865E-1,3.7188652E-1,3.9365092E-1,7.97901E-1,-2.811831E-1,7.067184E-2,-3.827207E-1,-7.651294E-2,2.581583E-1,9.9058187E-1,2.629395E-2,-2.0561826E-1,7.658361E-2,1.4600733E-1,3.4325203E-1,-2.0561826E-1,2.1768454E-1],"categories":[1],"categories_nodes":[4],"categories_segments":[0],"categories_sizes":[1],"default_left":[1,0,0,0,0,1,0,0,0,0,0,0,0,0,0,0,0,0,0,0,0,0,0,0,0,0,0],"id":0,"left_children":[1,3,5,-1,7,9,11,-1,-1,13,15,17,-1,19,21,-1,-1,-1,-1,23,25,-1,-1,-1,-1,-1,-1],"loss_changes":[1.3375388E2,3.6123772E0,1.1916946E1,0E0,4.911682E0,4.1603875E0,2.0800629E0,0E0,0E0,2.601159E0,2.798617E0,1.5607703E0,0E0,1.6294742E0,8.802023E-1,0E0,0E0,0E0,0E0,1.3062286E-1,2.1159852E0,0E0,0E0,0E0,0E0,0E0,0E0],"parents":[2147483647,0,0,1,1,2,2,4,4,5,5,6,6,9,9,10,10,11,11,13,13,14,14,19,19,20,20],"right_children":[2,4,6,-1,8,10,12,-1,-1,14,16,18,-1,20,22,-1,-1,-1,-1,24,26,-1,-1,-1,-1,-1,-1],"split_conditions":[9E0,9E0,1E1,-5.875289E-1,NaN,4E0,9E0,-4.0440175E-1,1.4660122E-1,5E0,7E0,4E0,3.9365092E-1,5E0,2E0,7.067184E-2,-3.827207E-1,-7.651294E-2,2.581583E-1,2E0,8E0,-2.0561826E-1,7.658361E-2,1.4600733E-1,3.4325203E-1,-2.0561826E-1,2.1768454E-1],"split_indices":[13,12,13,0,16,1,12,0,0,7,11,5,0,5,0,0,0,0,0,0,11,0,0,0,0,0,0],"split_type":[0,0,0,0,1,0,0,0,0,0,0,0,0,0,0,0,0,0,0,0,0,0,0,0,0,0,0],"sum_hessian":[1.4611636E2,1.773667E1,1.283797E2,1.3232119E1,4.504551E0,1.5765928E1,1.1261377E2,2.8153443E0,1.6892066E0,1.2387515E1,3.3784132E0,3.3784132E0,1.0923536E2,1.013524E1,2.2522755E0,1.970741E0,1.4076722E0,1.6892066E0,1.6892066E0,7.882964E0,2.2522755E0,1.1261377E0,1.1261377E0,2.8153443E0,5.06762E0,1.1261377E0,1.1261377E0],"tree_param":{"num_deleted":"0","num_feature":"30","num_nodes":"27","size_leaf_vector":"0"}},{"base_weights":[6.3884E-1,-1.2502888E0,9.509216E-1,-4.2391983E-1,-6.403306E-1,3.1132218E-1,1.0738223E0,-4.262401E-1,3.7331787E-1,-1.3349624E-1,6.551517E-1,5.34844E-1,1.1007714E0,4.182207E-1,-2.4123758E-1,1.8260722E-1,-3.3539137E-1,2.7426687E-1,2.3754433E-2,2.7499372E-1,-1.2507664E-1,1.4352705E-1,3.3330765E-1,-4.393876E-1,5.4101694E-1,2.0403892E-1,-1.6536748E-1,-2.3777191E-1,5.4992322E-2,2.755839E-1,-6.011079E-2],"categories":[1,3,1],"categories_nodes":[1,9,18],"categories_segments":[0,1,2],"categories_sizes":[1,1,1],"default_left":[1,0,0,0,0,0,0,0,1,0,0,0,0,0,0,0,0,0,0,0,0,0,0,0,1,0,0,0,0,0,0],"id":1,"left_children":[1,3,5,-1,7,9,11,-1,13,15,17,19,21,-1,-1,23,-1,-1,25,-1,-1,-1,-1,27,29,-1,-1,-1,-1,-1,-1],"loss_changes":[7.995528E1,1.0187283E0,8.723427E0,0E0,5.2057204E0,3.143363E0,8.0924225E-1,0E0,5.162609E0,3.1735315E0,1.8494377E0,2.7544584E0,4.738617E-2,0E0,0E0,2.0394967E0,0E0,0E0,2.0183842E0,0E0,0E0,0E0,0E0,9.1645974E-1,1.7449768E0,0E0,0E0,0E0,0E0,0E0,0E0],"parents":[2147483647,0,0,1,1,2,2,4,4,5,5,6,6,8,8,9,9,10,10,11,11,12,12,15,15,18,18,23,23,24,24],"right_children":[2,4,6,-1,8,10,12,-1,14,16,18,20,22,-1,-1,24,-1,-1,26,-1,-1,-1,-1,28,30,-1,-1,-1,-1,-1,-1],"split_conditions":[9E0,NaN,1E1,-4.2391983E-1,4E0,1E1,3E0,-4.262401E-1,4E0,NaN,2.2E1,5E0,2E0,4.182207E-1,-2.4123758E-1,2E0,-3.3539137E-1,2.7426687E-1,NaN,2.7499372E-1,-1.2507664E-1,1.4352705E-1,3.3330765E-1,2E0,4E0,2.0403892E-1,-1.6536748E-1,-2.3777191E-1,5.4992322E-2,2.755839E-1,-6.011079E-2],"split_indices":[13,16,12,0,11,13,4,0,1,19,11,7,5,0,0,0,0,0,14,0,0,0,0,8,1,0,0,0,0,0,0],"split_type":[0,1,0,0,0,0,0,0,0,1,0,0,0,0,0,0,0,0,1,0,0,0,0,0,0,0,0,0,0,0,0],"sum_hessian":[1.3260138E2,1.8373638E1,1.14227745E2,1.3463916E1,4.9097223E0,1.8980837E1,9.524691E1,2.546979E0,2.3627436E0,8.541841E0,1.0438996E1,5.5282917E0,8.971861E1,1.1670353E0,1.1957083E0,7.0823073E0,1.4595333E0,7.0842805E0,3.3547158E0,3.9718723E0,1.5564194E0,2.226768E0,8.7491844E1,2.506506E0,4.5758014E0,1.481086E0,1.8736298E0,1.4252888E0,1.0812172E0,2.8733337E0,1.7024677E0],"tree_param":{"num_deleted":"0","num_feature":"30","num_nodes":"31","size_leaf_vector":"0"}},{"base_weights":[4.3722332E-1,-1.5462407E0,7.9887223E-1,-5.0859034E-1,-8.9937013E-1,1.930456E-1,8.9719015E-1,1.768936E-1,-4.2403156E-1,4.0632817E-1,-4.099728E-1,2.579931E-1,9.1827357E-1,6.8215305E-1,-1.3213837E-1,-3.143043E-1,7.1814306E-2,-9.3409024E-2,2.2413051E-1,4.8330298E-1,9.374517E-1,8.510415E-1,1.5745718E-2,2.497318E-1,-1.6124922E-1,-1.1503332E-1,2.362162E-1,2.8777707E-1,5.9969926E-1,3.732703E-2,2.9104614E-1,1.7396624E-1,-6.746537E-2,2.5023037E-1,-8.412523E-2],"categories":[1,1,1],"categories_nodes":[1,11,13],"categories_segments":[0,1,2],"categories_sizes":[1,1,1],"default_left":[1,0,0,0,1,0,0,0,0,0,0,0,0,0,0,0,0,0,0,0,0,0,0,0,0,0,0,0,0,0,0,0,0,0,0],"id":2,"left_children":[1,3,5,-1,7,9,11,-1,-1,13,15,17,19,21,23,-1,-1,-1,-1,25,27,29,-1,31,-1,-1,-1,-1,33,-1,-1,-1,-1,-1,-1],"loss_changes":[8.638763E1,2.7331924E-1,5.8464355E0,0E0,5.136962E0,2.1453261E0,9.311905E-1,0E0,0E0,1.8527443E0,2.121527E0,1.3906422E0,2.4362946E-1,8.0714107E-1,8.86166E-1,0E0,0E0,0E0,0E0,1.7755284E0,6.011963E-3,4.202385E-1,0E0,6.293413E-1,0E0,0E0,0E0,0E0,1.7717428E0,0E0,0E0,0E0,0E0,0E0,0E0],"parents":[2147483647,0,0,1,1,2,2,4,4,5,5,6,6,9,9,10,10,11,11,12,12,13,13,14,14,19,19,20,20,21,21,23,23,28,28],"right_children":[2,4,6,-1,8,10,12,-1,-1,14,16,18,20,22,24,-1,-1,-1,-1,26,28,30,-1,32,-1,-1,-1,-1,34,-1,-1,-1,-1,-1,-1],"split_conditions":[9E0,NaN,1E1,-5.0859034E-1,9E0,5E0,9E0,1.768936E-1,-4.2403156E-1,1.1E1,2E0,NaN,2E0,NaN,4E0,-3.143043E-1,7.1814306E-2,-9.3409024E-2,2.2413051E-1,2E0,5E0,2E0,1.5745718E-2,5E0,-1.6124922E-1,-1.1503332E-1,2.362162E-1,2.8777707E-1,4E0,3.732703E-2,2.9104614E-1,1.7396624E-1,-6.746537E-2,2.5023037E-1,-8.412523E-2],"split_indices":[13,16,13,0,11,5,12,0,0,11,2,28,7,20,7,0,0,0,0,0,6,9,0,10,0,0,0,0,9,0,0,0,0,0,0],"split_type":[0,1,0,0,0,0,0,0,0,0,0,1,0,1,0,0,0,0,0,0,0,0,0,0,0,0,0,0,0,0,0,0,0,0,0],"sum_hessian":[1.1770944E2,1.7647295E1,1.0006215E2,1.3025108E1,4.622187E0,1.4385209E1,8.567694E1,1.1485004E0,3.4736865E0,1.0867604E1,3.5176046E0,3.15841E0,8.251853E1,7.009966E0,3.8576388E0,1.4652307E0,2.052374E0,1.6274041E0,1.531006E0,4.59108E0,7.792745E1,5.250193E0,1.7597728E0,2.18406E0,1.6735786E0,1.1245985E0,3.466482E0,7.147307E1,6.45438E0,1.0273936E0,4.2227993E0,1.1572464E0,1.0268137E0,5.138203E0,1.3161771E0],"tree_param":{"num_deleted":"0","num_feature":"30","num_nodes":"35","size_leaf_vector":"0"}},{"base_weights":[2.7874166E-1,-1.6088665E0,6.7053986E-1,-5.054101E-1,-1.9451399E-1,-8.082768E-2,7.409571E-1,-1.7579663E-1,2.024986E-1,4.5792583E-1,8.2590294E-1,-3.7646902E-1,3.1825978E-1,7.1636647E-1,9.532007E-2,2.669394E-2,2.5190133E-1,-2.3133504E-1,7.842994E-2,2.4919759E-1,-4.743612E-2,4.777446E-1,-6.319331E-1,-5.1927652E-2,1.9167417E-1,8.153445E-3,-3.393007E-1],"categories":[1,1],"categories_nodes":[5,22],"categories_segments":[0,1],"categories_sizes":[1,1],"default_left":[1,1,0,0,0,0,0,0,0,0,0,0,0,0,0,0,0,0,0,0,0,0,0,0,0,0,0],"id":3,"left_children":[1,3,5,-1,-1,7,9,-1,11,13,15,17,-1,19,21,-1,-1,-1,-1,-1,-1,23,25,-1,-1,-1,-1],"loss_changes":[7.94179E1,2.552719E-1,4.7383842E0,0E0,0E0,1.3321669E0,1.5679398E0,0E0,3.468245E0,1.8931599E0,5.443535E-1,1.3157907E0,0E0,1.3374119E0,3.0451236E0,0E0,0E0,0E0,0E0,0E0,0E0,8.483926E-1,1.2905008E0,0E0,0E0,0E0,0E0],"parents":[2147483647,0,0,1,1,2,2,5,5,6,6,8,8,9,9,10,10,11,11,13,13,14,14,21,21,22,22],"right_children":[2,4,6,-1,-1,8,10,-1,12,14,16,18,-1,20,22,-1,-1,-1,-1,-1,-1,24,26,-1,-1,-1,-1],"split_conditions":[9E0,1.4E1,9E0,-5.054101E-1,-1.9451399E-1,NaN,1.1E1,-1.7579663E-1,2E0,1.1E1,2E0,1E1,3.1825978E-1,5E0,3E0,2.669394E-2,2.5190133E-1,-2.3133504E-1,7.842994E-2,2.4919759E-1,-4.743612E-2,2.1E1,NaN,-5.1927652E-2,1.9167417E-1,8.153445E-3,-3.393007E-1],